Station,Data Acquisition Time,Telemetry Hourly River Water Discharge (m3/sec),target_discharge_1h,predicted_discharge_1h
Lambagarh,2026-07-05 21:30:00,204.94,200.63,202.60182126984105
Lambagarh,2026-07-05 21:45:00,213.48,117.63,202.19176960317435
Lambagarh,2026-07-05 22:00:00,204.57,133.81,199.50577830687809
Lambagarh,2026-07-05 22:15:00,211.47,154.3,197.06382441798905
Lambagarh,2026-07-05 22:30:00,200.63,143.47,197.40975441798903
Lambagarh,2026-07-05 22:45:00,117.63,149.94,197.29940164021136
Lambagarh,2026-07-05 23:00:00,133.81,147.9,103.98806347883594
Lambagarh,2026-07-05 23:15:00,154.3,82.71,136.56706339947087
Lambagarh,2026-07-05 23:30:00,143.47,88.11,190.05184441798932
Lambagarh,2026-07-05 23:45:00,149.94,74.02,119.75386041125537
Lambagarh,2026-07-06 00:00:00,147.9,84.52,164.45249500120246
Lambagarh,2026-07-06 00:15:00,82.71,84.22,164.31644141534386
Lambagarh,2026-07-06 00:30:00,88.11,69.97,79.57742222222222
Lambagarh,2026-07-06 00:45:00,74.02,116.06,84.31187523809525
Lambagarh,2026-07-06 01:00:00,84.52,129.67,79.41123003968252
Lambagarh,2026-07-06 01:15:00,84.22,118.31,71.65976297619054
Lambagarh,2026-07-06 01:30:00,69.97,124.22,72.5933957539683
Lambagarh,2026-07-06 01:45:00,116.06,185.51,78.26412484126988
Lambagarh,2026-07-06 02:00:00,129.67,194.27,103.74568580687836
Lambagarh,2026-07-06 02:15:00,118.31,180.85,134.4203990873017
Lambagarh,2026-07-06 02:30:00,124.22,316.19,124.06925003968264
Lambagarh,2026-07-06 02:45:00,185.51,222.95,122.81267964285716
Lambagarh,2026-07-06 03:00:00,194.27,215.16,174.79752711760483
Lambagarh,2026-07-06 03:15:00,180.85,274.58,183.28013646825409
Lambagarh,2026-07-06 03:30:00,316.19,366.62,184.38209321428587
Lambagarh,2026-07-06 03:45:00,222.95,199.14,197.7365538095238
Lambagarh,2026-07-06 04:00:00,215.16,223.97,199.06566198412696
Lambagarh,2026-07-06 04:15:00,274.58,296.52,197.86020630952385
Lambagarh,2026-07-06 05:15:00,366.62,170.38,198.18450269841267
Lambagarh,2026-07-06 05:30:00,199.14,150.84,206.370269206349
Lambagarh,2026-07-06 05:45:00,223.97,152.16,206.26574587301567
Lambagarh,2026-07-06 06:00:00,296.52,144.05,206.370269206349
Lambagarh,2026-07-06 06:15:00,170.38,137.54,206.370269206349
Lambagarh,2026-07-06 06:30:00,150.84,130.39,205.53459222222202
Lambagarh,2026-07-06 06:45:00,152.16,160.75,186.25411955026448
Lambagarh,2026-07-06 07:00:00,144.05,134.62,186.25411955026448
Lambagarh,2026-07-06 07:15:00,137.54,75.09,169.369267473545
Lambagarh,2026-07-06 07:30:00,130.39,49.0,158.57528465728714
Lambagarh,2026-07-06 07:45:00,160.75,68.36,115.61748396825396
Lambagarh,2026-07-06 08:00:00,134.62,56.65,184.52270333453586
Lambagarh,2026-07-06 08:15:00,75.09,58.96,137.8274732142857
Lambagarh,2026-07-06 08:30:00,49.0,81.67,74.95164972527475
Lambagarh,2026-07-06 08:45:00,68.36,69.28,63.767194867724875
Lambagarh,2026-07-06 09:00:00,56.65,72.82,73.907707489825
Lambagarh,2026-07-06 09:15:00,58.96,74.45,79.58353220899471
Lambagarh,2026-07-06 09:30:00,81.67,76.31,71.67350936507935
Lambagarh,2026-07-06 09:45:00,69.28,70.69,71.91177843915347
Lambagarh,2026-07-06 10:00:00,72.82,75.56,74.69232443426948
Lambagarh,2026-07-06 10:15:00,74.45,79.51,74.26084242368745
Lambagarh,2026-07-06 10:30:00,76.31,82.28,72.80948041310545
Lambagarh,2026-07-06 10:45:00,70.69,87.82,73.47692654761914
Lambagarh,2026-07-06 11:00:00,75.56,85.96,76.43329065120068
Lambagarh,2026-07-06 11:15:00,79.51,89.14,68.75660368030121
Lambagarh,2026-07-06 11:30:00,82.28,87.09,83.33148507936515
Lambagarh,2026-07-06 11:45:00,87.82,91.43,68.41967207671959
Lambagarh,2026-07-06 12:00:00,85.96,78.02,79.68140535714289
Lambagarh,2026-07-06 12:15:00,89.14,58.5,78.45432611111114
Lambagarh,2026-07-06 12:30:00,87.09,64.68,72.59498255291008
Lambagarh,2026-07-06 12:45:00,91.43,63.0,67.13960136243394
Lambagarh,2026-07-06 13:00:00,78.02,66.48,76.65860338624337
Lambagarh,2026-07-06 13:15:00,58.5,66.39,69.01765571428575
Lambagarh,2026-07-06 13:30:00,64.68,61.68,73.95488836580083
Lambagarh,2026-07-06 13:45:00,63.0,52.52,68.60491714886967
Lambagarh,2026-07-06 14:00:00,66.48,53.5,75.63946576719573
Lambagarh,2026-07-06 14:15:00,66.39,53.57,74.6584167724868
Lambagarh,2026-07-06 14:30:00,61.68,55.61,72.28193429894176
Lambagarh,2026-07-06 14:45:00,52.52,49.58,72.11110711640211
Lambagarh,2026-07-06 15:00:00,53.5,50.99,84.49929708994708
Lambagarh,2026-07-06 15:15:00,53.57,48.31,86.9205582010582
Lambagarh,2026-07-06 15:30:00,55.61,50.37,86.31002847781852
Lambagarh,2026-07-06 15:45:00,49.58,47.99,75.95516092132506
Lambagarh,2026-07-06 16:00:00,50.99,41.0,53.67616263227512
Lambagarh,2026-07-06 16:15:00,48.31,41.68,68.87100888327053
Lambagarh,2026-07-06 16:30:00,50.37,42.86,50.9883150925926
Lambagarh,2026-07-06 16:45:00,47.99,46.24,68.01445071895427
Lambagarh,2026-07-06 17:00:00,41.0,44.3,51.77336179038282
Lambagarh,2026-07-06 17:15:00,41.68,81.14,47.00329166666664
Lambagarh,2026-07-06 17:30:00,42.86,85.48,46.59578067460314
Lambagarh,2026-07-06 17:45:00,46.24,77.72,46.480540952380906
Lambagarh,2026-07-06 18:00:00,44.3,75.93,48.986679047619
Lambagarh,2026-07-06 18:15:00,81.14,73.86,47.945789365079335
Lambagarh,2026-07-06 18:30:00,85.48,76.29,83.39807149350654
Lambagarh,2026-07-06 18:45:00,77.72,72.43,88.55961178571434
Lambagarh,2026-07-06 19:00:00,75.93,82.26,92.64517944444448
Lambagarh,2026-07-06 19:15:00,73.86,87.95,89.08873678571432
Lambagarh,2026-07-06 19:30:00,76.29,89.04,89.30977765873024
Lambagarh,2026-07-06 19:45:00,72.43,88.95,84.41916579365078
Lambagarh,2026-07-06 20:00:00,82.26,81.98,84.68290543650794
Lambagarh,2026-07-06 20:15:00,87.95,78.83,86.46363309523811
Lambagarh,2026-07-06 20:30:00,89.04,74.69,86.71725563492065
Lambagarh,2026-07-06 20:45:00,88.95,42.34,88.91539353174605
Lambagarh,2026-07-06 21:00:00,81.98,46.7,86.25005345238097
Lambagarh,2026-07-06 21:15:00,78.83,42.3,78.03863076719581
Lambagarh,2026-07-06 21:30:00,74.69,41.58,78.79410112433868
Lambagarh,2026-07-06 21:45:00,42.34,38.99,80.43060993386241
Lambagarh,2026-07-06 22:00:00,46.7,39.08,57.655251812169325
Lambagarh,2026-07-06 22:15:00,42.3,38.29,52.10041505291009
Lambagarh,2026-07-06 22:30:00,41.58,38.79,49.72653838624338
Lambagarh,2026-07-06 22:45:00,38.99,38.59,46.58114591269837
Lambagarh,2026-07-06 23:00:00,39.08,39.57,45.845666706349164
Lambagarh,2026-07-06 23:15:00,38.29,46.06,45.5749362301587
Lambagarh,2026-07-06 23:30:00,38.79,48.74,45.33240559523805
Lambagarh,2026-07-06 23:45:00,38.59,49.48,44.43144257936504
Lambagarh,2026-07-07 00:00:00,39.57,50.39,34.640842328042346
Lambagarh,2026-07-07 00:15:00,46.06,54.11,35.07496875661377
Lambagarh,2026-07-07 00:30:00,48.74,57.9,39.606030000000025
Lambagarh,2026-07-07 00:45:00,49.48,58.24,42.20585349206348
Lambagarh,2026-07-07 01:00:00,50.39,58.01,43.98375055555556
Lambagarh,2026-07-07 01:15:00,54.11,60.23,54.967133452380914
Lambagarh,2026-07-07 01:30:00,57.9,59.11,56.816723583638584
Lambagarh,2026-07-07 01:45:00,58.24,56.36,56.89437968253968
Lambagarh,2026-07-07 02:00:00,58.01,60.83,57.236780555555534
Lambagarh,2026-07-07 02:15:00,60.23,58.67,57.669638615844704
Lambagarh,2026-07-07 02:30:00,59.11,56.66,56.89647476885836
Lambagarh,2026-07-07 02:45:00,56.36,69.34,57.492324860433484
Lambagarh,2026-07-07 03:00:00,60.83,71.49,56.425234647590734
Lambagarh,2026-07-07 03:15:00,58.67,65.0,56.26574662698416
Lambagarh,2026-07-07 03:30:00,56.66,67.42,58.272219866522406
Lambagarh,2026-07-07 03:45:00,69.34,68.64,58.29996305435309
Lambagarh,2026-07-07 04:00:00,71.49,74.03,71.00459178571437
Lambagarh,2026-07-07 04:15:00,65.0,80.41,73.08211277777788
Lambagarh,2026-07-07 04:30:00,67.42,84.05,66.7121873066149
Lambagarh,2026-07-07 04:45:00,68.64,81.31,89.20072535714284
Lambagarh,2026-07-07 05:00:00,74.03,79.65,86.64877428571425
Lambagarh,2026-07-07 05:15:00,80.41,84.29,68.92408745014248
Lambagarh,2026-07-07 05:30:00,84.05,79.92,84.24057072751324
Lambagarh,2026-07-07 05:45:00,81.31,84.29,81.2195360714286
Lambagarh,2026-07-07 06:00:00,79.65,93.23,70.63980900793655
Lambagarh,2026-07-07 06:15:00,84.29,73.0,78.23661293650792
Lambagarh,2026-07-07 06:30:00,79.92,91.47,76.25810400793654
Lambagarh,2026-07-07 06:45:00,84.29,93.59,65.16706136243388
Lambagarh,2026-07-07 07:00:00,93.23,94.74,66.35357886243393
Lambagarh,2026-07-07 07:15:00,73.0,72.17,75.74608944444441
Lambagarh,2026-07-07 07:30:00,91.47,90.77,65.71806913003667
Lambagarh,2026-07-07 07:45:00,93.59,90.7,73.77313068783063
Lambagarh,2026-07-07 08:00:00,94.74,70.62,76.20538148148144
Lambagarh,2026-07-07 08:15:00,72.17,89.74,75.88111981481478
Lambagarh,2026-07-07 08:30:00,90.77,78.6,67.88991251628002
Lambagarh,2026-07-07 08:45:00,90.7,79.54,75.19139779100522
Lambagarh,2026-07-07 09:00:00,70.62,79.05,73.3415848280423
Lambagarh,2026-07-07 09:15:00,89.74,66.95,70.0964395797721
Lambagarh,2026-07-07 09:30:00,78.6,67.61,73.07958728835975
Lambagarh,2026-07-07 09:45:00,79.54,78.48,64.41574855820107
Lambagarh,2026-07-07 10:00:00,79.05,85.25,65.67926046296299
Lambagarh,2026-07-07 10:15:00,66.95,83.46,67.92817128306883
Lambagarh,2026-07-07 10:30:00,67.61,81.39,70.865866563899
Lambagarh,2026-07-07 10:45:00,78.48,87.13,70.1471274369149
Lambagarh,2026-07-07 11:00:00,85.25,83.9,66.83604862433869
Lambagarh,2026-07-07 11:15:00,83.46,87.88,66.64626305555561
Lambagarh,2026-07-07 11:30:00,81.39,90.83,68.91992198412703
Lambagarh,2026-07-07 11:45:00,87.13,96.5,67.10718841269849
Lambagarh,2026-07-07 12:00:00,83.9,92.79,68.01916457671965
Lambagarh,2026-07-07 12:15:00,87.88,83.25,65.57118437830691
Lambagarh,2026-07-07 12:30:00,90.83,79.21,67.09621267195773
Lambagarh,2026-07-07 12:45:00,96.5,80.57,76.46647013227512
Lambagarh,2026-07-07 13:00:00,92.79,76.81,78.06128690476186
Lambagarh,2026-07-07 13:15:00,83.25,61.11,79.27014496031744
Lambagarh,2026-07-07 13:30:00,79.21,56.68,68.42331238095241
Lambagarh,2026-07-07 13:45:00,80.57,53.22,66.89656948412701
Lambagarh,2026-07-07 14:00:00,76.81,53.79,68.65993191798948
Lambagarh,2026-07-07 14:15:00,61.11,55.43,68.64630800264555
Lambagarh,2026-07-07 14:30:00,56.68,49.99,72.63228353174603
Lambagarh,2026-07-07 14:45:00,53.22,44.28,72.28619000601245
Lambagarh,2026-07-07 15:00:00,53.79,47.5,88.67482189153439
Lambagarh,2026-07-07 15:15:00,55.43,47.21,82.87976231481484
Lambagarh,2026-07-07 15:30:00,49.99,45.59,70.94437078904993
Lambagarh,2026-07-07 15:45:00,44.28,44.48,58.23177503968257
Lambagarh,2026-07-07 16:00:00,47.5,43.16,48.50712533068781
Lambagarh,2026-07-07 16:15:00,47.21,82.31,51.01003437830686
Lambagarh,2026-07-07 16:30:00,45.59,70.42,50.42369511904761
Lambagarh,2026-07-07 16:45:00,44.48,63.61,50.474631746031726
Lambagarh,2026-07-07 17:00:00,43.16,65.67,48.971921230158706
Lambagarh,2026-07-07 17:15:00,82.31,76.03,46.95693765873013
Lambagarh,2026-07-07 17:30:00,70.42,71.79,82.34544486652237
Lambagarh,2026-07-07 17:45:00,63.61,104.26,86.90654003968258
Lambagarh,2026-07-07 18:00:00,65.67,100.75,72.00924650793647
Lambagarh,2026-07-07 18:15:00,76.03,93.02,94.15926272486773
Lambagarh,2026-07-07 18:30:00,71.79,90.1,90.66490443121701
Lambagarh,2026-07-07 18:45:00,104.26,76.87,84.62748169312174
Lambagarh,2026-07-07 19:00:00,100.75,77.65,91.07116234126984
Lambagarh,2026-07-07 19:15:00,93.02,74.1,96.79747178571434
Lambagarh,2026-07-07 19:30:00,90.1,74.93,94.04967174603183
Lambagarh,2026-07-07 19:45:00,76.87,54.03,86.41391105820108
Lambagarh,2026-07-07 20:00:00,77.65,58.44,84.20773297619048
Lambagarh,2026-07-07 20:15:00,74.1,56.31,79.93460787037037
Lambagarh,2026-07-07 20:30:00,74.93,54.95,81.42477227513227
Lambagarh,2026-07-07 20:45:00,54.03,38.83,76.59376490740736
Lambagarh,2026-07-07 21:00:00,58.44,55.28,67.04382952380953
Lambagarh,2026-07-07 21:15:00,56.31,42.78,71.39731297619045
Lambagarh,2026-07-07 21:30:00,54.95,46.34,76.40491666666664
Lambagarh,2026-07-07 21:45:00,38.83,46.77,70.54626671497581
Lambagarh,2026-07-07 22:15:00,55.28,45.88,46.244496798941796
Lambagarh,2026-07-07 22:30:00,42.78,49.45,69.75194750862666
Lambagarh,2026-07-07 22:45:00,46.34,58.79,47.17691576719576
Lambagarh,2026-07-07 23:00:00,46.77,57.44,48.66054424603173
Lambagarh,2026-07-07 23:15:00,45.88,67.69,48.862688134920646
Lambagarh,2026-07-07 23:30:00,49.45,59.75,47.89092007936506
Lambagarh,2026-07-07 23:45:00,58.79,61.17,51.36969718253966
Lambagarh,2026-07-08 00:00:00,57.44,83.86,59.97766910052907
Lambagarh,2026-07-08 00:15:00,67.69,65.07,57.44642390756304
Lambagarh,2026-07-08 00:30:00,59.75,70.28,75.37732100529101
Lambagarh,2026-07-08 00:45:00,61.17,74.88,58.7902746428571
Lambagarh,2026-07-08 01:00:00,83.86,76.28,55.950955158730174
Lambagarh,2026-07-08 01:15:00,65.07,91.29,84.49186170634927
Lambagarh,2026-07-08 01:30:00,70.28,88.64,67.95622018518517
Lambagarh,2026-07-08 01:45:00,74.88,89.41,86.41713075396827
Lambagarh,2026-07-08 02:00:00,76.28,93.16,88.30812948412708
Lambagarh,2026-07-08 02:15:00,91.29,78.24,83.0468913095239
Lambagarh,2026-07-08 02:30:00,88.64,76.26,88.08175583333339
Lambagarh,2026-07-08 02:45:00,89.41,76.78,81.67475563492064
Lambagarh,2026-07-08 03:00:00,93.16,78.8,82.98619496031746
Lambagarh,2026-07-08 03:15:00,78.24,69.38,74.29939925925923
Lambagarh,2026-07-08 03:30:00,76.26,70.7,76.86835214285719
Lambagarh,2026-07-08 03:45:00,76.78,72.1,73.08798960317466
Lambagarh,2026-07-08 04:00:00,78.8,72.01,69.55271500000009
Lambagarh,2026-07-08 04:15:00,69.38,65.6,66.68551818783072
Lambagarh,2026-07-08 04:30:00,70.7,65.25,71.67520541310545
Lambagarh,2026-07-08 04:45:00,72.1,80.14,70.54573033374035
Lambagarh,2026-07-08 05:00:00,72.01,91.37,67.71826053215307
Lambagarh,2026-07-08 05:15:00,65.6,86.37,72.48362924908426
Lambagarh,2026-07-08 05:30:00,65.25,70.73,75.3137061111111
Lambagarh,2026-07-08 05:45:00,80.14,92.91,74.10401129629626
Lambagarh,2026-07-08 06:00:00,91.37,93.2,71.19501993386244
Lambagarh,2026-07-08 06:15:00,86.37,88.44,71.50497936507942
Lambagarh,2026-07-08 06:30:00,70.73,69.71,63.139128611111204
Lambagarh,2026-07-08 06:45:00,92.91,71.17,67.3897791829467
Lambagarh,2026-07-08 07:00:00,93.2,68.57,73.02967941798939
Lambagarh,2026-07-08 07:15:00,88.44,77.61,70.11856362433863
Lambagarh,2026-07-08 07:30:00,69.71,71.88,66.22563890211642
Lambagarh,2026-07-08 07:45:00,71.17,69.22,69.33154061151812
Lambagarh,2026-07-08 08:00:00,68.57,69.74,67.95204627289377
Lambagarh,2026-07-08 08:15:00,77.61,61.12,69.7687319078144
Lambagarh,2026-07-08 08:30:00,71.88,66.06,70.74084365079369
Lambagarh,2026-07-08 08:45:00,69.22,60.04,68.59973704008955
Lambagarh,2026-07-08 09:00:00,69.74,62.6,72.52345950040697
Lambagarh,2026-07-08 09:15:00,61.12,62.97,71.68935860093609
Lambagarh,2026-07-08 09:30:00,66.06,65.08,72.80430974867716
Lambagarh,2026-07-08 09:45:00,60.04,72.98,74.256469563492
Lambagarh,2026-07-08 10:00:00,62.6,71.34,76.92753619047606
Lambagarh,2026-07-08 10:15:00,62.97,66.34,60.00687894179896
Lambagarh,2026-07-08 10:30:00,65.08,65.37,59.56720480924534
Lambagarh,2026-07-08 10:45:00,72.98,64.49,59.33223253411306
Lambagarh,2026-07-08 11:00:00,71.34,67.81,65.36523859536663
Lambagarh,2026-07-08 11:15:00,66.34,63.15,66.24454001628003
Lambagarh,2026-07-08 11:30:00,65.37,63.41,64.09471720342523
Lambagarh,2026-07-08 11:45:00,64.49,65.03,68.87334451058193
Lambagarh,2026-07-08 12:00:00,67.81,63.91,72.69855891534378
Lambagarh,2026-07-08 12:15:00,63.15,64.88,66.94316015621318
Lambagarh,2026-07-08 12:30:00,63.41,62.71,59.05893975837024
Lambagarh,2026-07-08 12:45:00,65.03,63.61,66.29456950501249
Lambagarh,2026-07-08 13:00:00,63.91,62.86,83.6781711904761
Lambagarh,2026-07-08 13:15:00,64.88,65.79,62.22464418755221
Lambagarh,2026-07-08 13:30:00,62.71,64.67,61.414650232525695
Lambagarh,2026-07-08 13:45:00,63.61,65.55,60.19415705792257
Lambagarh,2026-07-08 14:00:00,62.86,66.08,70.91998031746033
Lambagarh,2026-07-08 14:15:00,65.79,62.26,69.48479222222225
Lambagarh,2026-07-08 14:30:00,64.67,66.06,70.02685152319904
Lambagarh,2026-07-08 14:45:00,65.55,77.29,69.59012424806674
Lambagarh,2026-07-08 15:00:00,66.08,78.46,67.35227644078138
Lambagarh,2026-07-08 15:15:00,62.26,95.18,68.84019720899471
Lambagarh,2026-07-08 15:30:00,66.06,92.59,67.40391051485548
Lambagarh,2026-07-08 15:45:00,77.29,89.18,69.47637689051689
Lambagarh,2026-07-08 16:00:00,78.46,91.76,74.17313403235654
Lambagarh,2026-07-08 16:15:00,95.18,96.64,73.94385722222223
Lambagarh,2026-07-08 16:30:00,92.59,95.31,79.24198920634925
Lambagarh,2026-07-08 16:45:00,89.18,82.5,77.09747727513228
Lambagarh,2026-07-08 17:00:00,91.76,84.85,79.2782670767196
Lambagarh,2026-07-08 17:15:00,96.64,73.17,83.86511607142856
Lambagarh,2026-07-08 17:30:00,95.31,73.9,84.30534317460318
Lambagarh,2026-07-08 17:45:00,82.5,74.52,88.77642806878308
Lambagarh,2026-07-08 18:00:00,84.85,72.42,74.97263410052915
Lambagarh,2026-07-08 18:15:00,73.17,57.96,72.76897939153444
Lambagarh,2026-07-08 18:30:00,73.9,63.65,77.07580358465607
Lambagarh,2026-07-08 18:45:00,74.52,65.4,79.16585908730158
Lambagarh,2026-07-08 19:00:00,72.42,66.35,78.67680153439154
Lambagarh,2026-07-08 19:30:00,57.96,68.13,77.04164367724864
Lambagarh,2026-07-08 19:45:00,63.65,66.21,71.02500357142851
Lambagarh,2026-07-08 20:00:00,65.4,66.23,73.23456222222215
Lambagarh,2026-07-08 20:15:00,66.35,87.32,75.65465727513217
Lambagarh,2026-07-08 20:30:00,68.13,83.09,73.9632261640212
Lambagarh,2026-07-08 20:45:00,66.21,83.46,78.1199277777777
Lambagarh,2026-07-08 21:00:00,66.23,81.12,72.27724379426128
Lambagarh,2026-07-08 21:15:00,87.32,79.8,73.42928784391535
Lambagarh,2026-07-08 21:30:00,83.09,83.77,78.79597785714292
Lambagarh,2026-07-08 21:45:00,83.46,80.22,73.67724845238098
Lambagarh,2026-07-08 22:00:00,81.12,89.45,72.72356523809525
Lambagarh,2026-07-08 22:15:00,79.8,93.85,72.66934671957678
Lambagarh,2026-07-08 22:30:00,83.77,96.11,81.00464944444442
Lambagarh,2026-07-08 22:45:00,80.22,98.48,71.69103969576723
Lambagarh,2026-07-08 23:00:00,89.45,96.12,71.85776660052915
Lambagarh,2026-07-08 23:15:00,93.85,79.31,77.3260736904762
Lambagarh,2026-07-08 23:30:00,96.11,80.86,81.82379742063492
Lambagarh,2026-07-08 23:45:00,98.48,82.73,83.25343445767191
Lambagarh,2026-07-09 00:00:00,96.12,68.14,89.87673798941796
Lambagarh,2026-07-09 00:15:00,79.31,71.68,82.698901545214
Lambagarh,2026-07-09 00:30:00,80.86,72.8,75.2198102380952
Lambagarh,2026-07-09 00:45:00,82.73,73.21,72.61848079365076
Lambagarh,2026-07-09 01:00:00,68.14,70.75,74.54839924603176
Lambagarh,2026-07-09 01:15:00,71.68,73.03,75.63982625661374
Lambagarh,2026-07-09 01:30:00,72.8,62.16,72.82868130952384
Lambagarh,2026-07-09 01:45:00,73.21,64.45,72.4383344708995
Lambagarh,2026-07-09 02:00:00,70.75,61.4,70.72438645807905
Lambagarh,2026-07-09 02:15:00,73.03,66.61,75.88387984432232
Lambagarh,2026-07-09 02:30:00,62.16,64.29,72.72267288665043
Lambagarh,2026-07-09 02:45:00,64.45,64.68,75.97853910052905
Lambagarh,2026-07-09 03:00:00,61.4,65.89,73.50611858465597
Lambagarh,2026-07-09 03:15:00,66.61,63.72,73.55374670634916
Lambagarh,2026-07-09 03:30:00,64.29,66.16,67.38347992063497
Lambagarh,2026-07-09 03:45:00,64.68,65.39,64.67714924603175
Lambagarh,2026-07-09 04:00:00,65.89,62.44,63.79768761904762
Lambagarh,2026-07-09 04:15:00,63.72,65.06,66.19486960317457
Lambagarh,2026-07-09 04:30:00,66.16,63.65,57.687210470779206
Lambagarh,2026-07-09 04:45:00,65.39,65.34,61.89324044973544
Lambagarh,2026-07-09 05:00:00,62.44,62.59,58.66096658189035
Lambagarh,2026-07-09 05:15:00,65.06,57.04,58.27504386243388
Lambagarh,2026-07-09 05:30:00,63.65,59.21,59.727193333333354
Lambagarh,2026-07-09 05:45:00,65.34,57.4,58.508112962962976
Lambagarh,2026-07-09 06:00:00,62.59,56.28,59.53033344884648
Lambagarh,2026-07-09 06:15:00,57.04,47.25,57.136866286148056
Lambagarh,2026-07-09 06:30:00,59.21,44.02,55.36051851294908
Lambagarh,2026-07-09 06:45:00,57.4,47.29,56.14741040347875
Lambagarh,2026-07-09 07:00:00,56.28,54.41,56.45808069316045
Lambagarh,2026-07-09 07:15:00,47.25,55.46,55.962970484173276
Lambagarh,2026-07-09 07:30:00,44.02,53.95,47.88491037037042
Lambagarh,2026-07-09 07:45:00,47.29,65.41,43.75518625661381
Lambagarh,2026-07-09 08:00:00,54.41,62.48,47.45656445767198
Lambagarh,2026-07-09 08:15:00,55.46,62.24,55.30908145105414
Lambagarh,2026-07-09 08:30:00,53.95,61.72,54.959819991748105
Lambagarh,2026-07-09 08:45:00,65.41,65.34,56.346692518577996
Lambagarh,2026-07-09 09:00:00,62.48,60.19,56.555450036251216
Lambagarh,2026-07-09 09:15:00,62.24,65.21,61.38066671837422
Lambagarh,2026-07-09 09:30:00,61.72,65.93,60.75922669312166
Lambagarh,2026-07-09 09:45:00,65.34,67.59,60.210470595238135
Lambagarh,2026-07-09 10:00:00,60.19,68.71,58.20622455026456
Lambagarh,2026-07-09 10:15:00,65.21,79.71,56.097030840548385
Lambagarh,2026-07-09 10:30:00,65.93,78.46,56.45561592592597
Lambagarh,2026-07-09 10:45:00,67.59,76.56,67.99753371693123
Lambagarh,2026-07-09 11:00:00,68.71,69.42,74.01008216374271
Lambagarh,2026-07-09 11:15:00,79.71,63.61,74.18768726956283
Lambagarh,2026-07-09 11:30:00,78.46,64.82,77.44663797619057
Lambagarh,2026-07-09 11:45:00,76.56,64.51,66.13988500000006
Lambagarh,2026-07-09 12:00:00,69.42,64.05,72.3501909656085
Lambagarh,2026-07-09 12:15:00,63.61,64.36,73.56387702686204
Lambagarh,2026-07-09 12:30:00,64.82,65.58,75.87227013227506
Lambagarh,2026-07-09 12:45:00,64.51,67.07,70.73873771164013
Lambagarh,2026-07-09 13:00:00,64.05,62.86,89.9788734920634
Lambagarh,2026-07-09 13:15:00,64.36,63.83,64.72896716374265
Lambagarh,2026-07-09 13:30:00,65.58,66.39,65.0997173224728
Lambagarh,2026-07-09 13:45:00,67.07,64.55,65.01567672723466
Lambagarh,2026-07-09 14:00:00,62.86,64.23,72.48928698717947
Lambagarh,2026-07-09 14:15:00,63.83,62.67,69.1844422619047
Lambagarh,2026-07-09 14:30:00,66.39,66.5,70.09239538359785
Lambagarh,2026-07-09 14:45:00,64.55,85.7,80.24326985449724
Lambagarh,2026-07-09 15:00:00,64.23,86.1,67.7962949257224
Lambagarh,2026-07-09 15:15:00,62.67,81.58,67.79830010480258
Lambagarh,2026-07-09 15:30:00,66.5,84.41,68.90466116402114
Lambagarh,2026-07-09 15:45:00,85.7,87.86,70.60927654761907
Lambagarh,2026-07-09 16:00:00,86.1,85.63,72.17603821428574
Lambagarh,2026-07-09 16:15:00,81.58,86.86,73.30681123015879
Lambagarh,2026-07-09 16:45:00,84.41,98.32,72.43679476190478
Lambagarh,2026-07-09 17:00:00,87.86,100.43,73.62511152116404
Lambagarh,2026-07-09 17:15:00,85.63,101.7,75.54981560846566
Lambagarh,2026-07-09 17:30:00,86.86,99.44,74.19162727513235
Lambagarh,2026-07-09 17:45:00,98.32,90.4,73.31529715608467
Lambagarh,2026-07-09 18:00:00,100.43,96.83,91.6401067195767
Lambagarh,2026-07-09 18:15:00,101.7,90.68,90.31260039682543
Lambagarh,2026-07-09 18:30:00,99.44,94.4,93.20769301587303
Lambagarh,2026-07-09 18:45:00,90.4,96.78,83.89841962962959
Lambagarh,2026-07-09 19:00:00,96.83,92.75,86.10965768157759
Lambagarh,2026-07-09 19:15:00,90.68,93.94,89.49925543290034
Lambagarh,2026-07-09 19:30:00,94.4,95.27,86.93468204906198
Lambagarh,2026-07-09 19:45:00,96.78,94.85,85.16909749999994
Lambagarh,2026-07-09 20:00:00,92.75,93.1,82.33160654401148
Lambagarh,2026-07-09 20:15:00,93.94,97.58,82.32959702380948
Lambagarh,2026-07-09 20:30:00,95.27,91.65,82.65240966810964
Lambagarh,2026-07-09 20:45:00,94.85,100.49,81.0418967821067
Lambagarh,2026-07-09 21:00:00,93.1,96.0,78.67950371572871
Lambagarh,2026-07-09 21:15:00,97.58,86.22,81.38655204906205
Lambagarh,2026-07-09 21:30:00,91.65,84.1,78.41479257575756
Lambagarh,2026-07-09 21:45:00,100.49,87.44,80.33350300144299
Lambagarh,2026-07-09 22:00:00,96.0,82.95,80.9849365343916
Lambagarh,2026-07-09 22:15:00,86.22,72.48,71.72237030303033
Lambagarh,2026-07-09 22:30:00,84.1,71.89,65.9230125793651
Lambagarh,2026-07-09 22:45:00,87.44,67.41,63.036994960317486
Lambagarh,2026-07-09 23:00:00,82.95,71.24,65.34146011904767
Lambagarh,2026-07-09 23:15:00,72.48,58.66,63.34757149470904
Lambagarh,2026-07-09 23:30:00,71.89,61.16,68.37664153439158
Lambagarh,2026-07-09 23:45:00,67.41,59.38,69.06350462962965
Lambagarh,2026-07-10 00:00:00,71.24,58.1,75.83053697089946
Lambagarh,2026-07-10 00:15:00,58.66,57.42,77.4702262169312
Lambagarh,2026-07-10 00:30:00,61.16,60.83,78.30909767195759
Lambagarh,2026-07-10 00:45:00,59.38,57.07,80.7619699206349
Lambagarh,2026-07-10 01:00:00,58.1,63.94,74.67201400793647
Lambagarh,2026-07-10 01:15:00,57.42,57.38,61.34518002645504
Lambagarh,2026-07-10 01:30:00,60.83,60.96,60.97475514550264
Lambagarh,2026-07-10 01:45:00,57.07,57.65,60.170544983165016
Lambagarh,2026-07-10 02:00:00,63.94,56.34,58.732851123188425
Lambagarh,2026-07-10 02:15:00,57.38,58.04,57.44141403786302
Lambagarh,2026-07-10 02:30:00,60.96,58.55,56.49331809718334
Lambagarh,2026-07-10 02:45:00,57.65,55.99,56.2484338093878
Lambagarh,2026-07-10 03:00:00,56.34,56.41,56.87837427457075
Lambagarh,2026-07-10 03:15:00,58.04,57.63,56.31458020237152
Lambagarh,2026-07-10 03:30:00,58.55,57.6,56.24471865743328
Lambagarh,2026-07-10 03:45:00,55.99,60.13,57.15334576227941
Lambagarh,2026-07-10 04:00:00,56.41,57.52,53.77313507745237
Lambagarh,2026-07-10 04:15:00,57.63,58.25,55.73653576597431
Lambagarh,2026-07-10 04:30:00,57.6,63.23,55.83403035265877
Lambagarh,2026-07-10 04:45:00,60.13,63.99,55.66890693347178
Lambagarh,2026-07-10 05:00:00,57.52,62.86,55.84205612330969
Lambagarh,2026-07-10 05:15:00,58.25,79.23,55.894764930738674
Lambagarh,2026-07-10 05:30:00,63.23,81.41,56.142582771740244
Lambagarh,2026-07-10 05:45:00,63.99,93.22,55.38401871885577
Lambagarh,2026-07-10 06:00:00,62.86,93.36,56.12633208373925
Lambagarh,2026-07-10 06:15:00,79.23,91.08,52.44325870250077
Lambagarh,2026-07-10 06:30:00,81.41,95.85,76.26018271164025
Lambagarh,2026-07-10 06:45:00,93.22,96.96,77.52094338624343
Lambagarh,2026-07-10 07:00:00,93.36,92.63,82.33529256012508
Lambagarh,2026-07-10 07:15:00,91.08,79.55,83.7754003306878
Lambagarh,2026-07-10 07:30:00,95.85,88.35,84.51850011904763
Lambagarh,2026-07-10 07:45:00,96.96,82.89,77.35051416666667
Lambagarh,2026-07-10 08:00:00,92.63,79.72,82.90184535714282
Lambagarh,2026-07-10 08:15:00,79.55,81.65,85.81841146825391
Lambagarh,2026-07-10 08:30:00,88.35,81.78,68.29224477513232
Lambagarh,2026-07-10 08:45:00,82.89,70.76,68.7110267857143
Lambagarh,2026-07-10 09:00:00,79.72,71.93,65.86205132275137
Lambagarh,2026-07-10 09:15:00,81.65,74.55,66.09031830687836
Lambagarh,2026-07-10 09:30:00,81.78,72.06,65.18735263227519
Lambagarh,2026-07-10 09:45:00,70.76,62.23,62.63100199735452
Lambagarh,2026-07-10 10:00:00,71.93,63.35,69.59476906389904
Lambagarh,2026-07-10 10:15:00,74.55,66.93,68.51012968559218
Lambagarh,2026-07-10 10:30:00,72.06,65.73,68.17795784696784
Lambagarh,2026-07-10 10:45:00,62.23,65.12,71.01439701363448
Lambagarh,2026-07-10 11:00:00,63.35,67.39,74.32670181216918
Lambagarh,2026-07-10 11:15:00,66.93,67.61,67.59415082010578
Lambagarh,2026-07-10 11:30:00,65.73,68.85,75.28861247659745
Lambagarh,2026-07-10 11:45:00,65.12,63.98,64.53694797619049
Lambagarh,2026-07-10 12:00:00,67.39,65.67,62.524196230158715
Lambagarh,2026-07-10 12:15:00,67.61,63.81,73.42044786019537
Lambagarh,2026-07-10 12:30:00,68.85,67.25,70.05373262210014
Lambagarh,2026-07-10 12:45:00,63.98,69.33,67.63296598954652
Lambagarh,2026-07-10 13:00:00,65.67,65.99,74.47360959198203
Lambagarh,2026-07-10 13:15:00,63.81,84.15,76.01436154761895
Lambagarh,2026-07-10 13:30:00,67.25,82.34,72.85051211843702
Lambagarh,2026-07-10 13:45:00,69.33,86.03,68.07840510330313
Lambagarh,2026-07-10 14:00:00,65.99,80.34,70.72999492368744
Lambagarh,2026-07-10 14:15:00,84.15,95.5,70.9380072242572
Lambagarh,2026-07-10 14:30:00,82.34,97.32,68.13535662698419
Lambagarh,2026-07-10 14:45:00,86.03,96.47,66.04563144179897
Lambagarh,2026-07-10 15:00:00,80.34,81.99,63.81396357142867
Lambagarh,2026-07-10 15:15:00,95.5,79.85,66.44868804232809
Lambagarh,2026-07-10 15:30:00,97.32,81.23,72.20790267195767
Lambagarh,2026-07-10 15:45:00,96.47,56.36,78.05510179894176
Lambagarh,2026-07-10 16:00:00,81.99,61.23,80.90065378306876
Lambagarh,2026-07-10 16:15:00,79.85,60.33,75.5777866666667
Lambagarh,2026-07-10 16:30:00,81.23,60.49,73.35050444444441
Lambagarh,2026-07-10 16:45:00,56.36,57.67,73.65908653439152
Lambagarh,2026-07-10 17:00:00,61.23,55.62,84.11942881553627
Lambagarh,2026-07-10 17:15:00,60.33,54.24,72.96256828643581
Lambagarh,2026-07-10 17:30:00,60.49,54.26,71.24982712241462
Lambagarh,2026-07-10 17:45:00,57.67,55.17,75.4217308994709
Lambagarh,2026-07-10 18:00:00,55.62,57.97,68.91493228632478
Lambagarh,2026-07-10 18:15:00,54.24,57.42,66.22505396825396
Lambagarh,2026-07-10 18:30:00,54.26,54.99,65.22199942279941
Lambagarh,2026-07-10 18:45:00,55.17,56.21,74.14965632894882
Lambagarh,2026-07-10 19:00:00,57.97,58.42,73.19066375973664
Lambagarh,2026-07-10 19:15:00,57.42,60.31,72.71697101037853
Lambagarh,2026-07-10 19:30:00,54.99,55.91,72.78119275641029
Lambagarh,2026-07-10 19:45:00,56.21,60.18,58.172957974718535
Lambagarh,2026-07-10 20:00:00,58.42,57.42,59.27241331262988
Lambagarh,2026-07-10 20:15:00,60.31,57.91,63.74612002527169
Lambagarh,2026-07-10 20:30:00,55.91,61.72,63.6477226131739
Lambagarh,2026-07-10 20:45:00,60.18,64.57,62.04725670198562
Lambagarh,2026-07-10 21:00:00,57.42,64.75,57.02039882050416
Lambagarh,2026-07-10 21:15:00,57.91,66.75,56.24915808993846
Lambagarh,2026-07-10 21:30:00,61.72,67.48,57.650890001036615
Lambagarh,2026-07-10 21:45:00,64.57,91.24,57.103710706951084
Lambagarh,2026-07-10 22:00:00,64.75,83.71,57.89682701146072
Lambagarh,2026-07-10 22:15:00,66.75,83.01,58.187087909035434
Lambagarh,2026-07-10 22:30:00,67.48,84.0,70.1951880738706
Lambagarh,2026-07-10 22:45:00,91.24,80.03,75.85473946988192
Lambagarh,2026-07-10 23:00:00,83.71,84.2,94.38920346560846
Lambagarh,2026-07-10 23:15:00,83.01,93.96,79.47250575396835
Lambagarh,2026-07-10 23:30:00,84.0,94.03,83.63351769841272
Lambagarh,2026-07-10 23:45:00,80.03,96.92,77.34236384920642
Lambagarh,2026-07-11 00:00:00,84.2,91.46,80.64268111111113
Lambagarh,2026-07-11 00:15:00,93.96,87.44,79.07855198412699
Lambagarh,2026-07-11 00:30:00,94.03,80.98,83.84036567460319
Lambagarh,2026-07-11 00:45:00,96.92,83.79,87.08603055555554
Lambagarh,2026-07-11 01:00:00,91.46,80.57,89.60127812169307
Lambagarh,2026-07-11 01:15:00,87.44,75.74,84.54498193121688
Lambagarh,2026-07-11 01:30:00,80.98,76.34,80.53148681216932
Lambagarh,2026-07-11 01:45:00,83.79,67.37,75.87831089947089
Lambagarh,2026-07-11 02:00:00,80.57,66.19,71.6907602248678
Lambagarh,2026-07-11 02:15:00,75.74,63.33,66.4892907010583
Lambagarh,2026-07-11 02:30:00,76.34,63.11,67.43030201058212
Lambagarh,2026-07-11 02:45:00,67.37,65.39,67.97586240740752
Lambagarh,2026-07-11 03:00:00,66.19,66.73,70.97088356125356
Lambagarh,2026-07-11 03:15:00,63.33,68.22,69.51004105820105
Lambagarh,2026-07-11 03:30:00,63.11,67.12,69.53217013227511
Lambagarh,2026-07-11 03:45:00,65.39,58.01,76.42111527777766
Lambagarh,2026-07-11 04:00:00,66.73,62.71,64.13598515873015
Lambagarh,2026-07-11 04:15:00,68.22,64.14,68.41526554538056
Lambagarh,2026-07-11 04:30:00,67.12,62.56,69.10183242368745
Lambagarh,2026-07-11 04:45:00,58.01,59.75,70.59383647130649
Lambagarh,2026-07-11 05:00:00,62.71,55.19,69.7018500925926
Lambagarh,2026-07-11 05:30:00,64.14,54.57,73.08100842592587
Lambagarh,2026-07-11 05:45:00,62.56,51.3,73.55097129629624
Lambagarh,2026-07-11 06:00:00,59.75,44.57,54.900389729880274
Lambagarh,2026-07-11 06:15:00,55.19,43.93,55.53783047265603
Lambagarh,2026-07-11 06:30:00,54.57,44.29,57.27840371035704
Lambagarh,2026-07-11 06:45:00,51.3,41.52,56.87041894628458
Lambagarh,2026-07-11 07:00:00,44.57,44.15,54.26172245696359
Lambagarh,2026-07-11 07:15:00,43.93,42.06,43.75925339947095
Lambagarh,2026-07-11 07:30:00,44.29,40.77,43.530344907407446
Lambagarh,2026-07-11 07:45:00,41.52,41.66,40.85716179894183
Lambagarh,2026-07-11 08:00:00,44.15,43.39,37.11903583333333
Lambagarh,2026-07-11 08:15:00,42.06,45.83,36.76559273809524
Lambagarh,2026-07-11 08:30:00,40.77,42.71,36.13824746031746
Lambagarh,2026-07-11 08:45:00,41.66,44.83,35.83122904761904
Lambagarh,2026-07-11 09:00:00,43.39,42.88,39.13978073713328
Lambagarh,2026-07-11 09:15:00,45.83,45.7,38.75928002284755
Lambagarh,2026-07-11 09:30:00,42.71,45.58,40.73712460317458
Lambagarh,2026-07-11 09:45:00,44.83,44.63,39.02139262866764
Lambagarh,2026-07-11 10:00:00,42.88,46.48,40.63892564814815
Lambagarh,2026-07-11 10:15:00,45.7,45.55,40.38613699735452
Lambagarh,2026-07-11 10:30:00,45.58,44.72,42.31650845238096
Lambagarh,2026-07-11 10:45:00,44.63,45.68,43.811834444444465
Lambagarh,2026-07-11 11:00:00,46.48,43.23,40.434454378306896
Lambagarh,2026-07-11 11:15:00,45.55,43.65,43.893839563492094
Lambagarh,2026-07-11 11:30:00,44.72,42.7,44.99643019841272
Lambagarh,2026-07-11 11:45:00,45.68,41.5,42.479038611111136
Lambagarh,2026-07-11 12:00:00,43.23,43.3,42.97796448412701
Lambagarh,2026-07-11 12:15:00,43.65,44.01,40.4657986640212
Lambagarh,2026-07-11 12:30:00,42.7,43.51,40.36924825396828
Lambagarh,2026-07-11 12:45:00,41.5,48.75,40.60484517195769
Lambagarh,2026-07-11 13:00:00,43.3,49.33,41.01238174603176
Lambagarh,2026-07-11 13:15:00,44.01,47.34,41.181517989418
Lambagarh,2026-07-11 13:30:00,43.51,51.16,41.27571132275133
Lambagarh,2026-07-11 13:45:00,48.75,66.69,41.03237600529103
Lambagarh,2026-07-11 14:00:00,49.33,67.0,52.98141480158727
Lambagarh,2026-07-11 14:15:00,47.34,65.71,53.939820357142814
Lambagarh,2026-07-11 14:30:00,51.16,65.77,52.033685158730115
Lambagarh,2026-07-11 14:45:00,66.69,66.84,77.64282491189093
Lambagarh,2026-07-11 15:00:00,67.0,65.95,70.09059475108234
Lambagarh,2026-07-11 15:15:00,65.71,68.17,75.21013857142866
Lambagarh,2026-07-11 15:30:00,65.77,66.72,64.93019103174613
Lambagarh,2026-07-11 15:45:00,66.84,84.92,81.1599620634921
Lambagarh,2026-07-11 16:00:00,65.95,83.03,90.65380751322756
Lambagarh,2026-07-11 16:15:00,68.17,82.15,73.92416988095246
Lambagarh,2026-07-11 16:30:00,66.72,81.82,81.82256698412704
Lambagarh,2026-07-11 16:45:00,84.92,98.27,86.53785941798942
Lambagarh,2026-07-11 17:00:00,83.03,99.37,89.82614829365087
Lambagarh,2026-07-11 17:15:00,82.15,95.78,91.19919269841272
Lambagarh,2026-07-11 17:30:00,81.82,95.09,90.73126698412706
Lambagarh,2026-07-11 17:45:00,98.27,95.94,73.79524033068785
Lambagarh,2026-07-11 18:00:00,99.37,94.3,86.68344001322754
Lambagarh,2026-07-11 18:15:00,95.78,97.87,88.89964611111112
Lambagarh,2026-07-11 18:30:00,95.09,96.07,84.68783568783076
Lambagarh,2026-07-11 18:45:00,95.94,89.92,82.95355302549304
Lambagarh,2026-07-11 19:00:00,94.3,93.76,86.82849810485807
Lambagarh,2026-07-11 19:15:00,97.87,96.96,88.4217338191438
Lambagarh,2026-07-11 19:30:00,96.07,96.87,88.52946397787395
Lambagarh,2026-07-11 19:45:00,89.92,100.51,85.65799364718613
Lambagarh,2026-07-11 20:00:00,93.76,95.8,84.09037245670991
Lambagarh,2026-07-11 20:15:00,96.96,97.51,81.02235760461754
Lambagarh,2026-07-11 20:30:00,96.87,93.46,83.17335843795085
Lambagarh,2026-07-11 20:45:00,100.51,92.63,83.3024998268398
Lambagarh,2026-07-11 21:00:00,95.8,91.16,85.00277630952381
Lambagarh,2026-07-11 21:15:00,97.51,95.88,78.6412401154401
Lambagarh,2026-07-11 21:30:00,93.46,93.31,77.66173539321784
Lambagarh,2026-07-11 21:45:00,92.63,90.97,79.60550373977873
Lambagarh,2026-07-11 22:00:00,91.16,92.89,69.56696728715731
Lambagarh,2026-07-11 22:15:00,95.88,78.51,68.73138916666664
Lambagarh,2026-07-11 22:30:00,93.31,76.8,70.21421500000001
Lambagarh,2026-07-11 22:45:00,90.97,79.72,74.82505769841279
Lambagarh,2026-07-11 23:00:00,92.89,80.12,69.0209880555556
Lambagarh,2026-07-11 23:15:00,78.51,71.01,69.07806130952387
Lambagarh,2026-07-11 23:30:00,76.8,65.58,65.593297420635
Lambagarh,2026-07-11 23:45:00,79.72,63.47,69.38511935185187
Lambagarh,2026-07-12 00:00:00,80.12,62.44,74.37116488095242
Lambagarh,2026-07-12 00:15:00,71.01,64.2,68.5118137566138
Lambagarh,2026-07-12 00:30:00,65.58,66.23,76.87306339947092
Lambagarh,2026-07-12 00:45:00,63.47,65.75,69.61890388888891
Lambagarh,2026-07-12 01:00:00,62.44,63.52,69.73115870370368
Lambagarh,2026-07-12 01:15:00,64.2,64.63,78.90587007936493
Lambagarh,2026-07-12 01:30:00,66.23,64.8,68.38449682539684
Lambagarh,2026-07-12 01:45:00,65.75,64.63,69.18932685185185
Lambagarh,2026-07-12 02:00:00,63.52,66.03,65.25371031746029
Lambagarh,2026-07-12 02:15:00,64.63,66.2,63.24569694444441
Lambagarh,2026-07-12 02:30:00,64.8,64.24,61.54452779100527
Lambagarh,2026-07-12 02:45:00,64.63,50.05,61.59839602513227
Lambagarh,2026-07-12 03:00:00,66.03,51.68,59.577346554232804
Lambagarh,2026-07-12 03:15:00,66.2,52.56,62.63066399470897
Lambagarh,2026-07-12 03:30:00,64.24,51.03,63.44284219576714
Lambagarh,2026-07-12 03:45:00,50.05,49.16,59.11813835978834
Lambagarh,2026-07-12 04:00:00,51.68,49.81,50.8812641666667
Lambagarh,2026-07-12 04:15:00,52.56,44.91,54.20105658831909
Lambagarh,2026-07-12 04:30:00,51.03,44.41,52.576134202556695
Lambagarh,2026-07-12 04:45:00,49.16,42.9,54.205881384984195
Lambagarh,2026-07-12 05:00:00,49.81,41.54,48.14842660052912
Lambagarh,2026-07-12 05:15:00,44.91,46.68,50.25288484126987
Lambagarh,2026-07-12 05:30:00,44.41,45.09,45.4304413624339
Lambagarh,2026-07-12 05:45:00,42.9,44.44,41.30766517195771
Lambagarh,2026-07-12 06:00:00,41.54,46.62,38.300753624338675
Lambagarh,2026-07-12 06:15:00,46.68,45.34,36.15703031746031
Lambagarh,2026-07-12 06:30:00,45.09,46.81,40.13324182539683
Lambagarh,2026-07-12 06:45:00,44.44,46.52,37.60222353174602
Lambagarh,2026-07-12 07:00:00,46.62,44.87,35.678382619047596
Lambagarh,2026-07-12 07:15:00,45.34,37.75,40.61035343434346
Lambagarh,2026-07-12 07:30:00,46.81,43.21,39.8354647883598
Lambagarh,2026-07-12 07:45:00,46.52,43.68,40.98839734126986
Lambagarh,2026-07-12 08:00:00,44.87,43.83,43.97174574074076
Lambagarh,2026-07-12 08:15:00,37.75,39.79,39.77954103174608
Lambagarh,2026-07-12 08:30:00,43.21,39.99,33.541318870851384
Lambagarh,2026-07-12 08:45:00,43.68,38.86,36.205432614237594
Lambagarh,2026-07-12 09:00:00,43.83,38.91,39.710230105820116
Lambagarh,2026-07-12 09:15:00,39.79,41.62,37.674259589947084
Lambagarh,2026-07-12 09:30:00,39.99,40.44,38.04357371693124
Lambagarh,2026-07-12 09:45:00,38.86,40.97,37.718843796296326
Lambagarh,2026-07-12 10:00:00,38.91,40.96,39.274762142857156
Lambagarh,2026-07-12 10:15:00,41.62,40.32,38.436252532467556
Lambagarh,2026-07-12 10:30:00,40.44,41.43,40.11502632275137
Lambagarh,2026-07-12 10:45:00,40.97,44.92,39.79364702380955
Lambagarh,2026-07-12 11:00:00,40.96,45.7,40.20058071428569
Lambagarh,2026-07-12 11:15:00,40.32,45.36,43.40096329365079
Lambagarh,2026-07-12 11:30:00,41.43,45.19,40.22915781024533
Lambagarh,2026-07-12 11:45:00,44.92,44.63,40.335790992063494
Lambagarh,2026-07-12 12:00:00,45.7,44.82,41.10793349206348
Lambagarh,2026-07-12 12:15:00,45.36,46.2,46.42649067460317
Lambagarh,2026-07-12 12:30:00,45.19,44.43,45.39946103174604
Lambagarh,2026-07-12 12:45:00,44.63,47.91,45.92152734126985
Lambagarh,2026-07-12 13:00:00,44.82,47.41,47.545261243386264
Lambagarh,2026-07-12 13:15:00,46.2,63.76,44.72006309523813
Lambagarh,2026-07-12 13:30:00,44.43,63.2,48.646686666666696
Lambagarh,2026-07-12 13:45:00,47.91,64.38,44.26191952380953
Lambagarh,2026-07-12 14:00:00,47.41,63.58,55.39727710317458
Lambagarh,2026-07-12 14:15:00,63.76,74.99,56.67813706349203
Lambagarh,2026-07-12 14:30:00,63.2,72.85,64.34498273911274
Lambagarh,2026-07-12 14:45:00,64.38,93.74,64.11438062992563
Lambagarh,2026-07-12 15:00:00,63.58,94.32,62.59977674603182
Lambagarh,2026-07-12 15:15:00,74.99,92.25,72.74356500000006
Lambagarh,2026-07-12 15:30:00,72.85,88.65,79.87366130952387
Lambagarh,2026-07-12 15:45:00,93.74,91.35,80.29836734126991
Lambagarh,2026-07-12 16:00:00,94.32,90.83,86.67862416666668
Lambagarh,2026-07-12 16:15:00,92.25,94.25,90.96338972222227
Lambagarh,2026-07-12 16:30:00,88.65,90.84,91.5348088492064
Lambagarh,2026-07-12 16:45:00,91.35,60.92,87.10742764550264
Lambagarh,2026-07-12 17:00:00,90.83,62.95,89.45329083333333
Lambagarh,2026-07-12 17:15:00,94.25,65.33,85.44640517195764
Lambagarh,2026-07-12 17:30:00,90.84,66.81,85.75104334656085
Lambagarh,2026-07-12 17:45:00,60.92,69.37,82.91419956349208
Lambagarh,2026-07-12 18:00:00,62.95,64.23,70.70010695045691
Lambagarh,2026-07-12 18:15:00,65.33,58.9,68.80954761183261
Lambagarh,2026-07-12 18:30:00,66.81,56.95,70.60136730759979
Lambagarh,2026-07-12 18:45:00,69.37,54.95,76.85458514550261
Lambagarh,2026-07-12 19:00:00,64.23,55.12,78.12450022486766
Lambagarh,2026-07-12 19:15:00,58.9,57.52,67.29871424603171
Lambagarh,2026-07-12 19:30:00,56.95,53.07,76.82726899470894
Lambagarh,2026-07-12 19:45:00,54.95,53.36,84.90089527777778
Lambagarh,2026-07-12 20:00:00,55.12,51.78,74.0967336630037
Lambagarh,2026-07-12 20:15:00,57.52,70.78,74.70724140972558
Lambagarh,2026-07-12 20:30:00,53.07,69.52,74.62268017094014
Lambagarh,2026-07-12 20:45:00,53.36,64.13,58.8529448522392
Lambagarh,2026-07-12 21:00:00,51.78,87.14,55.962883852699306
Lambagarh,2026-07-12 21:15:00,70.78,93.24,55.743860685061314
Lambagarh,2026-07-12 21:30:00,69.52,89.89,81.51514386039891
Lambagarh,2026-07-12 21:45:00,64.13,89.56,82.01654436507944
Lambagarh,2026-07-12 22:00:00,87.14,79.28,68.82851474867726
Lambagarh,2026-07-12 22:15:00,93.24,76.32,90.03459255291006
Lambagarh,2026-07-12 22:45:00,89.89,74.93,92.86795793650786
Lambagarh,2026-07-12 23:00:00,89.56,76.95,87.45809191197694
Lambagarh,2026-07-12 23:15:00,79.28,66.51,82.32735428571428
Lambagarh,2026-07-12 23:30:00,76.32,65.92,84.88329007936507
Lambagarh,2026-07-12 23:45:00,74.93,64.65,91.08635464285715
Lambagarh,2026-07-13 00:00:00,76.95,64.91,93.73207474867729
Lambagarh,2026-07-13 00:15:00,66.51,60.56,83.51124452380958
Lambagarh,2026-07-13 00:30:00,65.92,61.47,72.72735585978842
Lambagarh,2026-07-13 00:45:00,64.65,63.29,73.7617390740741
Lambagarh,2026-07-13 01:00:00,64.91,63.48,74.96253436507938
Lambagarh,2026-07-13 01:15:00,60.56,61.0,67.78314212962964
Lambagarh,2026-07-13 01:30:00,61.47,62.96,69.57015341269842
Lambagarh,2026-07-13 01:45:00,63.29,58.35,59.55049892857146
Lambagarh,2026-07-13 02:00:00,63.48,61.15,59.59456051587302
Lambagarh,2026-07-13 02:15:00,61.0,51.94,55.569147936507946
Lambagarh,2026-07-13 02:30:00,62.96,50.66,54.77617440476192
Lambagarh,2026-07-13 02:45:00,58.35,51.87,53.649072050264564
Lambagarh,2026-07-13 03:00:00,61.15,50.92,54.41012309523813
Lambagarh,2026-07-13 03:15:00,51.94,50.76,56.458759960227724
Lambagarh,2026-07-13 03:30:00,50.66,50.05,52.35357077015847
Lambagarh,2026-07-13 03:45:00,51.87,43.46,52.02478596675669
Lambagarh,2026-07-13 04:00:00,50.92,45.17,52.62942309094965
Lambagarh,2026-07-13 04:15:00,50.76,42.63,55.861050532720995
Lambagarh,2026-07-13 04:30:00,50.05,45.13,55.66598010512877
Lambagarh,2026-07-13 04:45:00,43.46,45.05,49.96336332010582
Lambagarh,2026-07-13 05:00:00,45.17,43.75,43.15975760582015
Lambagarh,2026-07-13 05:15:00,42.63,45.31,43.86865379629632
Lambagarh,2026-07-13 05:30:00,45.13,45.46,37.87684417989422
Lambagarh,2026-07-13 05:45:00,45.05,43.54,38.33511095238093
Lambagarh,2026-07-13 06:00:00,43.75,46.38,38.49532853174602
Lambagarh,2026-07-13 06:15:00,45.31,49.11,35.291550793650785
Lambagarh,2026-07-13 06:30:00,45.46,46.3,38.88305428571428
Lambagarh,2026-07-13 06:45:00,43.54,36.51,39.1609392857143
Lambagarh,2026-07-13 07:00:00,46.38,39.95,35.88242900432899
Lambagarh,2026-07-13 07:15:00,49.11,39.97,39.72868174603175
Lambagarh,2026-07-13 07:30:00,46.3,39.85,44.63392392857142
Lambagarh,2026-07-13 07:45:00,36.51,39.95,44.14246952380953
Lambagarh,2026-07-13 08:00:00,39.95,39.78,33.17280016714769
Lambagarh,2026-07-13 08:15:00,39.97,39.75,35.898103288840794
Lambagarh,2026-07-13 08:30:00,39.85,36.52,35.19403064333815
Lambagarh,2026-07-13 08:45:00,39.95,35.96,35.17332966931217
Lambagarh,2026-07-13 09:00:00,39.78,35.4,37.65717355098607
Lambagarh,2026-07-13 09:15:00,39.75,35.66,37.401094794372334
Lambagarh,2026-07-13 09:30:00,36.52,35.61,37.60356775733528
Lambagarh,2026-07-13 09:45:00,35.96,37.26,32.834591481481496
Lambagarh,2026-07-13 10:00:00,35.4,36.67,33.42418400793652
Lambagarh,2026-07-13 10:15:00,35.66,35.68,29.96064749999999
Lambagarh,2026-07-13 10:30:00,35.61,36.55,32.53819015873015
Lambagarh,2026-07-13 10:45:00,37.26,37.32,37.80905555555557
Lambagarh,2026-07-13 11:00:00,36.67,38.31,40.6106967195767
Lambagarh,2026-07-13 11:15:00,35.68,39.51,40.875484497354485
Lambagarh,2026-07-13 11:30:00,36.55,37.69,37.53855424603173
Lambagarh,2026-07-13 11:45:00,37.32,38.11,40.26736584656083
Lambagarh,2026-07-13 12:00:00,38.31,39.21,41.93468275132274
Lambagarh,2026-07-13 12:15:00,39.51,45.79,42.81142519841269
Lambagarh,2026-07-13 12:30:00,37.69,46.11,43.58839845238095
Lambagarh,2026-07-13 12:45:00,38.11,48.25,43.16166357142856
Lambagarh,2026-07-13 13:00:00,39.21,44.27,45.41445948412698
Lambagarh,2026-07-13 13:15:00,45.79,52.0,44.88044392857143
Lambagarh,2026-07-13 13:30:00,46.11,52.2,48.90085242063492
Lambagarh,2026-07-13 13:45:00,48.25,63.73,49.21619912698415
Lambagarh,2026-07-13 14:00:00,44.27,69.07,56.339958955026475
Lambagarh,2026-07-13 14:15:00,52.0,70.84,51.35005441798941
Lambagarh,2026-07-13 14:30:00,52.2,74.9,83.33369001322755
Lambagarh,2026-07-13 14:45:00,63.73,93.2,82.5197400634061
Lambagarh,2026-07-13 15:00:00,69.07,73.33,58.90664693223442
Lambagarh,2026-07-13 15:15:00,70.84,77.37,76.81371793650798
Lambagarh,2026-07-13 15:30:00,74.9,96.7,79.48263878306885
Lambagarh,2026-07-13 15:45:00,93.2,82.72,80.80158603174608
Lambagarh,2026-07-13 16:00:00,73.33,83.79,87.23128654761905
Lambagarh,2026-07-13 16:15:00,77.37,61.68,89.73906773809529
Lambagarh,2026-07-13 16:30:00,96.7,65.92,89.50522059523814
Lambagarh,2026-07-13 16:45:00,82.72,61.84,92.54758994708999
Lambagarh,2026-07-13 17:00:00,83.79,58.06,89.72849801587304
Lambagarh,2026-07-13 17:15:00,61.68,52.82,90.61637011904767
Lambagarh,2026-07-13 17:30:00,65.92,54.69,99.77243880952379
Lambagarh,2026-07-13 17:45:00,61.84,54.0,76.97754158730154
Lambagarh,2026-07-13 18:00:00,58.06,52.64,73.72035981481476
Lambagarh,2026-07-13 18:15:00,52.82,47.59,60.95694398425649
Lambagarh,2026-07-13 18:30:00,54.69,47.58,66.43971975986972
Lambagarh,2026-07-13 18:45:00,54.0,53.06,67.53540198412699
Lambagarh,2026-07-13 19:00:00,52.64,52.51,61.13620276933813
Lambagarh,2026-07-13 19:15:00,47.59,50.16,68.52626527114192
Lambagarh,2026-07-13 19:30:00,47.58,53.48,50.520678703703716
Lambagarh,2026-07-13 20:00:00,53.06,53.82,50.48071707671957
Lambagarh,2026-07-13 20:15:00,52.51,54.63,74.97871207211868
Lambagarh,2026-07-13 20:30:00,50.16,53.1,65.41349727513231
Lambagarh,2026-07-13 20:45:00,53.48,58.76,59.86136706349206
Lambagarh,2026-07-13 21:00:00,53.82,59.61,63.023627658730135
Lambagarh,2026-07-13 21:15:00,54.63,69.32,65.10587136243386
Lambagarh,2026-07-13 21:30:00,53.1,69.8,58.913533552003514
Lambagarh,2026-07-13 21:45:00,58.76,82.96,59.02203196248194
Lambagarh,2026-07-13 22:00:00,59.61,83.68,58.213963465608465
Lambagarh,2026-07-13 22:15:00,69.32,91.72,58.61009412097162
Lambagarh,2026-07-13 22:30:00,69.8,90.49,83.65960444564699
Lambagarh,2026-07-13 22:45:00,82.96,81.09,83.23365420634927
Lambagarh,2026-07-13 23:00:00,83.68,80.78,86.70843626984133
Lambagarh,2026-07-13 23:15:00,91.72,66.48,88.60588845238102
Lambagarh,2026-07-13 23:30:00,90.49,75.55,91.84552186507939
Lambagarh,2026-07-13 23:45:00,81.09,80.39,93.43179996031752
Lambagarh,2026-07-14 00:00:00,80.78,78.79,87.7497887566138
Lambagarh,2026-07-14 00:15:00,66.48,70.35,84.19222873015876
Lambagarh,2026-07-14 00:30:00,75.55,66.72,93.69430705026457
Lambagarh,2026-07-14 00:45:00,80.39,69.79,88.40865448412704
Lambagarh,2026-07-14 01:00:00,78.79,67.25,82.54203518518521
Lambagarh,2026-07-14 01:15:00,70.35,66.74,74.20815534391534
Lambagarh,2026-07-14 01:30:00,66.72,65.87,78.9548717724868
Lambagarh,2026-07-14 01:45:00,69.79,57.46,77.83604653439147
Lambagarh,2026-07-14 02:00:00,67.25,69.73,76.79763435490439
Lambagarh,2026-07-14 02:15:00,66.74,68.74,76.19251782051275
Lambagarh,2026-07-14 02:30:00,65.87,69.38,74.54939063797312
Lambagarh,2026-07-14 02:45:00,57.46,67.18,76.07500416666656
Lambagarh,2026-07-14 03:00:00,69.73,65.99,79.97101269841265
Lambagarh,2026-07-14 03:15:00,68.74,68.05,71.06697714590969
Lambagarh,2026-07-14 03:30:00,69.38,68.97,66.98828287342288
Lambagarh,2026-07-14 03:45:00,67.18,64.66,68.72674853479857
Lambagarh,2026-07-14 04:00:00,65.99,66.21,74.28817731786727
Lambagarh,2026-07-14 04:15:00,68.05,66.6,70.49169862433854
Lambagarh,2026-07-14 04:30:00,68.97,64.84,71.26640029405777
Lambagarh,2026-07-14 04:45:00,64.66,63.84,72.19818365384613
Lambagarh,2026-07-14 05:00:00,66.21,61.32,63.398360714285715
Lambagarh,2026-07-14 05:15:00,66.6,60.12,72.4661492592592
Lambagarh,2026-07-14 05:30:00,64.84,59.38,72.55944388888884
Lambagarh,2026-07-14 05:45:00,63.84,51.48,65.7801937301587
Lambagarh,2026-07-14 06:00:00,61.32,52.99,58.892279679005185
Lambagarh,2026-07-14 06:15:00,60.12,51.44,66.29558838827838
Lambagarh,2026-07-14 06:30:00,59.38,42.57,57.147911740462305
Lambagarh,2026-07-14 06:45:00,51.48,44.08,55.315174917100485
Lambagarh,2026-07-14 07:00:00,52.99,44.78,54.667142507803774
Lambagarh,2026-07-14 07:15:00,51.44,44.76,55.219858441896505
Lambagarh,2026-07-14 07:30:00,42.57,46.89,54.46625550188015
Lambagarh,2026-07-14 07:45:00,44.08,45.86,43.31116871693126
Lambagarh,2026-07-14 08:00:00,44.78,44.89,43.18004570105823
Lambagarh,2026-07-14 08:15:00,44.76,46.7,41.79847531746036
Lambagarh,2026-07-14 08:30:00,46.89,47.08,38.253112023809535
Lambagarh,2026-07-14 08:45:00,45.86,42.04,40.902037857142865
Lambagarh,2026-07-14 09:00:00,44.89,47.82,42.37852006613762
Lambagarh,2026-07-14 09:15:00,46.7,37.38,41.60670371693126
Lambagarh,2026-07-14 09:30:00,47.08,37.77,44.06297920634926
Lambagarh,2026-07-14 09:45:00,42.04,31.99,43.74924059523811
Lambagarh,2026-07-14 10:00:00,47.82,37.7,40.96173662698418
Lambagarh,2026-07-14 10:15:00,37.38,38.1,43.70807456349206
Lambagarh,2026-07-14 10:30:00,37.77,37.47,36.90311861111115
Lambagarh,2026-07-14 10:45:00,31.99,36.71,36.42013075396826
Lambagarh,2026-07-14 11:00:00,37.7,37.93,34.475344695767184
Lambagarh,2026-07-14 11:15:00,38.1,43.86,37.47589058201056
Lambagarh,2026-07-14 11:30:00,37.47,44.66,38.44817359788358
Lambagarh,2026-07-14 11:45:00,36.71,48.58,37.71193735449733
Lambagarh,2026-07-14 12:00:00,37.93,48.92,37.02008158008654
Lambagarh,2026-07-14 12:15:00,43.86,45.82,37.99186941077438
Lambagarh,2026-07-14 12:30:00,44.66,48.67,40.36988734126986
Lambagarh,2026-07-14 12:45:00,48.58,44.87,41.25519206349205
Lambagarh,2026-07-14 13:00:00,48.92,49.55,45.3600898015873
Lambagarh,2026-07-14 13:15:00,45.82,51.97,49.460235820105815
Lambagarh,2026-07-14 13:30:00,48.67,53.93,48.38683093915347
Lambagarh,2026-07-14 13:45:00,44.87,52.39,50.55188756613757
Lambagarh,2026-07-14 14:00:00,49.55,55.1,53.14303302910051
Lambagarh,2026-07-14 14:15:00,51.97,68.38,57.581922341269845
Lambagarh,2026-07-14 14:30:00,53.93,68.55,83.43708561896169
Lambagarh,2026-07-14 14:45:00,52.39,66.29,81.82920643804997
Lambagarh,2026-07-14 15:00:00,55.1,67.04,79.77954352429707
Lambagarh,2026-07-14 15:15:00,68.38,77.69,62.6280450290423
Lambagarh,2026-07-14 15:30:00,68.55,77.76,74.21048730158736
Lambagarh,2026-07-14 15:45:00,66.29,81.36,76.92968166666675
Lambagarh,2026-07-14 16:00:00,67.04,77.85,74.89275468253977
Lambagarh,2026-07-14 16:15:00,77.69,92.06,91.07386309523811
Lambagarh,2026-07-14 16:30:00,77.76,91.4,91.32475726190482
Lambagarh,2026-07-14 16:45:00,81.36,90.11,87.33561880952387
Lambagarh,2026-07-14 17:00:00,77.85,91.73,90.82218429894183
Lambagarh,2026-07-14 17:15:00,92.06,76.81,89.56405706349209
Lambagarh,2026-07-14 17:30:00,91.4,79.26,90.8415956349207
Lambagarh,2026-07-14 17:45:00,90.11,75.81,94.22449666666671
Lambagarh,2026-07-14 18:00:00,91.73,78.39,89.62518543650795
Lambagarh,2026-07-14 18:15:00,76.81,76.46,85.31302037037035
Lambagarh,2026-07-14 18:30:00,79.26,77.63,80.63560973544973
Lambagarh,2026-07-14 18:45:00,75.81,73.82,74.84487640211645
Lambagarh,2026-07-14 19:00:00,78.39,74.83,80.77478660052911
Lambagarh,2026-07-14 19:15:00,76.46,72.41,74.61333740740741
Lambagarh,2026-07-14 19:30:00,77.63,69.83,76.86249272486769
Lambagarh,2026-07-14 19:45:00,73.82,73.26,77.25774388888887
Lambagarh,2026-07-14 20:00:00,74.83,74.6,78.4381804232804
Lambagarh,2026-07-14 20:15:00,72.41,86.23,80.83296858465607
Lambagarh,2026-07-14 20:30:00,69.83,89.8,80.04072394179896
Lambagarh,2026-07-14 20:45:00,73.26,93.26,86.49788576719574
Lambagarh,2026-07-14 21:00:00,74.6,90.02,80.05498275132274
Lambagarh,2026-07-14 21:15:00,86.23,95.76,82.19386144179892
Lambagarh,2026-07-14 21:30:00,89.8,97.26,78.78616861111115
Lambagarh,2026-07-14 21:45:00,93.26,83.05,85.11240029100527
Lambagarh,2026-07-14 22:00:00,90.02,85.28,81.36532302910054
Lambagarh,2026-07-14 22:15:00,95.76,73.71,80.5949960846561
Lambagarh,2026-07-14 22:30:00,97.26,75.57,81.60292271164025
Lambagarh,2026-07-14 22:45:00,83.05,75.84,82.65216305435308
Lambagarh,2026-07-14 23:00:00,85.28,73.31,72.21959894179896
Lambagarh,2026-07-14 23:15:00,73.71,62.33,68.99574703703708
Lambagarh,2026-07-14 23:30:00,75.57,64.22,70.93592944444444
Lambagarh,2026-07-14 23:45:00,75.84,67.16,72.15790522486776
Lambagarh,2026-07-15 00:00:00,73.31,63.16,76.86913220899477
Lambagarh,2026-07-15 00:15:00,62.33,61.5,70.5383933201059
Lambagarh,2026-07-15 00:30:00,64.22,65.06,67.26706314814813
Lambagarh,2026-07-15 00:45:00,67.16,63.68,73.79104452380953
Lambagarh,2026-07-15 01:00:00,63.16,63.63,83.13179367724858
Lambagarh,2026-07-15 01:15:00,61.5,51.24,66.91239388888887
Lambagarh,2026-07-15 01:30:00,65.06,52.76,69.16794134920634
Lambagarh,2026-07-15 01:45:00,63.68,51.82,84.53862908730147
Lambagarh,2026-07-15 02:00:00,63.63,53.05,59.988168716931234
Lambagarh,2026-07-15 02:15:00,51.24,45.23,58.75355733465612
Lambagarh,2026-07-15 02:30:00,52.76,45.16,51.4813184920635
Lambagarh,2026-07-15 02:45:00,51.82,44.13,53.93890275132276
Lambagarh,2026-07-15 03:00:00,53.05,42.74,51.75789210599584
Lambagarh,2026-07-15 03:15:00,45.23,45.65,57.125021589719495
Lambagarh,2026-07-15 03:30:00,45.16,43.99,46.66874410052911
Lambagarh,2026-07-15 03:45:00,44.13,47.89,45.944706798941795
Lambagarh,2026-07-15 04:00:00,42.74,51.06,42.939641216931236
Lambagarh,2026-07-15 04:15:00,45.65,48.11,36.346274999999984
Lambagarh,2026-07-15 04:30:00,43.99,48.97,39.71489031746031
Lambagarh,2026-07-15 04:45:00,47.89,50.8,36.32130099206347
Lambagarh,2026-07-15 05:00:00,51.06,50.07,41.77831908730159
Lambagarh,2026-07-15 05:15:00,48.11,44.03,58.142584907407375
Lambagarh,2026-07-15 05:30:00,48.97,34.5,44.05103861111113
Lambagarh,2026-07-15 05:45:00,50.8,38.59,44.27922793650794
Lambagarh,2026-07-15 06:00:00,50.07,38.59,58.06359394179891
Lambagarh,2026-07-15 06:15:00,44.03,38.46,47.838289007936496
Lambagarh,2026-07-15 06:30:00,34.5,37.5,40.97543060846561
Lambagarh,2026-07-15 06:45:00,38.59,37.8,32.90280244708995
Lambagarh,2026-07-15 07:00:00,38.59,38.18,34.380004704184714
Lambagarh,2026-07-15 07:15:00,38.46,37.24,34.39384722222226
Lambagarh,2026-07-15 07:30:00,37.5,36.41,33.4804685846561
Lambagarh,2026-07-15 07:45:00,37.8,36.32,33.21225444444446
Lambagarh,2026-07-15 08:00:00,38.18,37.29,32.97750817460318
Lambagarh,2026-07-15 08:15:00,37.24,36.69,34.32976034391536
Lambagarh,2026-07-15 08:30:00,36.41,36.25,31.674060873015886
Lambagarh,2026-07-15 08:45:00,36.32,35.11,31.25522453703704
Lambagarh,2026-07-15 09:00:00,37.29,34.52,32.88764953703704
Lambagarh,2026-07-15 09:15:00,36.69,33.99,32.662929834054836
Lambagarh,2026-07-15 09:30:00,36.25,34.14,39.17055515873015
Lambagarh,2026-07-15 09:45:00,35.11,33.95,38.395448690476194
Lambagarh,2026-07-15 10:00:00,34.52,35.11,30.062469698172197
Lambagarh,2026-07-15 10:15:00,33.99,35.54,28.54758715848966
Lambagarh,2026-07-15 10:30:00,34.14,35.43,28.501825610870608
Lambagarh,2026-07-15 10:45:00,33.95,37.16,28.388861428571424
Lambagarh,2026-07-15 11:00:00,35.11,36.16,30.498451653439165
Lambagarh,2026-07-15 11:15:00,35.54,37.2,31.303806190476184
Lambagarh,2026-07-15 11:30:00,35.43,37.89,33.435469404761896
Lambagarh,2026-07-15 11:45:00,37.16,37.52,31.380853531746016
Lambagarh,2026-07-15 12:00:00,36.16,37.69,41.88591634920634
Lambagarh,2026-07-15 12:15:00,37.2,42.18,41.81012809523809
Lambagarh,2026-07-15 12:30:00,37.89,41.35,41.987168650793635
Lambagarh,2026-07-15 12:45:00,37.52,44.21,43.46739833333333
Lambagarh,2026-07-15 13:00:00,37.69,42.96,46.450232460317466
Lambagarh,2026-07-15 13:15:00,42.18,47.01,46.41094301587303
Lambagarh,2026-07-15 13:30:00,41.35,45.63,45.1274995238095
Lambagarh,2026-07-15 13:45:00,44.21,66.43,45.413158650793626
Lambagarh,2026-07-15 14:00:00,42.96,67.14,51.866718134920596
Lambagarh,2026-07-15 14:15:00,47.01,63.05,48.4475403174603
Lambagarh,2026-07-15 14:30:00,45.63,63.73,53.54494939153439
Lambagarh,2026-07-15 14:45:00,66.43,93.23,53.54253085978835
Lambagarh,2026-07-15 15:00:00,67.14,83.03,67.22018146825403
Lambagarh,2026-07-15 15:15:00,63.05,81.98,75.99058289682547
Lambagarh,2026-07-15 15:30:00,63.73,83.3,64.85037003968263
Lambagarh,2026-07-15 15:45:00,93.23,93.9,76.22276305555557
Lambagarh,2026-07-15 16:00:00,83.03,93.58,90.43422009259257
Lambagarh,2026-07-15 16:15:00,81.98,80.55,85.81913162698417
Lambagarh,2026-07-15 16:30:00,83.3,82.07,85.87820329365081
Lambagarh,2026-07-15 16:45:00,93.9,59.47,91.31846653439156
Lambagarh,2026-07-15 17:00:00,93.58,61.95,93.28204884920642
Lambagarh,2026-07-15 17:15:00,80.55,65.34,92.69228964285722
Lambagarh,2026-07-15 17:30:00,82.07,62.04,92.16324833333336
Lambagarh,2026-07-15 17:45:00,59.47,60.52,74.15326058201056
Lambagarh,2026-07-15 18:00:00,61.95,61.69,76.16630136844631
Lambagarh,2026-07-15 18:15:00,65.34,51.88,76.22244401394896
Lambagarh,2026-07-15 18:30:00,62.04,54.0,76.71230683862429
Lambagarh,2026-07-15 18:45:00,60.52,53.1,69.26450678571427
Lambagarh,2026-07-15 19:00:00,61.69,54.79,69.70080985246231
Lambagarh,2026-07-15 19:15:00,51.88,53.51,67.42021752442001
Lambagarh,2026-07-15 19:30:00,54.0,59.12,69.54703801587299
Lambagarh,2026-07-15 19:45:00,53.1,57.71,74.98810408730154
Lambagarh,2026-07-15 20:00:00,54.79,57.88,71.81208206728458
Lambagarh,2026-07-15 20:15:00,53.51,66.79,71.37037169971336
Lambagarh,2026-07-15 20:30:00,59.12,62.09,72.02309214537875
Lambagarh,2026-07-15 20:45:00,57.71,63.32,59.94324394659284
Lambagarh,2026-07-15 21:00:00,57.88,63.37,57.04133519982798
Lambagarh,2026-07-15 21:15:00,66.79,87.69,64.78139278318905
Lambagarh,2026-07-15 21:30:00,62.09,81.46,74.8648906746032
Lambagarh,2026-07-15 21:45:00,63.32,86.36,66.61603849687347
Lambagarh,2026-07-15 22:00:00,63.37,87.91,62.94308263125762
Lambagarh,2026-07-15 22:15:00,87.69,96.12,73.42450814814815
Lambagarh,2026-07-15 22:30:00,81.46,98.42,85.85495762626267
Lambagarh,2026-07-15 22:45:00,86.36,100.56,91.0993056746032
Lambagarh,2026-07-15 23:00:00,87.91,96.28,82.96530037037046
Lambagarh,2026-07-15 23:15:00,96.12,85.83,83.74550182539683
Lambagarh,2026-07-15 23:30:00,98.42,78.24,92.86809634920634
Lambagarh,2026-07-15 23:45:00,100.56,75.01,93.37219916666668
Lambagarh,2026-07-16 00:00:00,96.28,73.53,90.61418482804228
Lambagarh,2026-07-16 00:15:00,85.83,60.07,82.53226110870604
Lambagarh,2026-07-16 00:30:00,78.24,62.48,77.5223949074074
Lambagarh,2026-07-16 00:45:00,75.01,63.45,71.47631964285712
Lambagarh,2026-07-16 01:00:00,73.53,61.67,73.68355773809522
Lambagarh,2026-07-16 01:15:00,60.07,64.49,74.5105945502646
Lambagarh,2026-07-16 01:30:00,62.48,64.3,68.81061775132275
Lambagarh,2026-07-16 01:45:00,63.45,50.61,66.67794574074074
Lambagarh,2026-07-16 02:00:00,61.67,54.19,69.57137006613752
Lambagarh,2026-07-16 02:15:00,64.49,53.35,58.503555238095274
Lambagarh,2026-07-16 02:30:00,64.3,52.76,59.970415714285764
Lambagarh,2026-07-16 02:45:00,50.61,51.6,69.19446119047615
Lambagarh,2026-07-16 03:00:00,54.19,53.77,55.68824051587299
Lambagarh,2026-07-16 03:15:00,53.35,55.06,57.07010642390289
Lambagarh,2026-07-16 03:30:00,52.76,52.94,51.623062379105086
Lambagarh,2026-07-16 03:45:00,51.6,52.91,56.29055750862666
Lambagarh,2026-07-16 04:00:00,53.77,51.55,54.92087319656509
Lambagarh,2026-07-16 04:15:00,55.06,48.2,55.39678565335518
Lambagarh,2026-07-16 04:30:00,52.94,47.29,55.72024388239464
Lambagarh,2026-07-16 04:45:00,52.91,47.67,60.86664941798941
Lambagarh,2026-07-16 05:00:00,51.55,46.88,57.224684518268006
Lambagarh,2026-07-16 05:15:00,48.2,46.67,58.98062428571427
Lambagarh,2026-07-16 05:30:00,47.29,45.68,46.08192293650794
Lambagarh,2026-07-16 05:45:00,47.67,48.49,44.58010154761907
Lambagarh,2026-07-16 06:00:00,46.88,48.96,43.798406468254
Lambagarh,2026-07-16 06:15:00,46.67,48.34,44.176991706349206
Lambagarh,2026-07-16 06:30:00,45.68,48.3,44.000774748677266
Lambagarh,2026-07-16 06:45:00,48.49,47.42,44.15860694444446
Lambagarh,2026-07-16 07:00:00,48.96,49.02,43.81885853174603
Lambagarh,2026-07-16 07:15:00,48.34,45.93,44.46804249999999
Lambagarh,2026-07-16 07:30:00,48.3,46.77,43.78254202380952
Lambagarh,2026-07-16 07:45:00,47.42,45.24,44.63126355820105
Lambagarh,2026-07-16 08:00:00,49.02,41.16,44.24353526455024
Lambagarh,2026-07-16 08:15:00,45.93,40.73,45.07420558201058
Lambagarh,2026-07-16 08:30:00,46.77,40.03,44.07560804232804
Lambagarh,2026-07-16 08:45:00,45.24,40.83,43.47170976190476
Lambagarh,2026-07-16 09:00:00,41.16,40.15,43.78732920634918
Lambagarh,2026-07-16 09:15:00,40.73,39.45,38.90447345238095
Lambagarh,2026-07-16 09:30:00,40.03,41.97,38.3635432936508
Lambagarh,2026-07-16 09:45:00,40.83,37.18,37.981899206349205
Lambagarh,2026-07-16 10:00:00,40.15,45.03,40.01775206349209
Lambagarh,2026-07-16 10:15:00,39.45,43.88,39.883825710678245
Lambagarh,2026-07-16 10:30:00,41.97,44.08,39.638163528138556
Lambagarh,2026-07-16 10:45:00,37.18,45.84,40.14030013227517
Lambagarh,2026-07-16 11:00:00,45.03,50.67,36.88549003607504
Lambagarh,2026-07-16 11:15:00,43.88,47.21,41.19525293650794
Lambagarh,2026-07-16 11:30:00,44.08,46.27,40.620580052910064
Lambagarh,2026-07-16 11:45:00,45.84,47.75,40.2814373015873
Lambagarh,2026-07-16 12:00:00,50.67,49.12,44.848304642857194
Lambagarh,2026-07-16 12:15:00,47.21,47.92,56.62451192520439
Lambagarh,2026-07-16 12:30:00,46.27,49.09,47.678795198412715
Lambagarh,2026-07-16 12:45:00,47.75,63.98,46.02363187830692
Lambagarh,2026-07-16 13:00:00,49.12,60.62,49.70785686507936
Lambagarh,2026-07-16 13:15:00,47.92,68.94,50.79605551587302
Lambagarh,2026-07-16 13:30:00,49.09,69.45,47.26883595238096
Lambagarh,2026-07-16 13:45:00,63.98,99.1,50.860658417366956
Lambagarh,2026-07-16 14:00:00,60.62,95.11,65.50416235449732
Lambagarh,2026-07-16 14:15:00,68.94,86.79,63.69887613918489
Lambagarh,2026-07-16 14:30:00,69.45,84.96,77.8536066666667
Lambagarh,2026-07-16 14:45:00,99.1,52.65,79.9273567460318
Lambagarh,2026-07-16 15:00:00,95.11,53.28,86.72155515873018
Lambagarh,2026-07-16 15:15:00,86.79,51.78,83.8219021825397
Lambagarh,2026-07-16 15:30:00,84.96,55.36,80.78734091269848
Lambagarh,2026-07-16 15:45:00,52.65,103.47,83.46681947089954
Lambagarh,2026-07-16 16:00:00,53.28,41.77,105.73911523809517
Lambagarh,2026-07-16 16:15:00,51.78,65.78,108.93316928571424
Lambagarh,2026-07-16 16:30:00,55.36,70.07,102.6844503174604
Lambagarh,2026-07-16 16:45:00,103.47,100.91,72.31468515669515
Lambagarh,2026-07-16 17:00:00,41.77,105.43,97.69420154761903
Lambagarh,2026-07-16 17:15:00,65.78,102.34,46.716838386243396
Lambagarh,2026-07-16 17:30:00,70.07,109.1,75.20430593711835
Lambagarh,2026-07-16 17:45:00,100.91,109.17,81.09322273809522
Lambagarh,2026-07-16 18:00:00,105.43,102.81,92.42056964285716
Lambagarh,2026-07-16 18:15:00,102.34,105.36,89.06405162698411
Lambagarh,2026-07-16 18:30:00,109.1,117.89,87.27255773809522
Lambagarh,2026-07-16 18:45:00,109.17,104.93,93.04742346560853
Lambagarh,2026-07-16 19:00:00,102.81,106.02,82.73563589947095
Lambagarh,2026-07-16 19:15:00,105.36,52.99,91.17015445767197
Lambagarh,2026-07-16 19:30:00,117.89,70.77,91.12175281746042
Lambagarh,2026-07-16 19:45:00,104.93,78.13,117.13188343915348
Lambagarh,2026-07-16 20:00:00,106.02,73.32,96.02025165343925
Lambagarh,2026-07-16 20:15:00,52.99,43.22,97.08089899470907
Lambagarh,2026-07-16 20:30:00,70.77,52.98,68.96220103174603
Lambagarh,2026-07-16 20:45:00,78.13,53.87,79.01346775132272
Lambagarh,2026-07-16 21:00:00,73.32,45.94,74.39858854497358
Lambagarh,2026-07-16 21:15:00,43.22,37.33,78.81530300264549
Lambagarh,2026-07-16 21:30:00,52.98,43.84,58.611555925925934
Lambagarh,2026-07-16 21:45:00,53.87,49.83,78.34847030423282
Lambagarh,2026-07-16 22:00:00,45.94,52.12,74.8650967063492
Lambagarh,2026-07-16 22:15:00,37.33,51.31,48.42588039682538
Lambagarh,2026-07-16 22:30:00,43.84,51.18,44.0513117989418
Lambagarh,2026-07-16 22:45:00,49.83,49.99,46.757984285714286
Lambagarh,2026-07-16 23:00:00,52.12,52.9,52.30968760582012
Lambagarh,2026-07-16 23:15:00,51.31,61.21,59.356775317460304
Lambagarh,2026-07-16 23:30:00,51.18,77.48,58.807056865079346
Lambagarh,2026-07-16 23:45:00,49.99,77.23,69.16052542328035
Lambagarh,2026-07-17 00:00:00,52.9,79.7,49.851851388888875
Lambagarh,2026-07-17 00:15:00,61.21,83.5,56.558318995911506
Lambagarh,2026-07-17 00:30:00,77.48,89.63,59.997871441798935
Lambagarh,2026-07-17 00:45:00,77.23,88.61,78.75241604497351
Lambagarh,2026-07-17 01:00:00,79.7,92.39,84.04824006613755
Lambagarh,2026-07-17 01:15:00,83.5,82.73,82.95294503968252
Lambagarh,2026-07-17 01:30:00,89.63,86.32,81.10441325396827
Lambagarh,2026-07-17 01:45:00,88.61,88.53,87.68338083333332
Lambagarh,2026-07-17 02:00:00,92.39,86.95,81.17008563492064
Lambagarh,2026-07-17 02:15:00,82.73,65.55,85.6627911507937
Lambagarh,2026-07-17 02:30:00,86.32,65.42,85.04342809523814
Lambagarh,2026-07-17 02:45:00,88.53,65.95,84.07422420634929
Lambagarh,2026-07-17 03:00:00,86.95,65.43,84.43748093915352
Lambagarh,2026-07-17 03:15:00,65.55,66.59,68.67195288359792
Lambagarh,2026-07-17 03:30:00,65.42,65.4,65.74321293650796
Lambagarh,2026-07-17 03:45:00,65.95,62.67,66.00014610389616
Lambagarh,2026-07-17 04:00:00,65.43,66.31,67.48611853174602
Lambagarh,2026-07-17 04:15:00,66.59,86.65,64.4137535978836
Lambagarh,2026-07-17 04:30:00,65.4,83.47,66.68145465608464
Lambagarh,2026-07-17 04:45:00,62.67,83.44,64.65972082010582
Lambagarh,2026-07-17 05:00:00,66.31,83.89,62.019735793650774
Lambagarh,2026-07-17 05:15:00,86.65,87.5,63.750450925925946
Lambagarh,2026-07-17 05:30:00,83.47,47.85,66.80180425925933
Lambagarh,2026-07-17 05:45:00,83.44,56.41,66.43340560846565
Lambagarh,2026-07-17 06:00:00,83.89,52.54,64.4988078571429
Lambagarh,2026-07-17 06:15:00,87.5,45.61,65.08674485449738
Lambagarh,2026-07-17 06:30:00,47.85,43.28,64.52166025132276
Lambagarh,2026-07-17 06:45:00,56.41,45.97,60.01013231481486
Lambagarh,2026-07-17 07:00:00,52.54,43.29,71.99954962241458
Lambagarh,2026-07-17 07:15:00,45.61,44.95,73.71815987373736
Lambagarh,2026-07-17 07:30:00,43.28,43.35,47.47303231481487
Lambagarh,2026-07-17 07:45:00,45.97,43.04,43.59400522486776
Lambagarh,2026-07-17 08:00:00,43.29,44.39,46.890252711640215
Lambagarh,2026-07-17 08:15:00,44.95,44.09,38.23377031746032
Lambagarh,2026-07-17 08:30:00,43.35,44.55,38.32016396825398
Lambagarh,2026-07-17 08:45:00,43.04,44.13,36.97210420634921
Lambagarh,2026-07-17 09:00:00,44.39,44.64,39.07955892857147
Lambagarh,2026-07-17 09:15:00,44.09,46.77,39.44548125300631
Lambagarh,2026-07-17 09:30:00,44.55,42.68,39.196682668350185
Lambagarh,2026-07-17 09:45:00,44.13,43.42,39.31264034030789
Lambagarh,2026-07-17 10:00:00,44.64,44.15,40.93217142496399
Lambagarh,2026-07-17 10:15:00,46.77,44.44,40.37975291005298
Lambagarh,2026-07-17 10:30:00,42.68,45.91,42.395297222222254
Lambagarh,2026-07-17 10:45:00,43.42,53.32,40.58016247354498
Lambagarh,2026-07-17 11:00:00,44.15,53.08,40.42487305555557
Lambagarh,2026-07-17 11:15:00,44.44,57.86,40.68405548941801
Lambagarh,2026-07-17 11:30:00,45.91,58.98,40.17309603174605
Lambagarh,2026-07-17 11:45:00,53.32,61.11,42.09614992063495
Lambagarh,2026-07-17 12:00:00,53.08,59.55,57.7788058008658
Lambagarh,2026-07-17 12:15:00,57.86,65.38,57.03177728234725
Lambagarh,2026-07-17 12:30:00,58.98,67.39,57.01003170695046
Lambagarh,2026-07-17 12:45:00,61.11,90.9,57.50177289096769
Lambagarh,2026-07-17 13:00:00,59.55,86.16,58.255569102147845
Lambagarh,2026-07-17 13:15:00,65.38,62.65,58.66973747516372
Lambagarh,2026-07-17 13:30:00,67.39,62.39,58.521310793650784
Lambagarh,2026-07-17 13:45:00,90.9,51.87,71.2768430158731
Lambagarh,2026-07-17 14:00:00,86.16,51.25,85.49296222222222
Lambagarh,2026-07-17 14:15:00,62.65,44.35,82.20512234126994
Lambagarh,2026-07-17 14:30:00,62.39,47.28,98.90513873015874
Lambagarh,2026-07-17 14:45:00,51.87,117.47,97.4060016931217
Lambagarh,2026-07-17 15:00:00,51.25,122.51,105.23389468253968
Lambagarh,2026-07-17 15:15:00,44.35,161.95,78.33791803622304
Lambagarh,2026-07-17 15:30:00,47.28,157.88,48.62200108465609
Lambagarh,2026-07-17 15:45:00,117.47,169.09,51.1503863227513
Lambagarh,2026-07-17 16:00:00,122.51,161.91,121.04454071428563
Lambagarh,2026-07-17 16:15:00,161.95,159.72,118.92675931216932
Lambagarh,2026-07-17 16:30:00,157.88,192.03,171.51213751443012
Lambagarh,2026-07-17 16:45:00,169.09,217.43,171.15620529220797
Lambagarh,2026-07-17 17:00:00,161.91,199.41,181.31450646825405
Lambagarh,2026-07-17 17:15:00,159.72,254.48,185.0744740079366
Lambagarh,2026-07-17 17:30:00,192.03,475.97,183.1823008333334
Lambagarh,2026-07-17 17:45:00,217.43,355.31,190.77827820105836
Lambagarh,2026-07-17 18:00:00,199.41,276.27,191.3189930158731
Lambagarh,2026-07-17 18:15:00,254.48,287.43,197.7774353571429
Lambagarh,2026-07-17 18:30:00,475.97,175.02,204.58940003968243
Lambagarh,2026-07-17 19:00:00,355.31,291.27,205.75270293650783
Lambagarh,2026-07-17 19:30:00,276.27,292.94,205.71995849206334
Lambagarh,2026-07-17 19:45:00,287.43,234.78,206.36155777777762
Lambagarh,2026-07-17 20:00:00,175.02,186.97,207.32100460317432
Lambagarh,2026-07-17 20:30:00,291.27,190.59,205.79831166666645
Lambagarh,2026-07-17 20:45:00,292.94,191.97,207.32100460317432
Lambagarh,2026-07-17 21:00:00,234.78,178.39,202.04133420634895
Lambagarh,2026-07-17 21:15:00,186.97,171.0,197.07500335978827
Lambagarh,2026-07-17 21:30:00,190.59,105.49,202.0493675396823
Lambagarh,2026-07-17 21:45:00,191.97,92.65,202.06620087301562
Lambagarh,2026-07-17 22:00:00,178.39,89.42,199.4312540211638
Lambagarh,2026-07-17 22:15:00,171.0,87.52,196.95542854497344
Lambagarh,2026-07-17 22:30:00,105.49,75.73,198.36226203703688
Lambagarh,2026-07-17 22:45:00,92.65,76.82,92.09284826719576
Lambagarh,2026-07-17 23:00:00,89.42,72.45,82.97487190476191
Lambagarh,2026-07-17 23:15:00,87.52,52.25,80.13235555555555
Lambagarh,2026-07-17 23:30:00,75.73,54.41,66.76357666666667
Lambagarh,2026-07-17 23:45:00,76.82,42.53,69.36711744708994
Lambagarh,2026-07-18 00:00:00,72.45,42.67,72.5573305555556
Lambagarh,2026-07-18 00:15:00,52.25,43.61,72.87625849206351
Lambagarh,2026-07-18 00:30:00,54.41,43.71,78.55565682539684
Lambagarh,2026-07-18 00:45:00,42.53,43.11,83.1987309054834
Lambagarh,2026-07-18 01:00:00,42.67,41.35,47.612389074074095
Lambagarh,2026-07-18 01:15:00,43.61,46.1,43.28467685185187
Lambagarh,2026-07-18 01:30:00,43.71,45.81,40.18426735449737
Lambagarh,2026-07-18 01:45:00,43.11,47.66,36.96751611111108
Lambagarh,2026-07-18 02:00:00,41.35,46.57,37.023785079365055
Lambagarh,2026-07-18 02:15:00,46.1,49.94,35.758423253968225
Lambagarh,2026-07-18 02:30:00,45.81,56.41,39.93203476190477
Lambagarh,2026-07-18 02:45:00,47.66,55.54,39.85269738095239
Lambagarh,2026-07-18 03:00:00,46.57,57.96,41.49628329365081
Lambagarh,2026-07-18 03:15:00,49.94,82.3,43.499835079365106
Lambagarh,2026-07-18 03:30:00,56.41,93.28,48.027921349206345
Lambagarh,2026-07-18 03:45:00,55.54,79.22,56.48835964285711
Lambagarh,2026-07-18 04:00:00,57.96,82.17,56.26793285714283
Lambagarh,2026-07-18 04:15:00,82.3,88.92,56.96191182539682
Lambagarh,2026-07-18 04:30:00,93.28,77.98,75.11676535714295
Lambagarh,2026-07-18 04:45:00,79.22,75.3,87.98510928571433
Lambagarh,2026-07-18 05:00:00,82.17,80.8,81.78658194444446
Lambagarh,2026-07-18 05:15:00,88.92,73.88,81.04531170634921
Lambagarh,2026-07-18 05:30:00,77.98,72.75,83.58829884920637
Lambagarh,2026-07-18 05:45:00,75.3,69.68,84.2955141666667
Lambagarh,2026-07-18 06:00:00,80.8,66.01,86.26726908730168
Lambagarh,2026-07-18 06:15:00,73.88,58.34,85.41451968253973
Lambagarh,2026-07-18 06:30:00,72.75,60.51,78.92537972222226
Lambagarh,2026-07-18 06:45:00,69.68,60.39,80.00437932539681
Lambagarh,2026-07-18 07:00:00,66.01,61.42,86.48831769841266
Lambagarh,2026-07-18 07:15:00,58.34,55.58,70.01416718253967
Lambagarh,2026-07-18 07:30:00,60.51,54.13,74.70990502645492
Lambagarh,2026-07-18 07:45:00,60.39,49.05,77.98377794973534
Lambagarh,2026-07-18 08:00:00,61.42,49.96,59.46431603174601
Lambagarh,2026-07-18 08:15:00,55.58,50.3,61.94901137566139
Lambagarh,2026-07-18 08:30:00,54.13,50.57,59.28616786922013
Lambagarh,2026-07-18 08:45:00,49.05,48.84,58.81111663450942
Lambagarh,2026-07-18 09:00:00,49.96,47.24,49.132104775132326
Lambagarh,2026-07-18 09:15:00,50.3,47.31,50.411555502645534
Lambagarh,2026-07-18 09:30:00,50.57,46.08,55.95305776291215
Lambagarh,2026-07-18 09:45:00,48.84,47.62,56.37884442763357
Lambagarh,2026-07-18 10:00:00,47.24,46.59,48.16902136243389
Lambagarh,2026-07-18 10:15:00,47.31,52.94,44.92361904761906
Lambagarh,2026-07-18 10:30:00,46.08,53.32,44.88321915343917
Lambagarh,2026-07-18 10:45:00,47.62,57.53,44.07590149470904
Lambagarh,2026-07-18 11:00:00,46.59,57.47,45.366000529100575
Lambagarh,2026-07-18 11:15:00,52.94,71.19,43.96537653439156
Lambagarh,2026-07-18 11:30:00,53.32,68.57,60.2232286243386
Lambagarh,2026-07-18 11:45:00,57.53,85.57,57.439033333333306
Lambagarh,2026-07-18 12:00:00,57.47,83.85,57.396009715608464
Lambagarh,2026-07-18 12:15:00,71.19,69.44,57.72179058013039
Lambagarh,2026-07-18 12:30:00,68.57,59.31,73.23280201058208
Lambagarh,2026-07-18 12:45:00,85.57,44.62,76.20853597883608
Lambagarh,2026-07-18 13:00:00,83.85,46.44,80.18632079365085
Lambagarh,2026-07-18 13:15:00,69.44,55.95,81.38028130952387
Lambagarh,2026-07-18 13:30:00,59.31,50.07,86.61503845238103
Lambagarh,2026-07-18 13:45:00,44.62,55.65,93.98959044973545
Lambagarh,2026-07-18 14:00:00,46.44,57.76,62.54103000000004
Lambagarh,2026-07-18 14:15:00,55.95,110.43,56.349130912698406
Lambagarh,2026-07-18 14:30:00,50.07,108.53,80.92074102714514
Lambagarh,2026-07-18 14:45:00,55.65,152.5,58.92888420634919
Lambagarh,2026-07-18 15:00:00,57.76,147.36,74.7770416732583
Lambagarh,2026-07-18 15:15:00,110.43,162.97,68.8908930069468
Lambagarh,2026-07-18 15:30:00,108.53,154.78,99.53509645502646
Lambagarh,2026-07-18 15:45:00,152.5,164.36,88.04426637566132
Lambagarh,2026-07-18 16:00:00,147.36,159.11,166.3436685858587
Lambagarh,2026-07-18 16:15:00,162.97,156.8,157.37286477633486
Lambagarh,2026-07-18 16:30:00,154.78,163.85,176.35747119167874
Lambagarh,2026-07-18 16:45:00,164.36,162.99,182.79610123015877
Lambagarh,2026-07-18 17:00:00,159.11,164.52,183.84741218253973
Lambagarh,2026-07-18 17:15:00,156.8,161.77,183.36066333333335
Lambagarh,2026-07-18 17:30:00,163.85,160.71,182.55560722222228
Lambagarh,2026-07-18 17:45:00,162.99,171.52,191.30983353174605
Lambagarh,2026-07-18 18:00:00,164.52,179.3,190.74877964285716
Lambagarh,2026-07-18 18:15:00,161.77,173.85,191.9054307142857
Lambagarh,2026-07-18 18:30:00,160.71,172.27,191.83074876984128
Lambagarh,2026-07-18 18:45:00,171.52,163.64,192.0468155555555
Lambagarh,2026-07-18 19:00:00,179.3,160.45,193.60846444444442
Lambagarh,2026-07-18 19:15:00,173.85,156.84,196.98316769841276
Lambagarh,2026-07-18 19:30:00,172.27,155.78,195.78150214285714
Lambagarh,2026-07-18 19:45:00,163.64,164.01,196.3143598677248
Lambagarh,2026-07-18 20:00:00,160.45,159.2,202.8679211507936
Lambagarh,2026-07-18 20:15:00,156.84,154.93,195.16878153439154
Lambagarh,2026-07-18 20:30:00,155.78,153.11,193.8506527248677
Lambagarh,2026-07-18 20:45:00,164.01,153.11,189.04669388888885
Lambagarh,2026-07-18 21:00:00,159.2,153.1,187.1688903174602
Lambagarh,2026-07-18 21:15:00,154.93,102.3,183.61632412698407
Lambagarh,2026-07-18 21:30:00,153.11,126.62,183.2138574603174
Lambagarh,2026-07-18 21:45:00,153.11,124.71,183.78873579365074
Lambagarh,2026-07-18 22:00:00,153.1,94.66,180.52953338624332
Lambagarh,2026-07-18 22:15:00,102.3,75.82,179.90145838624335
Lambagarh,2026-07-18 22:30:00,126.62,82.79,83.71669318783074
Lambagarh,2026-07-18 22:45:00,124.71,62.5,87.56971812169319
Lambagarh,2026-07-18 23:00:00,94.66,62.69,86.80118867724875
Lambagarh,2026-07-18 23:15:00,75.82,65.77,76.0498207539683
Lambagarh,2026-07-18 23:30:00,82.79,60.02,73.7432101984127
Lambagarh,2026-07-18 23:45:00,62.5,51.6,70.07054492063497
Lambagarh,2026-07-19 00:00:00,62.69,52.24,73.88466541005289
Lambagarh,2026-07-19 00:15:00,65.77,48.45,77.70340298941801
Lambagarh,2026-07-19 00:30:00,60.02,47.6,76.80415424603179
Lambagarh,2026-07-19 00:45:00,51.6,49.04,70.51190599206355
Lambagarh,2026-07-19 01:00:00,52.24,50.76,69.18322448412704
Lambagarh,2026-07-19 01:15:00,48.45,54.06,61.596396600529104
Lambagarh,2026-07-19 01:30:00,47.6,52.99,48.803996164021164
Lambagarh,2026-07-19 01:45:00,49.04,54.71,47.241614219576704
Lambagarh,2026-07-19 02:00:00,50.76,52.33,47.17893977513224
Lambagarh,2026-07-19 02:15:00,54.06,66.87,54.18401059523808
Lambagarh,2026-07-19 02:30:00,52.99,63.76,57.87182396358541
Lambagarh,2026-07-19 02:45:00,54.71,65.82,60.433837433862415
Lambagarh,2026-07-19 03:00:00,52.33,64.01,60.78535183760683
Lambagarh,2026-07-19 03:15:00,66.87,65.67,60.560933233264294
Lambagarh,2026-07-19 03:30:00,63.76,71.57,68.80098428756429
Lambagarh,2026-07-19 03:45:00,65.82,80.11,58.61373028980277
Lambagarh,2026-07-19 04:00:00,64.01,78.4,61.34284138888886
Lambagarh,2026-07-19 04:15:00,65.67,80.47,71.78835001322749
Lambagarh,2026-07-19 04:30:00,71.57,75.42,61.44931894179897
Lambagarh,2026-07-19 04:45:00,80.11,80.73,76.66831288359798
Lambagarh,2026-07-19 05:00:00,78.4,84.46,79.23439242063499
Lambagarh,2026-07-19 05:15:00,80.47,79.19,75.58483849206354
Lambagarh,2026-07-19 05:30:00,75.42,73.69,86.72015578042334
Lambagarh,2026-07-19 05:45:00,80.73,75.63,78.34867599206353
Lambagarh,2026-07-19 06:00:00,84.46,77.82,81.74980289682547
Lambagarh,2026-07-19 06:15:00,79.19,73.82,65.89002477513232
Lambagarh,2026-07-19 06:30:00,73.69,72.05,66.95525231481487
Lambagarh,2026-07-19 06:45:00,75.63,72.43,68.00390746337001
Lambagarh,2026-07-19 07:00:00,77.82,68.68,69.45146902116407
Lambagarh,2026-07-19 07:15:00,73.82,60.42,66.85646031746039
Lambagarh,2026-07-19 07:30:00,72.05,58.92,69.18246211945466
Lambagarh,2026-07-19 07:45:00,72.43,58.52,67.21711464590966
Lambagarh,2026-07-19 08:00:00,68.68,59.6,66.53627816442823
Lambagarh,2026-07-19 08:15:00,60.42,57.43,73.85395957977208
Lambagarh,2026-07-19 08:30:00,58.92,56.42,72.95507958994702
Lambagarh,2026-07-19 08:45:00,58.52,57.17,76.0414241402115
Lambagarh,2026-07-19 09:00:00,59.6,55.67,76.33126375661365
Lambagarh,2026-07-19 09:15:00,57.43,56.31,61.039822658730216
Lambagarh,2026-07-19 09:30:00,56.42,57.2,61.14847974310783
Lambagarh,2026-07-19 09:45:00,57.17,58.49,60.181731925647476
Lambagarh,2026-07-19 10:00:00,55.67,57.41,59.14435437169312
Lambagarh,2026-07-19 10:15:00,56.31,60.8,57.454129298208926
Lambagarh,2026-07-19 10:30:00,57.2,60.89,57.66346469903395
Lambagarh,2026-07-19 10:45:00,58.49,67.3,58.089562027076255
Lambagarh,2026-07-19 11:00:00,57.41,65.14,57.89524003786178
Lambagarh,2026-07-19 11:15:00,60.8,80.84,56.27966544079037
Lambagarh,2026-07-19 11:30:00,60.89,81.55,56.051135085054014
Lambagarh,2026-07-19 11:45:00,67.3,81.28,56.06644335129485
Lambagarh,2026-07-19 12:00:00,65.14,78.87,69.82734585727144
Lambagarh,2026-07-19 12:15:00,80.84,59.66,63.70566263993318
Lambagarh,2026-07-19 12:30:00,81.55,56.4,77.16043691798949
Lambagarh,2026-07-19 12:45:00,81.28,48.51,84.65390001322757
Lambagarh,2026-07-19 13:00:00,78.87,48.7,77.91447572751329
Lambagarh,2026-07-19 13:15:00,59.66,66.13,80.17177825396828
Lambagarh,2026-07-19 13:30:00,56.4,74.41,100.5533268783068
Lambagarh,2026-07-19 13:45:00,48.51,108.31,104.95300771164011
Lambagarh,2026-07-19 14:00:00,48.7,123.16,58.45543457671956
Lambagarh,2026-07-19 14:15:00,66.13,137.38,52.754186468253984
Lambagarh,2026-07-19 14:30:00,74.41,140.69,75.36856272486774
Lambagarh,2026-07-19 14:45:00,108.31,157.35,75.86306480463983
Lambagarh,2026-07-19 15:00:00,123.16,161.4,96.25465404761907
Lambagarh,2026-07-19 15:15:00,137.38,163.42,115.97545907407415
Lambagarh,2026-07-19 15:30:00,140.69,169.25,159.67159985569987
Lambagarh,2026-07-19 15:45:00,157.35,173.0,158.20532616522368
Lambagarh,2026-07-19 16:00:00,161.4,179.13,170.35473108585876
Lambagarh,2026-07-19 16:15:00,163.42,162.9,183.5862423412699
Lambagarh,2026-07-19 16:30:00,169.25,159.27,184.19815162698424
Lambagarh,2026-07-19 16:45:00,173.0,155.33,185.67832111111116
Lambagarh,2026-07-19 17:00:00,179.13,153.96,186.97028547619053
Lambagarh,2026-07-19 17:15:00,162.9,176.96,194.58845269841285
Lambagarh,2026-07-19 17:30:00,159.27,154.29,193.90774121693138
Lambagarh,2026-07-19 17:45:00,155.33,147.24,195.2793409391535
Lambagarh,2026-07-19 18:00:00,153.96,154.05,199.26194075396825
Lambagarh,2026-07-19 18:15:00,176.96,133.0,189.28859388888887
Lambagarh,2026-07-19 18:30:00,154.29,130.46,194.7702322222223
Lambagarh,2026-07-19 18:45:00,147.24,126.4,191.26321222222234
Lambagarh,2026-07-19 19:00:00,154.05,136.32,166.2507749074074
Lambagarh,2026-07-19 19:15:00,133.0,125.96,196.9768852777777
Lambagarh,2026-07-19 19:30:00,130.46,134.52,137.85472735449733
Lambagarh,2026-07-19 19:45:00,126.4,144.78,120.27296349206355
Lambagarh,2026-07-19 20:00:00,136.32,138.71,105.27003854497356
Lambagarh,2026-07-19 20:15:00,125.96,140.23,119.98796222342469
Lambagarh,2026-07-19 20:30:00,134.52,136.9,104.28288708994715
Lambagarh,2026-07-19 20:45:00,144.78,131.79,111.83415847883603
Lambagarh,2026-07-19 21:00:00,138.71,137.68,120.37923075517074
Lambagarh,2026-07-19 21:15:00,140.23,123.11,120.08999617845116
Lambagarh,2026-07-19 21:30:00,136.9,123.97,123.5080398027898
Lambagarh,2026-07-19 21:45:00,131.79,126.09,118.95663676046172
Lambagarh,2026-07-19 22:00:00,137.68,119.12,86.62813796296298
Lambagarh,2026-07-19 22:15:00,123.11,84.6,110.13599181337176
Lambagarh,2026-07-19 22:30:00,123.97,91.45,79.05707685185193
Lambagarh,2026-07-19 22:45:00,126.09,99.44,82.85890642857144
Lambagarh,2026-07-19 23:00:00,119.12,77.48,81.53091074074078
Lambagarh,2026-07-19 23:15:00,84.6,69.47,80.24824767195767
Lambagarh,2026-07-19 23:30:00,91.45,68.82,70.77534460317462
Lambagarh,2026-07-19 23:45:00,99.44,64.77,77.84597621693125
Lambagarh,2026-07-20 00:00:00,77.48,65.52,87.8689381481482
Lambagarh,2026-07-20 00:15:00,69.47,53.7,72.47410246031745
Lambagarh,2026-07-20 00:30:00,68.82,56.08,72.5986986904762
Lambagarh,2026-07-20 00:45:00,64.77,58.46,71.87583789682542
Lambagarh,2026-07-20 01:00:00,65.52,60.96,79.63098231481486
Lambagarh,2026-07-20 01:15:00,53.7,62.98,86.79830798941798
Lambagarh,2026-07-20 01:30:00,56.08,64.76,83.9061459920635
Lambagarh,2026-07-20 01:45:00,58.46,62.6,71.86012763227512
Lambagarh,2026-07-20 02:00:00,60.96,64.61,72.10272370370367
Lambagarh,2026-07-20 02:15:00,62.98,69.95,61.21960617724869
Lambagarh,2026-07-20 02:30:00,64.76,73.74,60.01997527777779
Lambagarh,2026-07-20 02:45:00,62.6,72.3,60.65869047619047
Lambagarh,2026-07-20 03:00:00,64.61,71.39,54.13153804232807
Lambagarh,2026-07-20 03:15:00,69.95,72.05,60.85921587301584
Lambagarh,2026-07-20 03:30:00,73.74,71.11,67.77361443426943
Lambagarh,2026-07-20 03:45:00,72.3,75.32,66.60810149776152
Lambagarh,2026-07-20 04:00:00,71.39,75.38,67.3172507437933
Lambagarh,2026-07-20 04:15:00,72.05,77.38,85.07680857142863
Lambagarh,2026-07-20 04:30:00,71.11,75.13,82.61802214285717
Lambagarh,2026-07-20 04:45:00,75.32,75.04,85.2584384126984
Lambagarh,2026-07-20 05:00:00,75.38,72.81,71.72048886548639
Lambagarh,2026-07-20 05:15:00,77.38,74.01,70.33197413003668
Lambagarh,2026-07-20 05:30:00,75.13,74.82,71.77038079365086
Lambagarh,2026-07-20 05:45:00,75.04,76.0,68.53878369352874
Lambagarh,2026-07-20 06:00:00,72.81,74.03,67.0235140638991
Lambagarh,2026-07-20 06:15:00,74.01,79.43,66.90199021469274
Lambagarh,2026-07-20 06:30:00,74.82,80.74,66.65035545278799
Lambagarh,2026-07-20 06:45:00,76.0,81.85,67.79382223850227
Lambagarh,2026-07-20 07:00:00,74.03,80.58,68.8105204497355
Lambagarh,2026-07-20 07:15:00,79.43,77.34,69.12379846866101
Lambagarh,2026-07-20 07:30:00,80.74,82.17,67.51560640211643
Lambagarh,2026-07-20 07:45:00,81.85,84.23,67.31774739417995
Lambagarh,2026-07-20 08:00:00,80.58,80.44,68.47992072751327
Lambagarh,2026-07-20 08:15:00,77.34,79.39,66.85192783068787
Lambagarh,2026-07-20 08:30:00,82.17,81.22,67.99383517195773
Lambagarh,2026-07-20 08:45:00,84.23,79.34,67.16360175925932
Lambagarh,2026-07-20 09:00:00,80.44,77.59,66.64793080687836
Lambagarh,2026-07-20 09:15:00,79.39,78.74,66.54489850529106
Lambagarh,2026-07-20 09:30:00,81.22,70.53,65.9273757539683
Lambagarh,2026-07-20 09:45:00,79.34,73.65,66.214415462963
Lambagarh,2026-07-20 10:00:00,77.59,70.81,66.6262776587302
Lambagarh,2026-07-20 10:15:00,78.74,76.93,68.3387843386244
Lambagarh,2026-07-20 10:30:00,70.53,79.17,66.75871399470904
Lambagarh,2026-07-20 10:45:00,73.65,81.73,71.14785050569802
Lambagarh,2026-07-20 11:00:00,70.81,80.29,69.08166127289381
Lambagarh,2026-07-20 11:15:00,76.93,84.03,71.92071815120069
Lambagarh,2026-07-20 11:30:00,79.17,81.71,71.14050482804235
Lambagarh,2026-07-20 11:45:00,81.73,76.89,70.23185187830694
Lambagarh,2026-07-20 12:00:00,80.29,74.28,71.10445826719581
Lambagarh,2026-07-20 12:15:00,84.03,62.98,68.58508560846568
Lambagarh,2026-07-20 12:30:00,81.71,61.18,66.17123989417999
Lambagarh,2026-07-20 12:45:00,76.89,57.58,66.98048394179902
Lambagarh,2026-07-20 13:00:00,74.28,61.43,68.6893022751323
Lambagarh,2026-07-20 13:15:00,62.98,66.01,71.14069898453403
Lambagarh,2026-07-20 13:30:00,61.18,59.27,73.32530149470895
Lambagarh,2026-07-20 13:45:00,57.58,61.18,71.82714697089942
Lambagarh,2026-07-20 14:00:00,61.43,74.56,83.49609845238095
Lambagarh,2026-07-20 14:15:00,66.01,104.28,72.4623905820106
Lambagarh,2026-07-20 14:30:00,59.27,87.12,75.60213917989421
Lambagarh,2026-07-20 14:45:00,61.18,104.42,71.03582687830686
Lambagarh,2026-07-20 15:00:00,74.56,109.49,72.10119981277985
Lambagarh,2026-07-20 15:15:00,104.28,126.54,69.01178381257634
Lambagarh,2026-07-20 15:30:00,87.12,128.73,82.88836502645499
Lambagarh,2026-07-20 15:45:00,104.42,141.13,67.04532472222233
Lambagarh,2026-07-20 16:00:00,109.49,137.34,84.08966264550259
Lambagarh,2026-07-20 16:15:00,126.54,142.53,87.46804894179897
Lambagarh,2026-07-20 16:30:00,128.73,134.91,123.24672332010589
Lambagarh,2026-07-20 16:45:00,141.13,139.46,122.54589146825413
Lambagarh,2026-07-20 17:00:00,137.34,134.76,158.88362187950946
Lambagarh,2026-07-20 17:15:00,142.53,143.22,149.7017523821549
Lambagarh,2026-07-20 17:30:00,134.91,138.8,154.0826370646947
Lambagarh,2026-07-20 17:45:00,139.46,139.21,139.8737801599327
Lambagarh,2026-07-20 18:00:00,134.76,138.89,147.25555055675807
Lambagarh,2026-07-20 18:15:00,143.22,136.82,120.09116263227523
Lambagarh,2026-07-20 18:30:00,138.8,135.76,139.70997619167872
Lambagarh,2026-07-20 18:45:00,139.21,137.83,142.07891325517082
Lambagarh,2026-07-20 19:00:00,138.89,146.14,137.22068230278987
Lambagarh,2026-07-20 19:15:00,136.82,151.94,141.6279699218375
Lambagarh,2026-07-20 19:30:00,135.76,149.48,131.53870981601736
Lambagarh,2026-07-20 19:45:00,137.83,144.75,127.81994537157296
Lambagarh,2026-07-20 20:00:00,146.14,143.86,121.6501021969697
Lambagarh,2026-07-20 20:15:00,151.94,143.01,130.79654230278982
Lambagarh,2026-07-20 20:30:00,149.48,147.81,159.38151871813378
Lambagarh,2026-07-20 20:45:00,144.75,143.95,154.60084611231366
Lambagarh,2026-07-20 21:00:00,143.86,134.87,146.78646066137574
Lambagarh,2026-07-20 21:15:00,143.01,134.52,148.5034539947091
Lambagarh,2026-07-20 21:30:00,147.81,131.33,145.07528646945661
Lambagarh,2026-07-20 21:45:00,143.95,118.69,146.38875646945652
Lambagarh,2026-07-20 22:00:00,134.87,110.61,143.99058183982692
Lambagarh,2026-07-20 22:15:00,134.52,116.14,125.8123763239538
Lambagarh,2026-07-20 22:30:00,131.33,119.71,102.14097447089955
Lambagarh,2026-07-20 22:45:00,118.69,115.94,87.64761629629633
Lambagarh,2026-07-20 23:00:00,110.61,120.74,80.08364529100537
Lambagarh,2026-07-20 23:15:00,116.14,86.53,81.4658297354498
Lambagarh,2026-07-20 23:30:00,119.71,93.21,82.22807394179898
Lambagarh,2026-07-20 23:45:00,115.94,92.46,82.5090342592593
Lambagarh,2026-07-21 00:00:00,120.74,65.46,95.19975763227517
Lambagarh,2026-07-21 00:15:00,86.53,59.38,95.92573104497356
Lambagarh,2026-07-21 00:30:00,93.21,64.94,75.80013571428576
Lambagarh,2026-07-21 00:45:00,92.46,57.02,87.00194944444449
Lambagarh,2026-07-21 01:00:00,65.46,55.96,86.09986960317465
Lambagarh,2026-07-21 01:15:00,59.38,52.59,74.55341898148147
Lambagarh,2026-07-21 01:30:00,64.94,52.76,76.61062291005291
Lambagarh,2026-07-21 01:45:00,57.02,53.35,78.65293271164025
Lambagarh,2026-07-21 02:00:00,55.96,52.8,71.05042726190476
Lambagarh,2026-07-21 02:15:00,52.59,51.63,68.89163269841274
Lambagarh,2026-07-21 02:30:00,52.76,51.46,70.26000841269844
Lambagarh,2026-07-21 02:45:00,53.35,51.43,68.47309665343921
Lambagarh,2026-07-21 03:00:00,52.8,53.99,70.50817021514843
Lambagarh,2026-07-21 03:15:00,51.63,56.74,61.9224807946683
Lambagarh,2026-07-21 03:30:00,51.46,55.82,58.12423637106049
Lambagarh,2026-07-21 03:45:00,51.43,55.38,58.567846528795286
Lambagarh,2026-07-21 04:00:00,53.99,56.11,56.71579940767812
Lambagarh,2026-07-21 04:15:00,56.74,60.99,60.2237135307285
Lambagarh,2026-07-21 04:30:00,55.82,61.48,61.00033848984348
Lambagarh,2026-07-21 04:45:00,55.38,64.99,61.31068034049282
Lambagarh,2026-07-21 05:00:00,56.11,64.48,60.36456455058891
Lambagarh,2026-07-21 05:15:00,60.99,84.53,60.200092091289044
Lambagarh,2026-07-21 05:30:00,61.48,81.22,60.3175432011976
Lambagarh,2026-07-21 05:45:00,64.99,81.35,60.38617063265502
Lambagarh,2026-07-21 06:00:00,64.48,84.09,57.652673531746025
Lambagarh,2026-07-21 06:15:00,84.53,95.27,56.02138579485333
Lambagarh,2026-07-21 06:30:00,81.22,98.49,77.02078746031752
Lambagarh,2026-07-21 06:45:00,81.35,88.68,78.88767507936514
Lambagarh,2026-07-21 07:00:00,84.09,95.0,77.02730051587308
Lambagarh,2026-07-21 07:15:00,95.27,72.49,77.47240515873018
Lambagarh,2026-07-21 07:30:00,98.49,66.07,82.49071293650795
Lambagarh,2026-07-21 07:45:00,88.68,66.3,84.08671071428567
Lambagarh,2026-07-21 08:00:00,95.0,71.12,78.64154242063495
Lambagarh,2026-07-21 08:15:00,72.49,69.32,80.34029609788364
Lambagarh,2026-07-21 08:30:00,66.07,62.78,68.48403465913717
Lambagarh,2026-07-21 08:45:00,66.3,60.75,69.56561125661376
Lambagarh,2026-07-21 09:00:00,71.12,62.59,70.2753989021164
Lambagarh,2026-07-21 09:15:00,69.32,59.55,69.32097513532761
Lambagarh,2026-07-21 09:30:00,62.78,57.86,67.43050398453401
Lambagarh,2026-07-21 09:45:00,60.75,60.56,61.94209198412699
Lambagarh,2026-07-21 10:00:00,62.59,60.54,68.74494593915337
Lambagarh,2026-07-21 10:15:00,59.55,59.72,78.3214763624337
Lambagarh,2026-07-21 10:30:00,57.86,60.32,59.54011571428575
Lambagarh,2026-07-21 10:45:00,60.56,58.1,61.854400343915366
Lambagarh,2026-07-21 11:00:00,60.54,60.49,61.45695141534395
Lambagarh,2026-07-21 11:15:00,59.72,60.86,59.82654188596491
Lambagarh,2026-07-21 11:30:00,60.32,62.36,55.938670116530666
Lambagarh,2026-07-21 11:45:00,58.1,68.17,57.96879555169978
Lambagarh,2026-07-21 12:00:00,60.49,68.35,58.45809674147977
Lambagarh,2026-07-21 12:15:00,60.86,83.17,58.27658540009213
Lambagarh,2026-07-21 12:30:00,62.36,86.8,57.23993080498288
Lambagarh,2026-07-21 12:45:00,68.17,86.51,55.8796718457368
Lambagarh,2026-07-21 13:00:00,68.35,86.76,67.78900323822378
Lambagarh,2026-07-21 13:15:00,83.17,70.87,75.34047835727138
Lambagarh,2026-07-21 13:30:00,86.8,69.59,78.56599203703709
Lambagarh,2026-07-21 13:45:00,86.51,62.93,71.27097072751332
Lambagarh,2026-07-21 14:00:00,86.76,62.36,70.21208675925932
Lambagarh,2026-07-21 14:15:00,70.87,61.42,73.36340481481484
Lambagarh,2026-07-21 14:30:00,69.59,62.02,78.10134330993078
Lambagarh,2026-07-21 14:45:00,62.93,61.4,91.1708317063492
Lambagarh,2026-07-21 15:00:00,62.36,61.4,91.91223293650789
Lambagarh,2026-07-21 15:15:00,61.42,66.71,87.84912384920626
Lambagarh,2026-07-21 15:30:00,62.02,64.77,88.87289559523805
Lambagarh,2026-07-21 15:45:00,61.4,82.31,70.93874699735449
Lambagarh,2026-07-21 16:00:00,61.4,75.31,69.38512007936502
Lambagarh,2026-07-21 16:15:00,66.71,75.74,74.38092570105817
Lambagarh,2026-07-21 16:30:00,64.77,73.25,80.20076333638585
Lambagarh,2026-07-21 16:45:00,82.31,73.95,76.31631099104598
Lambagarh,2026-07-21 17:00:00,75.31,74.49,77.62281968253971
Lambagarh,2026-07-21 17:15:00,75.74,73.4,78.90675750000001
Lambagarh,2026-07-21 17:30:00,73.25,73.43,77.44055400793656
Lambagarh,2026-07-21 17:45:00,73.95,74.15,82.19117402116404
Lambagarh,2026-07-21 18:00:00,74.49,76.54,80.77833686507938
Lambagarh,2026-07-21 18:15:00,73.4,77.56,81.02714277777774
Lambagarh,2026-07-21 18:30:00,73.43,74.46,80.85156408730158
Lambagarh,2026-07-21 18:45:00,74.15,67.08,82.69358589947086
Lambagarh,2026-07-21 19:00:00,76.54,68.82,82.66616805555552
Lambagarh,2026-07-21 19:15:00,77.56,53.99,80.9439058862434
Lambagarh,2026-07-21 19:30:00,74.46,48.87,81.55039870370372
Lambagarh,2026-07-21 19:45:00,67.08,55.84,82.23086033068779
Lambagarh,2026-07-21 20:00:00,68.82,54.46,85.93031886243382
Lambagarh,2026-07-21 20:15:00,53.99,53.87,86.79192501322747
Lambagarh,2026-07-21 20:30:00,48.87,55.13,77.94417596560838
Lambagarh,2026-07-21 20:45:00,55.84,53.21,57.50478431216931
Lambagarh,2026-07-21 21:00:00,54.46,53.19,81.44743674603171
Lambagarh,2026-07-21 21:15:00,53.87,51.72,61.89145979495143
Lambagarh,2026-07-21 21:30:00,55.13,53.77,61.652886302887914
Lambagarh,2026-07-21 21:45:00,53.21,58.31,61.84668319493105
Lambagarh,2026-07-21 22:00:00,53.19,55.78,65.7144652586544
Lambagarh,2026-07-21 22:15:00,51.72,55.49,73.8943658730159
Lambagarh,2026-07-21 22:30:00,53.77,60.69,68.93526865079363
Lambagarh,2026-07-21 22:45:00,58.31,59.49,59.05965093314094
Lambagarh,2026-07-21 23:00:00,55.78,58.84,62.05421187169313
Lambagarh,2026-07-21 23:15:00,55.49,65.4,57.16560805555555
Lambagarh,2026-07-21 23:30:00,60.69,72.49,56.41724382876384
Lambagarh,2026-07-21 23:45:00,59.49,72.63,58.60808220899474
Lambagarh,2026-07-22 00:00:00,58.84,73.84,59.73534054230158
Lambagarh,2026-07-22 00:15:00,65.4,75.52,60.00600107036548
Lambagarh,2026-07-22 00:30:00,72.49,70.56,56.076732817460325
Lambagarh,2026-07-22 00:45:00,72.63,72.15,79.97651269841276
Lambagarh,2026-07-22 01:00:00,73.84,73.98,82.58493079365078
Lambagarh,2026-07-22 01:15:00,75.52,73.87,83.38599861111113
Lambagarh,2026-07-22 01:30:00,70.56,76.96,84.91821026455031
Lambagarh,2026-07-22 01:45:00,72.15,89.06,88.77270144179896
Lambagarh,2026-07-22 02:00:00,73.98,92.24,84.34176009259262
Lambagarh,2026-07-22 02:15:00,73.87,97.68,80.83242880952388
Lambagarh,2026-07-22 02:30:00,76.96,94.87,76.90840801892556
Lambagarh,2026-07-22 02:45:00,89.06,86.16,81.44511325396833
Lambagarh,2026-07-22 03:00:00,92.24,89.9,83.62253432539686
Lambagarh,2026-07-22 03:15:00,97.68,90.79,74.06435238095236
Lambagarh,2026-07-22 03:30:00,94.87,90.17,76.42820317460315
Lambagarh,2026-07-22 03:45:00,86.16,82.94,78.56264313492063
Lambagarh,2026-07-22 04:00:00,89.9,81.89,70.67769150793656
Lambagarh,2026-07-22 04:15:00,90.79,57.72,75.25162845238096
Lambagarh,2026-07-22 04:30:00,90.17,60.68,79.27848757936508
Lambagarh,2026-07-22 04:45:00,82.94,59.7,75.0955745502645
Lambagarh,2026-07-22 05:00:00,81.89,59.63,68.76620970899477
Lambagarh,2026-07-22 05:15:00,57.72,61.15,66.69815791005296
Lambagarh,2026-07-22 05:30:00,60.68,62.27,65.55735406685908
Lambagarh,2026-07-22 05:45:00,59.7,62.17,68.13872282347285
Lambagarh,2026-07-22 06:00:00,59.63,58.09,69.06000706950454
Lambagarh,2026-07-22 06:15:00,61.15,56.65,60.942036746031796
Lambagarh,2026-07-22 06:30:00,62.27,56.6,61.571236203703776
Lambagarh,2026-07-22 06:45:00,62.17,57.19,61.06029216931222
Lambagarh,2026-07-22 07:00:00,58.09,55.05,60.411836031746034
Lambagarh,2026-07-22 07:15:00,56.65,57.46,61.00946242147258
Lambagarh,2026-07-22 07:30:00,56.6,56.69,59.401046215922456
Lambagarh,2026-07-22 07:45:00,57.19,56.37,57.64474799654924
Lambagarh,2026-07-22 08:00:00,55.05,57.02,57.32284289831389
Lambagarh,2026-07-22 08:15:00,57.46,59.17,54.81988737478174
Lambagarh,2026-07-22 08:30:00,56.69,57.47,55.69744164041391
Lambagarh,2026-07-22 08:45:00,56.37,55.74,55.66661481335814
Lambagarh,2026-07-22 09:00:00,57.02,53.68,55.72096240369004
Lambagarh,2026-07-22 09:15:00,59.17,55.31,56.02225787593964
Lambagarh,2026-07-22 09:30:00,57.47,55.37,55.97369713030181
Lambagarh,2026-07-22 09:45:00,55.74,56.03,56.17769853118309
Lambagarh,2026-07-22 10:00:00,53.68,54.68,57.728108928926616
Lambagarh,2026-07-22 10:15:00,55.31,54.88,55.75770871673122
Lambagarh,2026-07-22 10:30:00,55.37,57.29,55.47300736959731
Lambagarh,2026-07-22 10:45:00,56.03,55.18,55.356078496863276
Lambagarh,2026-07-22 11:00:00,54.68,57.39,56.93401059335108
Lambagarh,2026-07-22 11:15:00,54.88,57.44,56.47395789585752
Lambagarh,2026-07-22 11:30:00,57.29,57.88,56.08216138332016
Lambagarh,2026-07-22 11:45:00,55.18,57.88,56.28178736230893
Lambagarh,2026-07-22 12:00:00,57.39,57.58,59.22695624571496
Lambagarh,2026-07-22 12:15:00,57.44,55.65,58.113124053519314
Lambagarh,2026-07-22 12:30:00,57.88,91.22,59.06962037009717
Lambagarh,2026-07-22 12:45:00,57.88,106.51,57.932192319753426
Lambagarh,2026-07-22 13:00:00,57.58,95.51,59.42151253771295
Lambagarh,2026-07-22 13:15:00,55.65,84.21,59.85797067452986
Lambagarh,2026-07-22 13:30:00,91.22,69.66,58.240381706590576
Lambagarh,2026-07-22 13:45:00,106.51,55.15,84.2987524675325
Lambagarh,2026-07-22 14:00:00,95.51,54.61,91.22267438552197
Lambagarh,2026-07-22 14:15:00,84.21,44.73,84.57342904160663
Lambagarh,2026-07-22 14:30:00,69.66,69.82,83.46257346560849
Lambagarh,2026-07-22 14:45:00,55.15,69.38,84.20708037037046
Lambagarh,2026-07-22 15:00:00,54.61,62.02,107.62680269841265
Lambagarh,2026-07-22 15:15:00,44.73,79.16,108.83546480158726
Lambagarh,2026-07-22 15:30:00,69.82,79.06,54.9955500925926
Lambagarh,2026-07-22 15:45:00,69.38,109.08,79.95066237891747
Lambagarh,2026-07-22 16:00:00,62.02,184.53,88.67728252442011
Lambagarh,2026-07-22 16:15:00,79.16,223.04,74.75549962759465
Lambagarh,2026-07-22 16:30:00,79.06,219.52,77.8934534920635
Lambagarh,2026-07-22 16:45:00,109.08,223.66,78.96172146825397
Lambagarh,2026-07-22 17:00:00,184.53,212.09,91.48933690476194
Lambagarh,2026-07-22 17:15:00,223.04,210.51,173.54959783189045
Lambagarh,2026-07-22 17:30:00,219.52,216.09,183.1836701190477
Lambagarh,2026-07-22 17:45:00,223.66,193.32,187.25432440476197
Lambagarh,2026-07-22 18:00:00,212.09,187.34,197.4563978174603
Lambagarh,2026-07-22 18:15:00,210.51,193.42,196.76353242063482
Lambagarh,2026-07-22 18:30:00,216.09,195.55,197.49093130952377
Lambagarh,2026-07-22 18:45:00,193.32,203.18,196.67018785714282
Lambagarh,2026-07-22 19:15:00,187.34,198.74,206.0298939285713
Lambagarh,2026-07-22 19:30:00,193.42,205.3,205.09860742063478
Lambagarh,2026-07-22 19:45:00,195.55,208.05,205.28706519841253
Lambagarh,2026-07-22 20:00:00,203.18,206.07,204.60959642857108
Lambagarh,2026-07-22 20:15:00,198.74,192.15,208.0821705555553
Lambagarh,2026-07-22 20:30:00,205.3,186.32,205.50497833333293
Lambagarh,2026-07-22 20:45:00,208.05,147.15,205.50497833333293
Lambagarh,2026-07-22 21:00:00,206.07,147.86,199.69877126984088
Lambagarh,2026-07-22 21:15:00,192.15,146.95,199.69877126984088
Lambagarh,2026-07-22 21:30:00,186.32,137.74,202.21663626984105
Lambagarh,2026-07-22 21:45:00,147.15,87.44,202.6098546031744
Lambagarh,2026-07-22 22:00:00,147.86,85.11,159.11667404761897
Lambagarh,2026-07-22 22:15:00,146.95,81.4,157.7599239682539
Lambagarh,2026-07-22 22:30:00,137.74,77.47,155.57927119047613
Lambagarh,2026-07-22 22:45:00,87.44,45.2,139.5680493530543
Lambagarh,2026-07-22 23:00:00,85.11,45.66,72.43118293650797
Lambagarh,2026-07-22 23:15:00,81.4,45.44,75.44600793650794
Lambagarh,2026-07-22 23:30:00,77.47,42.48,71.57272015873018
Lambagarh,2026-07-22 23:45:00,45.2,45.6,69.69101216931217
Lambagarh,2026-07-23 00:00:00,45.66,44.36,58.97439272486775
Lambagarh,2026-07-23 00:15:00,45.44,49.87,50.28168560846563
Lambagarh,2026-07-23 00:30:00,42.48,53.28,49.721758227513234
Lambagarh,2026-07-23 00:45:00,45.6,57.96,37.954652380952375
Lambagarh,2026-07-23 01:00:00,44.36,62.81,42.16339261904761
Lambagarh,2026-07-23 01:15:00,49.87,60.07,37.823837857142856
Lambagarh,2026-07-23 01:30:00,53.28,58.71,50.59691998677251
Lambagarh,2026-07-23 01:45:00,57.96,59.73,64.95372806878305
Lambagarh,2026-07-23 02:00:00,62.81,64.31,65.39233362433859
Lambagarh,2026-07-23 02:15:00,60.07,73.62,62.49051421837418
Lambagarh,2026-07-23 02:30:00,58.71,75.4,62.894299312308696
Lambagarh,2026-07-23 02:45:00,59.73,91.48,55.80767358363857
Lambagarh,2026-07-23 03:00:00,64.31,83.77,57.20389660052913
Lambagarh,2026-07-23 03:15:00,73.62,86.57,55.496139272486765
Lambagarh,2026-07-23 03:30:00,75.4,81.47,75.2642487169313
Lambagarh,2026-07-23 03:45:00,91.48,85.52,78.45685332010586
Lambagarh,2026-07-23 04:00:00,83.77,77.54,83.9429851190477
Lambagarh,2026-07-23 04:15:00,86.57,77.35,83.87871226190481
Lambagarh,2026-07-23 04:30:00,81.47,78.37,82.77604169312175
Lambagarh,2026-07-23 04:45:00,85.52,80.07,84.63901052910052
Lambagarh,2026-07-23 05:00:00,77.54,79.96,65.18697443121697
Lambagarh,2026-07-23 05:15:00,77.35,69.76,78.1887796428572
Lambagarh,2026-07-23 05:30:00,78.37,73.17,83.51328539682541
Lambagarh,2026-07-23 05:45:00,80.07,72.59,74.75076941798947
Lambagarh,2026-07-23 06:00:00,79.96,70.58,66.54965093915348
Lambagarh,2026-07-23 06:15:00,69.76,60.48,65.8315896693122
Lambagarh,2026-07-23 06:30:00,73.17,59.69,71.05381333638582
Lambagarh,2026-07-23 06:45:00,72.59,60.08,67.86799471204722
Lambagarh,2026-07-23 07:00:00,70.58,60.12,69.1803067226293
Lambagarh,2026-07-23 07:15:00,60.48,54.53,73.56086956654457
Lambagarh,2026-07-23 07:30:00,59.69,55.0,70.68780185185177
Lambagarh,2026-07-23 07:45:00,60.08,54.81,73.82975333333322
Lambagarh,2026-07-23 08:00:00,60.12,54.46,73.88996620370365
Lambagarh,2026-07-23 08:15:00,54.53,54.61,60.67095358465609
Lambagarh,2026-07-23 08:30:00,55.0,53.87,58.879732904301804
Lambagarh,2026-07-23 08:45:00,54.81,55.32,59.13651307424659
Lambagarh,2026-07-23 09:00:00,54.46,54.84,59.14341641585268
Lambagarh,2026-07-23 09:15:00,54.61,51.35,57.29815613086234
Lambagarh,2026-07-23 09:30:00,53.87,51.2,57.6893724612717
Lambagarh,2026-07-23 09:45:00,55.32,51.18,57.61899482133853
Lambagarh,2026-07-23 10:00:00,54.84,50.7,57.377138265418616
Lambagarh,2026-07-23 10:15:00,51.35,53.8,58.39875752695767
Lambagarh,2026-07-23 10:30:00,51.2,56.69,57.259894559405076
Lambagarh,2026-07-23 10:45:00,51.18,53.62,56.66778883429686
Lambagarh,2026-07-23 11:00:00,50.7,54.96,58.08994564052812
Lambagarh,2026-07-23 11:15:00,53.8,62.78,57.52433074555072
Lambagarh,2026-07-23 11:30:00,56.69,61.16,59.138767474932486
Lambagarh,2026-07-23 11:45:00,53.62,75.72,58.97107822179867
Lambagarh,2026-07-23 12:00:00,54.96,74.21,59.45507292710453
Lambagarh,2026-07-23 12:15:00,62.78,83.2,61.5826534972904
Lambagarh,2026-07-23 12:30:00,61.16,53.76,58.79167484006733
Lambagarh,2026-07-23 12:45:00,75.72,65.67,60.713010897205265
Lambagarh,2026-07-23 13:00:00,74.21,67.16,75.69872972222232
Lambagarh,2026-07-23 13:15:00,83.2,47.05,77.31469928571435
Lambagarh,2026-07-23 13:30:00,53.76,49.82,80.66028265873024
Lambagarh,2026-07-23 13:45:00,65.67,42.22,99.29758298941802
Lambagarh,2026-07-23 14:00:00,67.16,42.15,96.4282656878307
Lambagarh,2026-07-23 14:15:00,47.05,95.29,95.2687633333334
Lambagarh,2026-07-23 14:30:00,49.82,57.34,50.46418992063493
Lambagarh,2026-07-23 14:45:00,42.22,62.01,56.390243492063476
Lambagarh,2026-07-23 15:00:00,42.15,85.54,53.183632552910034
Lambagarh,2026-07-23 15:15:00,95.29,118.76,47.003145515872966
Lambagarh,2026-07-23 15:30:00,57.34,121.18,78.22859730158729
Lambagarh,2026-07-23 15:45:00,62.01,163.42,72.95130743894995
Lambagarh,2026-07-23 16:00:00,85.54,196.72,73.47798812576312
Lambagarh,2026-07-23 16:15:00,118.76,205.82,72.9638147222223
Lambagarh,2026-07-23 16:30:00,121.18,213.06,112.94162404761914
Lambagarh,2026-07-23 16:45:00,163.42,208.05,110.72369304232811
Lambagarh,2026-07-23 17:00:00,196.72,192.25,170.737987435065
Lambagarh,2026-07-23 17:15:00,205.82,188.92,183.64658678571436
Lambagarh,2026-07-23 17:45:00,213.06,191.07,185.50152686507948
Lambagarh,2026-07-23 18:15:00,208.05,194.73,190.50004980158738
Lambagarh,2026-07-23 18:45:00,192.25,195.21,198.5424363095238
Lambagarh,2026-07-23 19:00:00,188.92,189.0,199.48604563492063
Lambagarh,2026-07-23 19:15:00,191.07,201.71,199.7459434126984
Lambagarh,2026-07-23 19:30:00,194.73,197.46,205.58050376984121
Lambagarh,2026-07-23 19:45:00,195.21,191.99,203.39746503968223
Lambagarh,2026-07-23 20:00:00,189.0,201.33,204.7680440476187
Lambagarh,2026-07-23 20:15:00,201.71,203.89,204.8016107142854
Lambagarh,2026-07-23 20:30:00,197.46,200.45,205.8604805555552
Lambagarh,2026-07-23 20:45:00,191.99,188.28,205.8604805555552
Lambagarh,2026-07-23 21:00:00,201.33,184.92,199.9651418253965
Lambagarh,2026-07-23 21:15:00,203.89,179.85,200.04470126984089
Lambagarh,2026-07-23 21:30:00,200.45,187.99,200.0447068253965
Lambagarh,2026-07-23 21:45:00,188.28,187.06,200.0447068253965
Lambagarh,2026-07-23 22:00:00,184.92,183.32,199.5903894179892
Lambagarh,2026-07-23 22:15:00,179.85,191.51,200.07872330687812
Lambagarh,2026-07-23 22:30:00,187.99,191.13,199.12139092592577
Lambagarh,2026-07-23 22:45:00,187.06,181.2,197.14622164021128
Lambagarh,2026-07-23 23:00:00,183.32,182.93,197.01021822751284
Lambagarh,2026-07-23 23:15:00,191.51,184.09,196.9262692989415
Lambagarh,2026-07-23 23:30:00,191.13,175.48,197.13068830687791
Lambagarh,2026-07-23 23:45:00,181.2,158.3,197.0886910846557
Lambagarh,2026-07-24 00:00:00,182.93,152.47,204.96563087301558
Lambagarh,2026-07-24 00:15:00,184.09,163.87,205.2930355555553
Lambagarh,2026-07-24 00:30:00,175.48,152.05,205.27620833333302
Lambagarh,2026-07-24 00:45:00,158.3,153.61,203.67772337301557
Lambagarh,2026-07-24 01:00:00,152.47,144.9,201.1814556746031
Lambagarh,2026-07-24 01:15:00,163.87,110.54,182.3604864153439
Lambagarh,2026-07-24 01:30:00,152.05,123.12,197.46058732804232
Lambagarh,2026-07-24 01:45:00,153.61,126.67,173.741401494709
Lambagarh,2026-07-24 02:00:00,144.9,118.77,188.62117960317462
Lambagarh,2026-07-24 02:15:00,110.54,155.63,166.30065474867718
Lambagarh,2026-07-24 02:30:00,123.12,156.76,93.37721667989418
Lambagarh,2026-07-24 02:45:00,126.67,176.12,103.36016402116402
Lambagarh,2026-07-24 03:00:00,118.77,167.37,106.53433814814814
Lambagarh,2026-07-24 03:15:00,155.63,179.05,99.45796044973548
Lambagarh,2026-07-24 03:30:00,156.76,188.1,165.70025604617615
Lambagarh,2026-07-24 03:45:00,176.12,152.67,168.84033517316033
Lambagarh,2026-07-24 04:00:00,167.37,156.8,188.11890337301594
Lambagarh,2026-07-24 04:15:00,179.05,157.83,187.72183797619064
Lambagarh,2026-07-24 04:30:00,188.1,151.41,189.67126289682562
Lambagarh,2026-07-24 04:45:00,152.67,99.15,199.01243960317464
Lambagarh,2026-07-24 05:00:00,156.8,106.59,171.8510848280425
Lambagarh,2026-07-24 05:15:00,157.83,54.17,198.7387144047619
Lambagarh,2026-07-24 05:30:00,151.41,60.28,198.7208593650793
Lambagarh,2026-07-24 05:45:00,99.15,57.11,172.80818371693127
Lambagarh,2026-07-24 06:00:00,106.59,55.79,85.44309175925929
Lambagarh,2026-07-24 06:15:00,54.17,44.82,90.54071818783068
Lambagarh,2026-07-24 06:30:00,60.28,47.04,79.15727608465605
Lambagarh,2026-07-24 06:45:00,57.11,45.21,73.59429793650789
Lambagarh,2026-07-24 07:00:00,55.79,45.3,75.54722693121694
Lambagarh,2026-07-24 07:15:00,44.82,48.6,71.72572960317461
Lambagarh,2026-07-24 07:30:00,47.04,46.69,46.354659510582074
Lambagarh,2026-07-24 07:45:00,45.21,50.06,48.496415383597935
Lambagarh,2026-07-24 08:00:00,45.3,50.94,47.272492394179935
Lambagarh,2026-07-24 08:15:00,48.6,69.96,40.94872297619051
Lambagarh,2026-07-24 08:30:00,46.69,69.93,48.42172997354497
Lambagarh,2026-07-24 08:45:00,50.06,66.66,43.86478555555557
Lambagarh,2026-07-24 09:00:00,50.94,64.32,50.27089693121694
Lambagarh,2026-07-24 09:15:00,69.96,76.98,58.337621812169274
Lambagarh,2026-07-24 09:30:00,69.93,77.0,69.98701500185005
Lambagarh,2026-07-24 09:45:00,66.66,71.15,73.10572806878311
Lambagarh,2026-07-24 10:00:00,64.32,70.97,73.85803211640217
Lambagarh,2026-07-24 10:15:00,76.98,54.96,85.04701637566137
Lambagarh,2026-07-24 10:30:00,77.0,55.91,83.80480519841274
Lambagarh,2026-07-24 10:45:00,71.15,57.11,81.49162404761908
Lambagarh,2026-07-24 11:00:00,70.97,63.23,80.96672769841274
Lambagarh,2026-07-24 11:15:00,54.96,45.91,87.23727642857148
Lambagarh,2026-07-24 11:30:00,55.91,45.3,96.61696432539681
Lambagarh,2026-07-24 11:45:00,57.11,47.83,87.40309592592595
Lambagarh,2026-07-24 12:00:00,63.23,48.15,86.62919920634923
Lambagarh,2026-07-24 12:15:00,45.91,53.53,59.67245393622948
Lambagarh,2026-07-24 12:30:00,45.3,50.75,47.919437248677305
Lambagarh,2026-07-24 12:45:00,47.83,48.79,47.178048002645546
Lambagarh,2026-07-24 13:00:00,48.15,51.15,48.9777498677249
Lambagarh,2026-07-24 13:15:00,53.53,78.27,46.76384087301585
Lambagarh,2026-07-24 13:30:00,50.75,85.53,62.006775992063524
Lambagarh,2026-07-24 13:45:00,48.79,151.72,59.61552334656084
Lambagarh,2026-07-24 14:00:00,51.15,147.3,52.78468695767197
Lambagarh,2026-07-24 14:15:00,78.27,179.0,80.41179034016633
Lambagarh,2026-07-24 14:30:00,85.53,201.01,76.67154804112559
Lambagarh,2026-07-24 14:45:00,151.72,129.53,82.69741908730168
Lambagarh,2026-07-24 15:00:00,147.3,193.12,164.68648882395385
Lambagarh,2026-07-24 15:15:00,179.0,180.98,159.54337652236654
Lambagarh,2026-07-24 15:30:00,201.01,209.04,178.38220230278992
Lambagarh,2026-07-24 16:00:00,129.53,342.41,186.817270436508
Lambagarh,2026-07-24 16:15:00,193.12,266.5,127.06385734126995
Lambagarh,2026-07-24 16:30:00,180.98,438.31,195.8891313492064
Lambagarh,2026-07-24 17:00:00,209.04,355.9,195.6265062301587
Lambagarh,2026-07-24 17:30:00,342.41,325.98,193.19272964285722
Lambagarh,2026-07-24 17:45:00,266.5,262.14,204.40419337301577
Lambagarh,2026-07-24 18:00:00,438.31,200.95,205.12915658730142
Lambagarh,2026-07-24 18:30:00,355.9,148.37,205.03323908730144
Lambagarh,2026-07-24 18:45:00,325.98,166.15,200.7776913888888
Lambagarh,2026-07-24 19:00:00,262.14,109.97,207.14721849206325
Lambagarh,2026-07-24 19:15:00,200.95,102.08,207.14721849206325
Lambagarh,2026-07-24 19:30:00,148.37,116.11,207.14721849206325
Lambagarh,2026-07-24 19:45:00,166.15,130.3,175.85457740740733
Lambagarh,2026-07-24 20:30:00,109.97,127.25,205.71046055555533
Lambagarh,2026-07-24 20:45:00,102.08,161.87,104.75340616402119
Lambagarh,2026-07-24 21:00:00,116.11,150.88,95.24785033068785
Lambagarh,2026-07-24 21:15:00,130.3,161.32,96.89358437830691
Lambagarh,2026-07-24 21:30:00,127.25,137.4,96.65052824074078
Lambagarh,2026-07-24 21:45:00,161.87,176.71,98.03710129629634
Lambagarh,2026-07-24 22:00:00,150.88,167.88,151.83927459114966
Lambagarh,2026-07-24 22:15:00,161.32,173.04,150.77741090067346
Lambagarh,2026-07-24 22:30:00,137.4,158.03,175.7247480291006
Lambagarh,2026-07-24 22:45:00,176.71,172.31,150.6429216666667
Lambagarh,2026-07-24 23:00:00,167.88,159.11,178.87349652116404
Lambagarh,2026-07-24 23:15:00,173.04,155.0,180.95332763227523
Lambagarh,2026-07-24 23:30:00,158.03,155.2,177.75626445767202
Lambagarh,2026-07-24 23:45:00,172.31,102.54,188.409768941799
Lambagarh,2026-07-25 00:00:00,159.11,163.32,197.04474097883605
Lambagarh,2026-07-25 00:15:00,155.0,167.53,193.92970113756616
Lambagarh,2026-07-25 00:30:00,155.2,148.15,189.67375972222237
Lambagarh,2026-07-25 00:45:00,102.54,150.92,193.25769843915342
Lambagarh,2026-07-25 01:00:00,163.32,145.07,89.21413386243387
Lambagarh,2026-07-25 01:15:00,167.53,140.38,189.02552549062057
Lambagarh,2026-07-25 01:30:00,148.15,151.18,190.14691357142866
Lambagarh,2026-07-25 01:45:00,150.92,136.83,164.9351481890333
Lambagarh,2026-07-25 02:00:00,145.07,137.81,176.76656911375667
Lambagarh,2026-07-25 02:15:00,140.38,139.16,167.31183347883604
Lambagarh,2026-07-25 02:30:00,151.18,133.09,160.45970381072638
Lambagarh,2026-07-25 02:45:00,136.83,76.91,170.01975974867742
Lambagarh,2026-07-25 03:00:00,137.81,121.47,151.55787051707557
Lambagarh,2026-07-25 03:15:00,139.16,153.84,152.22071218374225
Lambagarh,2026-07-25 03:30:00,133.09,153.46,158.4641953848005
Lambagarh,2026-07-25 03:45:00,76.91,138.07,111.07802596560855
Lambagarh,2026-07-25 04:00:00,121.47,128.39,74.20563107142858
Lambagarh,2026-07-25 04:15:00,153.84,52.82,103.32815429894183
Lambagarh,2026-07-25 04:30:00,153.46,60.13,166.2332460461762
Lambagarh,2026-07-25 04:45:00,138.07,48.7,166.01762719696978
Lambagarh,2026-07-25 05:00:00,128.39,48.36,158.07448054353063
Lambagarh,2026-07-25 05:15:00,52.82,53.33,115.0210076984127
Lambagarh,2026-07-25 05:30:00,60.13,52.64,79.3172666402116
Lambagarh,2026-07-25 05:45:00,48.7,52.31,84.50469971500716
Lambagarh,2026-07-25 06:00:00,48.36,50.99,63.310774656084675
Lambagarh,2026-07-25 06:15:00,53.33,62.16,49.871952235449804
Lambagarh,2026-07-25 06:30:00,52.64,57.39,70.08736353174609
Lambagarh,2026-07-25 06:45:00,52.31,59.64,59.54782365079365
Lambagarh,2026-07-25 07:00:00,50.99,67.23,70.67673109788363
Lambagarh,2026-07-25 07:15:00,62.16,65.08,69.51005420634924
Lambagarh,2026-07-25 07:30:00,57.39,62.9,71.1510731302521
Lambagarh,2026-07-25 07:45:00,59.64,58.88,74.43637953703704
Lambagarh,2026-07-25 08:00:00,67.23,72.54,74.63738212962963
Lambagarh,2026-07-25 08:15:00,65.08,65.67,70.49872107142868
Lambagarh,2026-07-25 08:30:00,62.9,67.44,59.0135681349206
Lambagarh,2026-07-25 08:45:00,58.88,70.94,60.79232240740743
Lambagarh,2026-07-25 09:00:00,72.54,69.95,91.23482031746039
Lambagarh,2026-07-25 09:15:00,65.67,70.86,78.23500414786979
Lambagarh,2026-07-25 09:30:00,67.44,71.47,65.15755452380954
Lambagarh,2026-07-25 09:45:00,70.94,73.82,79.13256785714293
Lambagarh,2026-07-25 10:00:00,69.95,72.64,86.8930152380953
Lambagarh,2026-07-25 10:15:00,70.86,63.05,66.37467806626613
Lambagarh,2026-07-25 10:30:00,71.47,64.67,82.75680079365078
Lambagarh,2026-07-25 10:45:00,73.82,63.29,80.44197366707368
Lambagarh,2026-07-25 11:00:00,72.64,61.73,70.90245996336999
Lambagarh,2026-07-25 11:15:00,63.05,48.88,69.0941993813594
Lambagarh,2026-07-25 11:30:00,64.67,51.16,75.77962149470892
Lambagarh,2026-07-25 11:45:00,63.29,48.46,95.2235631349206
Lambagarh,2026-07-25 12:00:00,61.73,51.29,74.98387858465598
Lambagarh,2026-07-25 12:15:00,48.88,83.91,59.03227336744641
Lambagarh,2026-07-25 12:30:00,51.16,95.52,48.98564447089952
Lambagarh,2026-07-25 12:45:00,48.46,135.0,56.78586529100529
Lambagarh,2026-07-25 13:00:00,51.29,130.34,49.40931026455033
Lambagarh,2026-07-25 13:15:00,83.91,126.68,58.767244069473186
Lambagarh,2026-07-25 13:30:00,95.52,154.27,70.92613769841276
Lambagarh,2026-07-25 13:45:00,135.0,148.88,78.62991369047616
Lambagarh,2026-07-25 14:00:00,130.34,154.4,158.02594009379516
Lambagarh,2026-07-25 14:15:00,126.68,160.62,120.49542002645511
Lambagarh,2026-07-25 14:30:00,154.27,160.46,116.49420720899475
Lambagarh,2026-07-25 14:45:00,148.88,151.98,169.00743164141429
Lambagarh,2026-07-25 15:00:00,154.4,150.07,156.47647666786924
Lambagarh,2026-07-25 15:15:00,160.62,141.37,179.45035267316024
Lambagarh,2026-07-25 15:30:00,160.46,139.71,183.04861067460322
Lambagarh,2026-07-25 15:45:00,151.98,135.14,181.56019015873028
Lambagarh,2026-07-25 16:00:00,150.07,140.63,169.0989916931218
Lambagarh,2026-07-25 16:30:00,141.37,145.46,162.22625589947097
Lambagarh,2026-07-25 16:45:00,139.71,147.2,166.19634066137564
Lambagarh,2026-07-25 17:00:00,135.14,149.61,162.72299492183748
Lambagarh,2026-07-25 17:15:00,140.63,147.87,146.02886885040894
Lambagarh,2026-07-25 17:30:00,145.46,140.31,141.95936992183746
Lambagarh,2026-07-25 17:45:00,147.2,143.2,143.87338436628195
Lambagarh,2026-07-25 18:00:00,149.61,149.69,154.81566355940367
Lambagarh,2026-07-25 18:15:00,147.87,165.63,160.93592055675813
Lambagarh,2026-07-25 18:30:00,140.31,164.58,159.37701347883606
Lambagarh,2026-07-25 18:45:00,143.2,164.51,159.9999549218375
Lambagarh,2026-07-25 19:00:00,149.69,169.09,157.08277381072648
Lambagarh,2026-07-25 19:15:00,165.63,161.13,160.00857889009148
Lambagarh,2026-07-25 19:30:00,164.58,153.76,190.63965000000007
Lambagarh,2026-07-25 19:45:00,164.51,159.87,191.8867055555556
Lambagarh,2026-07-25 20:00:00,169.09,163.51,191.6011294444445
Lambagarh,2026-07-25 20:15:00,161.13,158.11,193.33031166666657
Lambagarh,2026-07-25 20:30:00,153.76,146.87,191.40218527777776
Lambagarh,2026-07-25 20:45:00,159.87,134.87,189.86251527777785
Lambagarh,2026-07-25 21:00:00,163.51,134.0,186.9629596296296
Lambagarh,2026-07-25 21:15:00,158.11,139.25,186.86878904761898
Lambagarh,2026-07-25 21:30:00,146.87,136.68,183.15022412698406
Lambagarh,2026-07-25 21:45:00,134.87,126.2,153.32761899470898
Lambagarh,2026-07-25 22:00:00,134.0,128.73,138.35830354497352
Lambagarh,2026-07-25 22:15:00,139.25,128.26,120.69402481481481
Lambagarh,2026-07-25 22:30:00,136.68,128.1,117.80303176046172
Lambagarh,2026-07-25 22:45:00,126.2,128.83,106.08789850649346
Lambagarh,2026-07-25 23:00:00,128.73,137.29,81.62503719576722
Lambagarh,2026-07-25 23:15:00,128.26,119.22,82.2512017724868
Lambagarh,2026-07-25 23:30:00,128.1,106.18,83.49635383597884
Lambagarh,2026-07-25 23:45:00,128.83,106.96,83.66305738095237
Lambagarh,2026-07-26 00:00:00,137.29,83.88,103.8155042989418
Lambagarh,2026-07-26 00:15:00,119.22,69.47,137.0680061652237
Lambagarh,2026-07-26 00:30:00,106.18,76.84,101.54525243386247
Lambagarh,2026-07-26 00:45:00,106.96,73.24,88.6492414021164
Lambagarh,2026-07-26 01:00:00,83.88,70.54,89.15869604497355
Lambagarh,2026-07-26 01:15:00,69.47,61.76,74.79165571428575
Lambagarh,2026-07-26 01:30:00,76.84,64.69,72.69653363756618
Lambagarh,2026-07-26 01:45:00,73.24,54.32,71.69060582010586
Lambagarh,2026-07-26 02:00:00,70.54,53.64,69.21839099511611
Lambagarh,2026-07-26 02:15:00,61.76,55.71,75.50680178876686
Lambagarh,2026-07-26 02:30:00,64.69,54.65,77.81516056878311
Lambagarh,2026-07-26 02:45:00,54.32,55.26,80.19637806878309
Lambagarh,2026-07-26 03:00:00,53.64,55.96,84.47329432539684
Lambagarh,2026-07-26 03:15:00,55.71,56.56,70.88057140211644
Lambagarh,2026-07-26 03:30:00,54.65,58.0,64.13171870370371
Lambagarh,2026-07-26 03:45:00,55.26,61.51,66.0517449810214
Lambagarh,2026-07-26 04:00:00,55.96,62.8,61.05365494314265
Lambagarh,2026-07-26 04:15:00,56.56,63.17,55.74449546147854
Lambagarh,2026-07-26 04:30:00,58.0,62.64,55.800699815015115
Lambagarh,2026-07-26 04:45:00,61.51,64.49,58.51904746151994
Lambagarh,2026-07-26 05:00:00,62.8,64.2,58.62722500414977
Lambagarh,2026-07-26 05:15:00,63.17,68.57,55.21747573434026
Lambagarh,2026-07-26 05:30:00,62.64,65.07,55.88433125457875
Lambagarh,2026-07-26 05:45:00,64.49,66.78,54.74905346681097
Lambagarh,2026-07-26 06:00:00,64.2,66.7,54.26880675368979
Lambagarh,2026-07-26 06:15:00,68.57,71.02,59.92554340925639
Lambagarh,2026-07-26 06:30:00,65.07,69.05,73.57387406850465
Lambagarh,2026-07-26 06:45:00,66.78,69.91,60.93348055863484
Lambagarh,2026-07-26 07:00:00,66.7,67.0,68.49692639654697
Lambagarh,2026-07-26 07:15:00,71.02,68.64,85.49112670838419
Lambagarh,2026-07-26 07:30:00,69.05,68.84,74.97637103940414
Lambagarh,2026-07-26 07:45:00,69.91,66.39,68.11441871998375
Lambagarh,2026-07-26 08:00:00,67.0,68.65,67.4547070665446
Lambagarh,2026-07-26 08:15:00,68.64,55.22,74.50822858770852
Lambagarh,2026-07-26 08:30:00,68.84,57.12,70.18108225172975
Lambagarh,2026-07-26 08:45:00,66.39,58.84,70.66100016178262
Lambagarh,2026-07-26 09:00:00,68.65,58.88,72.39598844118835
Lambagarh,2026-07-26 09:15:00,55.22,58.65,70.87685528083027
Lambagarh,2026-07-26 09:30:00,57.12,57.72,80.22033623015861
Lambagarh,2026-07-26 09:45:00,58.84,58.76,60.78843073517124
Lambagarh,2026-07-26 10:00:00,58.88,60.87,74.65079906084651
Lambagarh,2026-07-26 10:15:00,58.65,64.7,58.51289559831741
Lambagarh,2026-07-26 10:30:00,57.72,67.15,59.521784822472895
Lambagarh,2026-07-26 10:45:00,58.76,65.54,58.58846496797551
Lambagarh,2026-07-26 11:00:00,60.87,63.8,59.77378778543583
Lambagarh,2026-07-26 11:15:00,64.7,63.43,58.16091515688018
Lambagarh,2026-07-26 11:30:00,67.15,64.95,58.178336173719366
Lambagarh,2026-07-26 11:45:00,65.54,65.99,68.71362011653069
Lambagarh,2026-07-26 12:00:00,63.8,67.8,61.701332798663316
Lambagarh,2026-07-26 12:15:00,63.43,54.74,61.414292234249515
Lambagarh,2026-07-26 12:30:00,64.95,54.59,93.68647164021154
Lambagarh,2026-07-26 12:45:00,65.99,62.93,63.34712261581242
Lambagarh,2026-07-26 13:00:00,67.8,68.11,67.44919202027505
Lambagarh,2026-07-26 13:15:00,54.74,95.86,74.04703954469512
Lambagarh,2026-07-26 13:30:00,54.59,101.47,62.17711806321358
Lambagarh,2026-07-26 13:45:00,62.93,131.65,60.97459936900473
Lambagarh,2026-07-26 14:00:00,68.11,118.79,92.28337341269842
Lambagarh,2026-07-26 14:15:00,95.86,143.95,74.71150062576316
Lambagarh,2026-07-26 14:30:00,101.47,148.54,77.32852027777773
Lambagarh,2026-07-26 14:45:00,131.65,144.86,77.10374486772486
Lambagarh,2026-07-26 15:00:00,118.79,143.95,143.24276435185197
Lambagarh,2026-07-26 15:15:00,143.95,174.1,104.49973141534394
Lambagarh,2026-07-26 15:30:00,148.54,168.14,156.02625306998553
Lambagarh,2026-07-26 15:45:00,144.86,178.41,157.5532819059645
Lambagarh,2026-07-26 16:00:00,143.95,172.98,160.1137031493507
Lambagarh,2026-07-26 16:15:00,174.1,172.74,162.5718931758057
Lambagarh,2026-07-26 16:30:00,168.14,167.63,183.14854468253975
Lambagarh,2026-07-26 16:45:00,178.41,171.16,183.71940222222233
Lambagarh,2026-07-26 17:00:00,172.98,168.12,183.73529253968263
Lambagarh,2026-07-26 17:15:00,172.74,182.65,193.7459768518519
Lambagarh,2026-07-26 17:30:00,167.63,178.87,194.3901231613757
Lambagarh,2026-07-26 17:45:00,171.16,169.64,199.1503232539682
Lambagarh,2026-07-26 18:00:00,168.12,170.45,194.6558568915344
Lambagarh,2026-07-26 18:15:00,182.65,172.31,195.95170042328036
Lambagarh,2026-07-26 18:30:00,178.87,182.82,198.2917495238096
Lambagarh,2026-07-26 18:45:00,169.64,174.51,200.32620280423288
Lambagarh,2026-07-26 19:00:00,170.45,177.61,198.45319597883608
Lambagarh,2026-07-26 19:15:00,172.31,176.37,203.2496509126984
Lambagarh,2026-07-26 19:30:00,182.82,172.83,200.9472211507935
Lambagarh,2026-07-26 19:45:00,174.51,164.11,199.42600502645516
Lambagarh,2026-07-26 20:00:00,177.61,167.26,197.10494875661377
Lambagarh,2026-07-26 20:15:00,176.37,163.3,198.20863169312153
Lambagarh,2026-07-26 20:30:00,172.83,166.35,202.50981384920607
Lambagarh,2026-07-26 20:45:00,164.11,143.09,197.10790431216924
Lambagarh,2026-07-26 21:00:00,167.26,144.16,196.05991853174595
Lambagarh,2026-07-26 21:15:00,163.3,144.02,194.596504642857
Lambagarh,2026-07-26 21:30:00,166.35,141.47,190.1899618518517
Lambagarh,2026-07-26 21:45:00,143.09,133.94,188.21821126984122
Lambagarh,2026-07-26 22:00:00,144.16,135.15,152.89645730158728
Lambagarh,2026-07-26 22:15:00,144.02,129.63,152.01714190476187
Lambagarh,2026-07-26 22:30:00,141.47,132.26,151.8149993650794
Lambagarh,2026-07-26 22:45:00,133.94,131.2,139.7881367472343
Lambagarh,2026-07-26 23:00:00,135.15,128.6,115.00318132275136
Lambagarh,2026-07-26 23:15:00,129.63,111.92,105.9952752260702
Lambagarh,2026-07-26 23:30:00,132.26,134.48,82.88550335978837
Lambagarh,2026-07-26 23:45:00,131.2,128.51,86.6549302910053
Lambagarh,2026-07-27 00:00:00,128.6,128.15,108.88334342592596
Lambagarh,2026-07-27 00:15:00,111.92,104.25,104.02630763227513
Lambagarh,2026-07-27 00:30:00,134.48,93.64,96.4658078703704
Lambagarh,2026-07-27 00:45:00,128.51,84.81,128.66542382275134
Lambagarh,2026-07-27 01:00:00,128.15,89.99,111.73354584656083
Lambagarh,2026-07-27 01:15:00,104.25,60.75,111.98160473544975
Lambagarh,2026-07-27 01:30:00,93.64,63.93,86.72578132275129
Lambagarh,2026-07-27 01:45:00,84.81,50.98,85.44025571428578
Lambagarh,2026-07-27 02:00:00,89.99,51.88,70.48512503968263
Lambagarh,2026-07-27 02:15:00,60.75,50.14,80.36339670634925
Lambagarh,2026-07-27 02:30:00,63.93,52.18,73.4275567989418
Lambagarh,2026-07-27 02:45:00,50.98,52.65,73.33862763227513
Lambagarh,2026-07-27 03:00:00,51.88,54.11,74.7051204761905
Lambagarh,2026-07-27 03:15:00,50.14,59.87,68.5801616269842
Lambagarh,2026-07-27 03:30:00,52.18,59.08,60.49377763227518
Lambagarh,2026-07-27 03:45:00,52.65,58.18,69.55871223084891
Lambagarh,2026-07-27 04:00:00,54.11,58.37,70.07893170174837
Lambagarh,2026-07-27 04:15:00,59.87,68.9,63.26148422219089
Lambagarh,2026-07-27 04:30:00,59.08,70.66,58.85887578884079
Lambagarh,2026-07-27 04:45:00,58.18,69.79,66.27175657541595
Lambagarh,2026-07-27 05:00:00,58.37,71.82,64.9541076136209
Lambagarh,2026-07-27 05:15:00,68.9,69.51,60.913479576859004
Lambagarh,2026-07-27 05:30:00,70.66,71.0,67.19335373321124
Lambagarh,2026-07-27 05:45:00,69.79,70.89,75.42219734126994
Lambagarh,2026-07-27 06:00:00,71.82,70.16,79.21885027777786
Lambagarh,2026-07-27 06:15:00,69.51,72.74,82.73384015873023
Lambagarh,2026-07-27 06:30:00,71.0,71.44,84.41639055555564
Lambagarh,2026-07-27 06:45:00,70.89,71.9,84.62384023809533
Lambagarh,2026-07-27 07:00:00,70.16,68.88,82.15511023809532
Lambagarh,2026-07-27 07:15:00,72.74,66.88,79.68875964590964
Lambagarh,2026-07-27 07:30:00,71.44,64.9,82.13931456349208
Lambagarh,2026-07-27 07:45:00,71.9,64.32,82.92396674603175
Lambagarh,2026-07-27 08:00:00,68.88,66.82,83.26633841269845
Lambagarh,2026-07-27 08:15:00,66.88,64.48,72.13646954008952
Lambagarh,2026-07-27 08:30:00,64.9,64.53,72.8275312067562
Lambagarh,2026-07-27 08:45:00,64.32,63.61,72.3821353703703
Lambagarh,2026-07-27 09:00:00,66.82,65.05,72.65216325396814
Lambagarh,2026-07-27 09:15:00,64.48,65.82,69.95153413003663
Lambagarh,2026-07-27 09:30:00,64.53,66.86,63.03674383040932
Lambagarh,2026-07-27 09:45:00,63.61,57.7,62.6891358145363
Lambagarh,2026-07-27 10:00:00,65.05,57.69,68.0502754914529
Lambagarh,2026-07-27 10:15:00,65.82,57.66,62.1765206161236
Lambagarh,2026-07-27 10:30:00,66.86,58.16,60.84895906850449
Lambagarh,2026-07-27 10:45:00,57.7,64.44,63.25318165092214
Lambagarh,2026-07-27 11:00:00,57.69,66.26,63.58231122458921
Lambagarh,2026-07-27 11:15:00,57.66,74.41,57.21592371136172
Lambagarh,2026-07-27 11:30:00,58.16,69.87,68.76530404368651
Lambagarh,2026-07-27 11:45:00,64.44,70.4,56.869000087799385
Lambagarh,2026-07-27 12:00:00,66.26,68.5,58.264323588040654
Lambagarh,2026-07-27 12:15:00,74.41,72.28,62.754794147869674
Lambagarh,2026-07-27 12:30:00,69.87,68.02,65.48383284139837
Lambagarh,2026-07-27 12:45:00,70.4,52.9,68.73116698161002
Lambagarh,2026-07-27 13:00:00,68.5,52.62,71.36311874643879
Lambagarh,2026-07-27 13:15:00,72.28,83.11,74.03260475172976
Lambagarh,2026-07-27 13:30:00,68.02,78.39,72.81623077024831
Lambagarh,2026-07-27 13:45:00,52.9,92.94,87.94537976190473
Lambagarh,2026-07-27 14:00:00,52.62,98.35,114.44427686507933
Lambagarh,2026-07-27 14:15:00,83.11,132.08,111.92186376984134
Lambagarh,2026-07-27 14:30:00,78.39,124.33,86.95336539682543
Lambagarh,2026-07-27 14:45:00,92.94,129.54,70.88457424603173
Lambagarh,2026-07-27 15:00:00,98.35,134.47,74.14304817460318
Lambagarh,2026-07-27 15:15:00,132.08,140.14,78.44344658730157
Lambagarh,2026-07-27 15:30:00,124.33,134.7,143.9924004629631
Lambagarh,2026-07-27 15:45:00,129.54,136.28,117.47872411375664
Lambagarh,2026-07-27 16:00:00,134.47,133.72,119.42831316137573
Lambagarh,2026-07-27 16:15:00,140.14,133.15,143.32185681216941
Lambagarh,2026-07-27 16:30:00,134.7,131.0,157.15601563612324
Lambagarh,2026-07-27 16:45:00,136.28,136.11,140.2823062566139
Lambagarh,2026-07-27 17:00:00,133.72,135.88,141.90149677368933
Lambagarh,2026-07-27 17:15:00,133.15,131.28,121.46364009259264
Lambagarh,2026-07-27 17:30:00,131.0,136.03,114.52418162698413
Lambagarh,2026-07-27 17:45:00,136.11,134.34,106.37542096560854
Lambagarh,2026-07-27 18:00:00,135.88,136.47,130.98602317580568
Lambagarh,2026-07-27 18:15:00,131.28,135.44,131.45304317580576
Lambagarh,2026-07-27 18:30:00,136.03,134.96,116.05892535714294
Lambagarh,2026-07-27 18:45:00,134.34,133.29,130.74645759379513
Lambagarh,2026-07-27 19:00:00,136.47,134.28,120.19570821428579
Lambagarh,2026-07-27 19:15:00,135.44,134.03,130.73102190596447
Lambagarh,2026-07-27 19:30:00,134.96,137.43,127.43013148268403
Lambagarh,2026-07-27 19:45:00,133.29,134.24,127.04718150913907
Lambagarh,2026-07-27 20:00:00,134.28,138.36,104.00159961640213
Lambagarh,2026-07-27 20:15:00,134.03,145.33,108.79830281746031
Lambagarh,2026-07-27 20:30:00,137.43,141.96,109.25120289682542
Lambagarh,2026-07-27 20:45:00,134.24,153.98,122.21626537157286
Lambagarh,2026-07-27 21:00:00,138.36,152.37,98.20951238095242
Lambagarh,2026-07-27 21:15:00,145.33,151.5,118.26347781866282
Lambagarh,2026-07-27 21:30:00,141.96,160.54,120.224443056758
Lambagarh,2026-07-27 21:45:00,153.98,166.25,123.92997758056758
Lambagarh,2026-07-27 22:00:00,152.37,160.38,171.18983193241962
Lambagarh,2026-07-27 22:15:00,151.5,160.89,150.14344682539695
Lambagarh,2026-07-27 22:30:00,160.54,168.44,155.99010222222228
Lambagarh,2026-07-27 22:45:00,166.25,162.36,175.5100116798943
Lambagarh,2026-07-27 23:00:00,160.38,153.8,184.64260247354503
Lambagarh,2026-07-27 23:15:00,160.89,134.71,180.89979644179905
Lambagarh,2026-07-27 23:30:00,168.44,139.47,183.16309033068782
Lambagarh,2026-07-27 23:45:00,162.36,130.82,185.29354664021162
Lambagarh,2026-07-28 00:00:00,153.8,128.96,192.26972111111107
Lambagarh,2026-07-28 00:15:00,134.71,126.55,189.5710055555556
Lambagarh,2026-07-28 00:30:00,139.47,133.81,146.52545341269845
Lambagarh,2026-07-28 00:45:00,130.82,129.9,164.90421308201064
Lambagarh,2026-07-28 01:00:00,128.96,106.19,112.6318833068783
Lambagarh,2026-07-28 01:15:00,126.55,128.87,105.87138211640215
Lambagarh,2026-07-28 01:30:00,133.81,125.32,105.47837378306878
Lambagarh,2026-07-28 02:00:00,129.9,125.16,121.45977850529108
Lambagarh,2026-07-28 02:15:00,106.19,117.31,103.09265374338624
Lambagarh,2026-07-28 02:30:00,128.87,116.64,84.26212263227514
Lambagarh,2026-07-28 02:45:00,125.32,113.43,107.70199989417989
Lambagarh,2026-07-28 03:00:00,125.16,120.7,107.77676735449735
Lambagarh,2026-07-28 03:15:00,117.31,107.88,109.1895137433863
Lambagarh,2026-07-28 03:30:00,116.64,113.3,93.62902195767198
Lambagarh,2026-07-28 03:45:00,113.43,108.84,93.85796473544976
Lambagarh,2026-07-28 04:00:00,120.7,112.3,91.2271901719577
Lambagarh,2026-07-28 04:15:00,107.88,119.54,102.59739035714283
Lambagarh,2026-07-28 04:30:00,113.3,124.56,85.91865306878314
Lambagarh,2026-07-28 04:45:00,108.84,128.09,92.72516041005298
Lambagarh,2026-07-28 05:00:00,112.3,127.16,85.56775917989424
Lambagarh,2026-07-28 05:15:00,119.54,127.85,94.85563626984131
Lambagarh,2026-07-28 05:30:00,124.56,215.65,106.73571142857146
Lambagarh,2026-07-28 05:45:00,128.09,197.33,116.1976678571429
Lambagarh,2026-07-28 06:00:00,127.16,180.02,109.41407285714287
Lambagarh,2026-07-28 06:15:00,127.85,145.8,113.94333892857142
Lambagarh,2026-07-28 06:30:00,215.65,155.01,111.1124047222222
Lambagarh,2026-07-28 06:45:00,197.33,133.2,184.61441376984138
Lambagarh,2026-07-28 07:00:00,180.02,228.63,186.25542646825414
Lambagarh,2026-07-28 07:15:00,145.8,245.64,187.58678698412712
Lambagarh,2026-07-28 07:30:00,155.01,237.84,170.03433637566144
Lambagarh,2026-07-28 08:15:00,133.2,197.82,192.95513980158734
Lambagarh,2026-07-28 08:30:00,228.63,229.65,138.5284065608466
Lambagarh,2026-07-28 09:15:00,245.64,201.76,187.80858932539695
Lambagarh,2026-07-28 09:30:00,237.84,198.28,198.21112253968252
Lambagarh,2026-07-28 09:45:00,197.82,183.73,196.47274238095235
Lambagarh,2026-07-28 10:00:00,229.65,177.64,206.26574587301567
Lambagarh,2026-07-28 10:15:00,201.76,176.46,204.64858936507923
Lambagarh,2026-07-28 10:30:00,198.28,181.59,206.17194833333318
Lambagarh,2026-07-28 10:45:00,183.73,80.99,200.85470249999992
Lambagarh,2026-07-28 11:15:00,177.64,92.94,207.11534515872995
Lambagarh,2026-07-28 11:30:00,176.46,132.47,206.58912761904745
Lambagarh,2026-07-28 11:45:00,181.59,149.86,206.35581650793634
Lambagarh,2026-07-28 12:00:00,80.99,143.68,203.6765715873013
Lambagarh,2026-07-28 12:15:00,92.94,147.4,75.96828589826842
Lambagarh,2026-07-28 12:30:00,132.47,148.72,83.52035050144303
Lambagarh,2026-07-28 12:45:00,149.86,164.87,128.0902945767196
Lambagarh,2026-07-28 13:00:00,143.68,162.6,148.79397017316018
Lambagarh,2026-07-28 13:15:00,147.4,163.98,146.6556039033189
Lambagarh,2026-07-28 13:30:00,148.72,177.28,159.39471427368923
Lambagarh,2026-07-28 13:45:00,164.87,156.42,161.33466712962968
Lambagarh,2026-07-28 14:00:00,162.6,171.91,185.09569531746047
Lambagarh,2026-07-28 14:15:00,163.98,197.39,185.2899092063493
Lambagarh,2026-07-28 14:30:00,177.28,185.06,186.10110551587314
Lambagarh,2026-07-28 14:45:00,156.42,195.63,195.57213492063494
Lambagarh,2026-07-28 15:00:00,171.91,182.09,190.32712579365096
Lambagarh,2026-07-28 15:15:00,197.39,172.23,194.52558376984135
Lambagarh,2026-07-28 15:30:00,185.06,158.9,203.486660515873
Lambagarh,2026-07-28 15:45:00,195.63,170.13,196.79626119047626
Lambagarh,2026-07-28 16:00:00,182.09,165.66,202.26868899470907
Lambagarh,2026-07-28 16:15:00,172.23,129.96,206.3241830158729
Lambagarh,2026-07-28 16:30:00,158.9,131.95,206.2816186507935
Lambagarh,2026-07-28 16:45:00,170.13,120.95,200.869563095238
Lambagarh,2026-07-28 17:00:00,165.66,121.62,203.73560313492058
Lambagarh,2026-07-28 17:15:00,129.96,126.27,195.6634694708994
Lambagarh,2026-07-28 17:30:00,131.95,134.37,125.77909921957672
Lambagarh,2026-07-28 17:45:00,120.95,122.61,140.29825912698416
Lambagarh,2026-07-28 18:00:00,121.62,122.79,108.84053211640217
Lambagarh,2026-07-28 18:15:00,126.27,116.14,104.92305563492067
Lambagarh,2026-07-28 18:30:00,134.37,116.74,110.95021507936512
Lambagarh,2026-07-28 18:45:00,122.61,108.49,126.02992884920643
Lambagarh,2026-07-28 19:00:00,122.79,114.31,105.16157936507943
Lambagarh,2026-07-28 19:15:00,116.14,110.44,106.35252214285724
Lambagarh,2026-07-28 19:30:00,116.74,114.14,103.56863357142858
Lambagarh,2026-07-28 19:45:00,108.49,108.03,102.37244757936512
Lambagarh,2026-07-28 20:00:00,114.31,105.67,95.33937805555564
Lambagarh,2026-07-28 20:15:00,110.44,101.32,97.2302155555556
Lambagarh,2026-07-28 20:30:00,114.14,106.86,96.17435690476195
Lambagarh,2026-07-28 20:45:00,108.03,108.71,98.63302571428575
Lambagarh,2026-07-28 21:00:00,105.67,113.33,88.63656980158733
Lambagarh,2026-07-28 21:15:00,101.32,116.55,93.82013458994719
Lambagarh,2026-07-28 21:30:00,106.86,117.23,95.56411498677258
Lambagarh,2026-07-28 21:45:00,108.71,118.65,95.76355974867735
Lambagarh,2026-07-28 22:00:00,113.33,123.77,86.1630489550265
Lambagarh,2026-07-28 22:15:00,116.55,125.02,94.88028718253973
Lambagarh,2026-07-28 22:30:00,117.23,125.0,96.39193551587307
Lambagarh,2026-07-28 22:45:00,118.65,126.82,95.4677632804234
Lambagarh,2026-07-28 23:00:00,123.77,135.33,92.72110670634927
Lambagarh,2026-07-28 23:15:00,125.02,120.31,93.51953650793655
Lambagarh,2026-07-28 23:30:00,125.0,122.75,98.38991351851855
Lambagarh,2026-07-28 23:45:00,126.82,123.17,96.23913589947092
Lambagarh,2026-07-29 00:00:00,135.33,132.02,112.68904170634922
Lambagarh,2026-07-29 00:15:00,120.31,128.17,139.6362003980279
Lambagarh,2026-07-29 00:30:00,122.75,121.58,110.01895793650796
Lambagarh,2026-07-29 00:45:00,123.17,130.59,105.94385150793653
Lambagarh,2026-07-29 01:00:00,132.02,131.09,103.17312949735452
Lambagarh,2026-07-29 01:15:00,128.17,118.91,116.7180819973546
Lambagarh,2026-07-29 01:30:00,121.58,119.03,108.19866417989421
Lambagarh,2026-07-29 01:45:00,130.59,125.33,100.64457433862438
Lambagarh,2026-07-29 02:00:00,131.09,120.37,105.83960171957672
Lambagarh,2026-07-29 02:15:00,118.91,125.05,107.82781190476193
Lambagarh,2026-07-29 02:30:00,119.03,118.41,98.26272767195765
Lambagarh,2026-07-29 02:45:00,125.33,123.56,98.67263433862432
Lambagarh,2026-07-29 03:00:00,120.37,108.81,104.47524076719576
Lambagarh,2026-07-29 03:15:00,125.05,123.09,94.88590485449735
Lambagarh,2026-07-29 03:30:00,118.41,116.9,102.46142715608465
Lambagarh,2026-07-29 03:45:00,123.56,114.01,94.69320818783068
Lambagarh,2026-07-29 04:00:00,108.81,114.57,96.50677818783068
Lambagarh,2026-07-29 04:15:00,123.09,123.28,86.81331761904764
Lambagarh,2026-07-29 04:30:00,116.9,122.5,103.01496563492064
Lambagarh,2026-07-29 04:45:00,114.01,131.33,94.90110394179897
Lambagarh,2026-07-29 05:00:00,114.57,133.14,94.4046023412699
Lambagarh,2026-07-29 05:15:00,123.28,113.62,91.11978370370372
Lambagarh,2026-07-29 05:30:00,122.5,87.81,102.15160690476189
Lambagarh,2026-07-29 05:45:00,131.33,114.62,98.84587179894183
Lambagarh,2026-07-29 06:00:00,133.14,111.6,129.71642773809532
Lambagarh,2026-07-29 06:15:00,113.62,104.87,115.2855673941799
Lambagarh,2026-07-29 06:30:00,87.81,106.33,99.44055916666665
Lambagarh,2026-07-29 06:45:00,114.62,106.92,74.0614167063493
Lambagarh,2026-07-29 07:00:00,111.6,84.93,101.59257464285714
Lambagarh,2026-07-29 07:15:00,104.87,83.93,96.17445921957678
Lambagarh,2026-07-29 07:30:00,106.33,75.26,86.00800731481488
Lambagarh,2026-07-29 07:45:00,106.92,71.34,87.8470682671959
Lambagarh,2026-07-29 08:00:00,84.93,73.54,84.59787834656092
Lambagarh,2026-07-29 08:15:00,83.93,73.29,68.45194138888893
Lambagarh,2026-07-29 08:30:00,75.26,65.2,67.8609245634921
Lambagarh,2026-07-29 08:45:00,71.34,63.01,67.66590772792028
Lambagarh,2026-07-29 09:00:00,73.54,61.91,70.33007344220599
Lambagarh,2026-07-29 09:15:00,73.29,56.95,69.84013661680918
Lambagarh,2026-07-29 09:30:00,65.2,58.31,66.31869161680915
Lambagarh,2026-07-29 09:45:00,63.01,56.86,79.36107033068785
Lambagarh,2026-07-29 10:00:00,61.91,58.03,79.9493842592593
Lambagarh,2026-07-29 10:15:00,56.95,56.79,74.66583669312165
Lambagarh,2026-07-29 10:30:00,58.31,56.45,66.29508269841274
Lambagarh,2026-07-29 10:45:00,56.86,59.3,67.0036921693122
Lambagarh,2026-07-29 11:00:00,58.03,65.45,62.71171140211643
Lambagarh,2026-07-29 11:15:00,56.79,69.31,63.48332857804235
Lambagarh,2026-07-29 11:30:00,56.45,68.65,58.06876986876918
Lambagarh,2026-07-29 11:45:00,59.3,80.27,57.86088420841103
Lambagarh,2026-07-29 12:00:00,65.45,75.49,57.30197104366152
Lambagarh,2026-07-29 12:15:00,69.31,87.96,58.37806002282805
Lambagarh,2026-07-29 12:30:00,68.65,107.52,66.96330646573703
Lambagarh,2026-07-29 12:45:00,80.27,118.55,68.9924530794936
Lambagarh,2026-07-29 13:00:00,75.49,129.38,67.34757283068792
Lambagarh,2026-07-29 13:15:00,87.96,123.95,88.60169156084663
Lambagarh,2026-07-29 13:30:00,107.52,132.89,81.58683309523816
Lambagarh,2026-07-29 13:45:00,118.55,113.44,90.007694537037
Lambagarh,2026-07-29 14:00:00,129.38,114.75,112.74905070105825
Lambagarh,2026-07-29 14:15:00,123.95,115.79,129.29324952380964
Lambagarh,2026-07-29 14:30:00,132.89,121.25,122.62224825396835
Lambagarh,2026-07-29 14:45:00,113.44,120.08,134.83732958994725
Lambagarh,2026-07-29 15:00:00,114.75,121.77,102.26545996031741
Lambagarh,2026-07-29 15:15:00,115.79,131.99,102.41537736772489
Lambagarh,2026-07-29 15:30:00,121.25,145.41,104.26945232804233
Lambagarh,2026-07-29 15:45:00,120.08,147.97,97.25585824074071
Lambagarh,2026-07-29 16:00:00,121.77,142.95,96.2819086904762
Lambagarh,2026-07-29 16:15:00,131.99,151.48,98.12292146825395
Lambagarh,2026-07-29 16:30:00,145.41,144.94,117.86606853174614
Lambagarh,2026-07-29 16:45:00,147.97,144.94,151.7509100541126
Lambagarh,2026-07-29 17:00:00,142.95,158.83,151.1648219059645
Lambagarh,2026-07-29 17:15:00,151.48,154.03,160.74423181337193
Lambagarh,2026-07-29 17:30:00,144.94,154.19,163.84554847883618
Lambagarh,2026-07-29 17:45:00,144.94,150.58,156.01792173280435
Lambagarh,2026-07-29 18:00:00,158.83,168.02,155.3393436519963
Lambagarh,2026-07-29 18:15:00,154.03,151.15,184.7001571825398
Lambagarh,2026-07-29 18:30:00,154.19,147.86,187.2923175000001
Lambagarh,2026-07-29 18:45:00,150.58,143.13,186.005603888889
Lambagarh,2026-07-29 19:15:00,168.02,139.41,163.9878530026456
Lambagarh,2026-07-29 19:30:00,151.15,138.14,192.86181000000005
Lambagarh,2026-07-29 19:45:00,147.86,139.05,173.5125507804234
Lambagarh,2026-07-29 20:00:00,143.13,141.6,158.69391522486774
Lambagarh,2026-07-29 20:15:00,139.41,136.68,161.85583517195766
Lambagarh,2026-07-29 20:30:00,138.14,131.78,154.65069103294857
Lambagarh,2026-07-29 20:45:00,139.05,135.93,148.42350871813377
Lambagarh,2026-07-29 21:00:00,141.6,131.16,125.94181218374214
Lambagarh,2026-07-29 21:15:00,136.68,130.19,126.21404829485327
Lambagarh,2026-07-29 21:30:00,131.78,120.48,112.20936541125535
Lambagarh,2026-07-29 21:45:00,135.93,119.45,93.23503822751329
Lambagarh,2026-07-29 22:00:00,131.16,116.07,107.5508512578162
Lambagarh,2026-07-29 22:15:00,130.19,120.31,85.41702296296299
Lambagarh,2026-07-29 22:30:00,120.48,118.19,83.23093182539681
Lambagarh,2026-07-29 22:45:00,119.45,119.73,78.87103518518526
Lambagarh,2026-07-29 23:00:00,116.07,128.78,79.96359640211642
Lambagarh,2026-07-29 23:15:00,120.31,115.3,80.68046584656089
Lambagarh,2026-07-29 23:30:00,118.19,137.89,80.38276695767198
Lambagarh,2026-07-29 23:45:00,119.73,124.69,80.31437632275133
Lambagarh,2026-07-30 00:00:00,128.78,118.1,95.9571381878307
Lambagarh,2026-07-30 00:15:00,115.3,108.16,108.23671870370374
Lambagarh,2026-07-30 00:30:00,137.89,95.51,97.62045924603177
Lambagarh,2026-07-30 00:45:00,124.69,85.0,143.12871775252523
Lambagarh,2026-07-30 01:00:00,118.1,85.92,119.78032087301588
Lambagarh,2026-07-30 01:15:00,108.16,71.62,105.52090833333335
Lambagarh,2026-07-30 01:30:00,95.51,77.67,91.93376456349205
Lambagarh,2026-07-30 01:45:00,85.0,73.16,87.64198742063496
Lambagarh,2026-07-30 02:00:00,85.92,72.22,71.35690869047627
Lambagarh,2026-07-30 02:15:00,71.62,73.89,70.81774067460323
Lambagarh,2026-07-30 02:30:00,77.67,67.67,69.78934071733829
Lambagarh,2026-07-30 02:45:00,73.16,69.86,70.28542678571439
Lambagarh,2026-07-30 03:00:00,72.22,70.93,69.13340087606848
Lambagarh,2026-07-30 03:15:00,73.89,70.66,73.12898607448118
Lambagarh,2026-07-30 03:30:00,67.67,68.55,66.80795844220602
Lambagarh,2026-07-30 03:45:00,69.86,69.32,79.71645373321124
Lambagarh,2026-07-30 04:00:00,70.93,66.56,79.18215211945464
Lambagarh,2026-07-30 04:15:00,70.66,64.05,80.02806099511604
Lambagarh,2026-07-30 04:30:00,68.55,67.14,72.53089242368745
Lambagarh,2026-07-30 04:45:00,69.32,64.47,74.9323750030525
Lambagarh,2026-07-30 05:00:00,66.56,66.31,73.25049643162394
Lambagarh,2026-07-30 05:15:00,64.05,63.83,72.45390428571426
Lambagarh,2026-07-30 05:30:00,67.14,60.93,71.69732822751317
Lambagarh,2026-07-30 05:45:00,64.47,61.92,75.63240996336992
Lambagarh,2026-07-30 06:00:00,66.31,61.84,62.814755555555564
Lambagarh,2026-07-30 06:15:00,63.83,62.93,64.41813021929822
Lambagarh,2026-07-30 06:30:00,60.93,61.2,74.05980010785495
Lambagarh,2026-07-30 06:45:00,61.92,62.76,62.68069343358397
Lambagarh,2026-07-30 07:00:00,61.84,61.75,56.66628399117453
Lambagarh,2026-07-30 07:15:00,62.93,64.78,54.68070838270891
Lambagarh,2026-07-30 07:30:00,61.2,62.67,57.147777216652734
Lambagarh,2026-07-30 07:45:00,62.76,62.43,55.12483629072682
Lambagarh,2026-07-30 08:00:00,61.75,65.68,56.4756003912559
Lambagarh,2026-07-30 08:15:00,64.78,67.38,54.58026941903371
Lambagarh,2026-07-30 08:30:00,62.67,61.17,54.77142903747078
Lambagarh,2026-07-30 08:45:00,62.43,65.32,53.26089957979886
Lambagarh,2026-07-30 09:00:00,65.68,65.82,54.435665181650705
Lambagarh,2026-07-30 09:15:00,67.38,64.22,59.86786401762951
Lambagarh,2026-07-30 09:30:00,61.17,63.82,68.26014557949362
Lambagarh,2026-07-30 09:45:00,65.32,63.31,60.42458764714816
Lambagarh,2026-07-30 10:00:00,65.82,62.21,60.59360307644107
Lambagarh,2026-07-30 10:15:00,64.22,62.66,77.60602103174594
Lambagarh,2026-07-30 10:30:00,63.82,61.77,59.61985036683589
Lambagarh,2026-07-30 10:45:00,63.31,63.08,59.20457425368973
Lambagarh,2026-07-30 11:00:00,62.21,70.77,59.25123781189081
Lambagarh,2026-07-30 11:15:00,62.66,74.25,58.24474905527708
Lambagarh,2026-07-30 11:30:00,61.77,72.39,54.31182188596492
Lambagarh,2026-07-30 11:45:00,63.08,112.77,55.94189694608998
Lambagarh,2026-07-30 12:00:00,70.77,123.02,56.25162274575328
Lambagarh,2026-07-30 12:15:00,74.25,127.73,67.47945360859417
Lambagarh,2026-07-30 12:30:00,72.39,125.88,65.41010117473175
Lambagarh,2026-07-30 12:45:00,112.77,119.91,65.9756835480261
Lambagarh,2026-07-30 13:00:00,123.02,126.04,96.66361399470898
Lambagarh,2026-07-30 13:15:00,127.73,123.1,112.80482264550272
Lambagarh,2026-07-30 13:30:00,125.88,114.65,123.76715796296305
Lambagarh,2026-07-30 13:45:00,119.91,124.78,111.32677542328047
Lambagarh,2026-07-30 14:00:00,126.04,132.53,102.74171149470897
Lambagarh,2026-07-30 14:15:00,123.1,143.15,113.60622480158727
Lambagarh,2026-07-30 14:30:00,114.65,138.77,105.54059630952378
Lambagarh,2026-07-30 14:45:00,124.78,149.03,96.98357578042327
Lambagarh,2026-07-30 15:00:00,132.53,156.32,105.8347849206349
Lambagarh,2026-07-30 15:15:00,143.15,169.39,119.92743019841276
Lambagarh,2026-07-30 15:30:00,138.77,160.88,144.87801854617598
Lambagarh,2026-07-30 15:45:00,149.03,164.34,141.4610196043771
Lambagarh,2026-07-30 16:00:00,156.32,154.55,156.08997101972116
Lambagarh,2026-07-30 16:15:00,169.39,167.65,179.54356750000017
Lambagarh,2026-07-30 16:30:00,160.88,166.83,184.73894313492076
Lambagarh,2026-07-30 16:45:00,164.34,170.65,185.1462240873017
Lambagarh,2026-07-30 17:00:00,154.55,181.84,186.59301440476202
Lambagarh,2026-07-30 17:15:00,167.65,177.08,191.8046130820107
Lambagarh,2026-07-30 17:30:00,166.83,185.68,191.64220694444452
Lambagarh,2026-07-30 17:45:00,170.65,175.6,192.8869294444445
Lambagarh,2026-07-30 18:15:00,181.84,180.16,194.3525466666667
Lambagarh,2026-07-30 18:30:00,177.08,179.04,197.9186838095239
Lambagarh,2026-07-30 18:45:00,185.68,167.27,196.1850665873016
Lambagarh,2026-07-30 19:00:00,175.6,165.03,202.0494751058202
Lambagarh,2026-07-30 19:15:00,180.16,170.75,203.37669543650773
Lambagarh,2026-07-30 19:30:00,179.04,156.48,202.85025400793637
Lambagarh,2026-07-30 19:45:00,167.27,157.23,203.51869968253945
Lambagarh,2026-07-30 20:00:00,165.03,148.46,197.11359042328044
Lambagarh,2026-07-30 20:15:00,170.75,142.13,203.28946273809507
Lambagarh,2026-07-30 20:30:00,156.48,151.88,203.24800408730144
Lambagarh,2026-07-30 20:45:00,157.23,139.36,191.6324207142857
Lambagarh,2026-07-30 21:00:00,148.46,144.35,186.0950891269841
Lambagarh,2026-07-30 21:15:00,142.13,134.06,158.0928147354497
Lambagarh,2026-07-30 21:30:00,151.88,132.86,152.6929919312169
Lambagarh,2026-07-30 21:45:00,139.36,120.93,162.8591968518518
Lambagarh,2026-07-30 22:00:00,144.35,125.8,144.3104462842713
Lambagarh,2026-07-30 22:15:00,134.06,113.78,144.38731295093797
Lambagarh,2026-07-30 22:30:00,132.86,121.97,117.99415243386247
Lambagarh,2026-07-30 22:45:00,120.93,122.78,88.26279105820107
Lambagarh,2026-07-30 23:00:00,125.8,117.16,81.08134661375668
Lambagarh,2026-07-30 23:15:00,113.78,108.88,80.9583188624339
Lambagarh,2026-07-30 23:30:00,121.97,114.29,81.053236957672
Lambagarh,2026-07-30 23:45:00,122.78,120.54,82.02937640211645
Lambagarh,2026-07-31 00:00:00,117.16,113.99,102.12152600529105
Lambagarh,2026-07-31 00:15:00,108.88,120.97,97.37738469576723
Lambagarh,2026-07-31 00:30:00,114.29,115.93,89.2621743783069
Lambagarh,2026-07-31 00:45:00,120.54,116.6,96.42676104497359
Lambagarh,2026-07-31 01:00:00,113.99,117.15,100.82417521164025
Lambagarh,2026-07-31 01:15:00,120.97,116.93,102.51954861111118
Lambagarh,2026-07-31 01:30:00,115.93,118.23,99.81896517195769
Lambagarh,2026-07-31 01:45:00,116.6,120.11,93.58852366402115
Lambagarh,2026-07-31 02:00:00,117.15,123.2,95.50037543650792
Lambagarh,2026-07-31 02:15:00,116.93,117.51,97.47130539682541
Lambagarh,2026-07-31 02:30:00,118.23,123.67,95.92783845238094
Lambagarh,2026-07-31 03:00:00,120.11,118.05,95.64783249999999
Lambagarh,2026-07-31 03:15:00,123.2,120.65,101.77653670634918
Lambagarh,2026-07-31 03:30:00,117.51,117.93,98.67260541005288
Lambagarh,2026-07-31 03:45:00,123.67,124.27,97.91723496031744
Lambagarh,2026-07-31 04:00:00,118.05,131.65,102.93401480158727
Lambagarh,2026-07-31 04:30:00,120.65,129.43,102.63663480158732
Lambagarh,2026-07-31 04:45:00,117.93,129.64,101.03603257936503
Lambagarh,2026-07-31 05:00:00,124.27,136.32,96.61617281746028
Lambagarh,2026-07-31 05:15:00,131.65,115.33,103.43632567460317
Lambagarh,2026-07-31 05:30:00,129.43,118.3,114.96661175925928
Lambagarh,2026-07-31 05:45:00,129.64,119.89,115.02774357142859
Lambagarh,2026-07-31 06:00:00,136.32,129.17,102.96705596560845
Lambagarh,2026-07-31 06:15:00,115.33,127.27,137.29802230278983
Lambagarh,2026-07-31 06:30:00,118.3,118.09,95.51441996031745
Lambagarh,2026-07-31 06:45:00,119.89,87.92,106.34287857142856
Lambagarh,2026-07-31 07:00:00,129.17,92.13,99.09606862433861
Lambagarh,2026-07-31 07:15:00,127.27,87.41,106.3333298941799
Lambagarh,2026-07-31 07:30:00,118.09,89.93,106.51511291005293
Lambagarh,2026-07-31 07:45:00,87.92,69.88,98.4513645767196
Lambagarh,2026-07-31 08:00:00,92.13,71.95,72.52814408730165
Lambagarh,2026-07-31 08:15:00,87.41,69.58,78.58624440476198
Lambagarh,2026-07-31 08:30:00,89.93,72.31,69.82009940476196
Lambagarh,2026-07-31 08:45:00,69.88,71.8,74.18519384920641
Lambagarh,2026-07-31 09:00:00,71.95,70.09,68.95891725172979
Lambagarh,2026-07-31 09:15:00,69.58,76.54,70.49632669617428
Lambagarh,2026-07-31 09:30:00,72.31,80.25,72.36943320411075
Lambagarh,2026-07-31 09:45:00,71.8,73.1,74.98507779405782
Lambagarh,2026-07-31 10:00:00,70.09,72.41,74.66586049247049
Lambagarh,2026-07-31 10:15:00,76.54,74.18,78.14029001628002
Lambagarh,2026-07-31 10:30:00,80.25,74.15,72.97364739417996
Lambagarh,2026-07-31 10:45:00,73.1,90.18,70.18323505291008
Lambagarh,2026-07-31 11:00:00,72.41,88.41,71.56508714590966
Lambagarh,2026-07-31 11:15:00,74.18,92.46,69.17463553215306
Lambagarh,2026-07-31 11:30:00,74.15,93.28,69.45083037342295
Lambagarh,2026-07-31 11:45:00,90.18,127.69,69.291590452788
Lambagarh,2026-07-31 12:00:00,88.41,129.34,73.3084031084656
Lambagarh,2026-07-31 12:15:00,92.46,122.33,68.79892263227515
Lambagarh,2026-07-31 12:30:00,93.28,124.52,74.31837560846554
Lambagarh,2026-07-31 12:45:00,127.69,117.04,76.82903064814813
Lambagarh,2026-07-31 13:00:00,129.34,156.87,130.4679408333334
Lambagarh,2026-07-31 13:15:00,122.33,150.84,133.47399289682545
Lambagarh,2026-07-31 13:30:00,124.52,165.94,121.40403686507938
Lambagarh,2026-07-31 13:45:00,117.04,150.42,113.5628707275132
Lambagarh,2026-07-31 14:00:00,156.87,168.07,102.92022052910052
Lambagarh,2026-07-31 14:15:00,150.84,166.02,169.93237600649368
Lambagarh,2026-07-31 14:30:00,165.94,173.95,161.66933881072643
Lambagarh,2026-07-31 14:45:00,150.42,165.29,180.24832396825408
Lambagarh,2026-07-31 15:00:00,168.07,159.96,163.83032812169319
Lambagarh,2026-07-31 15:15:00,166.02,343.8,185.63954611111126
Lambagarh,2026-07-31 15:30:00,173.95,315.98,186.69884738095251
Lambagarh,2026-07-31 15:45:00,165.29,167.72,187.2154185317462
Lambagarh,2026-07-31 16:00:00,159.96,160.33,194.48383875661372
Lambagarh,2026-07-31 16:45:00,343.8,172.92,190.59671547619052
Lambagarh,2026-07-31 17:00:00,315.98,178.48,200.72404312169317
Lambagarh,2026-07-31 17:30:00,167.72,158.81,198.49939087301593
Lambagarh,2026-07-31 17:45:00,160.33,146.16,197.11942071428572
Lambagarh,2026-07-31 18:00:00,172.92,154.43,202.14307817460303
Lambagarh,2026-07-31 18:15:00,178.48,152.88,204.86956539682527
Lambagarh,2026-07-31 18:30:00,158.81,155.32,196.92113158730163
Lambagarh,2026-07-31 18:45:00,146.16,142.83,193.5448560317461
Lambagarh,2026-07-31 19:00:00,154.43,134.54,168.55380152116405
Lambagarh,2026-07-31 19:15:00,152.88,140.95,198.34009091269834
Lambagarh,2026-07-31 19:30:00,155.32,139.24,188.49845611111115
Lambagarh,2026-07-31 19:45:00,142.83,131.41,186.62063722222223
Lambagarh,2026-07-31 20:00:00,134.54,129.78,157.51835855820104
Lambagarh,2026-07-31 20:15:00,140.95,157.5,137.39839386243384
Lambagarh,2026-07-31 20:30:00,139.24,154.56,153.1695176070226
Lambagarh,2026-07-31 20:45:00,131.41,142.65,132.5422700805676
Lambagarh,2026-07-31 21:00:00,129.78,156.59,92.9689991269842
Lambagarh,2026-07-31 21:15:00,157.5,150.5,90.86392898148152
Lambagarh,2026-07-31 21:30:00,154.56,162.22,159.4029634271285
Lambagarh,2026-07-31 21:45:00,142.65,178.67,172.65386710437718
Lambagarh,2026-07-31 22:00:00,156.59,162.26,143.40396718374225
Lambagarh,2026-07-31 22:15:00,150.5,152.81,180.92529699735454
Lambagarh,2026-07-31 22:30:00,162.22,129.68,150.5202016666667
Lambagarh,2026-07-31 23:00:00,178.67,142.37,177.81171215608472
Lambagarh,2026-07-31 23:15:00,162.26,159.41,182.2071256481483
Lambagarh,2026-07-31 23:30:00,152.81,131.9,185.368414973545
Lambagarh,2026-07-31 23:45:00,129.68,140.96,178.8773735714286
Lambagarh,2026-08-01 00:00:00,142.37,129.23,124.58307564814812
Lambagarh,2026-08-01 00:30:00,159.41,134.49,164.08949396945656
Lambagarh,2026-08-01 00:45:00,131.9,128.23,187.91137215728725
Lambagarh,2026-08-01 01:00:00,140.96,128.41,132.2842963888889
Lambagarh,2026-08-01 01:15:00,129.23,132.44,160.15116887686386
Lambagarh,2026-08-01 01:30:00,134.49,122.26,112.15131219576719
Lambagarh,2026-08-01 01:45:00,128.23,124.8,123.52404572751334
Lambagarh,2026-08-01 02:00:00,128.41,120.89,103.64718457671954
Lambagarh,2026-08-01 02:15:00,132.44,120.08,102.98729929894179
Lambagarh,2026-08-01 02:30:00,122.26,132.33,110.83298342592597
Lambagarh,2026-08-01 02:45:00,124.8,150.85,98.08003255291005
Lambagarh,2026-08-01 03:00:00,120.89,147.0,104.77728068783071
Lambagarh,2026-08-01 03:15:00,120.08,138.38,96.45320473544976
Lambagarh,2026-08-01 03:30:00,132.33,135.78,94.21968898148148
Lambagarh,2026-08-01 03:45:00,150.85,116.1,114.67167906084659
Lambagarh,2026-08-01 04:00:00,147.0,129.92,150.25751735569992
Lambagarh,2026-08-01 04:15:00,138.38,131.89,142.880774498557
Lambagarh,2026-08-01 04:30:00,135.78,127.59,155.77342395622904
Lambagarh,2026-08-01 04:45:00,116.1,98.13,144.6075275805677
Lambagarh,2026-08-01 05:00:00,129.92,91.65,97.48478285714286
Lambagarh,2026-08-01 05:15:00,131.89,99.16,109.83287269841269
Lambagarh,2026-08-01 05:30:00,127.59,98.91,117.45558810846565
Lambagarh,2026-08-01 05:45:00,98.13,98.74,107.7235737830688
Lambagarh,2026-08-01 06:00:00,91.65,95.15,80.64965600529106
Lambagarh,2026-08-01 06:15:00,99.16,99.82,78.54537567460326
Lambagarh,2026-08-01 06:30:00,98.91,104.92,81.86943826719582
Lambagarh,2026-08-01 06:45:00,98.74,105.64,81.17222142857146
Lambagarh,2026-08-01 07:00:00,95.15,98.09,80.39966917989423
Lambagarh,2026-08-01 07:15:00,99.82,102.47,75.54117629389131
Lambagarh,2026-08-01 07:30:00,104.92,94.84,78.12368925925925
Lambagarh,2026-08-01 07:45:00,105.64,89.03,84.58779653439161
Lambagarh,2026-08-01 08:00:00,98.09,71.53,86.77481534391542
Lambagarh,2026-08-01 08:15:00,102.47,62.14,78.55295721981727
Lambagarh,2026-08-01 08:30:00,94.84,67.19,82.09117367724873
Lambagarh,2026-08-01 08:45:00,89.03,71.41,75.96679276455033
Lambagarh,2026-08-01 09:00:00,71.53,71.91,72.05628876743627
Lambagarh,2026-08-01 09:15:00,62.14,78.9,64.88471701363451
Lambagarh,2026-08-01 09:30:00,67.19,74.07,63.02926177248678
Lambagarh,2026-08-01 09:45:00,71.41,78.09,71.41855754273503
Lambagarh,2026-08-01 10:00:00,71.91,75.23,69.28081676231172
Lambagarh,2026-08-01 10:15:00,78.9,76.76,67.18179741045988
Lambagarh,2026-08-01 10:30:00,74.07,75.19,71.51590149470901
Lambagarh,2026-08-01 10:45:00,78.09,80.4,73.83903935490439
Lambagarh,2026-08-01 11:00:00,75.23,80.14,71.26456473544978
Lambagarh,2026-08-01 11:15:00,76.76,87.44,70.61525939458693
Lambagarh,2026-08-01 11:30:00,75.19,91.71,68.41884104497355
Lambagarh,2026-08-01 11:45:00,80.4,120.27,68.15764906389909
Lambagarh,2026-08-01 12:00:00,80.14,123.74,67.12800529100535
Lambagarh,2026-08-01 12:15:00,87.44,118.63,69.52913428571435
Lambagarh,2026-08-01 12:30:00,91.71,116.95,67.53891838624345
Lambagarh,2026-08-01 12:45:00,120.27,122.19,74.59050846560844
Lambagarh,2026-08-01 13:00:00,123.74,128.5,118.2232001984127
Lambagarh,2026-08-01 13:15:00,118.63,130.56,124.1938031349207
Lambagarh,2026-08-01 13:30:00,116.95,127.82,119.04916781746033
Lambagarh,2026-08-01 13:45:00,122.19,120.64,98.92257160052904
Lambagarh,2026-08-01 14:00:00,128.5,122.44,105.67394160052906
Lambagarh,2026-08-01 14:15:00,130.56,125.88,123.622370899471
Lambagarh,2026-08-01 14:30:00,127.82,127.02,123.33060034391545
Lambagarh,2026-08-01 14:45:00,120.64,137.55,106.53731601851851
Lambagarh,2026-08-01 15:00:00,122.44,136.62,99.12861423280421
Lambagarh,2026-08-01 15:15:00,125.88,143.75,101.91245775132273
Lambagarh,2026-08-01 15:30:00,127.02,140.95,111.44756546296296
Lambagarh,2026-08-01 15:45:00,137.55,146.64,104.53032583333332
Lambagarh,2026-08-01 16:00:00,136.62,142.76,137.6191675937951
Lambagarh,2026-08-01 16:15:00,143.75,139.05,133.48504000120252
Lambagarh,2026-08-01 16:30:00,140.95,137.87,141.4762315885041
Lambagarh,2026-08-01 16:45:00,146.64,136.61,140.79654293771054
Lambagarh,2026-08-01 17:00:00,142.76,148.47,151.70983967051484
Lambagarh,2026-08-01 17:15:00,139.05,144.12,152.98736609908627
Lambagarh,2026-08-01 17:30:00,137.87,140.23,152.74207109908627
Lambagarh,2026-08-01 17:45:00,136.61,141.62,155.17762260702276
Lambagarh,2026-08-01 18:00:00,148.47,140.59,133.57648616522368
Lambagarh,2026-08-01 18:15:00,144.12,137.21,155.93603379749894
Lambagarh,2026-08-01 18:30:00,140.23,141.06,154.85224760702275
Lambagarh,2026-08-01 18:45:00,141.62,141.44,155.36996594035608
Lambagarh,2026-08-01 19:00:00,140.59,140.65,154.62501538480055
Lambagarh,2026-08-01 19:15:00,137.21,145.62,153.65582094035608
Lambagarh,2026-08-01 19:30:00,141.06,146.48,137.21659894300146
Lambagarh,2026-08-01 19:45:00,141.44,141.29,141.51527381072637
Lambagarh,2026-08-01 20:00:00,140.65,144.74,132.78844008056763
Lambagarh,2026-08-01 20:15:00,145.62,136.29,132.10758119167872
Lambagarh,2026-08-01 20:30:00,146.48,133.06,147.6637126070227
Lambagarh,2026-08-01 20:45:00,141.29,136.43,147.94129927368937
Lambagarh,2026-08-01 21:00:00,144.74,133.57,141.68696415464171
Lambagarh,2026-08-01 21:15:00,136.29,141.36,146.54295646945653
Lambagarh,2026-08-01 21:30:00,133.06,134.1,132.44101706469456
Lambagarh,2026-08-01 21:45:00,136.43,138.18,95.57819251322752
Lambagarh,2026-08-01 22:00:00,133.57,134.84,107.30398411495906
Lambagarh,2026-08-01 22:15:00,141.36,146.08,93.60951121693127
Lambagarh,2026-08-01 22:30:00,134.1,143.65,116.35201430014429
Lambagarh,2026-08-01 22:45:00,138.18,135.81,94.48770343915348
Lambagarh,2026-08-01 23:00:00,134.84,140.68,115.20037818903322
Lambagarh,2026-08-01 23:15:00,146.08,113.68,95.94916566137567
Lambagarh,2026-08-01 23:30:00,143.65,118.24,114.47187271284271
Lambagarh,2026-08-01 23:45:00,135.81,123.47,138.26594230278982
Lambagarh,2026-08-02 00:00:00,140.68,109.85,131.23083489538246
Lambagarh,2026-08-02 00:15:00,113.68,68.47,155.00657982924497
Lambagarh,2026-08-02 00:30:00,118.24,80.85,95.89334533068788
Lambagarh,2026-08-02 00:45:00,123.47,82.94,101.33383243386248
Lambagarh,2026-08-02 01:00:00,109.85,79.03,103.42796783068785
Lambagarh,2026-08-02 01:15:00,68.47,79.84,89.85646104497359
Lambagarh,2026-08-02 01:30:00,80.85,79.68,77.17042175925926
Lambagarh,2026-08-02 01:45:00,82.94,81.5,75.51151420634922
Lambagarh,2026-08-02 02:00:00,79.03,77.39,67.13225760582021
Lambagarh,2026-08-02 02:15:00,79.84,63.79,72.52817853174611
Lambagarh,2026-08-02 02:30:00,79.68,65.09,68.01399575396833
Lambagarh,2026-08-02 02:45:00,81.5,64.99,66.76474575396834
Lambagarh,2026-08-02 03:00:00,77.39,64.3,66.852465436508
Lambagarh,2026-08-02 03:15:00,63.79,54.47,73.5789860449736
Lambagarh,2026-08-02 03:30:00,65.09,53.69,80.37601123015875
Lambagarh,2026-08-02 03:45:00,64.99,54.88,81.51906488095241
Lambagarh,2026-08-02 04:00:00,64.3,56.39,80.37941190476192
Lambagarh,2026-08-02 04:15:00,54.47,57.84,63.946699920634906
Lambagarh,2026-08-02 04:30:00,53.69,55.24,54.60001047619048
Lambagarh,2026-08-02 04:45:00,54.88,56.37,55.14170183862432
Lambagarh,2026-08-02 05:00:00,56.39,55.69,54.513850021644984
Lambagarh,2026-08-02 05:15:00,57.84,57.89,55.57148158088814
Lambagarh,2026-08-02 05:30:00,55.24,58.08,55.95068365875793
Lambagarh,2026-08-02 05:45:00,56.37,55.17,55.40137865962058
Lambagarh,2026-08-02 06:00:00,55.69,58.91,55.65258265051296
Lambagarh,2026-08-02 06:15:00,57.89,55.13,55.91106868029993
Lambagarh,2026-08-02 06:30:00,58.08,54.69,57.720295843354116
Lambagarh,2026-08-02 06:45:00,55.17,54.85,56.52895495675493
Lambagarh,2026-08-02 07:00:00,58.91,49.22,54.77682526710985
Lambagarh,2026-08-02 07:15:00,55.13,50.27,56.671273912650335
Lambagarh,2026-08-02 07:30:00,54.69,50.8,56.50176155509962
Lambagarh,2026-08-02 07:45:00,54.85,52.74,54.93062031414625
Lambagarh,2026-08-02 08:00:00,49.22,53.81,54.428220941503014
Lambagarh,2026-08-02 08:15:00,50.27,50.42,47.469945628306895
Lambagarh,2026-08-02 08:30:00,50.8,52.49,53.809969624664475
Lambagarh,2026-08-02 08:45:00,52.74,53.8,55.763290583197076
Lambagarh,2026-08-02 09:00:00,53.81,48.87,57.449501324151804
Lambagarh,2026-08-02 09:15:00,50.42,52.05,60.24499689361811
Lambagarh,2026-08-02 09:30:00,52.49,50.74,58.129290521379204
Lambagarh,2026-08-02 09:45:00,53.8,50.26,58.88014894490013
Lambagarh,2026-08-02 10:00:00,48.87,52.79,61.81126496505102
Lambagarh,2026-08-02 10:15:00,52.05,53.05,45.923353888888904
Lambagarh,2026-08-02 10:30:00,50.74,52.15,60.05811927583283
Lambagarh,2026-08-02 10:45:00,50.26,52.81,59.13689163033021
Lambagarh,2026-08-02 11:00:00,52.79,53.91,55.70580062409812
Lambagarh,2026-08-02 11:15:00,53.05,53.94,57.4219487335048
Lambagarh,2026-08-02 11:30:00,52.15,52.99,59.120338037518
Lambagarh,2026-08-02 11:45:00,52.81,52.75,58.38321370370371
Lambagarh,2026-08-02 12:00:00,53.91,55.09,60.45131921210028
Lambagarh,2026-08-02 12:15:00,53.94,53.33,58.40975738429849
Lambagarh,2026-08-02 12:30:00,52.99,53.09,60.54252436842544
Lambagarh,2026-08-02 12:45:00,52.75,56.43,61.01415667241771
Lambagarh,2026-08-02 13:00:00,55.09,57.1,64.88485873482726
Lambagarh,2026-08-02 13:15:00,53.33,84.26,63.44087504855985
Lambagarh,2026-08-02 13:30:00,53.09,90.58,65.52256876368732
Lambagarh,2026-08-02 13:45:00,56.43,129.22,63.95475116628472
Lambagarh,2026-08-02 14:00:00,57.1,125.23,67.3192187378335
Lambagarh,2026-08-02 14:15:00,84.26,123.73,66.2741861320134
Lambagarh,2026-08-02 14:30:00,90.58,131.69,80.59512011904768
Lambagarh,2026-08-02 14:45:00,129.22,130.55,89.3614238888889
Lambagarh,2026-08-02 15:00:00,125.23,139.14,127.09517206349216
Lambagarh,2026-08-02 15:15:00,123.73,145.29,119.09619388888896
Lambagarh,2026-08-02 15:30:00,131.69,156.48,108.63792305555565
Lambagarh,2026-08-02 15:45:00,130.55,143.29,123.3722405158732
Lambagarh,2026-08-02 16:00:00,139.14,138.22,112.21036411375668
Lambagarh,2026-08-02 16:15:00,145.29,144.64,154.64237119167882
Lambagarh,2026-08-02 16:30:00,156.48,144.46,154.8938778583455
Lambagarh,2026-08-02 16:45:00,143.29,146.62,176.66295765993277
Lambagarh,2026-08-02 17:00:00,138.22,143.7,158.28904861231362
Lambagarh,2026-08-02 17:15:00,144.64,146.28,158.51057170755172
Lambagarh,2026-08-02 17:30:00,144.46,152.14,160.41564591390096
Lambagarh,2026-08-02 17:45:00,146.62,145.74,152.79878498797518
Lambagarh,2026-08-02 18:00:00,143.7,155.75,155.3722053848005
Lambagarh,2026-08-02 18:15:00,146.28,149.94,158.98680603294866
Lambagarh,2026-08-02 18:30:00,152.14,149.38,159.5634938107264
Lambagarh,2026-08-02 18:45:00,145.74,147.58,168.02028363756634
Lambagarh,2026-08-02 19:00:00,155.75,149.08,158.20237355820117
Lambagarh,2026-08-02 19:15:00,149.94,136.3,185.38086916666668
Lambagarh,2026-08-02 19:30:00,149.38,135.55,163.9924535582011
Lambagarh,2026-08-02 19:45:00,147.58,139.21,162.5527507804233
Lambagarh,2026-08-02 20:00:00,149.08,127.67,156.77168078042334
Lambagarh,2026-08-02 20:15:00,136.3,131.48,156.49523363756617
Lambagarh,2026-08-02 20:30:00,135.55,131.07,145.47379338744588
Lambagarh,2026-08-02 20:45:00,139.21,139.15,137.61096107263103
Lambagarh,2026-08-02 21:00:00,127.67,125.62,126.42466329485326
Lambagarh,2026-08-02 21:15:00,131.48,137.6,90.97566652116409
Lambagarh,2026-08-02 21:30:00,131.07,130.07,92.50980420634929
Lambagarh,2026-08-02 21:45:00,139.15,119.94,91.16146287037046
Lambagarh,2026-08-02 22:00:00,125.62,132.16,116.85429654882151
Lambagarh,2026-08-02 22:15:00,137.6,136.43,82.9384988888889
Lambagarh,2026-08-02 22:30:00,130.07,135.56,112.0995536652236
Lambagarh,2026-08-02 22:45:00,119.94,110.43,81.92370066137569
Lambagarh,2026-08-02 23:00:00,132.16,109.08,80.87343449735454
Lambagarh,2026-08-02 23:15:00,136.43,79.12,88.80496082010586
Lambagarh,2026-08-02 23:30:00,135.56,91.87,108.88613773929767
Lambagarh,2026-08-02 23:45:00,110.43,86.65,107.50002049062046
Lambagarh,2026-08-03 00:00:00,109.08,85.26,94.95278509259263
Lambagarh,2026-08-03 00:15:00,79.12,86.87,89.19768493386248
Lambagarh,2026-08-03 00:30:00,91.87,90.48,76.8697381746032
Lambagarh,2026-08-03 00:45:00,86.65,68.22,85.81173031746042
Lambagarh,2026-08-03 01:00:00,85.26,69.86,72.76836706349212
Lambagarh,2026-08-03 01:15:00,86.87,71.5,73.218117420635
Lambagarh,2026-08-03 01:30:00,90.48,67.01,70.51366813492069
Lambagarh,2026-08-03 01:45:00,68.22,66.6,78.14234797619052
Lambagarh,2026-08-03 02:00:00,69.86,71.57,71.63390489723244
Lambagarh,2026-08-03 02:15:00,71.5,73.29,76.24636881257634
Lambagarh,2026-08-03 02:30:00,67.01,74.01,71.28988714590966
Lambagarh,2026-08-03 02:45:00,66.6,70.5,82.31524913003666
Lambagarh,2026-08-03 03:00:00,71.57,69.47,78.2174854761905
Lambagarh,2026-08-03 03:15:00,73.29,70.17,70.25805681522186
Lambagarh,2026-08-03 03:30:00,74.01,67.91,69.7317415903541
Lambagarh,2026-08-03 03:45:00,70.5,69.53,69.36313723850232
Lambagarh,2026-08-03 04:00:00,69.47,54.65,73.3773608760684
Lambagarh,2026-08-03 04:15:00,70.17,57.28,74.86697456654457
Lambagarh,2026-08-03 04:30:00,67.91,58.36,73.89278596866097
Lambagarh,2026-08-03 04:45:00,69.53,57.91,71.18551457977208
Lambagarh,2026-08-03 05:00:00,54.65,59.8,72.512870479243
Lambagarh,2026-08-03 05:15:00,57.28,56.31,77.53842865079356
Lambagarh,2026-08-03 05:30:00,58.36,57.65,75.71669281746024
Lambagarh,2026-08-03 05:45:00,57.91,56.81,74.5667657275132
Lambagarh,2026-08-03 06:00:00,59.8,56.44,58.81158533730157
Lambagarh,2026-08-03 06:15:00,56.31,55.62,60.2110710658591
Lambagarh,2026-08-03 06:30:00,57.65,56.29,57.902967350783946
Lambagarh,2026-08-03 06:45:00,56.81,58.3,58.719791370091905
Lambagarh,2026-08-03 07:00:00,56.44,57.11,58.3579881916232
Lambagarh,2026-08-03 07:15:00,55.62,56.79,56.55703382131583
Lambagarh,2026-08-03 07:30:00,56.29,56.56,55.61342628475613
Lambagarh,2026-08-03 07:45:00,58.3,56.6,56.45233646071346
Lambagarh,2026-08-03 08:00:00,57.11,59.45,58.1582010907994
Lambagarh,2026-08-03 08:15:00,56.79,55.79,55.551279307583584
Lambagarh,2026-08-03 08:30:00,56.56,54.3,55.421356968890215
Lambagarh,2026-08-03 08:45:00,56.6,50.41,55.152359933055706
Lambagarh,2026-08-03 09:00:00,59.45,55.11,55.65545312652237
Lambagarh,2026-08-03 09:15:00,55.79,53.49,57.14801337861
Lambagarh,2026-08-03 09:30:00,54.3,50.51,55.88259928793985
Lambagarh,2026-08-03 09:45:00,50.41,56.29,55.323140275183626
Lambagarh,2026-08-03 10:00:00,55.11,56.69,54.92019732623994
Lambagarh,2026-08-03 10:15:00,53.49,54.85,56.118277928760385
Lambagarh,2026-08-03 10:30:00,50.51,56.06,56.148577985485126
Lambagarh,2026-08-03 10:45:00,56.29,55.83,55.513541520622326
Lambagarh,2026-08-03 11:00:00,56.69,53.21,56.9395187585134
Lambagarh,2026-08-03 11:15:00,54.85,57.85,56.64785919470618
Lambagarh,2026-08-03 11:30:00,56.06,55.48,59.7099184125502
Lambagarh,2026-08-03 11:45:00,55.83,81.28,60.58510482226171
Lambagarh,2026-08-03 12:00:00,53.21,75.02,57.80081987673751
Lambagarh,2026-08-03 12:15:00,57.85,101.42,60.038111683316664
Lambagarh,2026-08-03 12:30:00,55.48,118.93,60.846072228651586
Lambagarh,2026-08-03 12:45:00,81.28,136.95,56.514940429120095
Lambagarh,2026-08-03 13:00:00,75.02,130.34,75.65662914021169
Lambagarh,2026-08-03 13:15:00,101.42,137.15,82.74484067460324
Lambagarh,2026-08-03 13:30:00,118.93,135.87,89.18615051587308
Lambagarh,2026-08-03 13:45:00,136.95,139.43,109.75829036435793
Lambagarh,2026-08-03 14:00:00,130.34,144.5,156.09355517316015
Lambagarh,2026-08-03 14:15:00,137.15,147.62,120.04406250000012
Lambagarh,2026-08-03 14:30:00,135.87,151.54,152.74097902236656
Lambagarh,2026-08-03 14:45:00,139.43,154.23,145.90314817580577
Lambagarh,2026-08-03 15:00:00,144.5,162.97,152.86257952501214
Lambagarh,2026-08-03 15:15:00,147.62,164.11,148.8840338900915
Lambagarh,2026-08-03 15:30:00,151.54,176.84,150.95232236892747
Lambagarh,2026-08-03 15:45:00,154.23,169.31,167.59853829485343
Lambagarh,2026-08-03 16:00:00,162.97,178.35,179.69261642857157
Lambagarh,2026-08-03 16:15:00,164.11,171.23,188.57930119047631
Lambagarh,2026-08-03 16:30:00,176.84,169.72,188.18259869047634
Lambagarh,2026-08-03 16:45:00,169.31,165.25,193.4618797222223
Lambagarh,2026-08-03 17:00:00,178.35,166.46,193.66571575396839
Lambagarh,2026-08-03 17:15:00,171.23,177.21,196.47433492063496
Lambagarh,2026-08-03 17:30:00,169.72,172.95,199.22192948412686
Lambagarh,2026-08-03 17:45:00,165.25,176.06,195.65230320105815
Lambagarh,2026-08-03 18:00:00,166.46,167.6,200.47310503968245
Lambagarh,2026-08-03 18:15:00,177.21,167.52,195.67221431216922
Lambagarh,2026-08-03 18:45:00,172.95,153.38,196.28693669312162
Lambagarh,2026-08-03 19:00:00,176.06,157.37,194.0424143650794
Lambagarh,2026-08-03 19:15:00,167.6,146.88,194.98523174603164
Lambagarh,2026-08-03 19:30:00,167.52,147.08,200.45632726190462
Lambagarh,2026-08-03 19:45:00,153.38,143.43,196.02874208994703
Lambagarh,2026-08-03 20:00:00,157.37,144.69,198.41808234126975
Lambagarh,2026-08-03 20:15:00,146.88,125.68,191.33386444444443
Lambagarh,2026-08-03 20:30:00,147.08,135.23,161.49247760582
Lambagarh,2026-08-03 20:45:00,143.43,130.81,157.70987522486774
Lambagarh,2026-08-03 21:00:00,144.69,128.15,151.22093026455025
Lambagarh,2026-08-03 21:15:00,125.68,131.85,147.19208202501207
Lambagarh,2026-08-03 21:30:00,135.23,132.46,96.65375517195773
Lambagarh,2026-08-03 21:45:00,130.81,131.82,110.17963922077918
Lambagarh,2026-08-03 22:00:00,128.15,131.01,84.01335153439157
Lambagarh,2026-08-03 22:15:00,131.85,126.75,84.6098742063492
Lambagarh,2026-08-03 22:30:00,132.46,124.8,86.48408497354501
Lambagarh,2026-08-03 22:45:00,131.82,96.44,88.99786142857144
Lambagarh,2026-08-03 23:00:00,131.01,114.88,89.01926531746032
Lambagarh,2026-08-03 23:15:00,126.75,114.68,83.36282976190475
Lambagarh,2026-08-03 23:30:00,124.8,117.4,82.27532767195768
Lambagarh,2026-08-03 23:45:00,96.44,91.67,82.73023738095239
Lambagarh,2026-08-04 00:00:00,114.88,90.04,84.91446771164026
Lambagarh,2026-08-04 00:15:00,114.68,75.76,96.62516787037042
Lambagarh,2026-08-04 00:30:00,117.4,75.45,96.91138255291013
Lambagarh,2026-08-04 00:45:00,91.67,73.31,102.59807414021171
Lambagarh,2026-08-04 01:00:00,90.04,74.33,84.94629142857151
Lambagarh,2026-08-04 01:15:00,75.76,65.52,84.04061031746039
Lambagarh,2026-08-04 01:30:00,75.45,68.24,75.16908170634926
Lambagarh,2026-08-04 01:45:00,73.31,66.5,73.69915150793649
Lambagarh,2026-08-04 02:00:00,74.33,67.01,71.83008948717955
Lambagarh,2026-08-04 02:15:00,65.52,65.95,69.88944135225896
Lambagarh,2026-08-04 02:30:00,68.24,66.06,78.70819560846569
Lambagarh,2026-08-04 02:45:00,66.5,65.26,77.68172369352871
Lambagarh,2026-08-04 03:00:00,67.01,59.96,79.33980309523814
Lambagarh,2026-08-04 03:15:00,65.95,55.82,80.95464774114772
Lambagarh,2026-08-04 03:30:00,66.06,59.13,84.69687138888887
Lambagarh,2026-08-04 03:45:00,65.26,56.96,68.11174269841267
Lambagarh,2026-08-04 04:00:00,59.96,57.98,74.87920441798933
Lambagarh,2026-08-04 04:15:00,55.82,59.93,60.70626693121697
Lambagarh,2026-08-04 04:30:00,59.13,58.46,55.476794920634916
Lambagarh,2026-08-04 04:45:00,56.96,60.65,56.188124551282066
Lambagarh,2026-08-04 05:00:00,57.98,59.31,57.7908382822793
Lambagarh,2026-08-04 05:15:00,59.93,64.37,56.157890197486424
Lambagarh,2026-08-04 05:30:00,58.46,61.15,56.45449904401153
Lambagarh,2026-08-04 05:45:00,60.65,64.64,56.45828350432899
Lambagarh,2026-08-04 06:00:00,59.31,62.45,55.640560633562366
Lambagarh,2026-08-04 06:15:00,64.37,58.29,56.820218522580724
Lambagarh,2026-08-04 06:30:00,61.15,58.98,56.85446984948801
Lambagarh,2026-08-04 06:45:00,64.64,60.11,55.23694486308034
Lambagarh,2026-08-04 07:00:00,62.45,59.47,54.45638753252693
Lambagarh,2026-08-04 07:15:00,58.29,59.89,52.26031816598118
Lambagarh,2026-08-04 07:30:00,58.98,57.7,54.10457786813086
Lambagarh,2026-08-04 07:45:00,60.11,58.52,55.12155254078981
Lambagarh,2026-08-04 08:00:00,59.47,58.65,56.23140930675968
Lambagarh,2026-08-04 08:15:00,59.89,57.45,55.541316869800575
Lambagarh,2026-08-04 08:30:00,57.7,58.8,55.58301798069641
Lambagarh,2026-08-04 08:45:00,58.52,60.82,56.80668297284033
Lambagarh,2026-08-04 09:00:00,58.65,61.74,56.733934335449895
Lambagarh,2026-08-04 09:15:00,57.45,61.32,57.09379369795518
Lambagarh,2026-08-04 09:30:00,58.8,63.17,56.22529830648131
Lambagarh,2026-08-04 09:45:00,60.82,58.61,56.36438143234565
Lambagarh,2026-08-04 10:00:00,61.74,61.12,56.264547845248636
Lambagarh,2026-08-04 10:15:00,61.32,59.03,55.70117289190405
Lambagarh,2026-08-04 10:30:00,63.17,58.89,56.4263345832546
Lambagarh,2026-08-04 10:45:00,58.61,60.28,55.62311595927447
Lambagarh,2026-08-04 11:00:00,61.12,60.69,56.01479961598447
Lambagarh,2026-08-04 11:15:00,59.03,59.95,55.87119483678217
Lambagarh,2026-08-04 11:30:00,58.89,60.08,56.684738656162445
Lambagarh,2026-08-04 11:45:00,60.28,58.09,56.45907139102196
Lambagarh,2026-08-04 12:00:00,60.69,58.77,56.65395641099726
Lambagarh,2026-08-04 12:15:00,59.95,58.53,56.46400885521969
Lambagarh,2026-08-04 12:30:00,60.08,76.15,56.90909263805479
Lambagarh,2026-08-04 12:45:00,58.09,79.31,57.1988345316484
Lambagarh,2026-08-04 13:00:00,58.77,77.8,58.70468254385831
Lambagarh,2026-08-04 13:15:00,58.53,111.71,57.79148857249198
Lambagarh,2026-08-04 13:30:00,76.15,113.71,58.90048867531948
Lambagarh,2026-08-04 13:45:00,79.31,125.63,70.14448566903374
Lambagarh,2026-08-04 14:00:00,77.8,126.42,68.1266385317461
Lambagarh,2026-08-04 14:15:00,111.71,135.2,81.4992667989418
Lambagarh,2026-08-04 14:30:00,113.71,132.04,98.77421349206344
Lambagarh,2026-08-04 14:45:00,125.63,130.05,95.83117193121697
Lambagarh,2026-08-04 15:00:00,126.42,133.95,119.90824347883601
Lambagarh,2026-08-04 15:15:00,135.2,137.81,114.86335764550272
Lambagarh,2026-08-04 15:30:00,132.04,130.57,152.62126465728724
Lambagarh,2026-08-04 15:45:00,130.05,143.79,133.97310956349222
Lambagarh,2026-08-04 16:00:00,133.95,146.79,119.361140436508
Lambagarh,2026-08-04 16:15:00,137.81,139.07,129.76618284391537
Lambagarh,2026-08-04 16:30:00,130.57,152.78,146.2980677789803
Lambagarh,2026-08-04 16:45:00,143.79,149.31,106.75082805555557
Lambagarh,2026-08-04 17:00:00,146.79,149.62,139.719999525012
Lambagarh,2026-08-04 17:15:00,139.07,155.6,144.71542214405972
Lambagarh,2026-08-04 17:30:00,152.78,156.42,144.9066862710438
Lambagarh,2026-08-04 17:45:00,149.31,152.32,174.57102686628207
Lambagarh,2026-08-04 18:00:00,149.62,167.85,158.27214824074088
Lambagarh,2026-08-04 18:15:00,155.6,168.53,160.78396855820117
Lambagarh,2026-08-04 18:30:00,156.42,171.93,182.89513996031755
Lambagarh,2026-08-04 18:45:00,152.32,167.82,185.7180847222223
Lambagarh,2026-08-04 19:00:00,167.85,171.01,170.25901855820123
Lambagarh,2026-08-04 19:15:00,168.53,154.95,192.42318027777787
Lambagarh,2026-08-04 19:30:00,171.93,151.89,193.37425388888894
Lambagarh,2026-08-04 19:45:00,167.82,154.8,194.93867611111114
Lambagarh,2026-08-04 20:00:00,171.01,162.87,195.37369597883588
Lambagarh,2026-08-04 20:15:00,154.95,170.56,195.78449542328033
Lambagarh,2026-08-04 20:30:00,151.89,160.56,194.09906486772485
Lambagarh,2026-08-04 20:45:00,154.8,148.5,172.50095300264556
Lambagarh,2026-08-04 21:00:00,162.87,147.13,188.53673074074078
Lambagarh,2026-08-04 21:15:00,170.56,139.77,185.56743960317453
Lambagarh,2026-08-04 21:30:00,160.56,138.88,189.19616460317457
Lambagarh,2026-08-04 21:45:00,148.5,132.67,186.03647579365077
Lambagarh,2026-08-04 22:00:00,147.13,127.84,153.81716111111112
Lambagarh,2026-08-04 22:15:00,139.77,131.31,153.4284937566138
Lambagarh,2026-08-04 22:30:00,138.88,138.84,151.47737825396828
Lambagarh,2026-08-04 22:45:00,132.67,133.06,139.93418063612316
Lambagarh,2026-08-04 23:00:00,127.84,135.05,94.35133335978837
Lambagarh,2026-08-04 23:15:00,131.31,123.72,82.38757677248678
Lambagarh,2026-08-04 23:30:00,138.84,121.46,88.7451745502646
Lambagarh,2026-08-04 23:45:00,133.06,115.65,117.01488318903318
Lambagarh,2026-08-05 00:00:00,135.05,114.47,117.56694874338633
Lambagarh,2026-08-05 00:15:00,123.72,91.44,130.0425517207793
Lambagarh,2026-08-05 00:30:00,121.46,99.74,101.10554989417993
Lambagarh,2026-08-05 00:45:00,115.65,93.56,100.68656671957675
Lambagarh,2026-08-05 01:00:00,114.47,79.01,98.57386981481484
Lambagarh,2026-08-05 01:15:00,91.44,73.71,95.05908445767197
Lambagarh,2026-08-05 01:30:00,99.74,69.28,84.86489476190486
Lambagarh,2026-08-05 01:45:00,93.56,67.4,87.93060402116406
Lambagarh,2026-08-05 02:00:00,79.01,70.56,78.05770599206356
Lambagarh,2026-08-05 02:15:00,73.71,61.21,68.81773857142866
Lambagarh,2026-08-05 02:30:00,69.28,61.44,67.82967139194145
Lambagarh,2026-08-05 02:45:00,67.4,62.14,71.91802341575098
Lambagarh,2026-08-05 03:00:00,70.56,59.25,75.60780029405782
Lambagarh,2026-08-05 03:15:00,61.21,57.77,76.92470991045997
Lambagarh,2026-08-05 03:30:00,61.44,57.9,78.99485287037035
Lambagarh,2026-08-05 03:45:00,62.14,61.21,84.89053214285713
Lambagarh,2026-08-05 04:00:00,59.25,58.67,87.85958238095235
Lambagarh,2026-08-05 04:15:00,57.77,52.68,61.002292539682564
Lambagarh,2026-08-05 04:30:00,57.9,55.28,61.5009126190476
Lambagarh,2026-08-05 04:45:00,61.21,56.18,59.798637380952364
Lambagarh,2026-08-05 05:00:00,58.67,56.93,58.335740714285734
Lambagarh,2026-08-05 05:15:00,52.68,54.04,55.772366514284464
Lambagarh,2026-08-05 05:30:00,55.28,54.19,54.990612747572364
Lambagarh,2026-08-05 05:45:00,56.18,50.55,55.10788672800296
Lambagarh,2026-08-05 06:00:00,56.93,53.77,55.92601767221405
Lambagarh,2026-08-05 06:15:00,54.04,51.63,56.485894758490296
Lambagarh,2026-08-05 06:30:00,54.19,52.7,54.52020327424825
Lambagarh,2026-08-05 06:45:00,50.55,53.8,54.49031583528861
Lambagarh,2026-08-05 07:00:00,53.77,54.84,53.85273852821243
Lambagarh,2026-08-05 07:15:00,51.63,56.86,61.41814380102987
Lambagarh,2026-08-05 07:30:00,52.7,57.01,57.01824829873759
Lambagarh,2026-08-05 07:45:00,53.8,56.21,56.65077983043617
Lambagarh,2026-08-05 08:00:00,54.84,57.62,56.13299787353763
Lambagarh,2026-08-05 08:15:00,56.86,57.09,59.57478003666086
Lambagarh,2026-08-05 08:30:00,57.01,57.58,59.1454860627214
Lambagarh,2026-08-05 08:45:00,56.21,55.56,61.1166063351007
Lambagarh,2026-08-05 09:00:00,57.62,56.13,58.66874377929254
Lambagarh,2026-08-05 09:15:00,57.09,58.53,60.535210891766944
Lambagarh,2026-08-05 09:30:00,57.58,54.86,60.33027068253175
Lambagarh,2026-08-05 09:45:00,55.56,56.67,56.59490715441967
Lambagarh,2026-08-05 10:00:00,56.13,54.73,56.954699490324515
Lambagarh,2026-08-05 10:15:00,58.53,55.84,57.17091334975452
Lambagarh,2026-08-05 10:30:00,54.86,58.37,58.26412985182546
Lambagarh,2026-08-05 10:45:00,56.67,50.4,56.69960358583602
Lambagarh,2026-08-05 11:00:00,54.73,56.09,57.841067404272366
Lambagarh,2026-08-05 11:15:00,55.84,57.37,55.75872252455129
Lambagarh,2026-08-05 11:30:00,58.37,57.73,55.67596017212982
Lambagarh,2026-08-05 11:45:00,50.4,58.98,57.43761779938416
Lambagarh,2026-08-05 12:00:00,56.09,63.42,55.55723315349616
Lambagarh,2026-08-05 12:15:00,57.37,63.22,56.082862732535325
Lambagarh,2026-08-05 12:30:00,57.73,71.91,60.58386236443775
Lambagarh,2026-08-05 12:45:00,58.98,72.9,58.17304236131901
Lambagarh,2026-08-05 13:00:00,63.42,71.89,61.11674683189097
Lambagarh,2026-08-05 13:15:00,63.22,85.11,56.64558064226574
Lambagarh,2026-08-05 13:30:00,71.91,86.5,57.92118166635073
Lambagarh,2026-08-05 13:45:00,72.9,123.6,75.67612767195777
Lambagarh,2026-08-05 14:00:00,71.89,117.72,77.9344563492064
Lambagarh,2026-08-05 14:15:00,85.11,129.07,81.16722919312174
Lambagarh,2026-08-05 14:30:00,86.5,131.23,82.84007687830696
Lambagarh,2026-08-05 14:45:00,123.6,147.63,83.25757876984133
Lambagarh,2026-08-05 15:00:00,117.72,136.66,114.67478310245318
Lambagarh,2026-08-05 15:15:00,129.07,138.02,111.31683353174611
Lambagarh,2026-08-05 15:30:00,131.23,140.53,129.61841637566147
Lambagarh,2026-08-05 15:45:00,147.63,141.02,132.8619728968256
Lambagarh,2026-08-05 16:00:00,136.66,152.63,159.3442301334777
Lambagarh,2026-08-05 16:15:00,138.02,166.72,154.52330439273695
Lambagarh,2026-08-05 16:30:00,140.53,160.41,156.92514396945657
Lambagarh,2026-08-05 16:45:00,141.02,165.48,151.83599078162592
Lambagarh,2026-08-05 17:00:00,152.63,158.4,146.070349445647
Lambagarh,2026-08-05 17:15:00,166.72,157.37,162.893102845118
Lambagarh,2026-08-05 17:30:00,160.41,161.73,184.44317047619063
Lambagarh,2026-08-05 17:45:00,165.48,170.38,189.87876555555567
Lambagarh,2026-08-05 18:00:00,158.4,173.8,191.48890472222237
Lambagarh,2026-08-05 18:15:00,157.37,168.76,188.72628638888895
Lambagarh,2026-08-05 18:30:00,161.73,188.8,187.89944250000005
Lambagarh,2026-08-05 18:45:00,170.38,176.53,190.72597694444445
Lambagarh,2026-08-05 19:00:00,173.8,173.52,192.99825333333334
Lambagarh,2026-08-05 19:15:00,168.76,171.46,194.9183688888889
Lambagarh,2026-08-05 19:30:00,188.8,173.22,193.94418603174603
Lambagarh,2026-08-05 19:45:00,176.53,169.72,201.04332724867734
Lambagarh,2026-08-05 20:00:00,173.52,168.48,199.5795148677249
Lambagarh,2026-08-05 20:15:00,171.46,171.5,199.103900978836
Lambagarh,2026-08-05 20:30:00,173.22,172.95,203.81637515873007
Lambagarh,2026-08-05 21:00:00,169.72,177.45,194.48222297619031
Lambagarh,2026-08-05 21:15:00,168.48,172.21,191.24692724867717
Lambagarh,2026-08-05 21:30:00,171.5,166.91,190.94017613756603
Lambagarh,2026-08-05 21:45:00,172.95,171.74,191.38825740740722
Lambagarh,2026-08-05 22:00:00,177.45,165.6,188.88771277777766
Lambagarh,2026-08-05 22:15:00,172.21,167.64,188.36701539682537
Lambagarh,2026-08-05 22:30:00,166.91,160.75,188.82026261904758
Lambagarh,2026-08-05 22:45:00,171.74,167.36,188.73632261904757
Lambagarh,2026-08-05 23:00:00,165.6,155.16,192.60069556878292
Lambagarh,2026-08-05 23:15:00,167.64,240.68,187.80249761904756
Lambagarh,2026-08-05 23:30:00,160.75,229.93,186.31289767195764
Lambagarh,2026-08-05 23:45:00,167.36,210.51,187.04626992063484
Lambagarh,2026-08-06 00:00:00,155.16,198.47,193.67463738095228
Lambagarh,2026-08-06 00:45:00,240.68,194.63,190.45267444444448
Lambagarh,2026-08-06 01:00:00,229.93,348.7,198.7462930952381
Lambagarh,2026-08-06 01:15:00,210.51,301.09,198.9118992063492
Lambagarh,2026-08-06 01:30:00,198.47,293.52,198.15995071428574
Lambagarh,2026-08-06 01:45:00,194.63,184.34,206.24755222222208
Lambagarh,2026-08-06 02:45:00,348.7,184.44,206.27162444444429
Lambagarh,2026-08-06 03:00:00,301.09,142.88,206.27162444444429
Lambagarh,2026-08-06 03:15:00,293.52,172.1,206.35715499999984
Lambagarh,2026-08-06 03:30:00,184.34,203.56,207.0572851587299
Lambagarh,2026-08-06 03:45:00,184.44,177.62,207.11534515872995
Lambagarh,2026-08-06 04:00:00,142.88,200.28,207.11534515872995
Lambagarh,2026-08-06 04:30:00,172.1,203.98,176.02796121693117
Lambagarh,2026-08-06 04:45:00,203.56,199.28,203.1829359523808
Lambagarh,2026-08-06 05:00:00,177.62,191.93,205.44688888888868
Lambagarh,2026-08-06 05:15:00,200.28,171.36,193.64492746031743
Lambagarh,2026-08-06 05:30:00,203.98,156.78,201.73142931216927
Lambagarh,2026-08-06 05:45:00,199.28,157.9,207.1698629365077
Lambagarh,2026-08-06 06:00:00,191.93,190.79,206.72021892857126
Lambagarh,2026-08-06 06:15:00,171.36,173.02,203.6496428968252
Lambagarh,2026-08-06 06:30:00,156.78,167.45,204.86956539682527
Lambagarh,2026-08-06 06:45:00,157.9,163.06,202.11231833333318
Lambagarh,2026-08-06 07:00:00,190.79,142.66,200.08114380952367
Lambagarh,2026-08-06 07:15:00,173.02,144.97,198.9881153439153
Lambagarh,2026-08-06 07:30:00,167.45,140.14,194.41190246031744
Lambagarh,2026-08-06 07:45:00,163.06,75.06,195.13573579365078
Lambagarh,2026-08-06 08:00:00,142.66,94.17,202.70915880952367
Lambagarh,2026-08-06 08:15:00,144.97,92.19,168.78524914021173
Lambagarh,2026-08-06 08:30:00,140.14,86.93,167.2978619708995
Lambagarh,2026-08-06 08:45:00,75.06,89.49,165.3067273677249
Lambagarh,2026-08-06 09:00:00,94.17,86.69,74.97760805860808
Lambagarh,2026-08-06 09:15:00,92.19,74.3,83.26523203703708
Lambagarh,2026-08-06 09:30:00,86.93,68.28,77.80495900793657
Lambagarh,2026-08-06 09:45:00,89.49,77.51,66.1699230423281
Lambagarh,2026-08-06 10:00:00,86.69,79.91,72.59254587301591
Lambagarh,2026-08-06 10:15:00,74.3,89.86,66.98485940476195
Lambagarh,2026-08-06 10:30:00,68.28,94.31,68.04749272792027
Lambagarh,2026-08-06 10:45:00,77.51,102.7,75.81153547924298
Lambagarh,2026-08-06 11:00:00,79.91,109.49,68.79718788359787
Lambagarh,2026-08-06 11:15:00,89.86,131.54,71.08853791005293
Lambagarh,2026-08-06 11:30:00,94.31,133.06,78.81609673280427
Lambagarh,2026-08-06 11:45:00,102.7,142.45,74.43654492063489
Lambagarh,2026-08-06 12:00:00,109.49,144.42,85.76161821428568
Lambagarh,2026-08-06 12:15:00,131.54,143.24,96.97104178571428
Lambagarh,2026-08-06 12:30:00,133.06,146.3,144.6733701851853
Lambagarh,2026-08-06 12:45:00,142.45,139.89,145.97895936507945
Lambagarh,2026-08-06 13:00:00,144.42,140.38,161.24526918109677
Lambagarh,2026-08-06 13:15:00,143.24,140.64,155.6088342075518
Lambagarh,2026-08-06 13:30:00,146.3,143.45,160.43873217051478
Lambagarh,2026-08-06 13:45:00,139.89,144.81,161.89816765993277
Lambagarh,2026-08-06 14:00:00,140.38,145.22,158.87956395622902
Lambagarh,2026-08-06 14:15:00,140.64,155.68,152.8653835594037
Lambagarh,2026-08-06 14:30:00,143.45,160.39,152.70351967051482
Lambagarh,2026-08-06 14:45:00,144.81,155.57,154.27693451178467
Lambagarh,2026-08-06 15:00:00,145.22,161.55,154.83646149591164
Lambagarh,2026-08-06 15:15:00,155.68,168.04,155.296274829245
Lambagarh,2026-08-06 15:30:00,160.39,176.49,182.82701063492073
Lambagarh,2026-08-06 15:45:00,155.57,181.08,187.52414527777785
Lambagarh,2026-08-06 16:00:00,161.55,176.97,186.8228680555557
Lambagarh,2026-08-06 16:15:00,168.04,183.66,189.83597194444445
Lambagarh,2026-08-06 16:30:00,176.49,183.31,191.72117361111114
Lambagarh,2026-08-06 16:45:00,181.08,201.2,193.82871083333342
Lambagarh,2026-08-06 17:00:00,176.97,187.16,196.5187140873017
Lambagarh,2026-08-06 17:15:00,183.66,180.24,196.50436042328042
Lambagarh,2026-08-06 17:30:00,183.31,185.48,203.19926694444428
Lambagarh,2026-08-06 17:45:00,201.2,180.56,204.57591115079344
Lambagarh,2026-08-06 18:00:00,187.16,179.27,205.84573916666662
Lambagarh,2026-08-06 18:30:00,180.24,182.45,207.20008142857128
Lambagarh,2026-08-06 18:45:00,185.48,162.73,206.92247753968235
Lambagarh,2026-08-06 19:00:00,180.56,190.13,208.0742511111109
Lambagarh,2026-08-06 19:15:00,179.27,167.94,204.71160095238065
Lambagarh,2026-08-06 19:30:00,182.45,185.33,204.33405670634892
Lambagarh,2026-08-06 19:45:00,162.73,174.43,204.62611706349176
Lambagarh,2026-08-06 20:00:00,190.13,175.88,204.26594218253953
Lambagarh,2026-08-06 20:15:00,167.94,165.54,207.3476998809522
Lambagarh,2026-08-06 20:30:00,185.33,155.08,204.40770900793632
Lambagarh,2026-08-06 20:45:00,174.43,166.34,198.243167063492
Lambagarh,2026-08-06 21:00:00,175.88,162.86,201.03477055555538
Lambagarh,2026-08-06 21:15:00,165.54,153.56,193.8400107407407
Lambagarh,2026-08-06 21:30:00,155.08,138.26,198.46196103174583
Lambagarh,2026-08-06 21:45:00,166.34,137.49,189.86586455026458
Lambagarh,2026-08-06 22:00:00,162.86,133.59,194.44309025132267
Lambagarh,2026-08-06 22:15:00,153.56,127.0,184.90185552910052
Lambagarh,2026-08-06 22:30:00,138.26,125.03,182.08973632275135
Lambagarh,2026-08-06 22:45:00,137.49,125.21,151.60609063492066
Lambagarh,2026-08-06 23:00:00,133.59,143.34,143.76462052910054
Lambagarh,2026-08-06 23:15:00,127.0,142.47,118.6949432275132
Lambagarh,2026-08-06 23:30:00,125.03,146.28,82.0571956613757
Lambagarh,2026-08-06 23:45:00,125.21,156.83,81.76029018518524
Lambagarh,2026-08-07 00:00:00,143.34,152.4,103.75140302910056
Lambagarh,2026-08-07 00:15:00,142.47,131.09,144.5059015885041
Lambagarh,2026-08-07 00:30:00,146.28,143.51,144.2645643662819
Lambagarh,2026-08-07 00:45:00,156.83,149.12,147.30055293771045
Lambagarh,2026-08-07 01:00:00,152.4,144.8,180.45735003968275
Lambagarh,2026-08-07 01:15:00,131.09,95.7,167.59735538359803
Lambagarh,2026-08-07 01:30:00,143.51,86.76,118.9171404100529
Lambagarh,2026-08-07 01:45:00,149.12,71.26,160.56006865199626
Lambagarh,2026-08-07 02:00:00,144.8,54.44,164.60234166786927
Lambagarh,2026-08-07 02:15:00,95.7,56.17,157.7727656228957
Lambagarh,2026-08-07 02:30:00,86.76,57.86,80.66620235449743
Lambagarh,2026-08-07 02:45:00,71.26,56.06,76.83071932539688
Lambagarh,2026-08-07 03:00:00,54.44,56.91,75.41130329670332
Lambagarh,2026-08-07 03:15:00,56.17,55.38,75.71771068783069
Lambagarh,2026-08-07 03:30:00,57.86,54.75,77.4408274603175
Lambagarh,2026-08-07 03:45:00,56.06,56.12,79.41373461640214
Lambagarh,2026-08-07 04:00:00,56.91,52.89,71.88770742063492
Lambagarh,2026-08-07 04:15:00,55.38,53.4,72.52601043650797
Lambagarh,2026-08-07 04:30:00,54.75,53.61,70.67316670174837
Lambagarh,2026-08-07 04:45:00,56.12,54.9,71.75554176673569
Lambagarh,2026-08-07 05:00:00,52.89,54.84,71.55688891654643
Lambagarh,2026-08-07 05:15:00,53.4,53.97,58.648695453635746
Lambagarh,2026-08-07 05:30:00,53.61,54.06,59.94104646644582
Lambagarh,2026-08-07 05:45:00,54.9,56.84,56.12785154000555
Lambagarh,2026-08-07 06:00:00,54.84,59.15,56.98582187273113
Lambagarh,2026-08-07 06:15:00,53.97,61.91,57.48611844690973
Lambagarh,2026-08-07 06:30:00,54.06,57.69,57.85420134429773
Lambagarh,2026-08-07 06:45:00,56.84,61.28,55.183777825862066
Lambagarh,2026-08-07 07:00:00,59.15,61.36,60.69162401788093
Lambagarh,2026-08-07 07:15:00,61.91,62.16,59.80560343613175
Lambagarh,2026-08-07 07:30:00,57.69,70.14,57.77910373917748
Lambagarh,2026-08-07 07:45:00,61.28,67.79,57.26231981190808
Lambagarh,2026-08-07 08:00:00,61.36,65.34,57.94633444264067
Lambagarh,2026-08-07 08:15:00,62.16,71.7,58.6866066304258
Lambagarh,2026-08-07 08:30:00,70.14,62.95,57.685262875615734
Lambagarh,2026-08-07 08:45:00,67.79,67.02,74.4434273886105
Lambagarh,2026-08-07 09:00:00,65.34,67.36,76.354918407129
Lambagarh,2026-08-07 09:15:00,71.7,70.26,65.78560277882207
Lambagarh,2026-08-07 09:30:00,62.95,70.18,81.21105617724878
Lambagarh,2026-08-07 09:45:00,67.02,72.09,92.80113396825388
Lambagarh,2026-08-07 10:00:00,67.36,68.59,78.63737033834592
Lambagarh,2026-08-07 10:15:00,70.26,65.28,77.23812954008947
Lambagarh,2026-08-07 10:30:00,70.18,66.44,78.0900618065999
Lambagarh,2026-08-07 10:45:00,72.09,66.1,72.16620815120066
Lambagarh,2026-08-07 11:00:00,68.59,64.03,70.98729047924304
Lambagarh,2026-08-07 11:15:00,65.28,66.39,74.8304788125763
Lambagarh,2026-08-07 11:30:00,66.44,66.33,69.24564242063484
Lambagarh,2026-08-07 11:45:00,66.1,69.54,71.42499112433855
Lambagarh,2026-08-07 12:00:00,64.03,65.95,73.74501207875447
Lambagarh,2026-08-07 12:15:00,66.39,56.81,62.76990033834582
Lambagarh,2026-08-07 12:30:00,66.33,58.19,66.47432069548869
Lambagarh,2026-08-07 12:45:00,69.54,57.33,66.26518633040934
Lambagarh,2026-08-07 13:00:00,65.95,60.51,69.55496597631898
Lambagarh,2026-08-07 13:15:00,56.81,104.64,64.23937011551311
Lambagarh,2026-08-07 13:30:00,58.19,103.7,64.4886039097744
Lambagarh,2026-08-07 13:45:00,57.33,123.82,76.17940318783066
Lambagarh,2026-08-07 14:00:00,60.51,119.34,74.07778058302813
Lambagarh,2026-08-07 14:15:00,104.64,145.51,67.21190775335775
Lambagarh,2026-08-07 14:30:00,103.7,141.96,85.70219391534387
Lambagarh,2026-08-07 14:45:00,123.82,149.53,84.09923145502641
Lambagarh,2026-08-07 15:00:00,119.34,148.64,123.63266558201065
Lambagarh,2026-08-07 15:15:00,145.51,139.23,103.91713046296302
Lambagarh,2026-08-07 15:30:00,141.96,141.0,157.28915775252526
Lambagarh,2026-08-07 15:45:00,149.53,134.14,157.1528463504089
Lambagarh,2026-08-07 16:00:00,148.64,140.65,158.416615450938
Lambagarh,2026-08-07 16:15:00,139.23,139.65,161.8285685329486
Lambagarh,2026-08-07 16:30:00,141.0,142.16,162.48607900913902
Lambagarh,2026-08-07 16:45:00,134.14,139.5,156.19475385040892
Lambagarh,2026-08-07 17:00:00,140.65,143.66,132.76684220899477
Lambagarh,2026-08-07 17:15:00,139.65,145.75,140.00511746152003
Lambagarh,2026-08-07 17:30:00,142.16,142.95,140.16025912818668
Lambagarh,2026-08-07 17:45:00,139.5,137.05,140.81995476310732
Lambagarh,2026-08-07 18:00:00,143.66,137.72,155.26390594035607
Lambagarh,2026-08-07 18:15:00,145.75,137.46,154.72750038480052
Lambagarh,2026-08-07 18:30:00,142.95,135.93,155.24324816257828
Lambagarh,2026-08-07 18:45:00,137.05,133.49,153.17826443241958
Lambagarh,2026-08-07 19:00:00,137.72,135.81,149.46140107263116
Lambagarh,2026-08-07 19:15:00,137.46,138.22,149.66245885040894
Lambagarh,2026-08-07 19:30:00,135.93,142.02,133.94278481601734
Lambagarh,2026-08-07 19:45:00,133.49,140.71,128.98187259379517
Lambagarh,2026-08-07 20:00:00,135.81,139.99,109.17000858465612
Lambagarh,2026-08-07 20:15:00,138.22,146.85,116.91876830808081
Lambagarh,2026-08-07 20:30:00,142.02,146.56,127.321726509139
Lambagarh,2026-08-07 20:45:00,140.71,137.43,126.03355690596446
Lambagarh,2026-08-07 21:00:00,139.99,138.39,123.1120816281866
Lambagarh,2026-08-07 21:15:00,146.85,128.29,125.45634551707549
Lambagarh,2026-08-07 21:30:00,146.56,129.1,140.07052693241954
Lambagarh,2026-08-07 21:45:00,137.43,95.41,139.07106375781632
Lambagarh,2026-08-07 22:00:00,138.39,85.46,132.5010779906205
Lambagarh,2026-08-07 22:15:00,128.29,84.35,139.04645508056763
Lambagarh,2026-08-07 22:30:00,129.1,63.8,83.05575423280426
Lambagarh,2026-08-07 22:45:00,95.41,52.59,82.13991947089951
Lambagarh,2026-08-07 23:00:00,85.46,53.49,77.84189906084663
Lambagarh,2026-08-07 23:15:00,84.35,50.87,70.88431793650795
Lambagarh,2026-08-07 23:30:00,63.8,52.4,70.32331849206352
Lambagarh,2026-08-07 23:45:00,52.59,49.76,70.21084710317461
Lambagarh,2026-08-08 00:00:00,53.49,49.21,77.9129021957672
Lambagarh,2026-08-08 00:15:00,50.87,62.16,80.32834974867725
Lambagarh,2026-08-08 00:30:00,52.4,60.08,66.3863869708995
Lambagarh,2026-08-08 00:45:00,49.76,62.74,71.37644617724871
Lambagarh,2026-08-08 01:00:00,49.21,63.95,52.03915179894181
Lambagarh,2026-08-08 01:15:00,62.16,73.23,49.54337870370368
Lambagarh,2026-08-08 01:30:00,60.08,74.72,70.61542194444448
Lambagarh,2026-08-08 01:45:00,62.74,74.87,64.90806455026447
Lambagarh,2026-08-08 02:00:00,63.95,76.83,63.633058302209704
Lambagarh,2026-08-08 02:15:00,73.23,69.39,62.08053355820103
Lambagarh,2026-08-08 02:30:00,74.72,68.92,69.37737051892555
Lambagarh,2026-08-08 02:45:00,74.87,70.32,78.44375989417995
Lambagarh,2026-08-08 03:00:00,76.83,72.31,81.28494985449743
Lambagarh,2026-08-08 03:15:00,69.39,71.11,83.27082408730165
Lambagarh,2026-08-08 03:30:00,68.92,68.9,86.97903772486781
Lambagarh,2026-08-08 03:45:00,70.32,66.2,88.51112726190486
Lambagarh,2026-08-08 04:00:00,72.31,66.33,88.29738250000005
Lambagarh,2026-08-08 04:15:00,71.11,56.2,72.18340004273509
Lambagarh,2026-08-08 04:30:00,68.9,57.37,79.39997972527473
Lambagarh,2026-08-08 04:45:00,66.2,58.6,75.03078782051281
Lambagarh,2026-08-08 05:00:00,66.33,57.59,76.57098821428572
Lambagarh,2026-08-08 05:15:00,56.2,52.4,72.34321456349201
Lambagarh,2026-08-08 05:30:00,57.37,51.66,79.46682279100524
Lambagarh,2026-08-08 05:45:00,58.6,54.24,56.76558257936511
Lambagarh,2026-08-08 06:00:00,57.59,52.36,58.9685067857143
Lambagarh,2026-08-08 06:15:00,52.4,48.06,60.39118231585909
Lambagarh,2026-08-08 06:30:00,51.66,48.61,57.50637946771892
Lambagarh,2026-08-08 06:45:00,54.24,52.22,55.522365720725176
Lambagarh,2026-08-08 07:00:00,52.36,49.81,56.10042674946496
Lambagarh,2026-08-08 07:15:00,48.06,48.03,57.94577929514929
Lambagarh,2026-08-08 07:30:00,48.61,50.18,46.898552658730175
Lambagarh,2026-08-08 07:45:00,52.22,48.97,47.683362460317475
Lambagarh,2026-08-08 08:00:00,49.81,49.05,57.15422004364065
Lambagarh,2026-08-08 08:15:00,48.03,45.62,47.30856142857144
Lambagarh,2026-08-08 08:30:00,50.18,45.18,45.12863182539684
Lambagarh,2026-08-08 08:45:00,48.97,47.0,54.9228158712121
Lambagarh,2026-08-08 09:00:00,49.05,45.63,45.95916000000001
Lambagarh,2026-08-08 09:15:00,45.62,43.72,45.06129873015873
Lambagarh,2026-08-08 09:30:00,45.18,43.47,43.78874567460317
Lambagarh,2026-08-08 09:45:00,47.0,45.09,43.39065503968254
Lambagarh,2026-08-08 10:00:00,45.63,45.25,44.034243293650796
Lambagarh,2026-08-08 10:15:00,43.72,49.25,42.7106001587302
Lambagarh,2026-08-08 10:30:00,43.47,46.26,41.013453492063555
Lambagarh,2026-08-08 10:45:00,45.09,49.73,41.093452142857195
Lambagarh,2026-08-08 11:00:00,45.25,50.01,40.95224174603177
Lambagarh,2026-08-08 11:15:00,49.25,56.69,41.96534329365082
Lambagarh,2026-08-08 11:30:00,46.26,56.23,44.31916031746031
