pseudocode,building_status,no_building_blocks,pucca_building_blocks,boundary_wall,total_class_rooms,other_rooms,classrooms_in_good_condition,classrooms_needs_minor_repair,classrooms_needs_major_repair,separate_room_for_hm,total_boys_toilet,total_boys_func_toilet,total_girls_toilet,total_girls_func_toilet,total_boys_cwsn_toilet,func_boys_cwsn_friendly,total_girls_cwsn_toilet,func_girls_cwsn_friendly,urinal_boys,urinal_girls,handwash_near_toilet,hand_pump_yn,well_prot_yn,tap_yn,othsrc_yn,well_unprot_yn,pack_water_yn,hand_pump_fun_yn,well_prot_fun_yn,tap_fun_yn,othsrc_fun_yn,well_unprot_fun_yn,pack_water_fun_yn,rain_water_harvesting,handwash_facility_for_meal,electricity_availability,solar_panel,library_availability,book_bank,reading_corner,playground_available,playground_alt_yn,medical_checkups,availability_ramps,availability_of_handrails,furniture_availability,phy_lab_cond,chem_lab_cond,bio_lab_cond,math_lab_cond,lang_lab_cond,geo_lab_cond,home_sc_lab_cond,psycho_lab_cond,comp_lab_cond,comp_ict_lab_yn,ict_lab_yn,laptop,tablet,desktop,digiboard,teachdev_tot,server_tot,smart_class_tv_tot,projector,printer,internet,dth,spl_educator_yn,librarian_yn,land_avl_yn,kitchen_garden_yn,staff_qtr_yn,tinkering_lab_yn,boarding_pri_yn,boarding_upr_yn,boarding_sec_yn,boarding_hsec_yn,cyber_safety,psycho_social,enrichment_activities
8150328,3,2,2,2,9,7,5,3,1,1,2,2,2,2,0,0,0,0,0,0,1,2,2,1,2,2,2,2,2,1,2,2,2,2,1,1,1,1,1,1,1,9,1,2,9,1,2,2,2,4,4,4,4,4,4,1,2,0,0,5,0,0,0,1,3,2,1,2,3,2,1,1,2,2,9,9,2,2,205,0,1
4943381,3,2,2,3,3,3,3,0,0,1,1,1,1,0,0,0,0,0,0,0,1,2,2,1,2,2,2,2,2,1,2,2,2,2,1,1,2,1,1,1,1,9,1,1,1,1,0,0,0,0,0,0,0,0,0,2,9,0,0,1,0,0,0,0,0,0,1,2,3,2,1,1,9,9,9,9,9,9,6,6,1
8496292,3,1,1,2,3,2,3,0,0,1,2,2,2,2,0,0,0,0,0,0,1,2,2,1,2,2,2,2,2,1,2,2,2,2,1,1,2,1,1,1,1,9,1,1,1,1,0,0,0,0,0,0,0,0,0,2,9,0,0,1,0,0,0,0,0,1,1,2,3,2,1,1,9,9,9,9,9,9,17,17,1
6535201,3,1,1,5,3,1,3,0,0,1,1,1,1,1,0,0,0,0,0,0,1,2,2,1,2,2,2,2,2,1,2,2,2,1,1,1,2,1,1,1,1,9,1,1,1,2,0,0,0,0,0,0,0,0,0,2,9,0,0,3,0,0,0,0,0,1,1,2,3,2,1,1,9,9,9,9,9,9,0,0,2
8982591,3,2,1,7,8,3,0,5,3,1,0,0,1,1,0,0,0,0,0,0,1,2,2,1,2,2,2,2,2,1,2,2,2,2,1,1,1,1,1,1,1,9,1,1,2,1,2,2,2,2,2,4,4,4,2,1,2,0,0,4,0,0,0,2,1,2,1,2,3,2,1,1,2,2,9,9,2,2,0,0,1
3372868,3,1,1,5,2,1,0,0,2,1,1,1,1,1,0,0,0,0,0,0,1,2,2,1,2,2,2,2,2,1,2,2,2,2,1,1,1,1,1,1,1,9,1,1,1,1,0,0,0,0,0,0,0,0,0,2,9,0,2,1,0,0,0,0,0,0,1,2,3,2,1,1,9,9,2,9,9,9,0,0,1
2900490,3,1,1,1,2,1,2,0,0,1,1,1,1,1,0,0,0,0,0,0,1,2,2,1,2,2,2,2,2,1,2,2,2,1,1,1,2,1,1,1,1,9,1,1,1,1,0,0,0,0,0,0,0,0,0,2,9,0,2,0,0,0,0,0,0,0,1,2,3,2,1,1,9,9,2,9,9,9,8,8,1
6704392,3,1,1,7,3,2,3,0,0,1,1,1,1,1,0,0,0,0,0,0,1,2,2,1,1,2,2,2,2,1,1,2,2,2,1,1,2,1,1,1,1,9,1,1,1,1,0,0,0,0,0,0,0,0,0,2,9,0,0,2,0,0,0,0,0,1,1,2,3,2,1,1,9,9,9,9,9,9,7,7,1
6561953,3,3,3,7,5,2,2,3,0,1,1,1,1,1,0,0,0,0,0,0,1,2,2,1,2,2,2,2,2,1,2,2,2,2,1,1,2,1,1,1,2,1,1,2,9,1,0,0,0,0,0,0,0,0,0,1,1,0,0,3,0,0,0,2,0,1,1,1,3,2,1,1,2,2,9,9,2,9,39,39,1
3970909,3,1,1,2,2,1,0,0,2,1,1,1,1,1,0,0,0,0,0,0,1,2,2,1,2,2,2,2,2,1,2,2,2,2,1,1,2,1,1,1,1,9,1,1,1,1,0,0,0,0,0,0,0,0,0,2,9,0,2,1,0,0,0,0,0,0,2,2,3,2,1,1,9,9,2,9,9,9,19,0,1
8992893,3,1,1,1,3,2,3,0,0,1,1,1,1,1,0,0,0,0,0,0,1,2,2,1,2,2,2,2,2,1,2,2,2,2,1,1,2,1,1,1,1,9,1,1,1,1,0,0,0,0,0,0,0,0,0,2,9,0,0,3,0,0,0,0,0,0,1,2,3,2,1,1,9,9,9,9,9,9,0,0,1
6689838,3,7,0,2,9,4,5,2,2,2,3,3,1,1,0,0,0,0,3,1,1,2,2,1,2,2,2,2,2,1,2,2,2,1,1,1,2,1,1,1,1,9,1,2,9,2,2,4,2,4,4,4,4,4,4,2,9,0,0,4,0,0,0,1,1,1,1,2,3,2,1,1,2,2,9,9,2,2,0,0,1
4396974,3,1,1,1,2,1,0,2,0,1,1,1,1,1,0,0,0,0,0,0,1,2,2,1,2,2,2,2,2,1,2,2,2,2,1,1,2,1,1,1,1,9,1,1,2,1,0,0,0,0,0,0,0,0,0,2,9,0,1,1,0,0,0,0,0,0,1,2,3,2,2,1,9,9,2,9,9,9,0,0,1
3604656,3,1,1,2,2,1,2,0,0,1,1,1,1,1,0,0,0,0,0,0,1,2,2,1,2,2,2,2,2,2,2,2,2,2,1,1,2,1,1,1,1,9,1,1,1,1,0,0,0,0,0,0,0,0,0,2,9,0,0,1,0,0,0,0,0,0,1,2,3,1,2,1,9,9,2,9,9,9,0,0,1
9735821,3,1,1,2,2,1,0,0,2,1,0,0,1,1,1,1,0,0,0,0,1,2,2,1,2,2,2,2,2,1,2,2,2,2,1,1,2,1,1,1,1,9,1,1,1,1,0,0,0,0,0,0,0,0,0,2,9,0,2,1,0,0,0,0,0,0,1,2,3,2,1,1,9,9,2,9,9,9,0,0,1
4364996,3,1,1,2,5,2,4,0,1,1,2,2,2,2,0,0,0,0,0,0,2,2,2,1,2,2,2,2,2,1,2,2,2,2,1,1,2,1,2,2,2,2,1,1,1,1,0,0,0,0,0,0,0,0,0,2,9,0,0,2,0,0,0,0,0,1,1,2,3,2,2,1,2,2,9,9,2,9,0,0,1
7134679,3,1,1,1,2,1,2,0,0,1,2,1,1,1,1,1,0,0,0,0,1,2,2,1,2,2,2,2,2,1,2,2,2,2,1,1,2,1,1,1,1,9,1,1,1,1,0,0,0,0,0,0,0,0,0,2,9,0,2,1,0,0,0,0,0,0,1,2,3,2,2,1,9,9,2,9,9,9,0,0,1
3953329,3,1,1,2,2,1,2,0,0,1,1,1,1,1,0,0,0,0,0,0,1,2,2,1,2,2,2,2,2,1,2,2,2,2,1,1,2,1,1,1,1,9,1,1,1,1,0,0,0,0,0,0,0,0,0,2,9,0,1,1,0,0,0,0,0,0,1,2,3,2,2,1,9,9,2,9,9,9,0,0,1
5820108,3,1,1,1,1,0,1,0,0,2,1,1,1,1,0,0,0,0,0,0,1,2,2,1,2,2,2,2,2,1,2,2,2,2,1,1,2,1,1,1,1,9,1,1,1,1,0,0,0,0,0,0,0,0,0,2,9,0,1,0,0,0,0,0,0,0,1,2,3,2,1,1,9,9,2,9,9,9,1,0,1
2717162,3,1,0,2,1,3,1,0,0,1,1,1,1,1,0,0,0,0,0,0,1,2,2,1,2,2,2,2,2,1,2,2,2,2,1,1,2,1,1,1,2,1,1,1,1,3,0,0,0,0,0,0,0,0,0,2,9,0,1,0,0,0,0,0,0,0,1,2,3,2,1,1,9,9,2,9,9,9,10,10,1
8085991,3,1,0,2,2,1,0,2,0,1,0,0,1,0,0,0,0,0,0,0,1,2,2,1,2,2,2,2,2,1,2,2,2,2,1,1,2,1,2,1,1,9,1,1,1,1,0,0,0,0,0,0,0,0,0,2,9,0,0,1,0,0,0,0,0,0,1,2,3,2,1,1,9,9,2,9,9,9,5,0,1
3162920,3,1,1,1,2,2,0,1,1,1,1,1,1,1,0,0,0,0,0,0,1,2,2,1,2,2,2,2,2,1,2,2,2,1,1,1,2,1,2,1,1,9,1,1,1,1,0,0,0,0,0,0,0,0,0,2,9,0,2,1,0,0,0,0,0,0,1,2,3,2,1,1,9,9,2,9,9,9,7,0,1
7737837,3,1,1,2,3,3,0,3,0,1,1,1,1,0,0,0,0,0,0,0,1,2,2,1,2,2,2,2,2,1,2,2,2,2,1,1,2,1,1,1,1,9,1,1,1,1,0,0,0,0,0,0,0,0,0,2,9,0,0,3,0,0,0,0,0,1,1,2,3,2,1,1,9,9,9,9,9,9,12,13,1
9412716,3,1,1,2,2,2,0,0,2,1,1,1,1,1,0,0,0,0,1,0,1,2,2,1,2,2,2,2,2,1,2,2,2,1,1,1,1,1,1,1,1,9,1,1,1,1,0,0,0,0,0,0,0,0,0,2,9,0,0,2,0,0,0,0,0,1,1,2,3,2,1,1,9,9,2,9,9,9,0,0,1
4992651,3,8,7,5,9,8,6,1,2,1,2,2,2,1,0,0,0,0,0,0,1,2,2,1,1,2,1,2,2,1,1,2,1,1,1,1,2,1,1,1,2,1,1,2,9,1,4,4,4,4,4,4,4,4,4,1,1,0,0,8,0,1,0,1,0,2,1,2,3,2,1,1,2,1,9,9,2,2,18,0,1
3956203,3,1,1,1,2,1,2,0,0,1,1,1,1,1,0,0,0,0,0,0,1,2,2,1,2,2,2,2,2,1,2,2,2,2,1,1,1,1,1,1,1,9,1,2,9,1,0,0,0,0,0,0,0,0,0,2,9,0,0,1,0,0,0,0,0,0,1,2,3,2,2,1,9,9,2,9,9,9,0,0,1
8435333,3,1,1,2,4,1,3,0,1,1,2,2,2,2,0,0,0,0,0,0,1,2,1,1,2,2,2,2,1,1,2,2,2,2,1,1,2,1,1,1,1,9,1,1,1,1,0,0,0,0,0,0,0,0,0,2,9,0,2,1,0,0,0,0,0,0,1,2,3,2,1,1,9,9,2,9,9,9,17,17,1
8491633,3,1,1,2,2,2,2,0,0,1,1,1,1,1,0,0,0,0,0,0,1,2,2,1,2,2,2,2,2,1,2,2,2,1,1,1,2,1,1,1,1,9,1,1,2,2,0,0,0,0,0,0,0,0,0,1,2,0,2,1,0,0,0,0,0,0,1,2,3,2,2,1,9,9,2,9,9,9,0,0,1
5714447,1,1,1,1,3,3,3,0,0,2,1,1,1,1,0,0,0,0,2,0,1,2,2,1,2,2,2,2,2,1,2,2,2,2,1,1,2,1,1,1,1,9,1,2,9,1,0,0,0,0,0,0,0,0,0,1,2,0,0,2,0,0,0,0,0,1,1,1,3,2,2,1,9,9,9,9,9,9,0,0,1
2449088,3,1,1,8,3,3,3,0,0,1,0,0,1,1,0,0,0,0,0,0,1,2,2,1,2,2,2,2,2,1,2,2,2,2,1,1,2,1,1,1,1,9,1,1,2,1,0,0,0,0,0,0,0,0,0,2,9,0,1,3,0,0,0,0,0,0,1,2,3,2,1,1,9,9,2,9,9,9,0,0,1
6638579,3,2,2,5,10,14,10,0,0,1,3,3,2,2,0,0,0,0,5,2,1,2,2,1,2,2,2,2,2,1,2,2,2,2,1,1,1,1,1,1,1,9,1,2,9,1,2,2,2,2,4,4,4,4,4,1,1,3,1,5,0,2,1,2,1,3,1,2,3,2,1,1,2,1,9,9,2,2,195,195,1
6298139,3,2,2,1,3,4,3,0,0,1,1,1,1,1,0,0,0,0,0,0,1,2,2,1,1,2,2,2,2,1,1,2,2,1,1,1,2,1,1,1,1,9,1,1,1,2,0,0,0,0,0,0,0,0,0,2,9,0,0,2,0,0,0,0,0,2,1,2,3,2,2,1,2,2,9,9,2,9,54,0,1
2112714,3,1,1,2,2,1,2,0,0,1,1,1,1,1,0,0,0,0,0,0,1,2,2,1,2,2,2,2,2,1,2,2,2,2,1,1,1,1,1,1,1,9,1,1,1,1,0,0,0,0,0,0,0,0,0,2,9,0,2,1,0,0,0,0,0,0,1,1,3,2,2,1,9,9,2,9,9,9,15,15,1
9989722,3,4,1,3,8,5,4,2,2,1,1,1,1,1,0,0,0,0,0,0,1,2,2,1,2,2,2,2,2,1,2,2,2,2,1,1,2,1,1,1,1,9,1,1,2,1,0,0,0,0,0,0,0,0,0,2,9,0,0,1,0,0,0,1,1,1,1,2,3,2,1,1,2,2,9,9,2,9,0,0,1
3313925,3,1,1,5,3,2,3,0,0,1,2,2,1,1,0,0,0,0,0,0,1,2,2,1,2,2,2,2,2,1,2,2,2,2,1,1,2,1,1,1,1,9,1,1,1,1,0,0,0,0,0,0,0,0,0,1,2,0,0,4,0,0,0,0,0,1,1,2,3,2,1,1,9,9,9,9,9,9,0,0,1
2605737,3,1,1,2,2,1,1,1,0,1,1,1,1,1,0,0,0,0,1,1,1,2,2,1,2,2,2,2,2,1,2,2,2,2,1,1,3,1,1,1,1,9,1,2,9,1,0,0,0,0,0,0,0,0,0,2,9,0,1,1,0,0,0,0,1,1,1,2,3,2,2,1,9,9,2,9,9,9,0,0,1
9485041,3,1,1,7,3,2,3,0,0,1,2,1,1,1,0,0,0,0,0,0,1,2,2,1,2,2,2,2,2,1,2,2,2,2,1,1,1,1,1,1,1,9,1,1,2,1,0,0,0,0,0,0,0,0,0,1,2,0,0,2,0,0,0,0,0,1,1,2,3,2,1,1,9,9,9,9,9,9,45,0,1
1961414,3,2,2,1,2,3,2,0,0,1,1,1,1,1,0,0,0,0,0,0,1,2,2,1,2,2,2,2,2,1,2,2,2,2,1,1,2,1,1,1,1,9,1,1,1,1,0,0,0,0,0,0,0,0,0,2,9,0,2,1,0,0,0,0,0,0,1,2,3,1,1,1,9,9,2,9,9,9,18,18,1
5263671,3,1,1,1,7,5,4,3,0,1,3,3,2,2,0,0,0,0,3,0,1,2,2,1,2,2,2,2,2,1,2,2,2,2,1,1,2,1,1,2,1,9,1,1,2,1,0,0,0,0,0,0,0,0,0,2,9,0,0,3,0,0,0,0,0,1,1,2,3,2,1,1,2,2,9,9,2,9,17,13,1
6630117,3,1,1,1,2,0,2,0,0,2,1,1,1,1,0,0,0,0,0,0,1,2,2,1,2,2,2,2,2,1,2,2,2,2,1,1,2,1,1,1,1,9,1,1,1,1,0,0,0,0,0,0,0,0,0,2,9,0,0,2,0,0,0,0,0,0,1,2,3,1,1,1,9,9,2,9,9,9,0,0,1
6675372,3,1,1,2,2,1,2,0,0,1,2,2,1,1,0,0,0,0,0,0,1,2,2,1,2,2,2,2,2,1,2,2,2,2,1,1,2,1,1,2,1,9,1,1,1,1,0,0,0,0,0,0,0,0,0,2,9,0,1,1,0,0,0,0,0,0,2,2,3,2,1,1,9,9,2,9,9,9,65,65,1
8333592,3,1,1,1,9,3,7,0,2,1,3,1,2,1,0,0,0,0,0,0,1,2,2,1,2,2,2,2,2,1,2,2,2,1,1,1,2,1,2,2,2,1,1,2,9,2,4,4,4,4,4,4,4,4,4,2,9,0,0,4,0,0,0,0,0,2,1,2,3,2,1,1,2,2,9,9,2,2,427,427,1
6180717,3,1,1,1,3,2,3,0,0,1,1,1,1,1,0,0,0,0,0,0,1,2,2,1,2,2,2,2,2,1,2,2,2,2,1,1,2,1,1,1,1,9,1,1,1,1,0,0,0,0,0,0,0,0,0,2,9,0,0,0,0,0,0,0,0,0,1,2,3,2,1,1,9,9,9,9,9,9,9,0,1
8873227,3,2,2,2,2,0,2,0,0,2,1,1,1,1,0,0,0,0,1,1,1,2,2,1,2,2,2,2,2,1,2,2,2,2,1,1,2,1,1,1,1,9,1,1,1,1,0,0,0,0,0,0,0,0,0,2,9,0,1,1,0,0,0,0,0,0,1,2,3,1,1,1,9,9,2,9,9,9,0,0,1
1728778,3,1,1,1,3,4,3,0,0,1,1,1,2,2,0,0,0,0,2,0,1,2,2,1,2,2,2,2,2,1,2,2,2,2,1,1,2,1,1,2,1,9,1,2,9,1,0,0,0,0,0,0,0,0,0,1,2,0,0,3,0,0,0,0,0,1,1,2,3,2,2,1,9,9,9,9,9,9,0,0,1
5302343,3,1,1,1,2,1,0,2,0,1,1,0,1,1,0,0,0,0,0,0,1,2,2,1,2,2,2,2,2,1,2,2,2,2,1,1,2,1,1,1,1,9,1,1,1,1,0,0,0,0,0,0,0,0,0,2,9,0,0,1,0,0,0,0,0,0,1,2,3,2,1,1,9,9,2,9,9,9,0,0,1
7381041,3,1,1,2,3,1,1,2,0,1,1,1,1,1,0,0,0,0,0,0,1,2,2,1,2,2,2,2,2,1,2,2,2,2,1,1,2,1,1,1,1,9,1,1,1,1,0,0,0,0,0,0,0,0,0,2,9,0,2,2,0,0,0,1,1,0,1,2,3,2,2,1,9,9,2,9,9,9,0,0,1
4406408,3,1,1,2,2,0,2,0,0,2,1,1,1,1,0,0,0,0,2,0,1,2,2,1,2,2,2,2,2,1,2,2,2,1,1,1,2,1,1,1,1,9,1,1,1,1,0,0,0,0,0,0,0,0,0,2,9,0,2,2,0,0,0,1,0,0,1,2,1,2,1,1,9,9,2,9,9,9,0,0,2
6117397,3,1,1,2,7,7,7,0,0,1,4,0,1,1,0,0,0,0,0,0,1,2,2,1,2,2,2,2,2,1,2,2,2,2,1,1,2,1,1,1,1,9,1,2,9,2,2,2,2,4,4,4,4,4,2,1,2,0,0,11,0,0,0,2,1,3,1,2,3,2,1,1,2,2,9,9,2,2,0,0,1
5552260,3,2,2,5,2,1,2,0,0,1,1,1,1,1,0,0,0,0,0,0,1,2,2,1,2,2,2,2,2,1,2,2,2,1,1,1,2,1,1,2,1,9,1,1,1,1,0,0,0,0,0,0,0,0,0,2,9,0,2,1,0,0,0,0,0,0,1,2,3,2,1,1,9,9,2,9,9,9,0,0,1
3153961,3,1,1,2,3,2,3,0,0,1,1,1,1,1,0,0,0,0,0,0,1,2,2,1,2,2,2,2,2,1,2,2,2,2,1,1,2,1,1,1,1,9,1,1,1,1,0,0,0,0,0,0,0,0,0,2,9,0,0,4,0,0,0,0,0,1,1,1,3,2,1,1,9,9,9,9,9,9,15,0,1
4973120,3,1,1,2,3,2,3,0,0,1,1,1,1,1,0,0,0,0,0,0,1,2,2,1,2,2,2,2,2,1,2,2,2,2,1,1,2,1,1,1,1,9,1,1,1,1,0,0,0,0,0,0,0,0,0,2,9,0,1,1,0,0,0,0,0,0,1,2,3,2,2,1,9,9,2,9,9,9,0,0,1
9650468,3,1,1,2,2,2,2,0,0,1,1,0,1,1,0,0,0,0,0,0,1,2,2,1,2,2,2,2,2,1,2,2,2,2,1,1,2,1,1,1,1,9,1,1,2,1,0,0,0,0,0,0,0,0,0,2,9,0,1,1,0,0,0,0,0,0,1,2,3,2,2,1,9,9,2,9,9,9,1,0,1
5706625,3,1,1,2,2,1,2,0,0,1,1,1,1,1,0,0,0,0,0,0,1,2,2,1,2,2,2,2,2,1,2,2,2,2,1,1,2,1,2,1,1,9,1,1,1,1,0,0,0,0,0,0,0,0,0,1,2,0,1,1,0,0,0,0,0,0,1,2,3,2,2,1,9,9,2,9,9,9,0,0,1
2177407,3,1,1,2,3,2,3,0,0,1,1,1,1,1,0,0,0,0,0,0,1,2,2,1,2,2,2,2,2,1,2,2,2,2,1,1,2,1,1,1,1,9,1,1,1,1,0,0,0,0,0,0,0,0,0,2,9,0,0,1,0,0,0,0,0,0,1,2,3,2,1,1,9,9,9,9,9,9,5,5,1
5137553,3,3,3,1,7,13,0,7,0,1,3,3,3,3,2,2,2,2,0,0,1,2,2,1,2,2,2,2,2,1,2,2,2,2,1,1,1,1,1,1,1,9,1,2,9,1,2,2,2,2,3,2,3,3,2,1,1,1,3,24,0,0,0,3,2,4,1,1,3,2,1,1,2,1,9,9,2,2,285,285,1
1118379,3,2,0,2,2,2,0,2,0,1,1,1,1,1,1,1,1,1,0,0,1,2,2,1,2,2,2,2,2,1,2,2,2,2,1,1,2,1,1,1,1,9,1,1,1,1,0,0,0,0,0,0,0,0,0,2,9,0,2,1,0,0,0,0,0,0,2,2,3,2,1,1,9,9,2,9,9,9,115,115,1
8355171,3,2,2,2,2,1,1,1,0,1,1,1,1,1,0,0,0,0,0,0,1,2,2,1,2,2,2,2,2,1,2,2,2,2,1,1,2,1,1,1,1,9,1,1,2,1,0,0,0,0,0,0,0,0,0,2,9,0,1,1,0,0,0,0,1,0,1,2,3,2,1,1,9,9,2,9,9,9,10,0,1
3254104,3,1,1,2,2,2,1,1,0,1,1,1,1,1,0,0,0,0,0,0,1,2,2,1,2,2,2,2,2,1,2,2,2,2,1,1,2,1,1,1,1,9,1,1,1,1,0,0,0,0,0,0,0,0,0,2,9,0,0,1,0,0,0,0,0,1,1,2,3,2,1,1,9,9,2,9,9,9,0,0,1
3777185,3,2,2,2,2,1,2,0,0,1,1,1,1,1,0,0,0,0,0,0,1,2,2,1,2,2,2,2,2,1,2,2,2,2,1,1,2,1,1,1,1,9,1,1,1,1,0,0,0,0,0,0,0,0,0,1,2,0,2,1,0,0,0,0,0,0,1,2,3,2,2,1,9,9,2,9,9,9,12,0,1
7152550,3,1,1,2,2,1,0,2,0,1,1,1,1,1,0,0,0,0,0,0,1,2,2,1,2,2,2,2,2,1,2,2,2,2,1,1,2,1,1,1,1,9,1,1,2,1,0,0,0,0,0,0,0,0,0,2,9,0,2,1,0,0,0,1,0,0,1,2,3,2,1,1,9,9,2,9,9,9,20,0,1
1488198,3,1,1,5,2,1,2,0,0,1,1,1,1,1,0,0,0,0,1,1,1,2,2,1,2,2,2,2,2,1,2,2,2,1,1,1,2,1,1,1,1,9,1,1,1,1,0,0,0,0,0,0,0,0,0,2,9,0,2,1,0,0,0,0,0,1,1,2,3,2,1,1,9,9,2,9,9,9,0,0,2
6016995,3,2,2,1,3,2,2,0,1,1,2,2,1,1,1,1,0,0,0,0,1,2,2,1,2,2,2,2,2,1,2,2,2,2,1,1,2,1,1,1,1,9,1,1,1,1,0,0,0,0,0,0,0,0,0,2,9,0,2,3,0,0,0,0,0,1,1,2,3,2,1,1,9,9,2,9,9,9,0,0,1
7997760,3,1,1,1,2,1,2,0,0,1,1,1,1,1,0,0,0,0,0,0,1,2,2,1,2,2,2,2,2,1,2,2,2,2,1,1,2,1,2,1,1,9,1,1,1,1,0,0,0,0,0,0,0,0,0,2,9,0,1,1,0,0,0,0,0,0,1,2,3,1,1,1,9,9,2,9,9,9,0,0,1
5007593,3,2,2,5,2,1,0,0,2,1,2,2,3,3,0,0,0,0,0,0,1,2,2,1,2,2,2,2,2,1,2,2,2,2,1,1,2,1,2,2,1,9,1,1,1,1,0,0,0,0,0,0,0,0,0,2,9,0,2,1,0,0,0,0,0,0,1,2,3,2,1,1,9,9,2,9,9,9,11,11,1
7806829,3,1,1,1,2,1,2,0,0,1,1,1,1,1,0,0,0,0,1,0,1,2,2,1,2,2,2,2,2,1,2,2,2,1,1,1,2,1,1,1,1,9,1,1,1,1,0,0,0,0,0,0,0,0,0,2,9,0,2,2,0,0,0,0,0,1,1,1,3,2,1,1,9,9,2,9,9,9,0,0,1
4857405,3,2,2,2,2,2,2,0,0,1,1,1,1,1,0,0,0,0,0,0,1,2,2,1,2,2,2,2,2,1,2,2,2,2,1,1,2,1,1,1,1,9,1,1,1,1,0,0,0,0,0,0,0,0,0,2,9,0,1,1,0,0,0,0,0,0,1,2,3,2,2,1,9,9,2,9,9,9,0,0,1
8301306,3,1,1,2,2,2,0,2,0,1,1,1,1,1,0,0,0,0,0,0,1,2,2,1,2,2,2,2,2,1,2,2,2,1,1,2,1,1,2,1,1,9,1,1,1,1,0,0,0,0,0,0,0,0,0,1,2,0,1,1,0,0,0,0,0,0,1,2,3,2,1,1,9,9,2,9,9,9,0,0,1
6118955,3,1,1,2,2,2,1,1,0,1,1,1,1,1,0,0,0,0,0,0,1,2,2,1,2,2,2,2,2,1,2,2,2,1,1,1,2,1,1,1,1,9,1,1,1,1,0,0,0,0,0,0,0,0,0,1,2,0,1,1,0,0,0,0,0,0,1,2,3,2,2,1,9,9,2,9,9,9,23,23,1
1294087,3,1,1,2,2,1,2,0,0,1,1,1,1,1,0,0,0,0,0,0,1,2,2,1,2,2,2,2,2,1,2,2,2,1,1,1,2,1,1,1,1,9,1,1,1,1,0,0,0,0,0,0,0,0,0,2,9,0,2,0,0,0,0,0,0,0,1,2,3,2,1,1,9,9,2,9,9,9,1,0,1
1296093,3,1,1,5,4,3,2,2,0,1,1,1,1,1,1,1,1,1,1,0,1,2,2,1,1,2,2,2,2,1,1,2,2,2,1,1,2,1,1,1,1,9,1,1,1,1,0,0,0,0,0,0,0,0,0,2,9,0,2,1,0,0,0,0,0,0,1,2,3,2,1,1,9,9,2,9,9,9,0,0,1
8006033,3,1,1,1,2,1,2,0,0,1,1,1,1,1,0,0,0,0,0,0,1,2,2,1,2,2,2,2,2,1,2,2,2,2,1,1,2,1,1,1,1,9,1,1,2,1,0,0,0,0,0,0,0,0,0,2,9,0,2,1,0,0,0,0,0,0,1,2,3,2,2,1,9,9,2,9,9,9,0,0,1
1542129,3,1,1,2,2,1,2,0,0,1,1,1,1,1,0,0,0,0,0,0,1,2,2,1,2,2,2,2,2,1,2,2,2,2,1,1,2,1,1,1,1,9,1,1,2,1,0,0,0,0,0,0,0,0,0,2,9,0,1,1,0,0,0,0,0,0,1,2,3,2,1,1,9,9,2,9,9,9,18,0,1
9846087,3,3,2,2,3,3,3,0,0,1,1,1,1,1,0,0,0,0,0,0,1,2,2,1,2,2,2,2,2,1,2,2,2,2,1,1,2,1,1,1,1,9,1,1,1,1,0,0,0,0,0,0,0,0,0,1,2,0,0,4,0,1,0,0,1,1,1,2,3,2,1,1,9,9,2,9,9,9,0,0,1
2976903,3,6,6,5,6,1,4,2,0,1,3,3,3,3,0,0,1,0,0,0,1,2,2,1,2,2,2,2,2,1,2,2,2,2,1,1,2,1,1,1,1,9,1,1,1,1,0,0,0,0,0,0,0,0,0,2,9,0,2,4,0,0,0,1,0,1,1,2,3,2,2,1,9,9,2,9,9,9,55,55,1
3712866,3,1,0,2,4,1,2,2,0,1,1,1,2,1,0,0,0,0,0,0,1,2,2,1,2,2,2,2,2,1,2,2,2,2,1,1,3,1,1,1,1,9,1,1,1,1,0,0,0,0,0,0,0,0,0,2,9,0,1,1,0,0,0,0,0,0,1,2,3,2,1,1,9,9,2,9,9,9,0,0,1
4623426,3,1,1,1,3,1,3,0,0,1,0,0,2,1,0,0,0,0,0,1,1,2,2,1,2,2,2,2,2,1,2,2,2,1,1,1,2,1,1,1,1,9,1,1,1,1,0,0,0,0,0,0,0,0,0,2,9,0,0,2,0,1,0,0,0,0,1,2,3,2,2,1,9,9,9,9,9,9,0,0,1
2868710,1,9,9,5,9,9,9,0,0,1,3,3,2,2,3,3,2,2,3,2,1,2,2,1,2,2,2,2,2,1,2,2,2,2,1,1,2,1,1,1,1,9,1,2,9,1,4,4,4,4,4,4,4,4,4,2,9,0,0,1,0,0,0,0,0,1,1,2,3,2,1,1,2,2,9,9,2,2,108,108,1
8712680,3,1,0,2,2,4,0,0,2,1,2,2,1,1,0,0,0,0,0,0,1,2,1,1,2,2,2,2,1,1,2,2,2,1,1,1,2,1,2,1,1,9,1,1,1,2,0,0,0,0,0,0,0,0,0,2,9,0,2,1,0,0,0,0,0,0,1,2,3,2,1,1,9,9,2,9,9,9,36,36,1
6130930,3,2,2,7,5,1,5,0,0,1,2,2,1,1,0,0,0,0,0,0,1,2,2,1,2,2,2,2,2,1,2,2,2,2,1,1,2,1,1,1,2,1,1,1,1,2,0,0,0,0,0,0,0,0,0,2,9,0,4,3,0,0,0,0,0,1,1,2,3,2,1,1,9,9,2,9,9,9,54,54,1
6655969,3,1,0,2,2,1,1,0,1,2,1,1,1,1,0,0,0,0,0,0,1,2,2,1,2,2,2,2,2,1,2,2,2,2,1,1,2,1,1,1,2,2,1,2,9,1,0,0,0,0,0,0,0,0,0,2,9,0,1,1,0,0,0,0,0,0,1,2,3,2,2,1,9,9,2,9,9,9,3,0,1
8643742,3,2,2,2,3,2,0,3,0,1,1,1,1,1,0,0,0,0,0,0,1,2,2,1,2,2,2,2,2,1,2,2,2,2,1,1,2,1,1,1,1,9,1,1,1,2,0,0,0,0,0,0,0,0,0,2,9,0,0,3,0,0,0,0,0,1,1,2,3,2,1,1,9,9,9,9,9,9,16,16,1
3858382,3,3,3,5,3,1,2,1,0,2,1,1,1,1,0,0,1,1,0,0,1,2,2,1,2,2,2,2,2,1,2,2,2,2,1,1,2,1,1,1,1,9,1,1,1,2,0,0,0,0,0,0,0,0,0,1,2,0,2,1,0,0,0,0,0,0,1,2,3,2,1,1,9,9,2,9,9,9,31,31,2
2466565,3,1,1,2,1,0,1,0,0,2,1,1,1,1,0,0,0,0,1,0,1,2,2,1,2,2,2,2,2,1,2,2,2,2,1,1,1,1,1,1,1,9,1,1,1,1,0,0,0,0,0,0,0,0,0,2,9,0,2,1,0,0,0,0,0,0,1,2,3,2,1,1,9,9,2,9,9,9,0,0,1
6629926,4,1,1,5,2,1,0,0,2,1,1,0,1,0,0,0,0,0,0,0,1,2,2,1,2,2,2,2,2,1,2,2,2,2,1,1,2,1,1,1,1,9,1,1,1,1,0,0,0,0,0,0,0,0,0,2,9,0,2,0,0,0,0,0,0,0,1,2,3,2,1,1,9,9,2,9,9,9,4,0,1
8086157,3,1,1,1,3,2,3,0,0,1,1,1,1,1,0,0,0,0,0,0,1,2,2,1,2,2,2,2,2,1,2,2,2,2,1,1,2,1,1,1,2,1,1,1,1,2,0,0,0,0,0,0,0,0,0,2,9,0,2,1,0,0,0,0,0,0,1,2,3,2,2,1,9,9,2,9,9,9,11,14,1
1269696,3,4,3,5,6,6,4,1,1,1,3,3,3,3,0,0,0,0,0,0,1,2,2,1,2,2,2,2,2,1,2,2,2,2,1,1,1,1,1,1,1,9,1,1,2,1,0,0,0,0,0,0,0,0,0,1,2,0,0,6,0,0,0,1,0,1,1,2,3,1,1,1,2,2,9,9,2,9,0,0,1
5176825,3,1,1,5,2,2,2,0,0,1,1,1,1,1,0,0,0,0,0,0,1,2,2,1,2,2,2,2,2,1,2,2,2,2,1,1,2,1,1,1,1,9,1,1,1,1,0,0,0,0,0,0,0,0,0,2,9,0,1,0,0,0,0,0,0,0,1,2,2,2,1,1,9,9,2,9,9,9,0,0,1
4545387,3,1,1,1,2,2,2,0,0,1,1,1,1,1,0,0,0,0,0,0,1,2,2,1,2,2,2,2,2,1,2,2,2,1,1,1,2,1,1,2,1,9,1,1,1,1,0,0,0,0,0,0,0,0,0,2,9,0,2,1,0,0,0,0,0,0,1,2,3,2,2,1,9,9,2,9,9,9,0,0,1
9864733,3,1,0,2,3,1,3,0,0,1,1,1,1,1,1,1,0,0,0,0,1,2,2,1,2,2,2,2,2,1,2,2,2,2,1,1,2,1,1,1,1,9,1,1,1,2,0,0,0,0,0,0,0,0,0,2,9,0,2,2,0,0,0,0,0,0,1,2,3,2,1,1,9,9,2,9,9,9,0,0,1
8793667,3,4,4,2,4,1,2,1,1,1,2,1,2,1,0,0,0,0,0,0,1,2,2,1,2,2,2,2,2,1,2,2,2,2,1,1,2,1,1,1,1,9,1,1,1,1,0,0,0,0,0,0,0,0,0,2,9,1,3,4,0,0,0,0,1,2,1,2,3,2,1,1,9,9,2,9,9,9,74,74,1
3830086,3,1,1,1,2,2,2,0,0,1,1,1,1,1,0,0,0,0,0,0,1,2,2,1,2,2,2,2,2,1,2,2,2,1,1,1,2,1,2,1,1,9,1,1,1,1,0,0,0,0,0,0,0,0,0,2,9,0,2,1,0,0,0,0,0,0,1,2,3,2,1,1,9,9,2,9,9,9,0,0,1
1768655,3,1,1,2,2,1,0,0,2,1,1,0,1,1,0,0,0,0,0,0,1,2,2,1,2,2,2,2,2,1,2,2,2,2,1,1,2,1,1,1,1,9,1,1,1,1,0,0,0,0,0,0,0,0,0,2,9,0,1,1,0,0,0,0,0,0,1,2,3,2,1,1,9,9,2,9,9,9,0,0,1
2409133,3,1,1,2,2,1,0,2,0,1,1,1,1,1,0,0,0,0,0,0,1,2,2,1,2,2,2,2,2,1,2,2,2,2,1,1,2,1,1,1,1,9,1,1,1,1,0,0,0,0,0,0,0,0,0,2,9,0,2,1,0,0,0,0,0,0,1,2,2,2,1,1,9,9,2,9,9,9,5,5,1
4760414,3,1,1,5,2,2,0,2,0,1,1,1,1,1,0,0,0,0,0,0,1,2,2,1,2,2,2,2,2,1,2,2,2,2,1,1,1,1,1,1,1,9,1,1,1,1,0,0,0,0,0,0,0,0,0,2,9,0,1,1,0,0,0,0,0,1,1,2,3,2,2,1,9,9,2,9,9,9,0,0,1
2555804,3,7,6,5,7,5,6,0,1,2,4,4,3,3,0,0,0,0,4,2,1,2,2,1,2,2,2,2,2,1,2,2,2,1,1,1,2,1,1,1,1,9,1,1,1,1,2,2,2,2,2,2,2,2,4,1,2,1,0,5,0,0,0,1,1,1,1,2,3,2,1,1,2,2,9,9,2,2,0,0,1
6747446,3,1,1,2,2,2,2,0,0,1,1,1,1,1,0,0,0,0,0,0,1,2,2,1,2,2,2,2,2,1,2,2,2,2,1,1,2,1,2,1,1,9,1,1,1,1,0,0,0,0,0,0,0,0,0,2,9,0,2,1,0,0,0,0,0,0,1,2,3,2,1,1,9,9,2,9,9,9,0,0,1
5873668,3,1,0,2,2,0,0,0,2,2,1,0,1,1,0,0,0,0,0,0,1,2,2,1,2,2,2,2,2,1,2,2,2,2,1,1,1,1,1,1,1,9,1,1,2,1,0,0,0,0,0,0,0,0,0,2,9,0,2,1,0,0,0,0,0,0,1,2,3,2,1,1,9,9,2,9,9,9,14,0,1
4537849,3,1,1,2,3,1,1,0,2,1,3,0,1,1,0,0,0,0,3,1,1,2,2,1,2,2,2,2,2,1,2,2,2,2,1,1,2,1,1,1,1,9,1,1,1,1,0,0,0,0,0,0,0,0,0,2,9,0,1,1,0,0,0,0,0,0,1,2,3,2,2,1,9,9,2,9,9,9,10,10,1
8291456,3,1,1,1,4,1,1,2,1,1,2,2,1,1,0,0,0,0,0,0,1,2,2,1,2,2,2,2,2,1,2,2,2,2,1,1,2,1,1,1,1,9,1,1,1,1,0,0,0,0,0,0,0,0,0,2,9,0,0,1,0,0,0,0,0,1,1,2,3,2,1,1,9,9,9,9,9,9,6,21,1
7285769,3,1,1,2,3,2,3,0,0,1,2,2,1,1,0,0,1,1,0,0,1,2,2,1,2,2,2,2,2,1,2,2,2,2,1,1,2,1,1,1,2,1,1,1,1,1,0,0,0,0,0,0,0,0,0,2,9,0,0,3,0,0,0,0,2,2,1,2,3,2,1,1,9,9,9,9,9,9,44,0,1
8523951,3,1,0,1,5,3,5,0,0,1,1,1,2,2,0,0,0,0,0,0,1,2,2,1,2,2,2,2,2,1,2,2,2,2,1,1,2,1,1,1,1,9,1,1,1,1,0,0,0,0,0,0,0,0,0,2,9,0,0,4,0,0,0,0,0,2,2,1,3,2,1,1,2,2,9,9,2,9,0,0,1
7795583,3,2,2,1,3,4,3,0,0,1,1,1,1,0,0,0,0,0,0,0,1,2,2,1,2,2,2,2,2,1,2,2,2,2,1,1,1,1,1,1,1,9,1,1,2,1,0,0,0,0,0,0,0,0,0,2,9,0,2,1,0,0,0,0,0,1,1,2,3,2,2,1,9,9,2,9,9,9,0,0,1
3753644,3,1,0,2,2,2,2,0,0,1,2,2,2,1,0,0,0,0,0,0,1,2,2,1,2,2,2,2,2,1,2,2,2,2,1,1,2,1,2,1,1,9,1,1,1,1,0,0,0,0,0,0,0,0,0,2,9,0,3,1,0,0,0,0,0,0,1,2,3,2,2,1,9,9,2,9,9,9,0,0,1
3552851,3,3,3,2,10,10,1,5,4,1,2,2,2,2,0,0,0,0,4,0,1,2,2,1,2,2,2,2,2,1,2,2,2,2,1,1,1,1,1,1,1,9,1,1,2,1,2,1,1,3,3,2,4,4,2,1,1,0,0,13,0,0,1,1,0,2,1,1,3,2,1,1,1,2,9,9,2,2,167,167,1
2554915,3,1,1,2,2,1,1,0,1,1,1,1,1,1,0,0,0,0,0,0,1,2,2,1,2,2,2,2,2,1,2,2,2,1,1,1,2,1,1,1,1,9,1,1,2,1,0,0,0,0,0,0,0,0,0,2,9,0,1,0,0,0,0,0,0,0,1,2,3,2,2,1,9,9,2,9,9,9,0,0,1
2974480,3,3,3,1,3,1,1,0,2,1,1,1,1,1,0,0,0,0,0,0,1,2,2,1,2,2,2,2,2,1,2,2,2,2,1,1,2,1,1,1,1,9,1,1,1,1,0,0,0,0,0,0,0,0,0,2,9,0,1,1,0,0,0,0,1,0,1,2,3,2,2,1,9,9,2,9,9,9,11,11,1
1036502,3,1,1,5,2,2,2,0,0,1,1,1,1,1,0,0,0,0,1,1,1,2,2,1,2,2,2,2,2,1,2,2,2,2,1,1,2,1,1,1,1,9,1,1,1,1,0,0,0,0,0,0,0,0,0,1,2,0,1,2,0,0,0,0,0,0,1,2,3,2,2,1,9,9,2,9,9,9,0,0,2
5061929,3,1,1,7,2,1,2,0,0,1,1,1,1,1,0,0,0,0,0,0,1,2,2,1,2,2,2,2,2,1,2,2,2,2,1,1,2,1,1,1,1,9,1,1,1,1,0,0,0,0,0,0,0,0,0,2,9,0,1,2,0,0,0,0,0,0,1,2,3,2,1,1,9,9,2,9,9,9,11,11,1
2175501,3,1,1,2,2,1,1,1,0,1,2,2,1,1,0,0,0,0,0,0,1,2,2,1,2,2,2,2,2,1,2,2,2,2,1,1,2,1,1,1,2,1,1,1,1,2,0,0,0,0,0,0,0,0,0,2,9,0,2,1,0,0,0,0,0,0,1,2,3,2,1,1,9,9,2,9,9,9,4,4,1
7942658,3,1,1,2,2,1,0,2,0,1,1,1,1,1,0,0,0,0,0,0,1,2,2,1,2,2,2,2,2,1,2,2,2,2,1,1,2,1,1,1,1,9,1,1,1,1,0,0,0,0,0,0,0,0,0,2,9,0,1,1,0,0,0,0,0,0,1,2,3,2,1,1,9,9,2,9,9,9,0,0,1
7841035,3,1,1,1,2,1,2,0,0,1,1,1,1,1,0,0,0,0,0,0,1,2,2,1,2,2,2,2,2,1,2,2,2,2,1,1,2,1,1,1,1,9,1,1,1,1,0,0,0,0,0,0,0,0,0,2,9,0,1,0,0,0,0,0,0,0,1,2,3,2,1,1,9,9,2,9,9,9,0,0,1
1352434,3,1,1,2,3,1,0,1,2,1,1,1,1,1,0,0,0,0,0,0,1,2,2,1,2,2,2,2,2,1,2,2,2,1,1,1,2,1,1,1,1,9,1,1,1,1,0,0,0,0,0,0,0,0,0,2,9,0,1,0,0,0,0,0,0,0,1,2,3,2,1,1,9,9,2,9,9,9,0,0,1
4900601,3,2,2,5,2,2,2,0,0,1,1,1,1,1,1,1,1,1,0,0,1,2,2,1,2,2,2,2,2,1,2,2,2,2,1,1,2,1,1,1,1,9,1,1,1,1,0,0,0,0,0,0,0,0,0,2,9,0,2,1,0,0,0,0,0,1,1,2,3,2,1,1,9,9,2,9,9,9,1,0,1
3099148,3,1,1,1,3,3,0,0,3,1,1,1,1,1,0,0,0,0,0,0,1,2,2,1,2,2,2,2,2,1,2,2,2,2,1,1,2,1,2,1,1,9,1,1,1,1,0,0,0,0,0,0,0,0,0,2,9,0,1,0,0,0,0,0,0,0,1,2,3,2,1,1,9,9,2,9,9,9,18,18,1
9331816,3,1,1,2,2,1,2,0,0,1,1,1,1,1,0,0,0,0,0,0,1,2,2,1,2,2,2,2,2,1,2,2,2,2,1,1,2,1,1,1,1,9,1,1,1,1,0,0,0,0,0,0,0,0,0,2,9,0,2,1,0,0,0,1,0,0,1,1,3,2,2,1,9,9,2,9,9,9,0,0,1
5878162,3,1,1,2,3,4,0,1,2,1,2,1,2,2,1,1,0,0,0,0,1,2,2,1,2,2,2,2,2,1,2,2,2,2,1,1,2,1,2,1,1,9,1,1,1,1,0,0,0,0,0,0,0,0,0,2,9,0,1,1,0,0,0,0,0,0,1,2,3,2,1,1,9,9,2,9,9,9,0,0,1
8467816,3,1,1,2,3,2,0,0,3,1,1,1,2,2,0,0,0,0,0,0,1,2,2,1,2,2,2,2,2,1,2,2,2,2,1,1,2,1,1,1,1,9,1,1,1,1,0,0,0,0,0,0,0,0,0,1,2,0,0,3,0,0,0,0,0,1,1,2,3,2,2,1,9,9,9,9,9,9,20,20,1
1319434,3,7,4,2,10,4,7,0,3,1,2,1,2,1,0,0,0,0,0,0,1,2,2,1,2,2,2,2,2,1,2,2,2,2,1,1,2,1,1,1,1,9,1,1,1,1,4,4,4,4,4,4,4,4,4,2,9,0,0,7,0,0,0,1,1,2,1,2,3,2,1,1,2,2,9,9,2,2,0,0,1
7332865,3,1,0,1,1,1,1,0,0,1,0,0,1,1,0,0,0,0,1,0,2,2,2,1,2,2,2,2,2,1,2,2,2,2,1,1,2,1,1,1,1,9,1,1,2,1,0,0,0,0,0,0,0,0,0,2,9,0,1,0,0,0,0,0,0,0,1,2,3,2,1,1,9,9,2,9,9,9,0,0,1
9938605,3,1,1,1,2,2,2,0,0,1,1,1,1,1,0,0,0,0,0,0,1,2,2,1,2,2,2,2,2,1,2,2,2,2,1,1,2,1,1,1,1,9,1,1,2,2,0,0,0,0,0,0,0,0,0,2,9,0,2,2,0,0,0,0,0,0,1,2,3,2,2,1,9,9,2,9,9,9,0,0,1
2049602,3,1,0,5,3,3,0,3,0,1,1,0,1,1,0,0,0,0,1,0,1,2,2,1,2,2,2,2,2,1,2,2,2,2,1,1,2,1,2,1,1,9,1,1,1,1,0,0,0,0,0,0,0,0,0,1,2,0,0,3,0,0,0,0,0,0,1,2,3,2,1,1,9,9,9,9,9,9,17,0,1
6479396,3,1,1,2,2,1,2,0,0,1,1,1,1,1,0,0,0,0,0,0,1,2,2,1,2,2,2,2,2,1,2,2,2,2,1,1,2,1,1,1,1,9,1,1,1,1,0,0,0,0,0,0,0,0,0,2,9,0,1,1,0,0,0,0,0,0,1,2,3,2,1,1,9,9,2,9,9,9,0,0,2
4739988,3,1,1,5,7,3,7,0,0,1,3,3,2,2,0,0,0,0,0,0,1,2,2,1,2,2,2,2,2,1,2,2,2,2,1,1,2,1,1,1,1,9,1,1,1,1,0,0,0,0,0,0,0,0,0,2,9,0,0,6,0,0,0,2,1,1,1,2,3,2,1,1,2,2,9,9,2,9,57,57,1
9184139,3,3,1,5,7,5,2,0,5,1,2,2,2,2,0,0,0,0,0,3,1,2,2,1,2,2,2,2,2,1,2,2,2,1,1,1,2,1,1,1,1,9,1,1,1,1,4,4,4,4,4,4,4,4,4,1,2,0,1,5,0,0,0,2,1,1,1,2,3,2,1,1,2,2,9,9,2,2,144,144,1
1822939,3,1,1,2,2,1,2,0,0,1,1,1,1,1,0,0,0,0,0,0,1,2,2,1,2,2,2,2,2,1,2,2,2,1,1,1,1,1,2,2,1,9,1,1,1,2,0,0,0,0,0,0,0,0,0,2,9,0,1,0,0,0,0,0,0,0,1,1,3,2,1,1,9,9,2,9,9,9,8,0,1
3266720,3,1,1,2,3,1,3,0,0,1,1,1,1,1,0,0,0,0,0,0,1,2,2,1,2,2,2,2,2,1,2,2,2,2,1,1,3,1,1,1,1,9,1,1,1,1,0,0,0,0,0,0,0,0,0,2,9,0,2,2,0,0,0,0,0,1,1,2,3,2,1,1,9,9,2,9,9,9,0,0,2
6630562,3,1,1,2,3,2,3,0,0,1,1,1,1,1,0,0,0,0,0,0,1,2,2,1,2,2,2,2,2,1,2,2,2,2,1,1,3,1,1,1,1,9,1,1,1,2,0,0,0,0,0,0,0,0,0,1,2,0,0,1,0,0,0,0,0,0,1,2,3,1,1,1,9,9,9,9,9,9,0,0,1
9122080,3,6,6,5,6,1,6,0,0,1,3,3,2,2,0,0,0,0,3,2,1,2,2,1,2,2,2,2,2,1,2,2,2,2,1,1,1,1,1,1,1,9,1,1,2,1,0,0,0,0,0,0,0,0,0,1,2,0,0,5,0,0,0,0,0,1,2,1,3,2,1,1,2,2,9,9,2,9,58,0,1
5698156,3,1,1,5,3,1,1,1,1,1,1,1,1,1,0,0,0,0,0,0,1,2,2,1,2,2,2,2,2,1,2,2,2,2,1,1,2,1,1,1,1,9,1,1,1,1,0,0,0,0,0,0,0,0,0,2,9,0,1,1,0,0,0,0,0,0,1,2,3,2,1,1,9,9,2,9,9,9,0,0,1
1662456,3,1,1,2,3,2,3,0,0,1,1,1,1,1,0,0,0,0,0,0,1,2,2,1,2,2,2,2,2,1,2,2,2,2,1,1,2,1,1,1,1,9,1,1,1,1,0,0,0,0,0,0,0,0,0,2,9,0,0,3,0,0,0,0,0,1,1,2,3,2,2,1,9,9,9,9,9,9,0,0,1
2684268,3,2,2,2,2,1,0,0,2,1,1,0,1,1,0,0,0,0,0,0,1,2,2,1,2,2,2,2,2,1,2,2,2,2,1,1,2,1,1,1,1,9,1,1,1,1,0,0,0,0,0,0,0,0,0,2,9,0,0,0,0,0,0,0,0,0,1,2,3,2,2,1,9,9,2,9,9,9,2,0,1
9974473,3,2,2,2,3,1,3,0,0,1,2,1,1,0,1,0,0,0,0,0,1,2,2,1,2,2,2,2,2,1,2,2,2,2,1,1,3,1,1,1,1,9,1,1,1,1,0,0,0,0,0,0,0,0,0,2,9,0,2,1,0,0,0,0,0,1,1,2,3,2,1,1,9,9,2,9,9,9,0,0,1
4268777,3,2,0,1,4,4,0,2,2,1,1,1,1,1,0,0,0,0,0,0,1,2,2,1,2,2,2,2,2,1,2,2,2,2,1,1,2,1,1,1,1,9,1,1,1,1,0,0,0,0,0,0,0,0,0,2,9,0,1,0,0,0,0,0,0,0,1,2,3,2,1,1,9,9,2,9,9,9,0,0,1
9373133,3,1,1,2,3,2,3,0,0,1,1,1,1,1,0,0,0,0,0,0,1,2,2,1,2,2,2,2,2,1,2,2,2,1,1,1,2,1,2,2,1,9,1,1,1,1,0,0,0,0,0,0,0,0,0,1,1,0,0,4,0,0,0,0,0,1,1,1,3,2,1,1,9,9,9,9,9,9,0,0,1
5466335,3,5,5,1,3,2,3,0,0,1,2,2,2,2,1,1,0,0,0,0,1,2,2,1,2,2,2,2,2,1,2,2,2,2,1,1,2,1,1,1,1,9,1,1,1,1,0,0,0,0,0,0,0,0,0,2,9,0,0,1,0,0,0,0,0,1,1,2,3,2,1,1,9,9,9,9,9,9,0,0,1
8480335,3,1,1,1,2,0,2,0,0,2,1,1,1,1,0,0,0,0,1,1,1,2,2,1,2,2,2,2,2,1,2,2,2,2,1,1,2,1,1,1,1,9,1,1,2,1,0,0,0,0,0,0,0,0,0,2,9,0,0,2,0,0,0,0,0,0,1,2,3,1,1,1,9,9,1,9,9,9,0,0,1
3959767,3,1,1,2,2,1,1,0,1,1,1,1,1,1,0,0,0,0,1,1,1,2,2,1,2,2,2,2,2,1,2,2,2,1,1,1,3,1,1,1,1,9,1,1,2,1,0,0,0,0,0,0,0,0,0,2,9,0,2,1,0,0,0,0,0,0,1,1,3,2,1,1,9,9,2,9,9,9,0,0,1
8386799,3,1,1,5,2,1,0,2,0,1,1,1,1,1,0,0,0,0,0,0,1,2,2,1,2,2,2,2,2,1,2,2,2,2,1,1,2,1,2,1,1,9,1,1,1,1,0,0,0,0,0,0,0,0,0,1,2,0,0,1,0,0,0,0,0,0,1,2,3,2,1,1,9,9,2,9,9,9,0,0,1
8409152,3,1,1,5,2,1,0,0,2,1,1,1,1,1,0,0,0,0,0,0,1,2,2,1,2,2,2,2,2,1,2,2,2,2,1,1,2,1,1,1,1,9,1,1,1,1,0,0,0,0,0,0,0,0,0,2,9,0,2,1,0,0,0,0,0,0,1,2,3,2,2,1,9,9,2,9,9,9,12,0,1
2754226,3,10,8,2,27,16,27,0,0,1,3,3,6,6,0,0,1,1,2,1,1,2,2,1,2,2,2,2,2,1,2,2,2,1,1,1,1,1,2,2,1,9,1,2,9,1,2,2,2,2,4,2,4,4,2,1,1,0,0,8,0,0,0,0,1,3,1,2,3,2,1,1,2,2,9,9,2,2,0,0,1
2242928,3,1,1,1,2,1,0,0,2,1,2,2,1,1,0,0,0,0,0,0,1,2,2,1,2,2,2,2,2,1,2,2,2,2,1,1,2,1,1,2,1,9,1,2,9,1,0,0,0,0,0,0,0,0,0,2,9,0,3,4,0,0,0,0,0,1,1,1,1,2,1,1,9,9,2,9,9,9,16,16,1
1997968,3,1,1,2,2,2,0,1,1,1,1,1,1,0,0,0,0,0,0,0,1,2,2,1,2,2,2,2,2,1,2,2,2,1,1,1,2,1,1,2,1,9,1,1,1,1,0,0,0,0,0,0,0,0,0,2,9,0,2,1,0,0,0,0,0,0,1,2,3,2,2,1,9,9,2,9,9,9,0,0,1
5261615,3,1,1,1,3,2,3,0,0,1,1,1,1,1,0,0,0,0,0,0,1,2,2,1,2,2,2,2,2,1,2,2,2,2,1,1,2,1,1,1,1,9,1,1,1,1,0,0,0,0,0,0,0,0,0,2,9,0,0,0,0,0,0,0,0,0,1,2,3,2,1,1,9,9,9,9,9,9,7,0,1
6937665,3,2,2,1,2,1,2,0,0,2,1,1,1,1,0,0,0,0,0,0,1,2,2,1,2,2,2,2,2,1,2,2,2,2,1,1,2,1,1,1,1,9,1,1,1,1,0,0,0,0,0,0,0,0,0,1,2,0,1,1,0,0,0,0,0,0,1,2,3,2,2,1,9,9,2,9,9,9,0,0,1
3103421,3,1,1,2,2,2,0,2,0,1,1,1,1,1,0,0,0,0,0,0,1,2,2,1,2,2,2,2,2,1,2,2,2,2,1,1,2,1,1,1,1,9,1,1,1,1,0,0,0,0,0,0,0,0,0,2,9,0,2,1,0,0,0,0,0,0,1,2,3,2,2,1,9,9,2,9,9,9,17,0,1
9420024,3,1,1,2,3,1,1,2,0,1,1,1,1,1,0,0,0,0,0,0,1,2,2,1,2,2,2,2,2,1,2,2,2,2,1,1,2,1,1,1,1,9,1,1,1,1,0,0,0,0,0,0,0,0,0,2,9,0,2,1,0,0,0,0,0,0,1,2,3,2,2,1,9,9,2,9,9,9,0,0,1
9618602,3,1,1,2,2,1,2,0,0,1,1,1,1,1,1,1,1,1,1,1,1,2,2,1,2,2,2,2,2,1,2,2,2,1,1,1,2,1,1,1,1,9,1,1,2,1,0,0,0,0,0,0,0,0,0,2,9,0,0,0,0,0,0,0,0,0,1,2,3,2,1,1,9,9,2,9,9,9,0,0,2
8527431,3,7,7,7,9,7,5,3,1,2,1,1,2,2,0,0,0,0,1,0,1,2,2,1,2,2,2,2,2,1,2,2,2,2,1,1,2,1,1,1,2,1,1,2,9,1,4,4,4,4,4,4,4,4,4,1,1,0,0,4,0,0,0,1,0,2,1,2,3,2,2,1,2,2,9,9,2,2,106,106,1
4513176,3,2,1,5,11,2,3,3,5,2,1,1,1,1,0,0,0,0,0,0,1,2,2,1,2,2,2,2,2,1,2,2,2,2,1,1,2,1,1,1,1,9,1,2,9,2,4,4,4,4,4,4,4,4,4,1,1,0,0,5,0,1,0,1,0,3,2,2,3,2,1,1,2,2,9,9,2,2,101,0,1
5292610,4,4,2,3,14,14,14,0,0,1,2,2,2,2,0,0,1,1,2,2,1,2,2,1,2,2,2,2,2,1,2,2,2,2,1,1,2,1,2,2,1,9,1,1,2,1,1,1,1,1,4,4,4,4,1,1,1,1,0,27,2,0,0,14,5,7,1,1,1,1,2,2,2,2,2,9,2,2,504,504,1
5433088,3,1,1,5,2,0,0,1,1,2,0,0,1,1,0,0,0,0,0,1,1,2,2,1,2,2,2,2,2,1,2,2,2,1,1,1,1,1,1,2,1,9,1,1,2,1,0,0,0,0,0,0,0,0,0,2,9,0,0,1,0,0,0,0,0,0,2,2,1,2,2,1,9,9,2,9,9,9,0,0,1
7454087,1,7,4,5,7,4,0,0,7,1,1,1,1,1,0,0,0,0,1,1,1,2,2,1,2,2,2,2,2,1,2,2,2,2,1,1,1,1,2,1,1,9,1,1,1,1,0,0,0,0,0,0,0,0,0,1,2,0,0,1,0,0,0,0,0,0,1,2,3,2,1,1,2,1,9,9,2,9,0,0,1
6338583,3,1,1,1,2,2,2,0,0,1,1,1,1,1,0,0,0,0,0,0,1,2,2,1,2,2,2,2,2,1,2,2,2,2,1,1,2,1,1,1,1,9,1,1,1,1,0,0,0,0,0,0,0,0,0,2,9,0,1,1,0,0,0,0,0,0,1,2,3,2,1,1,9,9,2,9,9,9,0,0,2
9428079,3,2,1,2,3,2,1,2,0,1,1,1,2,2,0,0,0,0,0,0,1,2,2,1,2,2,2,2,2,1,2,2,2,1,1,1,2,1,1,1,1,9,1,1,1,1,0,0,0,0,0,0,0,0,0,2,9,0,1,0,0,0,0,0,0,0,1,2,3,2,1,1,9,9,2,9,9,9,5,5,1
8124908,3,1,1,2,2,1,2,0,0,1,1,1,1,1,0,0,0,0,0,0,1,2,2,1,2,2,2,2,2,1,2,2,2,2,1,1,2,1,1,1,1,9,1,1,2,2,0,0,0,0,0,0,0,0,0,2,9,0,1,1,0,0,0,0,0,0,1,2,3,2,1,1,9,9,2,9,9,9,9,9,1
5221661,3,1,1,1,2,1,2,0,0,1,2,1,1,1,1,1,1,1,0,0,1,2,2,1,2,2,2,2,2,1,2,2,2,2,1,1,2,1,1,1,1,9,1,1,1,1,0,0,0,0,0,0,0,0,0,2,9,0,1,1,0,0,0,0,0,0,1,2,3,2,1,1,9,9,2,9,9,9,0,0,2
6726226,3,1,1,1,2,1,1,1,0,1,1,1,1,1,0,0,0,0,0,0,1,2,2,1,2,2,2,2,2,1,2,2,2,2,1,1,2,1,1,1,1,9,1,1,1,1,0,0,0,0,0,0,0,0,0,2,9,0,1,1,0,0,0,1,0,0,1,2,3,2,2,1,9,9,2,9,9,9,0,0,1
9873238,3,1,1,2,2,1,2,0,0,1,1,1,1,1,0,0,0,0,0,0,1,2,2,1,2,2,2,2,2,1,2,2,2,2,1,1,2,1,1,1,1,9,1,1,1,1,0,0,0,0,0,0,0,0,0,2,9,0,1,1,0,0,0,0,0,0,1,2,3,2,1,1,9,9,2,9,9,9,0,0,1
6981495,3,1,1,1,2,1,0,0,2,1,1,1,1,1,0,0,0,0,0,0,1,2,2,1,2,2,2,2,2,1,2,2,2,2,1,1,2,1,1,1,1,9,1,1,1,1,0,0,0,0,0,0,0,0,0,2,9,0,1,1,0,0,0,0,0,0,1,2,3,1,1,1,9,9,2,9,9,9,0,0,1
3668593,3,1,1,1,3,1,2,0,1,1,1,1,1,1,0,0,0,0,0,0,1,2,2,1,2,2,2,2,2,1,2,2,2,2,1,1,2,1,1,1,1,9,1,1,1,1,0,0,0,0,0,0,0,0,0,2,9,0,2,1,0,0,0,0,0,0,1,2,3,2,1,1,9,9,2,9,9,9,0,0,1
8837613,3,1,1,5,2,1,2,0,0,1,1,0,1,0,1,1,0,0,0,0,1,2,2,1,2,2,2,2,2,1,2,2,2,2,1,1,2,1,1,1,1,9,1,1,2,1,0,0,0,0,0,0,0,0,0,2,9,0,1,1,0,0,0,0,0,0,1,2,3,2,2,1,9,9,2,9,9,9,13,13,1
6779996,3,1,1,2,1,1,0,1,0,1,1,1,1,1,0,0,0,0,0,0,1,2,2,1,2,2,2,2,2,1,2,2,2,2,1,1,2,1,1,1,1,9,1,1,1,1,0,0,0,0,0,0,0,0,0,1,2,0,0,1,0,0,0,0,0,0,1,2,3,1,1,1,9,9,2,9,9,9,0,0,1
4739355,3,1,0,5,2,2,0,0,2,2,1,0,1,1,0,0,0,0,0,0,1,2,2,1,2,2,2,2,2,1,2,2,2,3,1,2,2,1,2,1,1,9,1,2,9,1,0,0,0,0,0,0,0,0,0,2,9,0,1,1,0,0,0,0,0,0,1,1,3,2,1,1,9,9,2,9,9,9,0,0,1
3353046,3,1,1,1,2,1,2,0,0,1,0,0,1,1,0,0,1,1,0,1,1,2,2,1,2,2,2,2,2,1,2,2,2,1,1,1,2,1,2,1,1,9,1,1,2,1,0,0,0,0,0,0,0,0,0,2,9,0,1,0,0,0,0,0,0,0,1,2,3,2,2,1,9,9,2,9,9,9,2,2,1
3522632,3,1,1,2,3,1,1,1,1,1,1,1,1,1,1,1,0,0,0,0,1,2,2,1,2,2,2,2,2,1,2,2,2,2,1,1,1,1,1,1,2,1,1,1,1,2,0,0,0,0,0,0,0,0,0,2,9,0,2,1,0,0,0,0,0,0,2,2,3,2,2,1,9,9,2,9,9,9,0,0,2
1098336,3,3,1,5,4,3,2,0,2,2,1,1,1,1,0,0,0,0,1,0,1,2,2,1,2,2,2,2,2,1,2,2,2,2,1,1,1,2,2,2,1,9,1,2,9,1,4,4,4,4,4,4,4,4,4,2,9,0,0,5,0,0,0,1,1,3,2,2,3,2,1,1,2,2,9,9,2,2,108,0,1
8716430,3,1,1,2,2,2,0,1,1,1,1,1,1,1,0,0,0,0,0,0,1,2,2,1,2,2,2,2,2,1,2,2,2,1,1,1,2,1,2,2,1,9,1,1,1,1,0,0,0,0,0,0,0,0,0,2,9,0,1,2,0,0,0,0,0,0,1,1,3,2,1,1,9,9,2,9,9,9,0,0,1
5963205,3,1,1,2,4,1,4,0,0,1,2,2,2,2,0,0,1,1,1,0,1,2,2,1,2,2,2,2,2,1,2,2,2,2,1,1,2,1,1,1,1,9,1,1,1,2,0,0,0,0,0,0,0,0,0,2,9,0,2,5,0,0,0,1,0,0,1,2,3,2,1,1,9,9,2,9,9,9,45,45,1
6411912,3,8,8,5,14,8,8,6,0,1,0,0,6,6,0,0,0,0,0,0,1,2,2,1,2,2,2,2,2,1,2,2,2,2,1,1,2,1,1,1,1,9,1,1,2,1,2,2,2,4,4,4,4,4,4,1,2,0,0,10,0,0,0,1,2,3,1,2,3,2,1,1,2,2,9,9,2,2,110,125,1
2392691,3,1,1,2,2,1,2,0,0,1,1,1,1,1,0,0,0,0,0,0,1,2,2,1,2,2,2,2,2,1,2,2,2,2,1,1,2,1,1,1,1,9,1,1,1,1,0,0,0,0,0,0,0,0,0,2,9,0,1,1,0,0,0,0,0,0,1,2,3,2,1,1,9,9,2,9,9,9,13,13,1
7721728,3,4,2,7,8,4,5,1,2,2,2,2,2,2,0,0,0,0,2,0,1,2,2,1,2,2,2,2,2,1,2,2,2,2,1,1,1,1,1,1,2,2,1,2,9,1,4,4,4,4,4,4,4,4,4,2,9,0,0,5,0,0,0,1,1,1,1,2,3,2,1,1,2,2,9,9,2,2,0,0,1
6351958,3,1,1,2,2,0,2,0,0,2,1,1,1,1,0,0,0,0,1,1,1,2,2,1,2,2,2,2,2,1,2,2,2,2,1,1,2,1,1,1,1,9,1,1,1,2,0,0,0,0,0,0,0,0,0,2,9,0,2,0,0,0,0,0,0,0,1,2,3,2,2,1,9,9,2,9,9,9,0,0,2
4373938,3,1,1,2,2,2,2,0,0,1,1,1,1,1,0,0,0,0,0,0,1,2,2,1,2,2,2,2,2,1,2,2,2,2,1,1,2,1,2,1,1,9,1,1,1,1,0,0,0,0,0,0,0,0,0,2,9,0,1,0,0,0,0,0,0,0,1,1,3,2,1,1,9,9,2,9,9,9,0,0,1
5052642,3,1,1,1,3,0,3,0,0,2,1,1,1,1,0,0,0,0,0,0,1,2,2,1,2,2,2,2,2,1,2,2,2,2,1,1,2,1,1,1,1,9,1,1,2,1,0,0,0,0,0,0,0,0,0,2,9,0,0,2,0,0,0,0,1,1,1,1,3,2,1,1,9,9,9,9,9,9,0,0,1
3516379,3,1,1,2,2,2,0,2,0,1,1,0,1,1,0,0,0,0,0,0,1,2,2,1,2,2,2,2,2,1,2,2,2,2,1,1,2,1,1,2,1,9,1,1,1,1,0,0,0,0,0,0,0,0,0,2,9,0,1,0,0,0,0,0,0,0,1,2,3,2,2,1,9,9,2,9,9,9,0,0,1
1116139,3,1,1,1,2,1,2,0,0,1,1,1,1,1,0,0,0,0,0,0,1,2,2,1,2,2,2,2,2,1,2,2,2,2,1,1,2,1,1,2,1,9,1,1,2,1,0,0,0,0,0,0,0,0,0,2,9,0,0,1,0,0,0,0,0,0,1,2,3,2,1,1,9,9,2,9,9,9,0,0,2
2121748,3,12,6,7,12,12,5,7,0,2,2,2,1,1,0,0,0,0,0,0,1,2,2,1,1,2,2,2,2,1,1,2,2,2,1,1,2,1,1,1,1,9,1,1,1,1,2,2,2,4,4,2,4,4,2,2,9,0,0,8,0,0,0,1,1,2,1,2,3,2,2,1,2,2,9,9,2,2,146,0,1
5792563,3,1,1,1,2,1,2,0,0,1,1,1,1,1,0,0,0,0,0,0,1,2,2,1,2,2,2,2,2,1,2,2,2,2,1,1,2,1,1,1,2,1,1,1,2,2,0,0,0,0,0,0,0,0,0,2,9,0,2,1,0,0,0,0,0,0,1,2,3,2,2,1,9,9,2,9,9,9,8,0,1
4854129,3,1,1,7,2,1,2,0,0,1,2,2,2,2,0,0,0,0,0,0,1,2,2,1,2,2,2,2,2,1,2,2,2,2,1,1,3,1,1,1,1,9,1,1,1,1,0,0,0,0,0,0,0,0,0,2,9,0,1,2,0,0,0,0,0,0,1,2,3,2,2,1,9,9,2,9,9,9,10,0,1
7070729,3,1,1,1,2,2,2,0,0,1,1,1,1,1,1,1,0,0,0,0,1,2,2,1,2,2,2,2,2,1,2,2,2,2,1,1,2,1,1,1,1,9,1,1,1,1,0,0,0,0,0,0,0,0,0,2,9,0,1,1,0,0,0,0,0,0,1,2,3,1,1,1,9,9,2,9,9,9,0,0,1
3090902,3,1,1,2,3,1,3,0,0,1,1,1,1,1,0,0,0,0,1,1,1,2,2,1,2,2,2,2,2,1,2,2,2,1,1,1,1,1,1,1,1,9,1,1,1,1,0,0,0,0,0,0,0,0,0,1,2,0,0,2,0,0,0,0,0,0,1,2,3,2,1,1,9,9,2,9,9,9,0,0,1
4055824,1,2,2,1,3,5,3,0,0,1,1,1,1,1,0,0,0,0,1,0,1,2,2,1,2,2,2,2,2,1,2,2,2,2,1,1,2,1,1,1,1,9,1,2,9,1,0,0,0,0,0,0,0,0,0,2,9,1,0,1,0,0,0,0,0,1,1,2,2,2,1,1,9,9,9,9,9,9,0,0,2
3664994,3,1,1,2,3,3,1,2,0,1,1,1,2,2,0,0,0,0,0,0,1,2,2,1,2,2,2,2,2,1,2,2,2,1,1,2,1,1,2,1,1,9,1,1,1,1,0,0,0,0,0,0,0,0,0,2,9,0,1,1,0,0,0,0,0,0,1,2,3,2,1,1,9,9,2,9,9,9,0,0,1
8740550,3,2,2,5,7,6,7,0,0,1,2,2,2,2,0,0,0,0,1,1,1,2,2,1,2,2,2,2,2,1,2,2,2,1,1,1,2,1,1,1,1,9,1,1,1,1,0,0,0,0,0,0,0,0,0,2,9,0,0,2,0,0,0,1,1,1,1,2,3,2,1,1,2,2,9,9,2,9,0,0,1
4570859,3,1,1,1,4,4,2,0,2,2,1,0,1,1,0,0,0,0,1,0,1,2,2,1,2,2,2,2,2,1,2,2,2,2,1,1,2,1,1,1,1,9,1,1,1,1,0,0,0,0,0,0,0,0,0,1,2,0,2,2,0,0,0,0,0,1,1,1,3,2,1,1,9,9,2,9,9,9,20,0,1
4935436,3,10,10,3,10,6,8,2,0,1,2,2,2,2,0,0,0,0,1,1,1,2,2,1,2,2,2,2,2,1,2,2,2,2,1,1,1,1,1,1,1,9,1,1,1,2,4,2,4,4,4,4,4,4,4,1,1,0,0,6,0,0,0,0,0,1,1,2,3,2,2,1,2,2,9,9,2,2,0,0,1
8459755,3,1,1,1,2,1,0,2,0,1,2,2,1,1,0,0,0,0,2,2,1,2,2,1,2,2,2,2,2,1,2,2,2,2,1,1,2,1,1,1,1,9,1,1,1,1,0,0,0,0,0,0,0,0,0,2,9,0,2,1,0,0,0,0,0,0,1,2,3,2,1,1,9,9,2,9,9,9,0,0,1
2811932,3,1,1,2,6,2,3,0,3,1,1,1,1,1,0,0,0,0,0,0,1,2,2,1,2,2,2,2,2,1,2,2,2,1,1,1,2,1,1,1,1,9,1,1,1,1,0,0,0,0,0,0,0,0,0,2,9,0,2,1,0,0,0,0,0,0,1,2,3,2,2,1,9,9,2,9,9,9,0,0,1
8272271,3,1,1,1,3,1,3,0,0,1,1,1,1,1,0,0,0,0,0,0,1,2,2,1,2,2,2,2,2,1,2,2,2,2,1,1,2,1,1,1,1,9,1,1,1,1,0,0,0,0,0,0,0,0,0,2,9,0,1,0,0,0,0,0,0,0,1,2,3,2,1,1,9,9,2,9,9,9,0,0,2
3144363,3,1,1,2,2,0,0,2,0,2,1,0,1,0,0,0,0,0,0,0,1,2,2,1,2,2,2,2,2,1,2,2,2,2,1,1,2,1,1,1,1,9,1,2,9,1,0,0,0,0,0,0,0,0,0,2,9,0,2,1,0,0,0,0,0,0,1,2,3,2,1,1,9,9,2,9,9,9,0,0,1
5030756,3,1,1,2,2,1,2,0,0,1,1,1,1,1,0,0,0,0,0,0,1,2,2,1,2,2,2,2,2,1,2,2,2,1,1,1,2,1,1,1,1,9,1,1,2,1,0,0,0,0,0,0,0,0,0,2,9,0,1,1,0,0,0,0,0,0,1,2,3,2,1,1,9,9,2,9,9,9,0,0,1
1999473,3,1,1,2,3,1,2,0,1,1,2,2,1,1,1,1,0,0,0,0,1,2,2,1,2,2,2,2,2,1,2,2,2,2,1,1,2,1,1,1,1,9,1,1,1,1,0,0,0,0,0,0,0,0,0,2,9,0,4,1,0,0,0,1,0,0,1,2,3,2,1,1,9,9,2,9,9,9,16,0,1
7434876,3,1,1,7,2,1,2,0,0,1,1,1,1,1,0,0,0,0,1,1,1,2,2,1,2,2,2,2,2,1,2,2,2,1,1,1,2,1,1,1,1,9,1,1,1,1,0,0,0,0,0,0,0,0,0,2,9,0,1,2,0,2,0,0,0,0,1,2,3,2,1,1,9,9,2,9,9,9,4,4,1
5809092,3,2,2,5,3,2,0,0,3,1,1,1,1,1,1,1,0,0,1,0,1,2,2,1,2,2,2,2,2,1,2,2,2,1,1,1,2,1,1,1,1,9,1,1,1,1,0,0,0,0,0,0,0,0,0,2,9,0,1,1,0,0,0,0,0,0,1,2,3,2,2,1,9,9,2,9,9,9,0,0,1
6777908,3,3,3,5,3,0,3,0,0,2,3,1,3,1,0,0,0,0,0,0,1,2,2,1,2,2,2,2,2,1,2,2,2,2,1,1,2,1,1,2,1,9,1,1,1,1,0,0,0,0,0,0,0,0,0,2,9,0,0,4,0,0,0,0,0,1,1,2,3,2,2,1,9,9,9,9,9,9,0,0,1
7566724,3,2,2,2,2,1,2,0,0,1,1,0,1,1,0,0,0,0,0,0,1,2,2,1,2,2,2,2,2,1,2,2,2,1,1,1,2,1,1,1,1,9,1,1,1,2,0,0,0,0,0,0,0,0,0,2,9,0,1,0,0,0,0,0,0,0,1,1,3,2,2,1,9,9,2,9,9,9,0,0,1
5366325,3,1,1,1,2,2,0,0,2,1,1,1,1,1,0,0,0,0,0,0,1,2,2,1,2,2,2,2,2,1,2,2,2,2,1,1,2,1,1,1,1,9,1,2,9,2,0,0,0,0,0,0,0,0,0,2,9,0,1,2,0,0,0,0,0,1,1,2,3,2,1,1,9,9,2,9,9,9,0,0,1
2526297,3,1,1,2,2,1,2,0,0,1,1,1,1,1,0,0,0,0,0,0,1,2,2,1,2,2,2,2,2,1,2,2,2,1,1,1,2,1,1,1,1,9,1,1,1,1,0,0,0,0,0,0,0,0,0,2,9,0,2,1,0,0,0,0,0,0,1,2,3,1,1,1,9,9,2,9,9,9,16,16,1
7315523,3,1,1,2,3,2,0,0,3,1,1,1,1,1,0,0,0,0,0,0,1,2,2,1,2,2,2,2,2,1,2,2,2,2,1,1,2,1,1,1,1,9,1,1,1,1,0,0,0,0,0,0,0,0,0,2,9,0,0,2,0,0,0,0,0,0,1,2,3,2,1,1,9,9,9,9,9,9,0,0,1
2510109,3,1,1,1,2,1,0,2,0,1,1,0,1,1,0,0,0,0,0,0,1,2,2,1,2,2,2,2,2,1,2,2,2,2,1,1,2,1,2,1,1,9,1,1,1,1,0,0,0,0,0,0,0,0,0,2,9,0,2,1,0,0,0,0,0,0,1,2,3,2,1,1,9,9,2,9,9,9,0,0,1
1636112,3,1,1,2,2,3,0,2,0,1,1,1,1,1,0,0,0,0,1,1,1,2,2,1,2,2,2,2,2,1,2,2,2,2,1,2,2,1,1,1,1,9,1,1,2,1,0,0,0,0,0,0,0,0,0,2,9,1,0,0,0,0,0,0,0,0,1,1,3,1,1,1,9,9,2,9,9,9,2,2,1
4937163,3,7,7,1,7,7,2,3,2,1,4,4,2,2,0,0,0,0,4,2,1,2,2,1,1,2,2,2,2,1,1,2,2,2,1,1,1,1,1,1,1,9,1,2,9,1,4,4,4,4,4,4,4,4,2,1,2,0,4,2,0,0,0,0,0,2,1,2,1,2,1,1,2,2,9,9,1,1,0,15,2
9202177,3,2,2,1,3,2,2,1,0,1,1,1,1,1,1,1,0,0,0,0,1,2,2,1,2,2,2,2,2,1,2,2,2,2,1,1,2,1,1,1,1,9,1,1,1,1,0,0,0,0,0,0,0,0,0,2,9,0,2,1,0,0,0,0,0,0,1,2,3,2,2,1,9,9,2,9,9,9,13,0,1
1903161,3,1,1,2,2,1,1,1,0,1,1,1,1,1,0,0,0,0,0,0,1,2,2,1,2,2,2,2,2,1,2,2,2,2,1,1,2,1,2,1,1,9,1,1,1,1,0,0,0,0,0,0,0,0,0,2,9,0,1,0,0,0,0,0,0,0,1,2,3,2,2,1,9,9,2,9,9,9,0,0,1
3867568,3,1,0,1,2,1,1,0,1,1,1,0,1,1,0,0,0,0,0,0,1,2,2,1,2,2,2,2,2,1,2,2,2,2,1,1,1,1,1,1,1,9,1,1,1,1,0,0,0,0,0,0,0,0,0,1,2,0,1,1,0,0,0,0,0,0,2,2,3,2,1,1,9,9,2,9,9,9,0,0,1
8693316,3,1,1,7,2,2,2,0,0,1,1,1,1,1,0,0,0,0,0,0,1,2,2,1,2,2,2,2,2,1,2,2,2,1,1,1,2,1,1,1,1,9,1,1,1,1,0,0,0,0,0,0,0,0,0,2,9,0,2,1,0,0,0,0,0,0,1,2,3,2,2,1,9,9,2,9,9,9,0,0,2
1806167,3,1,1,5,3,1,3,0,0,1,1,1,1,1,1,0,1,1,0,0,1,2,2,1,2,2,2,2,2,1,2,2,2,2,1,1,2,1,1,2,1,9,1,1,1,2,0,0,0,0,0,0,0,0,0,2,9,0,2,1,0,0,0,0,0,0,2,2,3,2,1,1,9,9,2,9,9,9,0,0,1
2195700,3,1,0,1,2,2,0,2,0,1,1,0,1,1,0,0,0,0,0,0,1,2,2,1,2,2,2,2,2,1,2,2,2,2,1,1,1,1,2,2,1,9,1,1,1,2,0,0,0,0,0,0,0,0,0,2,9,0,2,1,0,0,0,0,0,0,1,2,2,2,2,1,9,9,2,9,9,9,0,0,1
1461990,3,2,1,1,2,1,1,0,1,1,1,0,1,1,0,0,0,0,0,0,1,2,2,1,2,2,2,2,2,1,2,2,2,2,1,1,2,1,1,1,1,9,1,1,1,2,0,0,0,0,0,0,0,0,0,1,2,0,2,3,0,0,0,0,0,0,1,2,3,2,1,1,9,9,2,9,9,9,0,0,1
8664836,3,2,1,2,2,3,2,0,0,1,2,2,2,1,0,0,0,0,0,0,1,2,2,1,2,2,2,2,2,1,2,2,2,2,1,1,2,1,2,1,1,9,1,1,1,1,0,0,0,0,0,0,0,0,0,2,9,0,2,1,0,0,0,0,0,0,1,2,3,2,1,1,9,9,2,9,9,9,18,15,1
5517450,3,1,0,5,2,3,2,0,0,1,1,1,1,1,1,1,0,0,1,0,1,2,2,1,2,2,2,2,2,1,2,2,2,1,1,1,2,1,1,1,1,9,1,1,1,2,0,0,0,0,0,0,0,0,0,2,9,0,2,1,0,0,0,0,0,0,1,2,3,2,1,1,9,9,2,9,9,9,0,0,1
5933186,3,1,1,2,2,1,2,0,0,1,1,1,1,1,0,0,0,0,0,0,1,2,2,1,2,2,2,2,2,1,2,2,2,2,1,1,2,1,1,1,1,9,1,1,1,1,0,0,0,0,0,0,0,0,0,2,9,0,2,1,0,0,0,0,0,0,1,2,3,2,1,1,9,9,2,9,9,9,7,7,1
1081208,3,2,2,2,5,4,2,0,3,2,1,1,2,2,0,0,0,0,0,0,1,2,2,1,2,2,2,2,2,1,2,2,2,2,1,1,2,1,1,1,1,9,1,1,1,2,0,0,0,0,0,0,0,0,0,1,2,0,0,6,0,2,0,1,2,2,1,1,3,2,1,1,2,2,9,9,2,9,0,0,1
3073542,1,1,1,1,4,5,4,0,0,1,1,1,1,1,1,1,1,1,0,0,1,2,2,1,2,2,2,2,2,1,2,2,2,2,1,1,2,1,1,2,1,9,1,2,9,1,0,0,0,0,0,0,0,0,0,1,2,0,0,1,0,0,1,0,0,1,1,2,3,2,2,1,9,9,9,9,9,9,12,21,1
4744953,3,1,1,1,3,2,0,3,0,1,1,1,1,1,0,0,0,0,0,0,1,2,2,1,2,2,2,2,2,1,2,2,2,2,1,1,1,1,2,1,1,9,1,1,1,2,0,0,0,0,0,0,0,0,0,2,9,0,0,1,0,0,0,0,0,0,1,2,3,2,1,1,9,9,9,9,9,9,18,18,1
5050864,3,1,1,2,3,1,3,0,0,1,1,1,1,1,0,0,0,0,0,0,1,2,2,1,2,2,2,2,2,1,2,2,2,2,1,1,2,1,1,1,1,9,1,1,1,1,0,0,0,0,0,0,0,0,0,2,9,0,1,0,0,0,0,0,0,0,1,2,3,2,1,1,9,9,2,9,9,9,5,5,1
6784230,3,1,0,5,2,1,2,0,0,2,4,2,2,2,0,0,0,0,0,0,1,2,2,1,2,2,2,2,2,1,2,2,2,2,1,1,2,1,1,1,1,9,1,1,1,1,0,0,0,0,0,0,0,0,0,1,2,0,2,1,0,0,0,0,0,0,1,2,3,2,2,1,9,9,2,9,9,9,0,0,1
1672150,1,1,1,8,4,0,4,0,0,2,3,3,3,3,0,0,0,0,0,0,1,2,2,1,2,2,2,2,2,1,2,2,2,2,1,1,2,1,1,1,1,9,1,1,2,1,0,0,0,0,0,0,0,0,0,1,2,0,0,2,0,0,0,0,0,1,1,2,3,2,1,1,2,2,9,9,2,9,8,8,1
8554234,3,1,1,2,9,3,6,0,3,1,1,1,1,1,0,0,0,0,1,1,1,2,2,1,2,2,2,2,2,1,2,2,2,2,1,1,1,1,1,1,1,9,1,1,1,1,4,4,4,4,4,1,4,4,4,1,1,0,0,5,0,0,0,1,2,1,1,2,3,2,1,1,2,2,9,9,2,2,40,4,1
7755020,3,1,1,5,3,1,3,0,0,1,1,0,1,1,0,0,0,0,0,0,1,2,2,1,2,2,2,2,2,1,2,2,2,2,1,1,2,1,1,1,1,9,1,1,2,1,0,0,0,0,0,0,0,0,0,2,9,0,2,1,0,0,0,0,0,0,1,2,3,2,1,1,9,9,2,9,9,9,0,0,1
8955921,3,2,1,1,2,1,2,0,0,1,1,1,1,1,0,0,0,0,1,1,1,2,2,1,2,2,2,2,2,1,2,2,2,2,1,1,1,1,1,1,1,9,1,1,1,1,0,0,0,0,0,0,0,0,0,2,9,0,1,1,0,0,0,0,0,0,1,2,3,2,2,1,9,9,2,9,9,9,0,0,1
9389443,3,1,1,1,2,1,2,0,0,1,1,1,1,1,0,0,0,0,0,0,1,2,2,1,2,2,2,2,2,1,2,2,2,2,1,1,2,1,1,1,1,9,1,1,2,1,0,0,0,0,0,0,0,0,0,2,9,0,1,1,0,0,0,0,0,0,1,2,3,2,1,1,9,9,2,9,9,9,26,0,1
8829909,3,1,1,5,2,1,2,0,0,1,2,1,1,1,0,0,0,0,0,0,1,2,2,1,2,2,2,2,2,1,2,2,2,2,1,1,2,1,1,1,2,1,1,1,1,1,0,0,0,0,0,0,0,0,0,2,9,0,2,1,0,0,0,0,0,0,1,2,3,2,2,1,9,9,2,9,9,9,10,10,1
7166331,3,1,1,2,2,1,0,2,0,1,1,1,1,1,0,0,0,0,0,0,2,2,2,1,2,2,2,2,2,1,2,2,2,2,1,1,2,1,1,1,1,9,1,1,1,1,0,0,0,0,0,0,0,0,0,2,9,0,2,1,0,0,0,0,0,0,1,2,3,2,2,1,9,9,2,9,9,9,0,0,1
2154740,3,4,4,3,9,9,9,0,0,1,1,1,1,1,0,0,0,0,1,1,1,2,2,1,2,2,2,2,2,1,2,2,2,1,1,1,2,1,1,2,1,9,1,1,1,1,4,4,4,4,4,4,4,3,1,1,1,0,0,3,0,0,0,1,0,2,1,1,2,2,1,1,2,2,9,9,2,1,249,249,1
9523556,3,1,1,1,2,1,2,0,0,1,1,1,1,1,0,0,0,0,0,0,1,2,2,1,2,2,2,2,2,1,2,2,2,2,1,1,2,1,1,1,2,1,1,1,1,2,0,0,0,0,0,0,0,0,0,2,9,0,2,2,0,0,0,0,0,0,1,2,3,2,1,1,9,9,2,9,9,9,0,0,1
1498326,3,1,1,5,2,1,2,0,0,1,1,1,1,1,0,0,0,0,0,0,1,2,2,1,2,2,2,2,2,1,2,2,2,2,1,1,2,1,1,1,1,9,1,1,1,1,0,0,0,0,0,0,0,0,0,2,9,0,2,1,0,0,0,0,0,0,1,2,3,2,1,1,9,9,2,9,9,9,30,0,1
1673628,3,1,1,5,3,1,0,0,3,1,0,0,1,1,0,0,0,0,2,0,1,2,2,1,2,2,2,2,2,1,2,2,2,2,1,1,2,1,1,1,1,9,1,1,1,1,0,0,0,0,0,0,0,0,0,2,9,0,2,1,0,0,0,0,0,1,1,2,3,2,2,1,9,9,2,9,9,9,0,0,1
5571340,3,2,2,1,3,1,0,0,3,1,1,1,2,2,0,0,0,0,0,0,1,2,2,1,2,2,2,2,2,1,2,2,2,2,1,1,2,1,1,1,1,9,1,1,1,1,0,0,0,0,0,0,0,0,0,2,9,0,1,2,0,0,0,0,0,0,1,2,3,2,2,1,9,9,2,9,9,9,0,0,1
8564460,3,1,1,2,3,1,0,2,1,1,1,1,2,2,0,0,0,0,0,0,1,2,2,1,2,2,2,2,2,1,2,2,2,2,1,1,2,1,1,1,2,2,1,1,1,1,0,0,0,0,0,0,0,0,0,2,9,0,2,1,0,0,0,0,0,0,1,2,3,2,2,1,9,9,2,9,9,9,0,0,1
5798696,3,2,2,3,5,2,2,0,3,1,1,1,1,1,0,0,0,0,0,0,1,2,2,1,2,2,2,2,2,1,2,2,2,2,1,1,2,1,1,1,1,9,1,1,1,1,0,0,0,0,0,0,0,0,0,2,9,0,0,2,0,0,0,0,0,0,1,2,3,2,1,1,9,9,9,9,9,9,0,10,1
4419758,3,1,1,2,2,0,0,0,2,2,1,1,1,0,0,0,0,0,0,0,1,2,2,1,2,2,2,2,2,1,2,2,2,2,1,2,2,1,1,1,1,9,1,1,1,1,0,0,0,0,0,0,0,0,0,2,9,0,1,1,0,0,0,0,0,0,1,2,1,2,2,1,9,9,2,9,9,9,0,0,1
5155588,3,1,1,5,2,1,2,0,0,1,1,1,1,1,0,0,0,0,1,1,1,2,2,1,2,2,2,2,2,1,2,2,2,2,1,1,2,1,1,1,1,9,1,1,1,1,0,0,0,0,0,0,0,0,0,2,9,0,1,1,0,0,0,0,0,0,1,2,3,2,1,1,9,9,2,9,9,9,0,0,1
4998196,3,1,1,2,2,1,0,2,0,1,1,1,1,1,0,0,0,0,0,0,1,2,2,1,2,2,2,2,2,1,2,2,2,1,1,1,1,1,2,1,1,9,1,1,1,2,0,0,0,0,0,0,0,0,0,2,9,0,1,1,0,0,0,0,0,0,1,2,1,2,1,1,9,9,2,9,9,9,0,0,1
7365222,3,1,0,1,2,2,0,0,2,1,1,1,1,1,0,0,0,0,0,0,1,2,2,1,2,2,2,2,2,1,2,2,2,1,1,1,2,1,2,1,1,9,1,1,1,1,0,0,0,0,0,0,0,0,0,1,1,0,1,1,0,0,0,0,0,0,1,2,3,2,1,1,9,9,2,9,9,9,0,0,1
7880080,3,1,1,2,2,3,0,2,0,1,1,0,1,1,0,0,0,0,0,0,1,2,2,1,2,2,2,2,2,1,2,2,2,2,1,1,2,1,1,1,1,9,1,1,2,1,0,0,0,0,0,0,0,0,0,2,9,0,2,1,0,0,0,1,0,0,1,2,3,2,1,1,9,9,2,9,9,9,0,0,1
8708892,3,1,1,2,3,1,3,0,0,1,2,2,1,1,0,0,0,0,0,0,1,2,2,1,2,2,2,2,2,1,2,2,2,2,1,1,2,1,1,1,1,9,1,1,1,1,0,0,0,0,0,0,0,0,0,2,9,0,1,1,0,0,0,0,0,0,1,2,3,2,2,1,9,9,2,9,9,9,0,0,1
7535241,3,1,1,5,2,1,0,2,0,1,1,1,1,1,0,0,0,0,0,0,1,2,2,1,2,2,2,2,2,1,2,2,2,2,1,1,2,1,1,1,1,9,1,1,1,1,0,0,0,0,0,0,0,0,0,1,2,0,2,1,0,0,0,0,0,0,1,2,3,2,2,1,9,9,2,9,9,9,0,0,1
9666477,3,1,1,1,3,2,3,0,0,1,1,1,1,1,0,0,0,0,0,0,1,2,2,1,2,2,2,2,2,1,2,2,2,2,1,1,2,1,1,1,1,9,1,1,1,1,0,0,0,0,0,0,0,0,0,2,9,0,0,1,0,0,0,0,0,1,1,2,3,2,1,1,9,9,9,9,9,9,18,0,1
3194216,3,1,1,1,3,1,3,0,0,1,0,0,1,1,0,0,0,0,0,0,1,2,2,1,2,2,2,2,2,1,2,2,2,2,1,1,2,1,2,1,2,2,1,2,9,1,0,0,0,0,0,0,0,0,0,2,9,0,1,0,0,0,0,0,0,0,1,2,3,2,1,1,9,9,2,9,9,9,0,0,1
4831032,3,2,2,1,2,1,2,0,0,2,1,1,1,1,0,0,0,0,0,0,1,2,2,1,2,2,2,2,2,1,2,2,2,2,1,1,2,1,1,2,1,9,1,1,1,2,0,0,0,0,0,0,0,0,0,2,9,0,2,1,0,0,0,0,0,0,1,2,3,2,1,1,9,9,2,9,9,9,0,0,1
1096015,3,1,1,2,2,1,0,2,0,1,2,2,2,2,0,0,0,0,0,0,1,2,2,1,2,2,2,2,2,1,2,2,2,2,1,1,2,1,1,1,1,9,1,1,1,1,0,0,0,0,0,0,0,0,0,2,9,0,2,1,0,0,0,0,0,0,1,2,3,2,2,1,9,9,2,9,9,9,5,5,1
3179881,3,1,0,1,2,2,0,2,0,1,1,1,1,1,0,0,0,0,0,0,1,2,2,1,2,2,2,2,2,1,2,2,2,1,1,1,2,1,1,2,1,9,1,1,1,2,0,0,0,0,0,0,0,0,0,2,9,0,2,1,0,0,0,0,0,0,1,2,3,2,2,1,9,9,2,9,9,9,0,0,2
3018999,3,1,1,2,2,1,2,0,0,1,1,1,1,1,0,0,0,0,0,0,1,2,2,1,2,2,2,2,2,1,2,2,2,2,1,1,2,1,1,1,1,9,1,1,1,1,0,0,0,0,0,0,0,0,0,2,9,0,1,1,0,0,0,0,0,0,1,2,1,1,1,1,9,9,2,9,9,9,3,0,1
6405113,3,1,1,1,2,1,0,0,2,1,1,1,1,1,0,0,0,0,0,0,1,2,2,1,2,2,2,2,2,1,2,2,2,2,1,1,2,1,1,1,1,9,1,1,2,2,0,0,0,0,0,0,0,0,0,2,9,0,2,1,0,0,0,0,0,0,1,2,3,2,1,1,9,9,2,9,9,9,0,0,1
8836745,1,7,6,6,7,5,2,2,3,1,1,1,1,1,0,0,1,1,1,1,1,2,2,1,2,2,2,2,2,1,2,2,2,2,1,1,2,1,2,2,1,9,1,2,9,2,2,2,2,2,4,2,4,4,4,2,9,0,0,3,0,0,0,0,0,1,1,2,3,2,1,2,2,2,9,9,2,2,64,0,1
9402479,3,1,1,5,2,0,2,0,0,2,1,1,1,1,0,0,0,0,0,0,1,2,2,1,2,2,2,2,2,1,2,2,2,2,1,1,2,1,2,1,1,9,1,1,1,1,0,0,0,0,0,0,0,0,0,1,2,0,0,1,0,0,0,0,0,0,1,2,3,2,2,1,9,9,2,9,9,9,3,0,1
2853788,3,2,2,2,3,4,1,1,1,1,1,1,1,1,0,0,0,0,0,0,1,2,2,1,2,2,2,2,2,1,2,2,2,2,1,1,2,1,1,1,1,9,1,1,1,1,0,0,0,0,0,0,0,0,0,2,9,0,0,1,0,0,0,0,0,0,1,2,3,2,1,1,9,9,9,9,9,9,16,16,1
3695930,3,1,1,2,2,1,2,0,0,1,1,1,1,1,1,1,0,0,0,0,1,2,2,1,2,2,2,2,2,1,2,2,2,2,1,1,2,1,2,1,1,9,1,1,1,1,0,0,0,0,0,0,0,0,0,2,9,0,0,1,0,0,0,0,0,0,1,2,3,2,2,1,9,9,2,9,9,9,0,0,2
6894529,3,1,0,2,5,2,3,2,0,1,1,1,1,1,0,0,0,0,0,0,1,2,2,1,2,2,2,2,2,1,2,2,2,2,1,1,2,1,1,1,1,9,1,1,1,2,0,0,0,0,0,0,0,0,0,2,9,0,0,3,0,3,0,0,0,1,1,2,3,2,1,1,9,9,9,9,9,9,84,84,1
3959720,3,2,2,1,12,3,12,0,0,1,1,1,1,1,0,0,0,0,1,1,1,2,2,1,2,2,2,2,2,1,2,2,2,2,1,1,2,1,1,1,1,9,1,1,2,1,4,4,4,4,4,4,4,4,4,1,2,0,0,5,0,0,0,1,1,1,1,2,3,2,1,1,2,2,9,9,2,2,56,56,1
4083996,3,1,1,2,2,1,1,1,0,1,1,0,1,1,0,0,0,0,0,0,1,2,2,1,2,2,2,2,2,1,2,2,2,2,1,1,2,1,1,1,1,9,1,1,1,1,0,0,0,0,0,0,0,0,0,2,9,0,1,2,0,0,0,0,0,0,1,2,3,2,1,1,9,9,2,9,9,9,6,6,1
3886177,6,3,3,1,14,12,12,2,0,1,4,4,4,4,1,1,1,1,8,0,1,2,2,1,2,2,2,2,2,1,2,2,2,2,1,1,2,1,2,1,2,1,1,1,2,1,1,1,1,4,4,4,4,4,1,1,2,1,0,25,250,0,0,14,2,5,1,2,1,1,2,2,2,2,2,9,2,2,257,0,1
8492355,3,5,1,5,5,5,2,0,3,1,0,0,3,3,0,0,0,0,0,0,1,2,2,1,2,2,2,2,2,1,2,2,2,2,1,1,2,1,2,1,1,9,1,1,1,1,0,0,0,0,0,0,0,0,0,1,1,0,1,5,0,0,0,1,0,1,1,2,3,2,1,1,2,2,9,9,2,9,76,58,1
9352792,3,2,1,7,7,3,4,0,3,2,1,1,2,2,0,0,0,0,2,0,1,2,2,1,2,2,2,2,2,1,2,2,2,2,1,1,2,1,1,1,1,9,1,1,1,2,4,4,4,4,4,4,4,4,2,2,9,0,0,7,0,0,0,2,1,3,1,2,3,2,1,1,2,2,9,9,2,2,0,0,1
7315174,3,1,0,1,2,1,2,0,0,1,1,0,1,1,0,0,0,0,0,0,1,2,2,1,2,2,2,2,2,1,2,2,2,2,1,1,2,1,1,1,1,9,1,1,2,1,0,0,0,0,0,0,0,0,0,2,9,0,2,1,0,0,0,1,0,0,1,2,3,2,2,1,9,9,2,9,9,9,8,0,1
8064538,3,1,1,2,4,4,3,1,0,1,1,1,1,1,0,0,0,0,0,0,1,2,2,1,2,2,2,2,2,1,2,2,2,2,1,1,1,1,1,1,1,9,1,1,1,1,0,0,0,0,0,0,0,0,0,2,9,0,2,1,0,0,0,0,0,1,1,2,3,2,2,1,9,9,9,9,9,9,0,0,1
4117343,3,2,1,1,3,1,1,2,0,1,1,1,1,1,0,0,0,0,0,0,1,2,2,1,2,2,2,2,2,1,2,2,2,2,1,1,2,1,1,1,1,9,1,1,2,1,0,0,0,0,0,0,0,0,0,2,9,0,1,1,0,0,0,0,0,0,1,2,3,2,2,1,9,9,2,9,9,9,6,6,1
6764906,3,1,1,1,3,3,0,3,0,1,1,1,1,1,0,0,0,0,0,0,1,2,2,1,2,2,2,2,2,1,2,2,2,1,1,1,2,1,2,2,1,9,1,1,2,2,0,0,0,0,0,0,0,0,0,2,9,0,0,1,0,0,0,0,0,1,1,2,3,2,1,1,9,9,9,9,9,9,0,0,1
6344271,3,1,1,1,2,1,0,1,1,1,1,1,1,1,1,1,0,0,0,0,1,2,2,1,2,2,2,2,2,1,2,2,2,1,1,1,2,1,1,1,1,9,1,1,1,1,0,0,0,0,0,0,0,0,0,2,9,0,2,1,0,0,0,0,0,0,1,2,3,2,1,1,9,9,2,9,9,9,13,0,1
9839827,3,2,2,2,2,2,2,0,0,2,1,1,1,1,0,0,0,0,0,0,1,2,2,1,2,2,2,2,2,1,2,2,2,1,1,1,2,1,1,1,1,9,1,1,2,1,0,0,0,0,0,0,0,0,0,2,9,0,1,1,0,0,0,0,0,0,1,2,3,2,1,1,9,9,2,9,9,9,3,3,1
6794612,3,1,0,7,3,2,0,0,3,1,0,0,1,1,0,0,0,0,1,0,1,2,2,1,2,2,2,2,2,1,2,2,2,2,1,1,1,1,1,1,1,9,1,1,1,1,0,0,0,0,0,0,0,0,0,2,9,0,0,3,0,0,0,1,0,0,1,1,3,2,1,1,9,9,9,9,9,9,0,0,1
5066749,3,1,1,2,3,2,3,0,0,1,1,1,1,1,0,0,0,0,0,0,1,2,2,1,2,2,2,2,2,1,2,2,2,2,1,1,2,1,1,1,1,9,1,1,1,1,0,0,0,0,0,0,0,0,0,2,9,0,0,5,0,0,0,0,0,1,1,2,3,2,1,1,9,9,9,9,9,9,6,6,1
6702421,3,1,1,2,2,1,2,0,0,1,1,0,1,1,0,0,0,0,0,0,1,2,2,1,2,2,2,2,2,1,2,2,2,1,1,1,2,1,1,1,1,9,1,1,2,1,0,0,0,0,0,0,0,0,0,2,9,0,1,0,0,0,0,0,0,0,1,2,3,2,1,1,9,9,2,9,9,9,3,0,1
2419734,3,1,0,1,2,1,2,0,0,1,1,1,1,1,0,0,0,0,0,0,1,2,2,1,2,2,2,2,2,1,2,2,2,2,1,1,2,1,1,1,1,9,1,1,1,1,0,0,0,0,0,0,0,0,0,2,9,0,1,1,0,0,0,0,0,0,1,2,3,2,1,1,9,9,2,9,9,9,8,0,1
7210665,3,1,1,2,3,1,3,0,0,1,1,1,1,1,0,0,0,0,0,0,2,2,2,1,2,2,2,2,2,1,2,2,2,2,1,1,2,1,1,1,1,9,1,1,1,1,0,0,0,0,0,0,0,0,0,2,9,0,2,1,0,0,0,0,0,0,1,2,3,1,2,1,9,9,2,9,9,9,7,3,1
3237207,3,1,0,2,2,2,0,0,2,1,1,0,1,1,1,0,0,0,0,0,1,2,2,1,2,2,2,2,2,1,2,2,2,2,1,1,2,1,1,2,1,9,1,1,1,1,0,0,0,0,0,0,0,0,0,2,9,0,1,0,0,0,0,0,0,0,1,2,3,2,2,1,9,9,2,9,9,9,0,0,1
5020304,3,1,1,2,2,1,2,0,0,1,2,2,1,1,0,0,0,0,0,0,1,2,2,1,2,2,2,2,2,1,2,2,2,2,1,1,2,1,1,1,1,9,1,1,1,1,0,0,0,0,0,0,0,0,0,2,9,0,1,1,0,0,0,0,0,0,1,2,3,2,2,1,9,9,2,9,9,9,22,0,1
3477708,3,2,1,2,2,2,1,1,0,1,1,1,1,1,0,0,0,0,0,0,1,2,2,1,2,2,2,2,2,1,2,2,2,1,1,1,2,1,1,2,1,9,1,1,1,1,0,0,0,0,0,0,0,0,0,2,9,0,1,0,0,0,0,0,0,0,2,2,3,2,1,1,9,9,2,9,9,9,0,0,1
1780963,3,2,0,1,2,1,2,0,0,1,1,1,1,1,0,0,0,0,0,0,1,2,2,1,2,2,2,2,2,1,2,2,2,2,1,1,2,1,1,1,1,9,1,1,1,1,0,0,0,0,0,0,0,0,0,2,9,0,1,0,0,0,0,0,0,0,1,2,3,2,1,1,9,9,2,9,9,9,1,0,1
2008193,3,1,0,2,2,2,1,1,0,1,1,1,1,1,0,0,0,0,0,0,1,2,2,1,2,2,2,2,2,1,2,2,2,2,1,1,2,1,1,1,1,9,1,1,1,1,0,0,0,0,0,0,0,0,0,2,9,0,1,1,0,0,0,0,0,0,1,2,3,1,1,1,9,9,2,9,9,9,0,0,1
1312028,3,1,1,5,2,1,0,0,2,1,1,1,1,1,0,0,0,0,0,0,1,2,2,1,2,2,2,2,2,1,2,2,2,2,1,1,2,1,1,1,1,9,1,1,2,1,0,0,0,0,0,0,0,0,0,2,9,0,1,0,0,0,0,0,0,0,1,2,3,2,1,1,9,9,2,9,9,9,2,0,1
3020821,3,1,1,2,4,1,3,0,1,1,1,1,2,2,0,0,0,0,0,0,1,2,2,1,2,2,2,2,2,1,2,2,2,1,1,1,2,1,1,1,1,9,1,1,1,1,0,0,0,0,0,0,0,0,0,2,9,0,2,1,0,0,0,0,0,0,1,2,3,2,1,1,9,9,2,9,9,9,22,22,1
9756818,3,1,1,1,2,2,1,1,0,1,0,0,1,1,0,0,1,1,0,1,1,2,2,1,2,2,2,2,2,1,2,2,2,1,1,1,2,1,1,2,1,9,1,1,2,1,0,0,0,0,0,0,0,0,0,2,9,0,1,0,0,0,0,0,0,0,2,2,3,2,2,1,9,9,2,9,9,9,0,0,2
3687401,3,1,1,5,2,1,2,0,0,1,0,0,1,1,1,1,0,0,0,0,1,2,2,1,2,2,2,2,2,1,2,2,2,2,1,1,2,1,2,2,1,9,2,1,1,1,0,0,0,0,0,0,0,0,0,2,9,0,1,1,0,0,0,0,0,0,1,2,3,2,2,1,9,9,2,9,9,9,0,0,1
9165827,3,1,0,2,3,2,0,2,1,1,1,0,2,1,0,0,0,0,0,0,1,2,2,1,2,2,2,2,2,1,2,2,2,2,1,1,1,1,2,1,1,9,1,1,1,1,0,0,0,0,0,0,0,0,0,1,2,0,3,1,0,0,0,0,0,1,1,2,3,2,1,1,9,9,2,9,9,9,3,0,1
8300719,3,1,1,1,2,1,2,0,0,1,1,1,1,1,1,1,0,0,0,0,1,2,2,1,2,2,2,2,2,1,2,2,2,2,1,1,2,1,1,1,1,9,1,1,1,1,0,0,0,0,0,0,0,0,0,2,9,0,1,1,0,0,0,0,0,0,1,2,3,2,1,1,9,9,2,9,9,9,4,4,1
1398050,3,1,1,5,5,2,3,2,0,1,1,1,1,1,0,0,0,0,0,0,1,2,2,2,1,2,2,2,2,2,1,2,2,2,1,1,2,1,1,1,1,9,1,1,2,1,0,0,0,0,0,0,0,0,0,2,9,0,0,1,0,0,0,0,0,0,1,2,3,2,1,1,9,9,9,9,9,9,0,0,2
8277447,3,1,1,2,2,1,0,2,0,1,1,1,1,1,0,0,0,0,0,0,1,2,2,1,2,2,2,2,2,1,2,2,2,1,1,1,2,1,1,1,1,9,1,1,1,1,0,0,0,0,0,0,0,0,0,2,9,0,1,0,0,0,0,0,0,0,1,2,3,2,1,1,9,9,2,9,9,9,0,0,1
9472438,3,1,1,2,3,5,0,1,2,1,1,1,1,1,0,0,0,0,0,0,1,2,2,1,2,2,2,2,2,1,2,2,2,2,1,1,2,1,1,1,1,9,1,1,1,1,0,0,0,0,0,0,0,0,0,2,9,0,0,2,0,0,0,0,0,0,1,2,3,2,1,1,9,9,9,9,9,9,7,7,1
9853968,3,1,1,1,2,2,2,0,0,1,1,1,1,1,0,0,0,0,0,0,1,2,2,1,2,2,2,2,2,1,2,2,2,2,1,1,2,1,1,1,1,9,1,1,1,1,0,0,0,0,0,0,0,0,0,2,9,0,1,1,0,0,0,0,0,0,1,2,3,1,1,1,9,9,2,9,9,9,0,0,1
5586451,3,1,1,1,2,3,2,0,0,1,1,1,1,1,0,0,0,0,0,0,1,2,2,1,2,2,2,2,2,1,2,2,2,2,1,1,2,1,1,1,1,9,1,1,1,1,0,0,0,0,0,0,0,0,0,2,9,0,0,0,0,0,0,0,0,0,1,2,3,2,2,1,9,9,9,9,9,9,3,0,1
7079597,3,1,1,7,3,1,0,0,3,1,1,1,1,1,0,0,0,0,0,0,1,2,2,1,2,2,2,2,2,1,2,2,2,1,1,1,2,1,2,2,1,9,1,1,1,1,0,0,0,0,0,0,0,0,0,2,9,0,0,1,0,0,0,0,0,0,1,2,3,2,1,1,9,9,9,9,9,9,0,0,2
7586831,3,1,1,1,3,1,2,1,0,2,1,1,1,1,0,0,0,0,0,0,1,2,2,1,2,2,2,2,2,1,2,2,2,2,1,1,2,1,1,1,1,9,1,1,1,1,0,0,0,0,0,0,0,0,0,1,2,0,1,1,0,0,0,0,0,0,1,2,3,2,2,1,9,9,2,9,9,9,0,0,1
2060347,3,1,1,1,2,1,2,0,0,1,1,1,1,1,0,0,0,0,0,0,1,2,2,1,2,2,2,2,2,1,2,2,2,1,1,1,2,1,1,1,1,9,1,1,1,1,0,0,0,0,0,0,0,0,0,2,9,0,1,0,0,0,0,0,0,0,1,1,1,2,2,1,9,9,2,9,9,9,0,0,2
1198343,3,2,2,2,2,1,2,0,0,1,1,0,1,1,0,0,0,0,0,0,1,2,2,1,2,2,2,2,2,1,2,2,2,2,1,1,2,1,1,1,1,9,1,1,1,1,0,0,0,0,0,0,0,0,0,2,9,0,1,1,5,0,0,0,0,0,1,1,3,2,1,1,9,9,2,9,9,9,0,0,1
9828408,3,1,0,2,2,1,0,0,2,1,1,1,1,1,0,0,0,0,0,0,1,2,2,1,2,2,2,2,2,1,2,2,2,2,1,1,2,1,1,1,1,9,1,1,1,1,0,0,0,0,0,0,0,0,0,2,9,0,2,1,0,0,0,0,0,0,1,2,3,2,1,1,9,9,2,9,9,9,9,0,1
5948665,3,1,1,1,2,1,2,0,0,1,2,1,1,1,1,0,0,0,0,0,1,2,2,1,2,2,2,2,2,1,2,2,2,2,1,1,1,1,1,1,1,9,1,1,2,1,0,0,0,0,0,0,0,0,0,2,9,0,2,1,0,0,0,0,0,0,1,1,3,2,1,1,9,9,2,9,9,9,0,0,1
7736458,3,1,1,2,3,2,0,0,3,1,0,0,1,1,0,0,0,0,1,0,1,2,2,1,2,2,2,2,2,1,2,2,2,2,1,1,2,1,1,1,1,9,1,1,1,2,0,0,0,0,0,0,0,0,0,2,9,0,0,7,0,0,0,0,0,1,1,2,3,2,2,1,9,9,9,9,9,9,0,0,1
5200959,3,2,2,2,2,2,0,1,1,1,1,1,1,1,0,0,0,0,0,0,1,2,2,1,2,2,2,2,2,1,2,2,2,2,1,1,2,1,1,1,1,9,1,1,1,1,0,0,0,0,0,0,0,0,0,2,9,0,2,1,0,0,0,0,0,0,1,2,3,2,2,1,9,9,2,9,9,9,15,0,1
3477859,3,1,1,5,2,0,0,0,2,2,0,0,1,1,0,0,0,0,0,1,1,2,2,1,2,2,2,2,2,1,2,2,2,1,1,1,2,1,1,2,1,9,1,1,2,1,0,0,0,0,0,0,0,0,0,2,9,0,1,0,0,0,0,0,0,0,2,2,1,2,1,1,9,9,2,9,9,9,0,0,2
3668612,3,2,2,1,9,8,9,0,0,1,4,4,4,4,0,0,0,0,0,0,1,2,2,1,2,2,2,2,2,1,2,2,2,2,1,1,2,1,1,1,1,9,1,1,1,2,2,2,2,2,4,4,4,4,4,2,9,0,0,8,0,0,0,1,1,3,1,2,3,2,1,1,2,2,9,9,2,2,0,0,1
5702508,3,4,4,5,4,3,4,0,0,2,2,1,3,1,0,0,0,0,0,1,1,2,2,1,2,2,2,2,2,1,2,2,2,1,1,1,2,1,1,1,1,9,1,1,1,1,0,0,0,0,0,0,0,0,0,2,9,0,0,7,0,7,0,0,1,3,1,1,3,2,2,1,2,2,9,9,2,9,59,0,1
1400756,3,1,1,2,3,1,3,0,0,1,1,1,1,1,0,0,0,0,0,0,1,2,2,1,2,2,2,2,2,1,2,2,2,1,1,1,2,1,2,1,1,9,1,1,1,1,0,0,0,0,0,0,0,0,0,2,9,0,2,1,0,0,0,0,0,0,1,2,3,2,2,1,9,9,2,9,9,9,21,23,1
1085623,6,1,1,5,2,0,2,0,0,2,1,1,1,1,0,0,0,0,0,0,1,2,2,1,2,2,2,2,2,1,2,2,2,2,1,1,1,1,1,1,1,9,1,1,2,1,0,0,0,0,0,0,0,0,0,2,9,0,1,1,0,0,0,0,0,0,1,2,3,2,2,1,9,9,2,9,9,9,0,0,1
3251576,3,3,3,5,9,7,7,1,1,1,1,1,1,1,0,0,0,0,0,0,1,2,2,1,2,2,2,2,2,1,2,2,2,2,1,1,2,1,1,1,1,9,1,2,9,1,4,4,4,4,4,4,4,4,4,1,1,0,0,3,0,0,0,0,0,2,1,2,3,2,1,1,2,2,9,9,2,2,0,0,1
4483317,3,1,1,1,2,2,2,0,0,1,4,2,4,1,0,0,0,0,0,0,1,2,2,1,2,2,2,2,2,1,2,2,2,2,1,1,2,1,1,1,2,1,1,1,2,1,0,0,0,0,0,0,0,0,0,2,9,0,2,1,0,0,0,0,0,0,1,2,3,2,2,1,9,9,2,9,9,9,0,0,1
2464694,3,1,0,5,2,1,0,0,2,1,1,0,1,1,0,0,0,0,0,1,1,2,2,1,2,2,2,2,2,1,2,2,2,3,1,1,2,1,1,2,1,9,1,2,9,1,0,0,0,0,0,0,0,0,0,2,9,0,2,2,0,0,0,0,0,0,1,1,3,2,1,1,9,9,2,9,9,9,0,0,1
9735640,3,1,1,5,3,3,3,0,0,1,1,1,1,1,1,1,1,1,0,0,1,2,2,1,2,2,2,2,2,1,2,2,2,2,1,1,2,1,1,1,1,9,1,1,1,1,0,0,0,0,0,0,0,0,0,1,2,0,0,1,0,0,0,0,0,0,1,2,3,2,1,1,9,9,9,9,9,9,0,0,1
4278100,3,1,1,2,2,2,2,0,0,1,1,1,1,1,0,0,0,0,0,0,1,2,2,1,2,2,2,2,2,1,2,2,2,2,1,1,2,1,1,1,1,9,1,1,2,1,0,0,0,0,0,0,0,0,0,2,9,0,1,1,0,0,0,0,0,0,1,2,3,2,2,1,9,9,2,9,9,9,0,0,1
1742171,3,1,1,5,2,1,2,0,0,1,1,1,2,2,0,0,0,0,0,0,1,2,2,1,2,2,2,2,2,1,2,2,2,2,1,1,2,1,1,1,1,9,1,1,1,1,0,0,0,0,0,0,0,0,0,2,9,0,2,1,0,0,0,0,0,0,1,2,3,2,1,1,9,9,2,9,9,9,8,8,1
9841424,3,4,3,2,5,1,1,0,4,1,1,1,1,1,0,0,0,0,1,0,1,2,2,1,2,2,2,2,2,1,2,2,2,1,1,1,2,1,1,1,1,9,1,1,1,1,0,0,0,0,0,0,0,0,0,2,9,0,2,2,0,0,0,0,0,1,1,2,3,2,1,1,9,9,2,9,9,9,63,63,1
4022352,3,2,2,2,3,1,2,0,1,2,1,0,1,1,0,0,0,0,0,0,1,2,2,1,2,2,2,2,2,1,2,2,2,1,1,1,2,1,1,1,2,1,1,1,1,1,0,0,0,0,0,0,0,0,0,2,9,0,2,1,0,0,0,0,0,0,1,2,3,2,1,1,9,9,2,9,9,9,0,11,1
1503606,3,1,0,2,3,1,1,2,0,2,1,1,1,1,0,0,0,0,0,0,1,2,2,1,2,2,2,2,2,1,2,2,2,2,1,1,2,1,1,1,1,9,1,1,1,1,0,0,0,0,0,0,0,0,0,2,9,0,2,2,0,0,0,0,0,1,1,2,3,1,2,1,9,9,2,9,9,9,0,0,1
2653092,3,1,1,7,2,1,0,2,0,1,1,1,1,1,0,0,0,0,0,0,1,2,2,1,2,2,2,2,2,1,2,2,2,2,1,1,2,1,2,1,1,9,1,1,1,1,0,0,0,0,0,0,0,0,0,2,9,0,2,1,0,0,0,0,0,0,1,2,3,2,1,1,9,9,2,9,9,9,0,0,1
9954276,3,1,1,7,3,1,0,3,0,1,1,1,1,1,0,0,0,0,0,0,1,2,2,1,2,2,2,2,2,1,2,2,2,1,1,1,2,1,1,1,1,9,1,1,1,2,0,0,0,0,0,0,0,0,0,2,9,0,2,1,0,0,0,0,0,0,1,2,3,2,1,1,9,9,2,9,9,9,0,0,1
3092843,3,5,5,2,5,2,5,0,0,1,2,2,2,2,0,0,0,0,0,0,1,2,2,1,2,2,2,2,2,1,2,2,2,2,1,1,2,1,1,1,1,9,1,1,1,1,0,0,0,0,0,0,0,0,0,1,2,0,0,7,0,0,0,0,0,1,1,2,3,2,1,1,9,9,9,9,9,9,0,0,2
5868048,3,1,1,2,2,1,2,0,0,1,1,1,1,1,0,0,0,0,0,0,1,2,2,1,2,2,2,2,2,1,2,2,2,1,1,1,2,1,1,2,1,9,1,1,1,1,0,0,0,0,0,0,0,0,0,2,9,0,1,1,0,0,0,0,0,0,2,2,3,2,1,1,9,9,2,9,9,9,0,0,2
5677075,3,2,1,2,2,1,2,0,0,2,2,2,2,2,0,0,0,0,0,0,1,2,2,1,2,2,2,2,2,1,2,2,2,1,1,1,2,1,1,1,1,9,1,1,1,1,0,0,0,0,0,0,0,0,0,1,2,0,2,2,0,0,0,0,1,0,1,1,3,2,1,1,9,9,2,9,9,9,4,0,1
6188919,3,5,5,7,9,4,5,4,0,1,2,2,2,2,2,2,2,2,0,0,1,2,2,1,2,2,2,2,2,1,2,2,2,2,1,1,1,1,1,2,1,9,1,1,1,1,3,3,3,3,3,3,3,3,3,1,2,3,0,12,0,1,0,1,1,2,1,2,3,1,1,1,2,2,9,9,2,2,89,0,1
2756592,3,1,1,2,3,2,3,0,0,1,1,0,1,1,0,0,0,0,0,0,1,2,2,1,2,2,2,2,2,1,2,2,2,2,1,1,2,1,1,1,1,9,1,1,1,1,0,0,0,0,0,0,0,0,0,2,9,0,0,3,0,0,0,0,0,0,1,2,3,2,1,1,9,9,9,9,9,9,3,0,1
4712803,4,3,3,5,7,7,7,0,0,1,2,2,2,2,0,0,0,0,2,0,1,2,2,1,2,2,2,2,2,1,2,2,2,1,1,1,1,1,1,1,1,9,1,1,1,1,2,2,2,4,4,2,4,4,3,1,2,1,0,8,0,0,0,3,1,4,1,1,3,2,1,1,2,2,9,9,1,1,0,0,1
5120704,3,2,0,2,5,5,5,0,0,1,3,3,2,2,0,0,0,0,0,0,1,2,2,1,2,2,2,2,2,1,2,2,2,2,1,1,1,1,1,2,1,9,1,2,9,2,0,0,0,0,0,0,0,0,0,2,9,0,0,1,0,0,0,0,1,1,1,2,3,2,1,1,2,2,9,9,2,9,0,0,1
6154957,3,1,0,1,2,1,2,0,0,1,1,1,1,0,0,0,0,0,0,0,1,2,2,1,2,2,2,2,2,1,2,2,2,2,1,1,1,1,1,1,1,9,1,1,1,2,0,0,0,0,0,0,0,0,0,2,9,0,2,1,0,0,0,0,0,1,1,2,3,2,2,1,9,9,2,9,9,9,0,0,1
9866933,3,1,1,3,9,2,9,0,0,1,2,1,3,1,0,0,0,0,0,0,1,2,2,1,2,2,2,2,2,1,2,2,2,2,1,1,2,1,1,1,1,9,1,1,1,1,2,4,4,4,4,4,4,4,4,2,9,0,0,4,0,0,0,2,1,2,1,1,3,2,1,1,2,2,9,9,2,2,254,0,1
2144909,3,1,1,1,2,1,1,1,0,1,2,2,1,1,0,0,0,0,0,0,1,2,2,1,2,2,2,2,2,1,2,2,2,1,1,1,2,1,1,1,1,9,1,1,1,2,0,0,0,0,0,0,0,0,0,2,9,0,2,11,0,0,0,0,0,0,1,2,3,2,1,1,9,9,2,9,9,9,0,0,1
3835285,3,1,1,2,3,5,3,0,0,1,1,1,1,1,1,1,0,0,0,0,1,2,2,1,2,2,2,2,2,1,2,2,2,1,1,1,2,1,1,1,1,9,1,1,1,1,0,0,0,0,0,0,0,0,0,1,2,0,0,4,0,0,0,0,0,1,1,2,3,2,2,1,9,9,9,9,9,9,0,0,1
5187269,3,1,0,7,3,1,0,3,0,1,1,1,1,1,0,0,0,0,0,0,1,2,2,1,2,2,2,2,2,1,2,2,2,1,1,1,2,1,1,1,1,9,1,1,1,1,0,0,0,0,0,0,0,0,0,2,9,0,0,3,0,0,0,0,0,1,1,2,3,2,1,1,9,9,9,9,9,9,0,0,2
7994409,3,1,1,7,2,1,0,0,2,1,1,1,1,1,0,0,0,0,2,2,1,2,2,1,2,2,2,2,2,1,2,2,2,2,1,1,2,1,1,1,1,9,1,1,1,2,0,0,0,0,0,0,0,0,0,1,2,0,2,1,0,0,0,0,0,0,1,2,3,2,1,1,9,9,2,9,9,9,8,8,1
6386163,3,1,1,1,2,1,0,2,0,1,1,1,1,1,0,0,0,0,0,0,1,2,2,1,2,2,2,2,2,1,2,2,2,2,1,1,2,1,1,1,1,9,1,1,1,1,0,0,0,0,0,0,0,0,0,2,9,0,2,1,0,0,0,0,0,0,1,2,3,2,1,1,9,9,2,9,9,9,9,0,1
8574309,3,1,1,5,2,2,0,0,2,1,1,1,1,1,0,0,0,0,0,0,1,2,2,1,2,2,2,2,2,1,2,2,2,2,1,1,3,1,1,1,1,9,1,1,1,1,0,0,0,0,0,0,0,0,0,2,9,0,3,1,0,0,0,0,0,0,1,2,3,2,1,1,9,9,2,9,9,9,0,0,1
9096696,3,1,1,1,4,1,4,0,0,1,2,2,1,1,0,0,0,0,0,0,1,2,2,1,2,2,2,2,2,1,2,2,2,2,1,1,2,1,1,1,1,9,1,1,1,1,0,0,0,0,0,0,0,0,0,2,9,0,1,0,0,0,0,0,0,1,1,2,3,2,1,1,9,9,2,9,9,9,0,0,1
7368502,3,1,1,2,2,1,0,1,1,1,1,1,1,1,0,0,1,1,0,0,1,2,2,1,2,2,2,2,2,1,2,2,2,2,1,1,2,1,1,1,1,9,1,1,1,1,0,0,0,0,0,0,0,0,0,2,9,0,1,1,0,0,0,0,0,0,1,1,3,2,2,1,9,9,2,9,9,9,14,0,1
6078619,3,1,1,5,1,0,1,0,0,2,0,0,1,0,0,0,0,0,0,0,1,2,2,1,2,2,2,2,2,1,2,2,2,2,1,1,2,1,1,2,1,9,1,2,9,2,0,0,0,0,0,0,0,0,0,2,9,0,1,1,0,0,0,0,0,0,1,2,3,1,1,1,9,9,2,9,9,9,0,0,1
3602283,3,2,2,2,3,1,3,0,0,2,1,1,1,1,0,0,0,0,0,0,1,2,2,1,2,2,2,2,2,1,2,2,2,2,1,1,2,1,1,1,1,9,1,1,1,1,0,0,0,0,0,0,0,0,0,1,2,0,0,1,0,0,0,0,0,1,1,2,3,1,1,1,9,9,9,9,9,9,0,0,1
4961217,3,1,1,2,2,0,2,0,0,2,1,1,1,1,0,0,0,0,0,0,1,2,2,1,2,2,2,2,2,1,2,2,2,1,1,1,2,1,2,1,1,9,1,1,1,2,0,0,0,0,0,0,0,0,0,2,9,0,2,1,0,0,0,0,0,0,1,1,3,2,1,1,9,9,2,9,9,9,0,0,1
8751967,3,1,1,5,3,5,3,0,0,1,2,2,2,2,0,0,0,0,0,0,1,2,2,1,2,2,2,2,2,1,2,2,2,2,1,1,2,1,1,1,1,9,1,1,1,1,0,0,0,0,0,0,0,0,0,2,9,0,0,2,0,0,0,2,0,0,1,2,3,2,1,1,9,9,9,9,9,9,0,0,1
1659652,3,1,0,1,2,1,0,0,2,1,1,1,1,1,0,0,0,0,0,0,1,2,2,1,2,2,2,2,2,1,2,2,2,2,1,1,2,1,1,1,1,9,1,1,1,2,0,0,0,0,0,0,0,0,0,2,9,0,2,1,0,0,0,0,0,0,2,2,3,2,1,1,9,9,2,9,9,9,0,0,1
1752592,3,1,1,6,2,0,2,0,0,2,0,0,1,1,0,0,0,0,0,0,1,2,2,1,2,2,2,2,2,1,2,2,2,2,1,1,2,1,2,1,1,9,1,1,1,1,0,0,0,0,0,0,0,0,0,2,9,0,1,0,0,0,0,0,0,0,1,2,3,2,1,1,9,9,2,9,9,9,0,0,1
1126996,3,1,0,5,2,1,0,0,2,1,1,1,1,1,0,0,0,0,0,0,1,2,2,1,2,2,2,2,2,1,2,2,2,2,1,1,2,1,1,1,1,9,1,1,1,2,0,0,0,0,0,0,0,0,0,2,9,0,2,1,0,0,0,0,0,0,1,2,3,2,1,1,9,9,2,9,9,9,0,0,1
2087252,3,1,1,5,1,0,1,0,0,2,1,1,1,1,0,0,0,0,0,0,1,2,2,1,2,2,2,2,2,1,2,2,2,2,1,1,2,1,2,1,2,1,1,1,1,1,0,0,0,0,0,0,0,0,0,2,9,0,1,0,0,0,0,0,0,0,1,2,3,2,2,1,9,9,2,9,9,9,0,0,1
2908120,3,1,0,7,2,1,2,0,0,1,1,1,1,1,0,0,0,0,0,0,1,2,2,1,2,2,2,2,2,1,2,2,2,2,1,1,2,1,1,1,1,9,1,1,1,1,0,0,0,0,0,0,0,0,0,2,9,0,2,1,0,0,0,0,0,0,1,2,3,2,1,1,9,9,2,9,9,9,0,0,1
1542986,1,3,3,1,6,8,6,0,0,1,1,1,1,1,0,0,0,0,0,0,1,2,2,1,2,2,2,2,2,1,2,2,2,2,1,1,2,1,1,1,1,9,1,1,1,1,4,4,4,4,4,4,4,4,4,2,9,0,0,4,0,0,0,0,0,2,1,2,3,1,1,1,2,2,9,9,2,2,0,0,1
8835224,3,7,7,5,7,2,7,0,0,2,1,1,2,1,0,0,0,0,0,0,1,2,2,1,2,2,2,2,2,1,2,2,2,1,1,1,2,1,1,1,1,9,1,1,1,1,0,0,0,0,0,0,0,0,0,1,2,0,0,5,0,0,0,2,1,1,1,2,3,2,1,1,2,2,9,9,2,9,42,0,1
1136747,3,1,0,5,2,1,2,0,0,1,1,0,1,1,0,0,0,0,1,1,1,2,2,1,2,2,2,2,2,1,2,2,2,1,1,1,2,1,1,1,1,9,1,1,1,1,0,0,0,0,0,0,0,0,0,2,9,0,2,1,0,0,0,0,0,0,1,2,3,1,1,1,9,9,2,9,9,9,21,0,1
5247968,3,1,1,2,2,1,2,0,0,1,1,1,1,1,0,0,0,0,1,1,1,2,2,1,2,2,2,2,2,1,2,2,2,2,1,2,1,1,1,1,1,9,1,1,1,1,0,0,0,0,0,0,0,0,0,1,2,0,1,2,0,0,0,0,0,0,1,2,3,2,2,1,9,9,2,9,9,9,6,2,1
5661100,3,1,0,2,3,2,0,0,3,1,1,1,1,1,1,1,0,0,0,0,1,2,2,1,2,2,2,2,2,1,2,2,2,1,1,1,2,1,1,1,1,9,1,1,1,1,0,0,0,0,0,0,0,0,0,2,9,0,0,1,0,0,0,0,0,0,1,2,3,2,2,1,9,9,9,9,9,9,0,0,1
2924137,3,1,1,1,3,1,3,0,0,1,1,1,1,1,0,0,0,0,0,0,1,2,2,1,2,2,2,2,2,1,2,2,2,2,1,1,2,1,1,1,1,9,1,1,1,1,0,0,0,0,0,0,0,0,0,2,9,0,2,1,0,0,0,0,0,0,1,2,3,2,2,1,9,9,2,9,9,9,0,0,1
9859864,3,6,6,7,9,10,6,3,0,1,2,2,2,2,0,0,0,0,0,0,1,2,2,1,1,2,2,2,2,1,1,2,2,2,1,1,3,1,1,1,1,9,1,1,2,1,1,2,2,2,4,2,4,4,2,1,1,0,0,11,0,0,0,0,0,2,1,1,3,1,2,1,2,2,9,9,2,2,156,0,1
1185540,3,1,1,2,3,3,0,1,2,1,1,0,1,1,0,0,0,0,0,0,1,2,2,1,2,2,2,2,2,1,2,2,2,2,1,1,2,1,1,1,1,9,1,1,1,1,0,0,0,0,0,0,0,0,0,2,9,0,0,2,0,0,0,0,0,0,1,2,3,2,1,1,9,9,9,9,9,9,15,15,1
9478223,3,7,2,5,7,7,2,0,5,2,2,0,1,1,1,0,1,0,1,1,1,2,2,1,2,2,2,2,2,1,2,2,2,2,1,1,2,1,2,2,1,9,1,2,9,2,4,4,4,4,4,4,4,4,3,1,1,0,0,4,0,1,0,1,0,3,1,2,3,2,1,1,2,2,9,9,2,2,100,100,1
4541834,3,2,0,5,2,1,0,0,2,1,1,0,1,1,0,0,0,0,0,0,2,2,2,1,2,2,2,2,2,1,2,2,2,2,1,1,2,1,1,1,1,9,1,1,1,1,0,0,0,0,0,0,0,0,0,2,9,0,2,1,0,0,0,0,0,0,1,2,3,2,1,1,9,9,2,9,9,9,6,0,1
5407797,3,1,1,2,3,0,0,3,0,2,1,1,1,0,0,0,0,0,0,0,1,2,2,1,2,2,2,2,2,1,2,2,2,2,1,1,2,1,1,1,1,9,1,1,1,1,0,0,0,0,0,0,0,0,0,2,9,0,2,4,0,0,0,0,0,1,1,2,3,2,1,1,9,9,2,9,9,9,0,0,1
3728795,3,1,1,2,4,4,4,0,0,1,1,1,1,1,0,0,0,0,0,0,1,2,2,1,2,2,2,2,2,1,2,2,2,2,1,1,2,1,1,1,1,9,1,1,1,1,0,0,0,0,0,0,0,0,0,1,2,0,0,4,0,0,0,2,0,1,1,1,3,2,1,1,9,9,9,9,9,9,0,0,1
5256087,3,1,1,7,2,2,0,0,2,1,1,1,1,1,0,0,1,1,0,0,1,2,2,1,2,2,2,2,2,1,2,2,2,1,1,1,2,1,2,1,1,9,1,1,1,2,0,0,0,0,0,0,0,0,0,2,9,0,2,2,0,0,0,0,0,0,1,2,3,2,1,1,9,9,2,9,9,9,19,19,1
7979215,3,1,1,2,2,1,2,0,0,2,1,1,1,1,1,0,1,1,0,0,1,2,2,1,2,2,2,2,2,1,2,2,2,2,1,1,2,1,1,1,1,9,1,1,1,1,0,0,0,0,0,0,0,0,0,2,9,0,0,1,0,0,0,0,0,1,1,2,3,2,1,1,9,9,2,9,9,9,0,0,1
1267991,3,1,1,2,3,6,3,0,0,1,2,2,1,1,0,0,0,0,0,0,1,2,2,1,2,2,2,2,2,1,2,2,2,1,1,1,3,1,1,2,1,9,1,1,2,1,0,0,0,0,0,0,0,0,0,2,9,0,2,0,0,0,0,0,0,0,1,2,3,2,1,1,9,9,2,9,9,9,0,0,1
1764382,3,1,0,5,2,0,0,0,2,2,0,0,1,1,0,0,0,0,0,0,1,2,2,1,2,2,2,2,2,1,2,2,2,2,1,1,2,1,1,1,1,9,1,1,1,1,0,0,0,0,0,0,0,0,0,2,9,0,1,1,0,0,0,0,0,0,1,2,3,2,1,1,9,9,2,9,9,9,0,0,1
7636370,3,1,0,2,2,2,2,0,0,1,0,0,1,1,0,0,0,0,0,0,1,2,2,1,2,2,2,2,2,1,2,2,2,1,1,1,2,1,1,1,1,9,1,1,1,2,0,0,0,0,0,0,0,0,0,2,9,0,1,1,0,0,0,0,0,0,1,2,3,2,2,1,9,9,2,9,9,9,0,0,1
7045934,3,1,1,1,3,1,0,1,2,1,1,1,1,1,0,0,0,0,1,1,1,2,2,1,2,2,2,2,2,1,2,2,2,1,1,1,2,1,1,1,1,9,1,1,1,1,0,0,0,0,0,0,0,0,0,1,2,0,1,1,0,0,0,0,0,0,1,2,3,2,2,1,9,9,2,9,9,9,0,0,1
2438363,3,3,3,2,3,1,3,0,0,1,1,1,1,1,0,0,0,0,1,1,1,2,2,1,2,2,2,2,2,1,2,2,2,2,1,1,3,1,1,1,1,9,1,1,1,1,0,0,0,0,0,0,0,0,0,2,9,0,2,1,0,0,0,0,0,0,1,2,3,2,1,1,9,9,2,9,9,9,0,0,1
5589046,3,1,1,1,2,1,0,0,2,1,1,0,1,1,0,0,0,0,0,0,1,2,2,1,2,2,2,2,2,1,2,2,2,2,1,1,2,1,1,1,1,9,1,1,1,1,0,0,0,0,0,0,0,0,0,2,9,0,1,0,0,0,0,0,0,0,1,2,3,2,1,1,9,9,2,9,9,9,4,3,1
8091122,3,1,1,1,2,1,0,2,0,1,1,1,1,1,0,0,0,0,0,0,1,2,2,1,2,2,2,2,2,1,2,2,2,2,1,1,2,1,1,1,1,9,1,1,1,1,0,0,0,0,0,0,0,0,0,2,9,0,1,1,0,0,0,0,0,0,1,2,3,1,2,1,9,9,2,9,9,9,0,0,1
1770554,3,1,1,2,2,3,0,2,0,1,1,1,1,1,1,1,1,1,0,0,1,2,2,1,2,2,2,2,2,1,2,2,2,2,1,1,2,1,2,1,1,9,1,1,1,1,0,0,0,0,0,0,0,0,0,2,9,0,1,1,0,0,0,0,0,0,1,2,3,2,2,1,9,9,2,9,9,9,0,0,1
2345125,3,1,1,2,2,3,2,0,0,1,1,1,1,1,0,0,0,0,0,0,1,2,2,1,2,2,2,2,2,1,2,2,2,2,1,1,2,1,1,1,1,9,1,1,1,2,0,0,0,0,0,0,0,0,0,2,9,0,1,1,0,0,0,0,0,0,1,2,3,2,2,1,9,9,2,9,9,9,5,5,1
4406165,3,1,1,1,2,1,1,0,1,1,1,1,1,1,0,0,0,0,0,0,1,2,2,1,2,2,2,2,2,1,2,2,2,2,1,1,2,1,2,1,1,9,1,1,1,1,0,0,0,0,0,0,0,0,0,2,9,0,1,0,0,1,0,1,0,0,1,1,3,2,1,1,9,9,2,9,9,9,0,0,1
7524390,3,1,1,2,2,1,2,0,0,1,1,1,1,1,0,0,0,0,0,0,1,2,2,1,2,2,2,2,2,1,2,2,2,2,1,1,2,1,1,1,1,9,1,1,1,1,0,0,0,0,0,0,0,0,0,2,9,0,2,1,0,0,0,0,1,0,1,2,3,2,2,1,9,9,2,9,9,9,19,0,1
2677403,6,3,0,2,5,6,5,0,0,1,2,2,0,0,2,2,0,0,2,0,1,2,2,1,2,2,2,2,2,1,2,2,2,2,1,1,1,2,1,1,1,9,1,1,2,1,0,0,0,0,0,0,0,0,0,2,9,1,3,7,0,1,0,2,0,3,1,1,3,2,2,1,2,2,9,9,1,9,0,0,1
8228712,3,1,0,5,4,2,4,0,0,1,1,1,1,1,0,0,0,0,0,0,1,2,2,1,2,2,2,2,2,1,2,2,2,2,1,1,2,1,1,1,1,9,1,1,1,1,0,0,0,0,0,0,0,0,0,2,9,0,1,1,0,0,0,0,0,0,1,2,3,2,2,1,9,9,2,9,9,9,0,0,1
1201146,3,1,1,2,2,1,0,1,1,2,0,0,1,1,0,0,0,0,0,1,1,2,2,1,2,2,2,2,2,1,2,2,2,2,1,1,1,1,1,2,1,9,1,1,2,2,0,0,0,0,0,0,0,0,0,2,9,0,1,1,0,0,0,0,0,0,1,2,2,2,2,1,9,9,2,9,9,9,2,2,1
4814877,3,1,1,5,2,1,2,0,0,1,1,0,1,1,0,0,0,0,0,0,1,2,2,1,2,2,2,2,2,1,2,2,2,1,1,1,2,1,1,1,1,9,1,1,2,1,0,0,0,0,0,0,0,0,0,2,9,0,0,1,0,0,0,0,0,0,1,2,3,2,1,1,9,9,2,9,9,9,75,75,1
5163264,3,1,1,5,2,1,0,2,0,1,1,1,1,1,0,0,0,0,0,0,1,2,2,1,2,2,2,2,2,1,2,2,2,2,1,1,2,1,2,1,1,9,1,1,1,1,0,0,0,0,0,0,0,0,0,2,9,0,1,1,0,0,0,0,0,0,1,2,3,2,1,1,9,9,2,9,9,9,0,0,1
7679563,3,2,1,5,8,7,6,2,0,1,4,4,4,4,0,0,0,0,4,4,1,2,2,1,2,2,2,2,2,1,2,2,2,2,1,1,1,1,2,2,2,1,1,2,9,1,2,2,2,4,4,2,4,4,4,2,9,0,3,9,0,0,1,1,1,3,1,1,3,2,1,1,2,2,9,9,2,2,308,0,1
7842817,3,1,1,1,2,1,2,0,0,2,1,0,1,1,0,0,0,0,0,0,1,2,2,1,2,2,2,2,2,1,2,2,2,2,1,1,2,1,1,1,1,9,1,1,1,1,0,0,0,0,0,0,0,0,0,2,9,0,0,1,0,0,0,0,0,0,1,2,3,2,2,1,9,9,2,9,9,9,12,0,1
2922615,3,1,1,1,3,1,3,0,0,1,1,1,1,1,1,1,0,0,0,0,1,2,2,1,2,2,2,2,2,1,2,2,2,3,1,1,2,1,1,1,1,9,1,2,9,1,0,0,0,0,0,0,0,0,0,2,9,0,0,2,0,2,0,0,0,1,1,2,3,2,1,1,9,9,9,9,9,9,0,0,1
5666487,3,1,1,7,2,2,0,0,2,1,1,0,1,1,0,0,0,0,0,0,1,2,2,1,2,2,2,2,2,1,2,2,2,2,1,1,2,1,1,1,2,1,1,1,1,2,0,0,0,0,0,0,0,0,0,2,9,0,2,1,0,0,0,0,0,0,1,2,3,2,1,1,9,9,2,9,9,9,0,22,1
1666076,3,1,1,2,2,1,2,0,0,1,1,1,1,1,0,0,0,0,0,0,1,2,2,1,2,2,2,2,2,1,2,2,2,2,1,1,2,1,1,1,1,9,1,1,2,1,0,0,0,0,0,0,0,0,0,2,9,0,0,0,0,0,0,0,0,0,1,2,3,2,1,1,9,9,2,9,9,9,2,0,1
8436626,3,1,0,2,3,1,0,0,3,1,1,0,1,1,0,0,0,0,0,0,1,2,2,1,2,2,2,2,2,1,2,2,2,2,1,1,2,1,1,1,1,9,1,1,1,1,0,0,0,0,0,0,0,0,0,2,9,0,2,1,0,0,0,0,0,0,1,2,3,2,2,1,9,9,2,9,9,9,14,14,1
1179149,3,1,0,5,2,1,0,2,0,1,1,1,1,1,0,0,0,0,0,0,1,2,2,1,2,2,2,2,2,1,2,2,2,2,1,1,1,1,1,1,1,9,1,1,2,1,0,0,0,0,0,0,0,0,0,1,2,0,1,1,0,0,0,0,0,1,1,2,3,2,2,1,9,9,2,9,9,9,0,0,1
1129430,3,1,1,5,13,4,9,0,4,1,1,1,1,1,0,0,0,0,0,0,1,2,2,1,2,2,2,2,2,1,2,2,2,3,1,1,2,1,1,2,2,1,1,1,2,1,4,4,4,4,4,4,4,4,4,1,1,0,0,10,0,0,0,1,1,3,1,1,3,2,1,1,2,2,9,9,2,2,0,0,1
4323376,3,1,1,1,2,2,1,1,0,1,1,0,1,1,0,0,0,0,0,0,1,2,2,1,2,2,2,2,2,1,2,2,2,3,1,1,2,1,1,1,1,9,1,1,2,2,0,0,0,0,0,0,0,0,0,2,9,0,1,1,0,0,0,0,0,0,1,2,1,2,1,1,9,9,2,9,9,9,0,0,2
3410544,3,1,1,6,2,1,2,0,0,1,1,1,1,1,0,0,0,0,1,1,1,2,2,1,2,2,2,2,2,1,2,2,2,2,1,1,2,1,1,1,1,9,1,1,1,1,0,0,0,0,0,0,0,0,0,1,2,0,2,1,0,0,0,0,0,0,1,2,3,2,1,1,9,9,2,9,9,9,0,0,1
2247655,1,1,1,1,3,2,3,0,0,1,1,1,1,1,0,0,0,0,0,0,1,2,2,1,2,2,2,2,2,1,2,2,2,2,1,1,2,1,1,1,1,9,1,1,2,1,0,0,0,0,0,0,0,0,0,2,9,1,0,0,0,0,0,0,0,0,1,2,3,2,2,1,9,9,9,9,9,9,41,0,1
4277654,3,1,0,2,2,1,1,1,0,1,1,1,1,1,0,0,0,0,0,0,1,2,2,1,2,2,2,2,2,1,2,2,2,2,1,1,2,1,1,1,1,9,1,1,1,1,0,0,0,0,0,0,0,0,0,2,9,0,2,0,0,0,0,1,0,0,1,2,3,2,1,1,9,9,2,9,9,9,0,0,1
2797225,3,1,1,1,2,2,2,0,0,1,1,1,1,1,0,0,0,0,0,0,1,2,2,1,2,2,2,2,2,1,2,2,2,2,1,1,2,1,1,1,1,9,1,1,1,1,0,0,0,0,0,0,0,0,0,1,2,0,2,1,0,0,0,0,1,1,1,2,3,2,1,1,9,9,2,9,9,9,23,24,1
2234513,3,1,1,2,4,2,4,0,0,1,1,1,1,1,1,1,0,0,0,0,1,2,2,1,2,2,2,2,2,1,2,2,2,2,1,1,2,1,1,1,1,9,1,1,1,1,0,0,0,0,0,0,0,0,0,2,9,0,0,3,0,0,0,0,0,1,1,2,3,2,1,1,9,9,9,9,9,9,0,0,1
9872013,3,1,1,5,3,3,3,0,0,1,1,1,1,1,0,0,0,0,0,0,1,2,2,1,2,2,2,2,2,1,2,2,2,3,1,2,2,1,2,1,1,9,1,1,1,2,0,0,0,0,0,0,0,0,0,2,9,0,0,1,0,0,0,0,0,0,1,2,3,2,1,1,9,9,9,9,9,9,0,0,2
1063259,3,1,1,2,1,3,1,0,0,1,1,1,1,1,1,1,1,1,1,1,1,2,2,1,2,2,2,2,2,1,2,2,2,2,1,1,2,1,1,1,2,1,1,1,1,1,0,0,0,0,0,0,0,0,0,2,9,0,1,0,0,0,0,0,0,0,1,2,3,2,1,1,9,9,2,9,9,9,5,5,1
6814163,3,1,1,2,2,1,2,0,0,1,1,0,2,0,0,0,0,0,0,0,1,2,2,1,2,2,2,2,2,1,2,2,2,2,1,1,2,1,1,1,1,9,1,1,1,1,0,0,0,0,0,0,0,0,0,2,9,0,2,1,0,0,0,0,0,1,1,2,3,2,1,1,9,9,2,9,9,9,20,20,1
9350703,3,1,1,1,2,1,2,0,0,1,1,1,1,1,0,0,0,0,0,0,1,2,2,1,2,2,2,2,2,1,2,2,2,2,1,1,2,1,1,1,1,9,1,1,1,1,0,0,0,0,0,0,0,0,0,2,9,0,1,1,0,0,0,0,0,0,1,2,3,2,1,1,9,9,2,9,9,9,9,9,1
9849958,3,1,1,2,2,1,0,0,2,1,0,0,1,1,0,0,0,0,0,1,1,2,2,1,2,2,2,2,2,1,2,2,2,1,1,1,3,1,1,1,1,9,1,1,1,1,0,0,0,0,0,0,0,0,0,2,9,0,1,1,0,0,0,0,0,0,2,2,1,2,1,1,9,9,2,9,9,9,0,0,1
4991196,3,2,1,2,3,1,3,0,0,1,1,1,1,1,0,0,0,0,0,0,1,2,2,1,2,2,2,2,2,1,2,2,2,2,1,1,2,1,1,1,1,9,1,1,1,1,0,0,0,0,0,0,0,0,0,2,9,0,2,2,0,0,0,0,0,0,1,2,3,2,1,1,9,9,2,9,9,9,4,0,1
2183882,3,3,2,5,7,1,2,5,0,1,1,1,1,1,0,0,0,0,0,0,1,2,2,1,1,2,2,2,2,1,1,2,2,2,1,1,2,1,1,1,1,9,1,1,1,1,0,0,0,0,0,0,0,0,0,2,9,0,0,4,0,0,0,0,0,0,1,2,3,2,1,1,2,2,9,9,2,9,0,0,1
3968931,3,1,1,2,3,1,2,1,0,1,0,0,1,1,0,0,0,0,0,1,1,2,2,1,2,2,2,2,2,1,2,2,2,1,1,1,2,1,1,1,1,9,1,1,2,1,0,0,0,0,0,0,0,0,0,2,9,0,0,1,0,0,0,0,0,0,2,2,3,2,1,1,9,9,9,9,9,9,0,0,2
5050781,3,1,1,2,2,0,2,0,0,2,1,1,1,1,0,0,0,0,0,0,1,2,2,1,2,2,2,2,2,1,2,2,2,2,1,1,2,1,1,2,1,9,1,1,1,2,0,0,0,0,0,0,0,0,0,2,9,0,1,1,0,0,0,0,0,0,1,2,3,2,1,1,9,9,2,9,9,9,0,0,1
1809263,4,1,1,5,2,0,2,0,0,2,0,0,1,1,0,0,0,0,0,0,2,2,2,1,2,2,2,2,2,1,2,2,2,2,1,1,2,1,2,2,1,9,1,2,9,1,0,0,0,0,0,0,0,0,0,2,9,0,1,0,0,0,0,0,0,0,1,2,3,2,1,1,9,9,2,9,9,9,0,0,1
9950226,3,1,1,2,2,1,2,0,0,1,1,1,2,2,0,0,0,0,0,0,1,2,2,1,2,2,2,2,2,1,2,2,2,2,1,1,2,1,1,1,1,9,1,2,9,1,0,0,0,0,0,0,0,0,0,2,9,0,2,1,0,0,0,0,0,0,1,2,2,2,2,1,9,9,2,9,9,9,0,0,1
7372694,3,1,1,5,2,0,2,0,0,2,1,1,1,1,0,0,0,0,0,0,1,2,2,1,2,2,2,2,2,1,2,2,2,2,1,1,2,1,1,1,1,9,1,1,1,1,0,0,0,0,0,0,0,0,0,2,9,0,1,2,0,0,0,0,0,0,1,2,3,2,1,1,9,9,2,9,9,9,10,0,1
4735670,3,1,1,1,3,4,3,0,0,1,1,1,1,1,0,0,0,0,0,0,1,2,2,1,2,2,2,2,2,1,2,2,2,2,1,1,2,1,1,1,1,9,1,1,1,1,0,0,0,0,0,0,0,0,0,1,1,0,0,2,0,0,0,0,0,1,1,2,3,2,1,1,9,9,9,9,9,9,20,20,1
5280974,3,1,1,7,2,1,0,0,2,1,1,1,1,1,0,0,0,0,0,0,1,2,2,1,2,2,2,2,2,1,2,2,2,2,1,1,2,1,2,1,1,9,1,1,1,1,0,0,0,0,0,0,0,0,0,2,9,0,1,0,0,0,0,0,0,0,1,2,3,2,2,1,9,9,2,9,9,9,0,0,1
5368291,3,1,1,2,2,1,2,0,0,1,1,1,1,1,0,0,0,0,0,0,1,2,2,1,2,2,2,2,2,1,2,2,2,2,1,1,2,1,1,1,1,9,1,1,1,1,0,0,0,0,0,0,0,0,0,2,9,0,2,1,0,0,0,0,0,0,1,2,3,2,2,1,9,9,2,9,9,9,13,0,1
1123322,3,1,0,1,2,1,2,0,0,1,2,1,2,1,0,0,0,0,0,2,1,2,2,1,2,2,2,2,2,1,2,2,2,2,1,1,3,1,1,1,1,9,1,1,1,1,0,0,0,0,0,0,0,0,0,2,9,0,2,1,0,0,0,0,0,0,1,2,3,2,1,1,9,9,2,9,9,9,0,0,1
3981966,3,1,1,5,2,1,1,0,1,1,1,1,1,1,0,0,0,0,0,0,1,2,2,1,2,2,2,2,2,1,2,2,2,2,1,1,2,1,2,1,1,9,1,1,1,1,0,0,0,0,0,0,0,0,0,2,9,0,1,1,0,0,0,0,0,0,1,1,3,2,1,1,9,9,2,9,9,9,0,0,1
6267208,3,2,1,1,2,2,2,0,0,1,1,1,1,1,0,0,0,0,0,0,1,2,2,1,2,2,2,2,2,1,2,2,2,1,1,1,2,1,1,1,1,9,1,1,1,1,0,0,0,0,0,0,0,0,0,2,9,0,2,1,0,0,0,0,0,0,1,2,3,2,2,1,9,9,2,9,9,9,0,0,1
6655797,3,1,1,2,3,2,3,0,0,1,1,1,1,1,1,1,0,0,0,0,1,2,2,1,2,2,2,2,2,1,2,2,2,1,1,1,2,1,1,1,1,9,1,1,1,1,0,0,0,0,0,0,0,0,0,1,2,0,0,1,0,0,0,0,0,0,1,2,3,2,1,1,9,9,2,9,9,9,21,17,1
6205371,3,1,1,2,4,1,4,0,0,1,1,1,1,1,0,0,0,0,0,0,1,2,2,1,2,2,2,2,2,1,2,2,2,1,1,1,2,1,1,1,1,9,1,1,2,2,0,0,0,0,0,0,0,0,0,2,9,0,2,1,0,0,0,0,0,0,1,2,3,2,2,1,9,9,2,9,9,9,0,0,1
4926504,3,2,2,3,2,1,2,0,0,1,1,1,1,1,0,0,0,0,0,0,1,2,2,1,2,2,2,2,2,1,2,2,2,2,1,1,2,1,1,1,1,9,1,1,1,1,0,0,0,0,0,0,0,0,0,2,9,0,2,1,0,0,0,0,0,1,1,2,3,2,1,1,9,9,2,9,9,9,0,0,1
4270841,3,4,4,5,4,4,4,0,0,1,1,1,1,1,0,0,0,0,0,0,1,2,2,1,2,2,2,2,2,1,2,2,2,1,1,1,2,1,1,1,1,9,1,1,1,1,0,0,0,0,0,0,0,0,0,1,2,0,0,3,0,0,0,0,0,1,1,2,3,1,1,1,9,9,9,9,9,9,0,0,1
1162288,3,3,1,2,8,5,0,0,8,1,3,3,0,0,0,0,0,0,1,0,1,2,2,1,2,2,2,2,2,1,2,2,2,2,1,1,1,1,1,2,1,9,1,1,1,1,2,2,2,4,4,4,4,4,4,1,1,0,0,7,0,0,0,1,1,1,1,1,3,1,1,1,1,2,9,9,2,2,59,0,1
5673460,3,1,1,7,2,1,1,1,0,1,1,1,1,1,0,0,0,0,0,0,1,2,2,1,2,2,2,2,2,1,2,2,2,1,1,1,2,1,1,1,1,9,1,1,1,1,0,0,0,0,0,0,0,0,0,2,9,0,1,2,0,0,0,0,0,0,1,2,3,2,2,1,9,9,2,9,9,9,11,11,1
5139919,3,3,3,1,3,2,2,1,0,1,1,1,1,1,0,0,0,0,0,0,1,2,2,1,2,2,2,2,2,1,2,2,2,2,1,1,2,1,1,1,1,9,1,1,2,1,0,0,0,0,0,0,0,0,0,2,9,0,0,5,0,0,0,0,0,1,1,2,3,2,1,1,9,9,9,9,9,9,20,0,1
4213259,3,2,2,2,2,2,2,0,0,1,1,0,1,0,0,0,0,0,0,0,1,2,2,1,2,2,2,2,2,1,2,2,2,2,1,1,2,1,1,1,1,9,1,1,1,1,0,0,0,0,0,0,0,0,0,2,9,0,1,0,0,0,0,0,0,0,1,2,3,2,1,1,9,9,2,9,9,9,15,13,1
3782091,3,1,1,5,2,1,0,1,1,1,1,0,1,1,0,0,0,0,0,0,1,2,2,1,2,2,2,2,2,1,2,2,2,1,1,1,3,1,1,1,1,9,1,1,1,1,0,0,0,0,0,0,0,0,0,2,9,0,1,1,0,0,0,0,0,0,1,2,3,2,1,1,9,9,2,9,9,9,5,5,1
6007434,3,1,1,6,4,1,4,0,0,1,2,2,2,2,0,0,0,0,0,0,1,2,2,1,2,2,2,2,2,1,2,2,2,2,1,1,2,1,1,1,1,9,1,1,1,1,0,0,0,0,0,0,0,0,0,2,9,0,2,1,0,0,0,0,0,1,1,2,3,2,1,1,9,9,2,9,9,9,0,0,1
7726241,3,1,1,2,3,2,1,2,0,1,1,1,1,1,0,0,0,0,1,1,1,2,2,1,2,2,2,2,2,1,2,2,2,1,1,1,2,1,1,1,1,9,1,1,1,2,0,0,0,0,0,0,0,0,0,2,9,0,1,1,0,0,0,0,0,0,1,2,3,2,1,1,9,9,2,9,9,9,0,0,1
2316744,3,1,1,2,3,3,0,3,0,1,2,2,1,1,1,1,0,0,1,1,1,2,2,1,2,2,2,2,2,1,2,2,2,2,1,1,2,1,1,1,1,9,1,1,1,1,0,0,0,0,0,0,0,0,0,2,9,0,2,1,0,0,0,0,0,1,1,2,3,2,1,1,9,9,2,9,9,9,18,0,1
6678433,3,1,1,2,3,1,0,0,3,2,1,0,1,0,0,0,0,0,0,0,2,2,2,1,2,2,2,2,2,1,2,2,2,2,1,1,2,1,1,1,2,2,1,1,1,1,0,0,0,0,0,0,0,0,0,2,9,0,1,0,0,0,0,0,0,0,1,2,3,2,2,1,9,9,2,9,9,9,0,0,1
2979472,3,1,1,2,2,1,0,0,2,1,1,1,1,1,0,0,0,0,0,0,1,2,2,1,2,2,2,2,2,1,2,2,2,1,1,1,2,1,1,1,1,9,1,1,1,1,0,0,0,0,0,0,0,0,0,2,9,0,1,0,0,0,0,0,0,0,1,2,3,2,1,1,9,9,2,9,9,9,0,0,1
2677012,3,1,1,2,3,2,0,3,0,1,1,0,1,1,0,0,0,0,0,0,1,2,2,1,2,2,2,2,2,1,2,2,2,1,1,1,2,1,1,1,1,9,1,1,2,2,0,0,0,0,0,0,0,0,0,2,9,0,0,3,0,0,0,0,0,1,1,2,3,2,1,1,9,9,9,9,9,9,11,0,1
3087264,3,1,1,1,2,1,2,0,0,1,1,1,1,1,0,0,0,0,0,0,1,2,2,1,2,2,2,2,2,1,2,2,2,2,1,1,2,1,2,1,1,9,1,1,1,1,0,0,0,0,0,0,0,0,0,2,9,0,1,1,0,1,0,0,1,1,1,2,3,2,2,1,9,9,2,9,9,9,0,0,1
4284851,3,1,1,5,5,5,0,5,0,1,1,1,2,2,0,0,0,0,2,0,1,2,2,1,2,2,2,2,2,1,2,2,2,2,1,1,1,1,1,1,1,9,1,1,1,1,0,0,0,0,0,0,0,0,0,1,1,0,0,5,0,0,0,0,0,1,1,2,3,2,1,1,2,2,9,9,2,9,30,0,1
9509485,3,1,1,7,3,1,2,1,0,1,1,1,1,1,1,1,0,0,0,0,1,2,2,1,2,2,2,2,2,1,2,2,2,2,1,1,2,1,2,1,1,9,1,1,1,1,0,0,0,0,0,0,0,0,0,2,9,0,2,1,0,0,0,0,0,1,1,2,3,2,1,1,9,9,2,9,9,9,0,0,1
2172353,3,2,2,2,5,3,1,3,1,1,1,1,1,1,0,0,0,0,0,0,1,2,2,1,2,2,2,2,2,1,2,2,2,2,1,1,2,1,2,1,2,2,1,1,1,2,0,0,0,0,0,0,0,0,0,2,9,0,0,1,0,0,0,0,0,0,1,2,3,1,1,1,9,9,9,9,9,9,5,0,1
2248420,3,1,1,2,3,1,0,3,0,2,1,1,1,1,0,0,0,0,0,0,1,2,2,1,2,2,2,2,2,1,2,2,2,2,1,1,2,1,1,1,1,9,1,1,1,2,0,0,0,0,0,0,0,0,0,2,9,0,2,1,0,0,0,0,0,0,1,2,3,2,2,1,9,9,2,9,9,9,0,0,1
9745975,3,1,1,3,7,8,3,0,4,1,1,1,1,1,0,0,0,0,1,0,1,2,2,1,2,2,2,2,2,1,2,2,2,2,1,1,2,1,1,2,1,9,1,2,9,1,4,4,4,4,4,4,4,4,4,1,1,1,0,5,0,0,0,2,1,3,1,2,3,2,1,1,2,2,9,9,2,2,0,0,1
9202938,3,1,0,1,2,2,2,0,0,1,2,2,2,1,0,0,0,0,0,0,1,2,2,1,2,2,2,2,2,1,2,2,2,1,1,1,2,1,2,1,1,9,1,1,1,1,0,0,0,0,0,0,0,0,0,2,9,0,0,1,0,0,0,0,0,1,1,1,3,2,1,1,9,9,2,9,9,9,15,0,1
7215442,3,1,1,2,2,1,0,2,0,1,1,1,1,1,0,0,0,0,0,0,1,2,2,1,2,2,2,2,2,1,2,2,2,1,1,1,2,1,1,1,1,9,1,1,1,1,0,0,0,0,0,0,0,0,0,2,9,0,2,2,0,0,0,0,0,0,1,2,3,2,2,1,9,9,2,9,9,9,11,0,1
8078626,3,2,2,5,2,1,1,1,0,1,1,0,1,1,0,0,0,0,0,0,1,2,2,1,2,2,2,2,2,1,2,2,2,2,1,1,2,1,1,1,1,9,1,1,1,1,0,0,0,0,0,0,0,0,0,2,9,0,0,0,0,0,0,0,0,0,1,2,3,2,1,1,9,9,2,9,9,9,2,0,1
4766578,3,1,1,1,2,1,2,0,0,1,1,0,1,1,0,0,0,0,0,0,1,2,2,1,2,2,2,2,2,1,2,2,2,2,1,1,2,1,1,2,1,9,1,1,2,1,0,0,0,0,0,0,0,0,0,2,9,0,1,1,0,0,0,0,0,0,1,2,3,2,2,1,9,9,2,9,9,9,0,0,1
1455735,3,1,1,2,2,1,0,0,2,1,1,1,1,0,0,0,0,0,0,0,1,2,2,1,2,2,2,2,2,1,2,2,2,2,1,1,2,1,1,2,1,9,1,1,1,1,0,0,0,0,0,0,0,0,0,2,9,0,2,1,0,0,0,0,0,0,1,2,3,2,1,1,9,9,2,9,9,9,10,6,1
9909530,3,3,3,1,3,2,3,0,0,1,1,1,1,1,0,0,0,0,0,0,1,2,2,1,2,2,2,2,2,1,2,2,2,2,1,1,2,1,1,1,1,9,1,1,1,2,0,0,0,0,0,0,0,0,0,2,9,0,2,3,0,3,0,0,0,1,1,1,3,2,2,1,9,9,2,9,9,9,22,0,1
1917101,3,1,1,5,1,0,0,1,0,2,0,0,1,1,0,0,0,0,0,0,1,2,2,1,2,2,2,2,2,1,2,2,2,2,1,1,2,1,2,1,1,9,1,1,1,1,0,0,0,0,0,0,0,0,0,2,9,0,1,0,0,0,0,0,0,0,1,2,3,2,2,1,9,9,2,9,9,9,0,0,1
4747136,3,1,1,2,2,1,0,0,2,1,1,1,1,1,0,0,0,0,0,0,1,2,2,1,2,2,2,2,2,1,2,2,2,2,1,1,2,1,1,1,1,9,1,1,1,2,0,0,0,0,0,0,0,0,0,2,9,0,2,2,0,0,0,0,0,1,1,2,3,2,1,1,9,9,2,9,9,9,0,0,2
5176135,3,1,1,2,3,1,3,0,0,1,1,1,1,1,0,0,0,0,0,0,1,2,2,1,2,2,2,2,2,1,2,2,2,2,1,1,2,1,1,1,1,9,1,1,1,2,0,0,0,0,0,0,0,0,0,2,9,0,1,1,0,0,0,0,0,0,1,2,3,2,1,1,9,9,2,9,9,9,0,0,1
3424304,3,1,1,2,2,2,2,0,0,1,1,1,1,1,0,0,0,0,0,0,1,2,2,1,2,2,2,2,2,1,2,2,2,1,1,1,2,1,1,1,1,9,1,1,1,1,0,0,0,0,0,0,0,0,0,2,9,0,1,2,0,0,0,0,0,0,1,2,3,2,2,1,9,9,2,9,9,9,11,7,1
3291016,3,1,1,5,2,1,2,0,0,1,1,1,1,1,0,0,0,0,0,0,1,2,2,1,2,2,2,2,2,1,2,2,2,2,1,1,2,1,1,1,1,9,1,2,9,1,0,0,0,0,0,0,0,0,0,2,9,0,1,1,0,0,0,0,0,0,1,2,3,2,2,1,9,9,2,9,9,9,0,0,2
7713457,3,1,1,1,3,2,3,0,0,1,1,1,1,1,0,0,0,0,1,1,1,2,2,1,2,2,2,2,2,1,2,2,2,2,1,1,2,1,1,1,2,2,1,1,1,2,0,0,0,0,0,0,0,0,0,1,2,0,0,1,0,0,0,0,0,0,1,2,3,2,1,1,9,9,9,9,9,9,36,36,1
9242415,3,5,4,2,8,5,4,0,4,1,2,2,2,2,0,0,0,0,0,0,1,2,2,1,2,2,2,2,2,1,2,2,2,2,1,1,2,1,1,1,1,9,1,1,1,2,2,2,2,3,3,2,3,3,2,1,2,0,0,10,0,2,0,1,1,3,1,1,3,2,1,1,2,2,9,9,2,2,84,76,1
8323561,3,1,1,2,2,1,0,2,0,1,1,1,1,1,0,0,0,0,0,0,1,2,2,1,2,2,2,2,2,1,2,2,2,2,1,1,2,1,1,2,1,9,1,1,1,1,0,0,0,0,0,0,0,0,0,2,9,0,1,0,0,0,0,0,0,0,1,2,3,2,1,1,9,9,2,9,9,9,0,0,1
2379525,3,2,2,1,3,1,0,3,0,1,1,1,1,1,0,0,0,0,0,0,1,2,2,1,2,2,1,2,2,1,2,2,1,1,1,1,2,1,2,1,1,9,1,1,2,1,0,0,0,0,0,0,0,0,0,1,2,0,2,1,0,0,0,0,0,0,1,2,3,1,1,1,9,9,2,9,9,9,0,0,1
6052160,3,1,1,5,2,1,2,0,0,1,1,1,1,1,0,0,0,0,0,0,1,2,2,1,2,2,2,2,2,1,2,2,2,2,1,1,1,1,1,1,1,9,1,1,1,2,0,0,0,0,0,0,0,0,0,2,9,0,1,1,0,0,0,0,0,0,1,2,3,2,1,1,9,9,2,9,9,9,0,0,1
6002698,3,2,2,2,5,2,5,0,0,1,2,2,2,2,0,0,0,0,0,0,1,2,2,1,2,2,2,2,2,1,2,2,2,2,1,1,2,1,1,1,1,9,1,1,1,1,0,0,0,0,0,0,0,0,0,2,9,0,0,3,0,0,0,0,0,1,1,2,3,2,1,1,2,2,9,9,2,9,6,0,1
7980396,3,1,1,2,2,1,0,2,0,1,2,1,2,1,0,0,0,0,0,0,1,2,2,1,2,2,2,2,2,1,2,2,2,2,1,1,2,1,2,1,1,9,1,1,1,1,0,0,0,0,0,0,0,0,0,2,9,0,1,1,0,0,0,0,0,0,1,2,3,2,1,1,9,9,2,9,9,9,3,0,1
9229795,3,3,0,2,3,1,1,0,2,1,1,1,1,1,0,0,0,0,0,0,2,2,2,1,2,2,2,2,2,1,2,2,2,2,1,1,2,1,1,1,1,9,1,1,1,1,0,0,0,0,0,0,0,0,0,2,9,0,1,1,0,0,0,0,0,0,1,2,3,2,2,1,9,9,2,9,9,9,2,2,1
8601160,3,1,1,5,1,0,0,1,0,2,0,0,1,1,0,0,0,0,0,0,1,2,2,1,2,2,2,2,2,1,2,2,2,2,1,1,2,1,1,1,1,9,1,1,1,1,0,0,0,0,0,0,0,0,0,2,9,0,1,1,0,0,0,0,0,0,1,2,3,2,1,1,9,9,2,9,9,9,0,0,1
9435204,3,1,1,7,3,4,1,1,1,2,1,1,1,1,0,0,0,0,0,0,1,2,2,1,2,2,2,2,2,1,2,2,2,1,1,1,1,1,1,1,1,9,1,1,1,2,0,0,0,0,0,0,0,0,0,1,2,0,2,1,0,0,0,0,1,1,1,1,3,1,1,1,9,9,2,9,9,9,25,25,1
3766396,3,1,1,1,2,1,2,0,0,1,1,1,1,1,0,0,0,0,0,0,2,2,2,1,2,2,2,2,2,1,2,2,2,2,1,1,2,1,1,1,1,9,1,1,1,1,0,0,0,0,0,0,0,0,0,2,9,0,2,1,0,0,0,0,0,0,1,2,3,2,1,1,9,9,2,9,9,9,0,0,1
8025892,3,1,1,5,2,1,1,1,0,1,1,1,1,1,0,0,0,0,0,0,1,2,2,1,2,2,2,2,2,1,2,2,2,2,1,1,2,1,1,1,1,9,1,1,1,1,0,0,0,0,0,0,0,0,0,2,9,0,1,0,0,0,0,0,0,0,1,2,3,2,2,1,9,9,2,9,9,9,1,1,1
1953133,3,1,1,2,3,1,3,0,0,1,1,1,1,1,1,1,0,0,0,0,1,2,2,1,2,2,2,2,2,1,2,2,2,2,1,1,2,1,1,1,2,1,1,1,1,1,0,0,0,0,0,0,0,0,0,2,9,0,0,1,0,0,0,0,0,0,1,2,3,2,1,1,9,9,9,9,9,9,6,0,1
5097335,3,1,1,2,7,7,7,0,0,1,2,2,2,2,1,1,1,0,1,0,1,2,2,1,2,2,2,2,2,1,2,2,2,1,1,1,2,1,1,1,1,9,1,1,1,1,0,0,0,0,0,0,0,0,0,1,2,0,3,2,0,0,0,1,1,1,1,2,3,2,1,1,9,9,2,9,9,9,260,0,1
8345788,3,1,1,5,2,1,0,0,2,1,1,0,1,1,0,0,0,0,0,0,1,2,2,1,2,2,2,2,2,1,2,2,2,2,1,1,2,1,1,1,1,9,1,1,1,1,0,0,0,0,0,0,0,0,0,2,9,0,1,0,0,0,0,0,0,0,1,2,3,2,2,1,9,9,2,9,9,9,2,0,1
7554424,3,1,1,1,2,1,0,1,1,1,1,1,1,1,0,0,0,0,0,0,1,2,2,1,2,2,2,2,2,1,2,2,2,2,1,1,2,1,2,2,1,9,1,1,1,1,0,0,0,0,0,0,0,0,0,2,9,0,2,1,0,0,0,0,0,0,1,2,3,2,2,1,9,9,2,9,9,9,0,0,1
8111315,3,2,1,5,3,1,3,0,0,1,1,1,1,1,0,0,0,0,0,0,1,2,2,1,2,2,2,2,2,1,2,2,2,1,1,1,2,1,1,1,1,9,1,1,1,1,0,0,0,0,0,0,0,0,0,2,9,0,1,2,0,0,0,0,0,1,1,2,3,2,1,1,9,9,2,9,9,9,0,0,1
2094465,3,2,2,2,4,1,4,0,0,1,1,0,1,1,0,0,0,0,0,0,1,2,2,1,2,2,2,2,2,1,2,2,2,2,1,1,2,1,1,1,1,9,1,1,1,1,0,0,0,0,0,0,0,0,0,1,2,0,2,2,0,0,0,0,0,0,1,2,3,2,2,1,9,9,2,9,9,9,0,0,1
2652381,3,1,1,7,2,1,0,0,2,1,1,1,1,1,0,0,0,0,0,0,1,2,2,1,2,2,2,2,2,1,2,2,2,2,1,1,2,1,1,1,1,9,1,1,1,1,0,0,0,0,0,0,0,0,0,2,9,0,1,0,0,0,0,0,0,0,1,2,3,2,1,1,9,9,2,9,9,9,5,0,1
2321745,3,1,1,2,2,1,2,0,0,1,0,0,1,1,0,0,0,0,0,0,1,2,2,1,2,2,2,2,2,1,2,2,2,2,1,1,2,1,1,1,1,9,1,1,1,1,0,0,0,0,0,0,0,0,0,2,9,0,2,1,0,0,0,0,0,0,1,2,3,2,1,1,9,9,2,9,9,9,10,0,1
6004269,3,1,1,1,2,1,2,0,0,1,1,1,1,1,0,0,0,0,0,0,1,2,2,1,2,2,2,2,2,1,2,2,2,2,1,1,2,1,1,1,1,9,1,1,1,1,0,0,0,0,0,0,0,0,0,2,9,0,2,1,0,0,0,0,0,0,1,2,3,2,2,1,9,9,2,9,9,9,0,0,1
6505914,3,1,1,2,2,1,2,0,0,1,1,1,1,1,0,0,0,0,0,0,1,2,2,1,2,2,2,2,2,1,2,2,2,2,1,1,2,1,1,1,1,9,1,1,1,1,0,0,0,0,0,0,0,0,0,2,9,0,1,2,0,0,0,0,0,1,1,2,3,2,1,1,9,9,2,9,9,9,16,16,1
3470600,3,1,1,5,3,1,3,0,0,1,1,1,1,1,0,0,0,0,0,0,1,2,2,1,2,2,2,2,2,1,2,2,2,2,1,1,1,1,1,1,1,9,1,1,1,1,0,0,0,0,0,0,0,0,0,2,9,0,0,4,0,4,0,2,0,2,2,1,3,2,1,1,2,2,9,9,2,9,5,5,1
5878403,3,6,4,2,7,5,3,3,1,1,2,2,2,2,0,0,0,0,0,0,1,2,1,1,2,1,2,2,1,1,2,1,2,2,1,1,1,1,1,1,1,9,1,1,2,1,4,4,4,4,4,4,4,4,2,1,1,0,0,3,0,2,0,1,1,2,2,2,3,2,2,1,2,2,9,9,2,2,0,0,1
5994124,3,1,1,2,3,2,3,0,0,1,1,1,1,1,1,1,0,0,0,0,1,2,2,1,2,2,2,2,2,1,2,2,2,1,1,1,2,1,1,1,1,9,1,1,1,1,0,0,0,0,0,0,0,0,0,2,9,0,0,0,0,0,0,0,0,0,1,2,3,2,1,1,9,9,9,9,9,9,0,0,1
7446516,4,1,1,5,2,2,2,0,0,1,1,0,1,1,0,0,0,0,0,0,1,2,2,1,2,2,2,2,2,1,2,2,2,1,1,1,2,1,1,2,1,9,1,1,2,2,0,0,0,0,0,0,0,0,0,2,9,0,2,1,0,0,0,0,0,0,1,2,3,2,2,1,9,9,2,9,9,9,0,0,1
1627191,3,1,1,2,3,2,0,3,0,1,1,1,1,1,0,0,0,0,0,0,1,2,2,1,2,2,2,2,2,1,2,2,2,1,1,1,2,1,1,1,1,9,1,1,2,1,0,0,0,0,0,0,0,0,0,2,9,0,0,2,0,0,0,0,0,0,1,2,3,2,2,1,9,9,9,9,9,9,9,9,1
1488472,3,1,1,5,2,1,0,0,2,1,1,1,2,2,0,0,0,0,0,0,1,2,2,1,2,2,2,2,2,1,2,2,2,2,1,1,2,1,1,1,1,9,1,1,2,1,0,0,0,0,0,0,0,0,0,2,9,0,2,1,0,0,0,1,0,0,1,2,3,2,2,1,9,9,2,9,9,9,10,0,1
5043146,3,1,1,5,2,2,0,0,2,1,0,0,1,1,0,0,0,0,0,0,1,2,2,1,2,2,2,2,2,1,2,2,2,2,1,1,1,1,1,1,1,9,1,1,1,1,0,0,0,0,0,0,0,0,0,2,9,0,1,2,0,0,0,0,0,0,2,2,3,2,1,1,9,9,2,9,9,9,0,0,1
7665940,3,2,2,1,2,2,1,1,0,1,1,1,1,1,0,0,0,0,0,0,1,2,2,1,2,2,2,2,2,1,2,2,2,2,1,1,2,1,2,2,1,9,1,1,1,1,0,0,0,0,0,0,0,0,0,2,9,0,1,1,0,0,0,0,0,0,1,2,3,2,1,1,9,9,2,9,9,9,0,0,1
3943524,3,1,1,5,2,1,1,1,0,1,1,1,1,1,0,0,0,0,0,0,1,2,2,1,2,2,2,2,2,1,2,2,2,2,1,1,2,1,2,1,1,9,1,1,1,2,0,0,0,0,0,0,0,0,0,2,9,0,1,1,0,0,0,0,0,0,1,2,3,2,2,1,9,9,2,9,9,9,0,0,2
9152790,3,2,0,1,2,2,2,0,0,1,1,1,1,1,0,0,0,0,0,0,1,2,2,1,2,2,2,2,2,1,2,2,2,2,1,1,2,1,1,1,1,9,1,1,1,1,0,0,0,0,0,0,0,0,0,2,9,0,0,1,0,0,0,0,0,0,1,1,3,1,1,1,9,9,2,9,9,9,0,0,1
3646707,3,2,1,5,11,6,8,3,0,1,2,2,2,2,0,0,0,0,1,1,1,2,2,1,2,2,2,2,2,1,2,2,2,1,1,1,1,1,1,1,1,9,1,1,2,1,2,2,2,4,4,4,4,4,4,2,9,1,0,4,0,1,0,1,1,2,1,2,3,2,1,1,2,2,9,9,2,2,90,66,1
1344179,3,1,0,1,4,2,2,2,0,1,2,1,2,1,0,0,0,0,0,0,1,2,2,1,2,2,2,2,2,1,2,2,2,2,1,1,2,1,1,2,1,9,1,1,1,1,0,0,0,0,0,0,0,0,0,2,9,0,1,1,0,0,0,0,0,1,1,2,3,2,1,1,9,9,1,9,9,9,0,0,1
4274921,3,11,7,1,11,11,9,0,2,1,4,4,4,4,0,0,0,0,3,3,1,2,2,1,2,2,2,2,2,1,2,2,2,2,1,1,2,1,1,1,1,9,1,1,1,1,2,2,2,4,4,4,4,4,4,2,9,1,1,8,0,1,1,1,1,2,1,2,3,2,1,1,2,2,9,9,2,2,78,78,1
1953530,3,2,2,2,3,2,0,0,3,1,1,1,1,1,1,1,0,0,0,1,1,2,2,1,2,2,2,2,2,1,2,2,2,2,1,1,2,1,1,1,1,9,1,1,1,1,0,0,0,0,0,0,0,0,0,2,9,0,0,1,0,0,0,0,0,0,1,2,3,2,1,1,9,9,9,9,9,9,16,16,1
3625401,3,1,1,5,3,1,3,0,0,1,0,0,1,0,0,0,0,0,0,1,1,2,2,1,2,2,2,2,2,2,2,2,2,2,1,1,2,1,1,2,1,9,1,2,9,1,0,0,0,0,0,0,0,0,0,2,9,0,0,1,0,0,0,0,0,0,1,2,3,2,1,1,9,9,9,9,9,9,6,0,1
2464820,3,1,1,2,2,1,0,0,2,1,1,1,1,1,0,0,0,0,0,0,1,2,2,1,2,2,2,2,2,1,2,2,2,2,1,1,2,1,1,1,1,9,1,1,1,1,0,0,0,0,0,0,0,0,0,2,9,0,1,1,0,0,0,0,0,0,1,2,3,2,1,1,9,9,2,9,9,9,2,2,1
5738978,3,2,2,5,5,1,5,0,0,1,1,1,1,0,1,1,0,0,1,0,1,2,2,1,2,2,2,2,2,1,2,2,2,2,1,1,3,1,1,1,1,9,1,1,1,1,0,0,0,0,0,0,0,0,0,2,9,0,3,3,0,0,0,0,0,1,1,2,3,2,2,1,9,9,2,9,9,9,0,0,1
7161773,3,1,1,5,3,3,0,3,0,1,1,1,1,1,0,0,0,0,0,0,1,2,2,1,2,2,2,2,2,1,2,2,2,2,1,1,2,1,1,1,1,9,1,1,1,1,0,0,0,0,0,0,0,0,0,2,9,0,0,3,0,0,0,0,0,0,1,2,3,2,1,1,9,9,9,9,9,9,24,0,1
4507547,3,1,1,1,2,2,2,0,0,1,1,1,1,1,0,0,0,0,0,0,2,2,2,1,2,2,2,2,2,1,2,2,2,2,1,1,2,1,1,1,1,9,1,1,1,1,0,0,0,0,0,0,0,0,0,2,9,0,2,1,0,0,0,0,0,0,1,2,3,2,2,1,9,9,2,9,9,9,0,0,1
1957630,3,1,1,1,2,1,2,0,0,1,1,1,1,1,0,0,0,0,1,0,1,2,2,1,2,2,2,2,2,1,2,2,2,2,1,1,2,1,1,1,1,9,1,1,1,1,0,0,0,0,0,0,0,0,0,2,9,0,0,1,0,0,0,0,0,0,1,2,3,2,2,1,9,9,2,9,9,9,0,0,1
4671683,3,1,1,1,2,1,2,0,0,1,1,1,1,1,0,0,0,0,1,1,1,2,2,1,2,2,2,2,2,1,2,2,2,1,1,1,2,1,1,1,1,9,1,1,1,1,0,0,0,0,0,0,0,0,0,1,2,0,1,1,0,0,0,0,0,0,1,2,3,1,2,1,9,9,2,9,9,9,6,0,1
1414405,3,1,0,5,4,6,4,0,0,2,1,1,1,1,0,0,0,0,0,0,1,2,2,1,2,2,2,2,2,1,2,2,2,1,1,1,1,1,2,1,1,9,1,1,1,2,2,2,2,4,4,2,4,4,4,1,2,0,0,2,0,0,0,0,1,1,1,2,3,2,1,1,2,1,9,9,2,2,0,0,1
4855932,3,8,8,7,10,3,7,3,0,1,8,8,10,10,1,1,0,0,8,5,1,2,2,1,2,2,2,2,2,1,2,2,2,2,1,1,1,1,1,1,1,9,1,2,9,1,4,4,4,4,4,4,4,4,4,1,2,0,0,6,0,0,0,1,1,3,1,2,3,2,1,1,2,2,9,9,2,2,0,0,1
8007809,3,1,1,2,2,1,0,0,2,1,1,1,1,0,0,0,0,0,0,0,1,2,2,1,2,2,2,2,2,1,2,2,2,2,1,1,2,1,2,1,1,9,1,1,2,1,0,0,0,0,0,0,0,0,0,2,9,0,2,1,0,0,0,0,0,1,1,2,3,2,1,1,9,9,2,9,9,9,0,0,1
6060158,3,1,1,2,2,2,0,2,0,1,3,2,3,1,0,0,0,0,3,0,1,2,2,1,2,2,2,2,2,1,2,2,2,2,1,1,2,1,1,1,1,9,1,1,1,1,0,0,0,0,0,0,0,0,0,1,1,0,2,1,0,0,0,1,1,0,1,1,3,2,1,1,9,9,2,9,9,9,47,0,1
4736572,3,1,1,2,3,1,1,0,2,1,1,1,1,0,0,0,0,0,0,0,2,2,2,1,2,2,2,2,2,1,2,2,2,2,1,1,2,1,1,1,1,9,1,1,1,1,0,0,0,0,0,0,0,0,0,2,9,0,0,2,0,0,0,0,0,0,1,2,3,2,2,1,9,9,2,9,9,9,0,0,1
4617546,3,1,1,1,3,2,2,0,1,1,2,2,2,2,0,0,0,0,2,2,1,2,2,1,2,2,2,2,2,1,2,2,2,1,1,1,2,1,1,1,1,9,1,1,1,1,0,0,0,0,0,0,0,0,0,2,9,0,2,1,0,0,0,0,0,0,1,2,3,2,2,1,9,9,2,9,9,9,0,0,2
6950140,3,1,1,2,2,1,0,2,0,1,1,0,1,0,0,0,0,0,0,0,1,2,2,1,2,2,2,2,2,1,2,2,2,2,1,1,1,1,2,1,1,9,1,1,1,1,0,0,0,0,0,0,0,0,0,2,9,0,1,1,0,0,0,0,0,1,1,2,3,2,2,1,9,9,2,9,9,9,0,0,1
1394088,3,1,1,2,2,2,1,1,0,1,0,0,2,2,0,0,0,0,0,0,1,2,2,1,2,2,2,2,2,1,2,2,2,2,1,1,2,1,1,1,1,9,1,1,1,1,0,0,0,0,0,0,0,0,0,2,9,0,1,1,0,0,0,0,0,0,1,2,3,2,1,1,9,9,2,9,9,9,0,6,1
8619003,3,1,1,1,2,2,2,0,0,1,1,0,1,0,0,0,0,0,0,0,1,2,2,1,2,2,2,2,2,1,2,2,2,2,1,1,2,1,1,1,1,9,1,1,1,2,0,0,0,0,0,0,0,0,0,2,9,0,2,2,0,0,0,0,0,0,1,2,3,2,2,1,9,9,2,9,9,9,0,0,1
9943603,3,1,1,2,2,1,2,0,0,1,1,1,1,1,0,0,0,0,0,0,1,2,2,1,2,2,2,2,2,1,2,2,2,1,1,1,3,1,1,1,1,9,1,1,1,1,0,0,0,0,0,0,0,0,0,2,9,0,2,1,0,0,0,0,0,0,1,2,3,2,1,1,9,9,2,9,9,9,0,0,1
2818308,3,1,1,2,2,1,2,0,0,1,1,1,1,1,0,0,0,0,0,0,1,2,2,1,2,2,2,2,2,1,2,2,2,1,1,1,2,1,1,1,1,9,1,1,1,1,0,0,0,0,0,0,0,0,0,2,9,0,2,1,0,0,0,0,0,0,1,2,3,2,1,1,9,9,2,9,9,9,0,0,1
5214479,3,1,1,1,2,1,2,0,0,1,1,1,1,1,0,0,0,0,0,0,1,2,2,1,2,2,2,2,2,1,2,2,2,2,1,1,2,1,1,1,1,9,1,1,2,1,0,0,0,0,0,0,0,0,0,2,9,0,2,1,0,0,0,0,0,1,1,2,3,2,2,1,9,9,2,9,9,9,0,0,1
9223249,3,1,1,7,2,1,2,0,0,1,1,1,1,1,0,0,1,1,0,0,1,2,2,1,2,2,2,2,2,1,2,2,2,2,1,1,1,1,1,1,1,9,1,1,1,1,0,0,0,0,0,0,0,0,0,2,9,0,2,1,0,0,0,0,0,0,1,2,3,1,2,1,9,9,2,9,9,9,12,0,1
1533876,3,1,1,2,2,1,0,0,2,1,1,1,1,1,0,0,0,0,0,0,1,2,2,1,2,2,2,2,2,1,2,2,2,1,1,1,2,1,1,1,1,9,1,1,1,1,0,0,0,0,0,0,0,0,0,1,1,0,2,1,0,0,0,0,1,0,1,2,3,1,1,1,9,9,2,9,9,9,13,0,1
7874670,3,1,0,1,3,1,0,3,0,1,1,1,1,1,0,0,0,0,0,1,1,2,2,1,2,2,2,2,2,1,2,2,2,2,1,1,2,1,1,1,1,9,1,1,2,1,0,0,0,0,0,0,0,0,0,2,9,0,2,2,0,0,0,0,0,1,1,2,3,2,2,1,9,9,2,9,9,9,6,0,1
5472996,3,2,2,2,5,5,3,2,0,1,1,1,2,2,0,0,0,0,2,2,1,2,2,1,2,2,1,2,2,1,2,2,1,2,1,1,1,1,2,2,1,9,1,1,1,1,0,0,0,0,0,0,0,0,0,1,2,0,0,7,0,0,0,0,0,2,1,2,3,2,1,1,2,2,9,9,2,9,0,0,1
1812555,3,1,1,1,2,1,2,0,0,1,1,1,1,1,0,0,0,0,0,0,1,2,2,1,2,2,2,2,2,1,2,2,2,2,1,1,2,1,1,1,1,9,1,1,1,2,0,0,0,0,0,0,0,0,0,2,9,0,1,0,0,0,0,0,0,0,1,2,3,2,2,1,9,9,2,9,9,9,15,17,1
5902945,3,1,1,2,2,1,0,1,1,1,0,0,1,1,0,0,0,0,0,1,1,2,2,1,2,2,2,2,2,1,2,2,2,1,1,1,1,1,1,2,1,9,1,1,2,2,0,0,0,0,0,0,0,0,0,2,9,0,1,1,0,0,0,0,0,0,2,2,1,2,1,1,9,9,2,9,9,9,0,0,2
3951778,3,1,1,7,2,1,2,0,0,1,1,1,1,1,0,0,0,0,2,2,1,2,2,1,2,2,2,2,2,1,2,2,2,2,1,1,2,1,1,1,1,9,1,1,1,2,0,0,0,0,0,0,0,0,0,2,9,0,2,1,0,0,0,0,0,1,1,2,3,2,1,1,9,9,2,9,9,9,0,0,1
7934238,3,4,4,3,5,4,0,2,3,2,1,1,1,1,1,1,0,0,1,1,1,2,2,1,2,2,2,2,2,1,2,2,2,2,1,1,2,1,1,1,1,9,1,2,9,1,0,0,0,0,0,0,0,0,0,1,2,0,0,6,0,0,0,2,0,1,1,1,3,2,1,1,2,2,9,9,2,9,30,30,1
5313318,3,1,1,2,3,2,0,0,3,1,1,1,1,1,0,0,0,0,0,1,1,2,2,1,2,2,2,2,2,1,2,2,2,1,1,1,2,1,1,1,1,9,1,1,2,1,0,0,0,0,0,0,0,0,0,2,9,0,0,0,0,0,0,0,0,0,1,2,3,2,1,1,9,9,9,9,9,9,0,0,1
4306891,3,1,1,1,3,1,3,0,0,1,2,1,2,1,0,0,0,0,0,0,1,2,2,1,2,2,2,2,2,1,2,2,2,2,1,1,2,1,1,1,1,9,1,1,1,1,0,0,0,0,0,0,0,0,0,1,2,0,3,1,0,0,0,0,0,0,1,2,3,2,2,1,9,9,2,9,9,9,0,0,1
8726252,3,1,1,2,3,2,0,3,0,1,1,0,1,1,0,0,0,0,0,0,1,2,2,1,2,2,2,2,2,1,2,2,2,2,1,1,2,1,1,2,1,9,1,1,1,2,0,0,0,0,0,0,0,0,0,2,9,0,0,1,0,0,0,0,1,0,2,2,3,2,2,1,9,9,9,9,9,9,0,0,1
8578560,3,1,1,5,2,0,2,0,0,2,1,1,1,1,0,0,0,0,0,0,1,2,2,1,2,2,2,2,2,1,2,2,2,2,1,1,1,1,1,1,1,9,1,1,2,2,0,0,0,0,0,0,0,0,0,1,2,0,0,1,0,0,0,0,0,0,2,2,3,2,1,1,9,9,2,9,9,9,0,0,1
4642091,3,7,3,7,14,9,6,1,7,1,2,2,1,1,0,0,0,0,4,2,1,2,2,1,1,2,2,2,2,1,1,2,2,1,1,1,1,1,1,1,1,9,1,1,1,1,2,2,2,3,4,2,4,4,2,1,1,0,0,5,0,1,0,1,2,2,1,1,1,2,1,1,2,2,9,9,2,2,0,0,1
6846802,3,1,1,2,2,1,2,0,0,1,0,0,1,1,0,0,0,0,0,1,1,2,2,1,2,2,2,2,2,1,2,2,2,2,1,1,2,1,1,1,1,9,1,1,1,1,0,0,0,0,0,0,0,0,0,2,9,0,1,0,0,0,0,0,0,0,1,2,3,2,1,1,9,9,2,9,9,9,3,3,1
6549090,3,1,1,7,2,1,0,2,0,1,1,0,1,1,0,0,0,0,0,0,1,2,2,1,2,2,2,2,2,1,2,2,2,2,1,1,2,1,1,1,1,9,1,1,1,2,0,0,0,0,0,0,0,0,0,2,9,0,1,1,0,0,0,1,0,0,1,2,3,2,1,1,9,9,2,9,9,9,0,0,1
7629310,3,1,1,1,2,1,2,0,0,1,1,1,1,1,1,1,0,0,0,0,1,2,2,1,2,2,2,2,2,1,2,2,2,2,1,1,2,1,1,1,1,9,1,1,1,1,0,0,0,0,0,0,0,0,0,2,9,0,1,0,0,0,0,0,0,0,1,2,3,2,1,1,9,9,2,9,9,9,0,0,1
6357264,3,1,1,5,2,4,1,1,0,1,1,1,1,1,0,0,0,0,1,1,1,2,2,1,2,2,2,2,2,1,2,2,2,2,1,1,1,1,2,1,1,9,1,1,1,1,0,0,0,0,0,0,0,0,0,2,9,0,2,1,0,0,0,0,0,1,1,2,3,2,1,1,9,9,2,9,9,9,26,34,1
9525262,3,1,1,2,2,1,2,0,0,1,1,1,1,1,0,0,0,0,1,0,1,2,2,1,2,2,2,2,2,1,2,2,2,2,1,1,2,1,1,1,1,9,1,1,1,1,0,0,0,0,0,0,0,0,0,2,9,0,1,1,0,0,0,0,1,0,1,2,3,2,2,1,9,9,2,9,9,9,0,0,1
6323320,3,1,1,3,3,2,0,3,0,1,1,1,1,1,0,0,0,0,0,0,1,2,2,1,2,2,2,2,2,1,2,2,2,2,1,1,2,1,2,1,1,9,1,1,1,1,0,0,0,0,0,0,0,0,0,1,2,0,0,4,0,0,0,0,0,1,1,2,3,2,1,1,9,9,9,9,9,9,0,0,1
4501174,3,1,1,5,4,1,3,1,0,1,1,1,1,1,0,0,0,0,1,0,1,2,2,1,2,2,2,2,2,1,2,2,2,1,1,1,2,1,1,1,1,9,1,1,2,1,0,0,0,0,0,0,0,0,0,2,9,0,0,4,0,0,0,0,0,1,1,2,3,2,1,1,9,9,9,9,9,9,13,0,1
1106047,3,1,1,1,2,1,2,0,0,1,2,1,1,1,0,0,0,0,0,0,1,2,2,1,2,2,2,2,2,1,2,2,2,1,1,1,2,1,1,2,1,9,1,1,1,1,0,0,0,0,0,0,0,0,0,2,9,0,2,1,0,0,0,0,1,0,1,2,3,2,1,1,9,9,2,9,9,9,0,0,1
1296295,3,1,1,2,2,1,0,0,2,1,1,1,1,1,0,0,0,0,0,0,1,2,2,1,2,2,2,2,2,1,2,2,2,2,1,1,1,1,1,1,1,9,1,1,1,1,0,0,0,0,0,0,0,0,0,2,9,0,0,1,0,0,0,0,0,0,1,2,3,2,2,1,9,9,2,9,9,9,35,40,1
1694658,3,1,1,5,3,1,3,0,0,1,1,0,1,1,0,0,0,0,0,0,1,2,2,1,2,2,2,2,2,1,2,2,2,2,1,1,2,1,1,1,1,9,1,2,9,1,0,0,0,0,0,0,0,0,0,2,9,0,0,2,0,0,0,0,0,0,1,2,3,2,1,1,9,9,9,9,9,9,9,9,1
6215214,3,1,1,1,2,1,2,0,0,1,1,1,1,1,0,0,0,0,0,0,1,2,2,1,2,2,2,2,2,1,2,2,2,1,1,1,2,1,2,2,1,9,1,1,1,1,0,0,0,0,0,0,0,0,0,2,9,0,1,1,0,0,0,0,0,0,1,2,3,2,2,1,9,9,2,9,9,9,0,0,2
7214177,3,1,1,5,2,1,2,0,0,1,1,1,1,1,0,0,0,0,0,0,1,2,2,1,2,2,2,2,2,1,2,2,2,2,1,1,2,1,1,1,2,1,1,1,1,1,0,0,0,0,0,0,0,0,0,1,2,0,0,1,0,0,0,0,0,0,1,2,3,2,2,1,9,9,2,9,9,9,0,0,1
6824094,3,5,5,5,14,14,14,0,0,1,6,6,1,1,0,0,0,0,0,0,1,2,2,1,2,2,2,2,2,1,2,2,2,2,1,1,1,1,2,1,1,9,1,1,1,1,2,2,2,3,3,3,3,3,3,1,2,0,0,18,0,0,0,1,0,3,1,2,3,2,1,1,2,2,9,9,2,2,313,313,1
6194176,3,1,1,2,2,1,1,1,0,1,0,0,1,1,0,0,0,0,0,0,1,2,2,1,2,2,2,2,2,1,2,2,2,2,1,1,2,1,1,1,1,9,1,1,1,2,0,0,0,0,0,0,0,0,0,2,9,0,1,1,0,0,0,0,0,0,1,1,3,2,1,1,9,9,2,9,9,9,7,0,1
8176661,3,2,2,1,4,2,4,0,0,2,0,0,1,1,0,0,0,0,0,0,1,2,2,1,2,2,2,2,2,1,2,2,2,2,1,1,2,1,1,1,1,9,1,1,1,1,0,0,0,0,0,0,0,0,0,2,9,0,2,3,0,2,0,2,0,1,1,1,3,2,1,1,9,9,2,9,9,9,0,0,1
5388146,3,1,1,2,2,1,2,0,0,1,1,1,1,1,2,0,0,0,0,0,1,2,2,1,2,2,2,2,2,1,2,2,2,2,1,1,2,1,1,1,2,2,1,2,9,1,0,0,0,0,0,0,0,0,0,2,9,0,0,3,0,0,0,0,0,0,1,2,3,1,1,1,9,9,2,9,9,9,0,0,1
5185989,3,5,5,1,5,1,2,3,0,2,2,1,2,1,0,0,0,0,0,0,1,2,2,1,2,2,2,2,2,1,2,2,2,2,1,1,2,1,1,2,1,9,1,1,1,1,0,0,0,0,0,0,0,0,0,2,9,0,0,6,0,0,0,0,0,1,1,2,3,2,1,1,2,2,9,9,2,9,0,0,1
7713114,3,1,1,2,2,1,2,0,0,1,1,1,1,1,0,0,0,0,0,0,2,2,2,1,2,2,2,2,2,1,2,2,2,1,1,1,2,1,1,1,1,9,1,1,1,1,0,0,0,0,0,0,0,0,0,2,9,0,1,1,0,0,0,0,0,0,1,2,3,2,2,1,9,9,2,9,9,9,0,0,1
1841916,3,1,1,1,3,2,3,0,0,2,1,1,1,1,0,0,0,0,0,0,1,2,2,1,2,2,2,2,2,1,2,2,2,1,1,1,2,1,1,1,1,9,1,1,1,1,0,0,0,0,0,0,0,0,0,1,2,0,0,1,0,0,0,0,0,0,1,2,3,2,1,1,9,9,9,9,9,9,0,0,2
2035746,3,1,1,1,3,1,3,0,0,2,1,1,1,1,0,0,0,0,0,0,1,2,1,1,2,2,2,2,1,1,2,2,2,1,1,1,2,1,1,1,1,9,1,1,2,2,0,0,0,0,0,0,0,0,0,1,2,0,0,3,0,1,0,0,0,1,1,1,3,2,1,1,9,9,9,9,9,9,0,0,1
2169790,3,1,1,1,2,1,2,0,0,1,1,1,1,1,0,0,0,0,0,0,1,2,2,1,1,2,2,2,2,1,1,2,2,2,1,1,2,1,1,1,1,9,1,1,1,1,0,0,0,0,0,0,0,0,0,2,9,0,1,1,0,0,0,0,0,0,1,2,3,2,2,1,9,9,2,9,9,9,0,0,1
6061799,3,1,1,5,2,1,2,0,0,1,1,0,1,1,0,0,0,0,0,0,1,2,2,1,2,2,2,2,2,1,2,2,2,1,1,1,2,1,1,1,1,9,1,1,1,1,0,0,0,0,0,0,0,0,0,2,9,0,0,1,0,0,0,0,0,0,1,2,3,2,1,1,9,9,2,9,9,9,0,0,1
9623218,3,1,1,5,2,0,2,0,0,2,0,0,1,1,0,0,0,0,1,1,1,2,2,1,2,2,2,2,2,1,2,2,2,2,1,1,2,1,1,1,1,9,1,1,1,1,0,0,0,0,0,0,0,0,0,1,2,0,2,2,0,0,0,0,0,0,2,2,3,2,2,1,9,9,2,9,9,9,0,0,1
6235394,3,1,0,7,3,2,2,0,1,1,2,2,2,2,0,0,0,0,0,0,1,2,2,1,2,2,2,2,2,1,2,2,2,2,1,1,3,1,1,1,1,9,1,1,1,2,0,0,0,0,0,0,0,0,0,2,9,0,0,2,0,0,0,0,0,1,1,2,3,2,1,1,9,9,9,9,9,9,15,15,1
8825327,3,1,1,1,2,1,2,0,0,1,1,1,1,1,0,0,0,0,0,0,1,2,2,1,2,2,2,2,2,1,2,2,2,2,1,1,2,1,1,1,1,9,1,1,1,2,0,0,0,0,0,0,0,0,0,2,9,0,0,1,0,0,0,0,0,0,1,2,3,2,1,1,9,9,2,9,9,9,0,0,1
5435935,3,1,1,5,3,1,3,0,0,1,1,1,1,1,0,0,0,0,0,0,1,2,2,1,2,2,2,2,2,1,2,2,2,2,1,1,2,1,1,1,1,9,1,1,1,1,0,0,0,0,0,0,0,0,0,1,2,0,0,1,0,0,0,0,0,0,1,2,3,2,1,1,9,9,9,9,9,9,0,6,1
4000266,3,2,1,7,3,0,0,0,3,2,0,0,1,1,0,0,0,0,0,0,1,2,2,1,2,2,2,2,2,1,2,2,2,2,1,2,1,1,1,1,1,9,1,1,1,1,0,0,0,0,0,0,0,0,0,2,9,0,2,2,0,0,0,0,0,0,1,1,3,2,1,1,9,9,2,9,9,9,8,0,1
4389180,3,1,1,2,3,3,3,0,0,1,1,1,1,1,0,0,0,0,0,0,1,2,2,1,2,2,2,2,2,1,2,2,2,2,1,1,2,1,1,1,1,9,1,1,1,1,0,0,0,0,0,0,0,0,0,2,9,0,2,2,0,0,0,0,1,0,1,1,3,2,1,1,9,9,2,9,9,9,20,20,1
6093651,3,1,0,7,3,1,1,0,2,2,1,1,1,1,0,0,0,0,1,1,2,2,2,1,2,2,2,2,2,1,2,2,2,1,1,1,2,1,1,1,1,9,1,1,1,1,0,0,0,0,0,0,0,0,0,2,9,0,1,1,0,0,0,0,0,0,1,2,3,1,1,1,9,9,2,9,9,9,0,0,1
2592242,3,2,2,7,5,1,5,0,0,1,1,1,1,1,1,1,1,1,0,0,1,2,2,1,2,2,2,2,2,1,2,2,2,1,1,1,2,1,1,1,1,9,1,1,1,1,0,0,0,0,0,0,0,0,0,2,9,0,4,4,0,0,0,0,1,1,1,1,3,2,1,1,9,9,2,9,9,9,56,5,1
7358147,3,1,1,1,2,1,2,0,0,1,1,1,1,1,0,0,0,0,0,0,1,2,2,1,2,2,2,2,2,1,2,2,2,2,1,1,2,1,2,1,1,9,1,1,1,2,0,0,0,0,0,0,0,0,0,1,2,0,1,1,0,0,0,0,0,0,1,1,3,2,1,1,9,9,2,9,9,9,0,0,1
7760997,3,1,1,5,2,1,2,0,0,1,1,1,1,1,0,0,0,0,0,0,1,2,2,1,2,2,2,2,2,1,2,2,2,1,1,1,2,1,1,1,1,9,1,1,1,1,0,0,0,0,0,0,0,0,0,1,2,0,2,1,0,0,0,0,0,0,1,2,3,2,1,1,9,9,2,9,9,9,0,0,1
8790015,3,1,1,5,3,1,1,2,0,1,1,1,1,1,0,0,0,0,0,0,1,2,2,1,2,2,2,2,2,1,2,2,2,1,1,1,2,1,1,1,1,9,1,1,1,2,0,0,0,0,0,0,0,0,0,2,9,0,1,1,0,1,0,0,0,0,1,2,3,2,1,1,9,9,2,9,9,9,0,0,1
5952379,3,2,1,5,9,6,7,0,2,1,1,0,1,1,1,0,0,0,1,0,1,2,2,1,2,2,2,2,2,1,2,2,2,2,1,1,2,1,1,1,1,9,1,2,9,1,2,2,2,4,4,2,4,4,4,1,2,0,0,5,0,0,0,1,1,1,1,1,3,2,1,1,2,2,9,9,2,2,75,64,1
7405441,3,1,0,1,3,3,3,0,0,1,1,1,1,1,1,1,1,1,0,0,1,2,2,1,2,2,2,2,2,1,2,2,2,1,1,1,2,1,2,1,1,9,1,1,2,1,0,0,0,0,0,0,0,0,0,1,2,0,2,1,0,0,0,0,0,1,1,1,3,2,1,1,9,9,2,9,9,9,36,0,1
3292053,3,1,1,1,3,1,3,0,0,1,1,1,1,1,0,0,0,0,0,0,1,2,2,1,2,2,2,2,2,1,2,2,2,1,1,1,2,1,1,1,1,9,1,1,1,1,0,0,0,0,0,0,0,0,0,2,9,0,2,0,0,0,0,0,0,0,1,2,3,2,2,1,9,9,2,9,9,9,0,0,1
5045214,3,1,1,2,2,1,0,0,2,1,1,1,1,1,1,1,0,0,1,1,1,2,2,1,2,2,2,2,2,1,2,2,2,1,1,1,2,1,1,1,1,9,1,1,1,1,0,0,0,0,0,0,0,0,0,2,9,0,1,2,0,0,0,0,0,0,1,2,3,2,2,1,9,9,2,9,9,9,0,0,1
9671263,3,2,0,5,6,3,2,0,4,2,1,1,1,1,1,1,0,0,2,1,1,2,2,1,2,2,2,2,2,1,2,2,2,2,1,1,2,1,1,1,1,9,1,2,9,1,4,4,4,4,4,4,4,4,2,2,9,0,1,4,0,0,0,3,1,1,1,2,3,2,1,1,2,2,9,9,2,2,0,0,2
8765150,3,1,1,1,2,2,2,0,0,1,0,0,1,1,0,0,0,0,0,0,1,2,2,1,2,2,2,2,2,1,2,2,2,2,1,1,2,1,1,1,2,1,1,1,1,1,0,0,0,0,0,0,0,0,0,2,9,0,1,0,0,0,0,0,0,0,2,2,3,2,1,1,9,9,2,9,9,9,2,2,2
6248121,1,4,3,2,6,2,3,0,3,2,1,1,1,1,0,0,0,0,1,0,2,2,2,1,2,2,2,2,2,1,2,2,2,1,1,1,2,1,2,2,1,9,1,2,9,1,0,0,0,0,0,0,0,0,0,2,9,0,0,1,0,0,0,0,0,0,1,2,3,2,1,1,2,2,9,9,2,9,36,34,1
1389802,3,1,1,2,3,2,0,0,3,1,1,1,1,1,0,0,0,0,0,0,1,2,2,1,2,2,2,2,2,1,2,2,2,2,1,1,2,1,1,1,1,9,1,1,1,1,0,0,0,0,0,0,0,0,0,2,9,0,0,2,0,0,0,0,0,0,1,2,3,2,1,1,9,9,9,9,9,9,27,0,1
1569378,3,1,1,2,3,1,3,0,0,1,1,1,1,1,0,0,0,0,0,0,1,2,2,1,2,2,2,2,2,1,2,2,2,2,1,1,2,1,1,1,1,9,1,1,1,1,0,0,0,0,0,0,0,0,0,2,9,0,2,1,0,0,0,0,0,0,1,2,3,2,1,1,9,9,2,9,9,9,18,18,1
6422839,3,2,1,2,4,1,4,0,0,1,1,1,1,1,0,0,0,0,0,0,1,2,2,1,2,2,2,2,2,1,2,2,2,1,1,1,2,1,1,1,1,9,1,1,1,1,0,0,0,0,0,0,0,0,0,2,9,0,2,1,0,0,0,0,0,0,1,1,3,2,2,1,9,9,2,9,9,9,14,0,1
1398545,3,1,1,2,2,1,2,0,0,1,1,1,1,1,0,0,0,0,0,0,1,2,2,1,2,2,2,2,2,1,2,2,2,2,1,1,2,1,1,1,1,9,1,1,1,1,0,0,0,0,0,0,0,0,0,2,9,0,2,1,0,0,0,0,0,0,1,2,3,1,2,1,9,9,2,9,9,9,0,0,1
8498572,3,4,2,5,10,2,5,0,5,1,0,0,5,5,0,0,5,5,0,5,1,2,2,1,2,2,2,2,2,1,2,2,2,2,1,1,2,1,1,1,1,9,1,2,9,1,0,0,0,0,0,0,0,0,0,2,9,0,0,4,0,0,0,1,0,2,1,2,3,2,1,1,2,2,9,9,2,9,21,35,1
1217529,3,1,1,2,2,1,2,0,0,1,2,2,1,1,0,0,0,0,0,0,1,2,2,1,2,2,2,2,2,1,2,2,2,1,1,1,2,1,1,1,1,9,1,1,1,1,0,0,0,0,0,0,0,0,0,1,2,0,2,1,0,0,0,0,0,0,1,2,3,2,1,1,9,9,2,9,9,9,0,0,1
3397100,3,1,1,5,2,1,2,0,0,1,1,1,1,1,0,0,0,0,1,1,1,2,2,1,2,2,2,2,2,1,2,2,2,2,1,1,2,1,1,1,1,9,1,1,1,1,0,0,0,0,0,0,0,0,0,2,9,0,1,0,0,0,0,0,0,0,1,2,3,2,1,1,9,9,2,9,9,9,0,0,2
8383272,3,1,1,1,3,3,3,0,0,1,1,1,1,1,0,0,0,0,0,0,1,2,2,1,2,2,2,2,2,1,2,2,2,1,1,1,2,1,1,1,1,9,1,1,1,2,0,0,0,0,0,0,0,0,0,1,2,0,1,1,0,0,0,0,0,0,1,2,3,2,1,1,9,9,2,9,9,9,0,0,1
1865171,3,1,1,2,2,1,0,2,0,1,1,1,1,1,0,0,0,0,0,0,1,2,2,1,2,2,2,2,2,1,2,2,2,2,1,1,2,1,1,1,1,9,1,1,1,1,0,0,0,0,0,0,0,0,0,2,9,0,1,1,0,0,0,0,0,0,1,2,3,2,2,1,9,9,2,9,9,9,10,10,1
6190652,3,1,0,2,2,1,2,0,0,1,1,1,1,1,0,0,0,0,0,0,1,2,2,1,2,2,2,2,2,1,2,2,2,2,1,1,1,1,1,1,1,9,1,1,1,1,0,0,0,0,0,0,0,0,0,2,9,0,2,1,0,0,0,0,0,0,1,2,3,2,1,1,9,9,2,9,9,9,0,0,1
8888966,3,1,1,7,3,2,0,3,0,1,1,0,1,1,0,0,0,0,0,0,1,2,2,1,2,2,2,2,2,1,2,2,2,2,1,1,2,1,1,1,1,9,1,2,9,2,0,0,0,0,0,0,0,0,0,1,2,0,0,4,0,0,0,0,0,0,1,2,3,2,2,1,9,9,9,9,9,9,14,0,1
8219337,3,1,1,7,2,1,0,2,0,1,1,1,1,1,0,0,0,0,0,0,1,2,2,1,2,2,2,2,2,1,2,2,2,2,1,1,2,1,1,1,1,9,1,1,1,1,0,0,0,0,0,0,0,0,0,2,9,0,2,1,0,0,0,0,0,0,1,2,3,2,1,1,9,9,2,9,9,9,23,23,1
9294358,3,1,1,2,2,1,2,0,0,1,1,1,1,1,0,0,0,0,0,0,1,2,2,1,2,2,2,2,2,1,2,2,2,2,1,1,2,1,1,1,1,9,1,1,2,1,0,0,0,0,0,0,0,0,0,2,9,0,2,1,0,0,0,0,0,0,1,2,3,2,1,1,9,9,2,9,9,9,23,0,1
3837379,3,13,6,1,13,13,0,8,5,1,0,0,8,5,0,0,0,0,0,4,1,2,2,1,2,2,2,2,2,1,2,2,2,2,1,1,2,1,1,1,1,9,1,2,9,1,1,1,1,1,4,4,1,4,1,1,2,0,0,25,0,0,1,1,1,4,1,2,3,2,1,1,1,2,9,9,2,2,351,0,1
3835456,3,1,1,1,3,2,3,0,0,1,10,0,1,1,0,0,0,0,0,0,1,2,2,1,2,2,2,2,2,1,2,2,2,2,1,1,3,1,2,1,1,9,1,1,1,1,0,0,0,0,0,0,0,0,0,2,9,0,1,1,0,0,0,0,0,0,1,1,3,2,1,1,9,9,2,9,9,9,0,0,1
3680229,3,1,1,2,2,1,0,2,0,1,1,0,1,1,0,0,0,0,0,0,1,2,2,1,2,2,2,2,2,1,2,2,2,2,1,1,2,1,1,1,1,9,1,1,1,1,0,0,0,0,0,0,0,0,0,2,9,0,1,1,0,0,0,0,0,0,1,2,3,2,1,1,9,9,2,9,9,9,0,0,1
5825885,3,5,5,5,7,4,3,1,3,1,1,1,2,2,0,0,0,0,0,0,1,2,1,1,2,2,2,2,1,1,2,2,2,2,1,1,2,1,2,2,2,1,1,2,9,1,4,4,4,4,4,4,4,4,4,1,2,0,0,12,0,0,0,2,1,3,2,1,3,2,2,1,2,2,9,9,2,2,209,209,1
7970995,3,2,2,3,8,3,8,0,0,1,1,1,2,2,0,0,0,0,0,0,1,2,2,1,2,2,2,2,2,1,2,2,2,2,1,1,2,1,1,1,1,9,1,2,9,1,4,4,4,4,4,4,4,4,2,2,9,0,0,4,0,0,0,2,1,2,1,1,3,2,1,1,2,2,9,9,2,2,194,194,1
2112739,3,2,0,2,2,1,0,2,0,1,1,0,1,1,0,0,0,0,1,0,1,2,2,1,2,2,2,2,2,1,2,2,2,2,1,1,2,1,1,1,1,9,2,1,1,1,0,0,0,0,0,0,0,0,0,2,9,0,1,1,0,0,0,0,0,0,1,2,3,2,2,1,9,9,2,9,9,9,0,0,1
8286901,3,1,1,5,2,0,2,0,0,2,1,1,1,0,0,0,0,0,0,0,1,2,2,1,2,2,2,2,2,1,2,2,2,1,1,1,2,1,1,1,1,9,1,1,1,1,0,0,0,0,0,0,0,0,0,2,9,0,1,1,0,0,0,0,0,0,1,2,1,2,1,1,9,9,2,9,9,9,0,0,1
8990937,3,1,1,2,2,1,2,0,0,1,1,1,1,1,0,0,0,0,0,0,1,2,2,1,2,2,2,2,2,1,2,2,2,2,1,1,2,1,1,1,1,9,1,1,1,1,0,0,0,0,0,0,0,0,0,2,9,0,0,1,0,0,0,0,0,0,1,2,3,2,1,1,9,9,2,9,9,9,0,0,2
8532489,3,1,1,2,3,1,0,0,3,1,1,1,2,2,0,0,1,1,0,0,1,2,2,1,2,2,2,2,2,1,2,2,2,2,1,1,2,1,2,1,1,9,1,1,1,1,0,0,0,0,0,0,0,0,0,2,9,0,2,1,0,0,0,0,0,0,1,2,1,1,1,1,9,9,2,9,9,9,0,0,1
7292707,3,1,1,2,2,1,1,0,1,1,1,1,1,1,0,0,0,0,0,0,1,2,2,1,2,2,2,2,2,1,2,2,2,2,1,1,2,1,2,1,1,9,1,1,1,2,0,0,0,0,0,0,0,0,0,2,9,0,1,0,0,0,0,0,0,0,1,2,3,2,2,1,9,9,2,9,9,9,0,0,1
1772679,3,1,1,2,2,1,2,0,0,1,1,1,1,1,0,0,0,0,0,0,1,2,2,1,2,2,2,2,2,1,2,2,2,2,1,1,2,1,1,1,1,9,1,2,9,1,0,0,0,0,0,0,0,0,0,2,9,0,2,1,0,0,0,0,0,0,1,2,1,2,1,1,9,9,2,9,9,9,0,0,1
2200629,3,1,1,1,3,3,3,0,0,1,1,1,1,1,0,0,0,0,0,0,1,2,2,1,2,2,2,2,2,1,2,2,2,1,1,1,2,1,1,1,1,9,1,1,1,2,0,0,0,0,0,0,0,0,0,2,9,0,2,0,0,0,0,0,0,0,1,2,3,2,2,1,9,9,2,9,9,9,0,0,1
6436584,3,1,1,2,2,2,0,0,2,1,2,1,1,1,0,0,0,0,0,0,1,2,2,1,2,2,2,2,2,1,2,2,2,1,1,1,2,1,1,1,1,9,1,1,1,1,0,0,0,0,0,0,0,0,0,1,2,0,0,1,0,0,0,0,0,0,1,2,3,2,1,1,9,9,2,9,9,9,7,0,1
6267198,3,1,1,5,3,1,0,0,3,2,1,1,1,1,0,0,0,0,0,0,1,2,2,1,2,2,2,2,2,1,2,2,2,2,1,1,2,1,2,1,1,9,1,1,1,1,0,0,0,0,0,0,0,0,0,2,9,0,2,2,0,0,0,0,0,0,1,2,3,2,1,1,9,9,2,9,9,9,0,0,2
4754230,3,1,1,2,2,1,2,0,0,1,2,2,1,1,0,0,0,0,0,0,1,2,2,1,2,2,2,2,2,1,2,2,2,2,1,1,2,1,1,1,1,9,1,1,1,1,0,0,0,0,0,0,0,0,0,2,9,0,1,1,0,0,0,0,0,0,1,2,3,1,1,1,9,9,2,9,9,9,5,5,1
8097552,3,1,1,2,2,1,2,0,0,1,1,1,1,1,0,0,0,0,0,0,1,2,2,1,2,2,2,2,2,1,2,2,2,1,1,1,2,1,1,1,1,9,1,1,1,2,0,0,0,0,0,0,0,0,0,2,9,0,2,1,0,0,0,0,0,0,1,2,3,2,1,1,9,9,2,9,9,9,0,0,1
3629097,3,3,3,5,3,2,0,0,3,2,1,1,1,1,0,0,0,0,0,0,1,2,2,1,2,2,2,2,2,1,2,2,2,1,1,1,2,1,1,1,1,9,1,1,1,1,0,0,0,0,0,0,0,0,0,2,9,0,0,1,0,0,0,0,1,1,1,1,3,2,1,1,9,9,9,9,9,9,25,25,1
6166946,3,2,2,5,3,4,3,0,0,1,1,1,1,1,1,1,1,1,0,0,1,2,2,2,1,2,2,2,2,2,1,2,2,2,1,1,2,1,1,1,1,9,1,1,1,2,0,0,0,0,0,0,0,0,0,2,9,0,2,1,0,0,0,0,0,1,1,2,3,2,1,1,9,9,2,9,9,9,0,0,1
6267319,3,1,0,2,2,1,1,1,0,1,1,1,1,1,0,0,0,0,0,0,1,2,2,1,2,2,2,2,2,1,2,2,2,2,1,1,2,1,1,1,1,9,1,1,1,1,0,0,0,0,0,0,0,0,0,1,2,0,1,1,0,0,0,0,0,0,1,2,3,1,1,1,9,9,2,9,9,9,12,0,1
4252507,3,3,3,2,3,3,0,0,3,1,1,1,1,1,0,0,0,0,0,0,1,2,2,1,2,2,2,2,2,1,2,2,2,1,1,1,2,1,1,1,1,9,1,1,1,1,0,0,0,0,0,0,0,0,0,1,2,0,2,1,0,0,0,0,0,0,1,2,3,2,1,1,9,9,2,9,9,9,0,0,1
5831905,3,1,1,2,3,2,2,0,1,1,1,1,2,1,0,0,0,0,0,0,1,2,2,1,2,2,2,2,2,1,2,2,2,2,1,1,3,1,1,1,1,9,1,1,1,1,0,0,0,0,0,0,0,0,0,2,9,0,1,3,0,0,0,0,1,0,1,2,3,2,1,1,9,9,2,9,9,9,0,0,1
4248227,3,2,2,5,7,7,4,2,1,1,2,2,1,1,0,0,0,0,1,1,1,2,2,1,2,2,2,2,2,1,2,2,2,2,1,1,2,1,1,1,1,9,1,1,1,1,0,0,0,0,0,0,0,0,0,2,9,0,0,5,0,0,0,1,0,2,1,2,3,2,1,1,2,2,9,9,2,9,84,0,1
2052302,3,1,1,2,2,1,0,0,2,1,1,1,1,1,0,0,0,0,0,0,1,2,2,1,2,2,2,2,2,2,2,2,2,2,1,1,2,1,1,1,1,9,1,1,1,1,0,0,0,0,0,0,0,0,0,2,9,0,0,1,0,0,0,0,0,0,1,2,3,2,1,1,9,9,2,9,9,9,25,0,1
6818519,3,1,1,1,3,1,3,0,0,1,1,1,1,1,0,0,0,0,0,0,1,2,2,1,2,2,2,2,2,1,2,2,2,2,1,1,2,1,1,1,1,9,1,1,1,1,0,0,0,0,0,0,0,0,0,2,9,0,5,4,0,0,0,2,1,1,1,1,3,2,1,1,9,9,2,9,9,9,0,0,1
5802231,3,1,1,5,2,1,0,0,2,1,1,1,1,1,0,0,0,0,0,0,1,2,2,1,2,2,2,2,2,1,2,2,2,1,1,1,2,1,1,1,1,9,1,1,1,2,0,0,0,0,0,0,0,0,0,1,2,0,2,1,0,1,0,0,0,0,1,2,3,2,1,1,9,9,2,9,9,9,0,0,1
7911226,3,1,1,2,3,1,0,0,3,1,0,0,1,1,0,0,0,0,0,0,1,2,2,1,2,2,2,2,2,1,2,2,2,1,1,1,2,1,1,1,1,9,1,1,1,1,0,0,0,0,0,0,0,0,0,1,2,0,0,3,0,0,0,0,0,1,1,2,3,2,1,1,9,9,9,9,9,9,0,0,1
7613926,3,4,2,2,7,2,6,1,0,1,2,2,2,2,0,0,0,0,1,1,1,2,2,1,2,2,2,2,2,1,2,2,2,1,1,1,2,1,1,1,2,1,1,1,1,1,0,0,0,0,0,0,0,0,0,2,9,0,0,6,0,0,0,2,0,1,1,1,3,1,1,1,2,2,9,9,2,9,16,19,1
6004342,3,1,0,2,3,1,2,1,0,1,1,0,1,1,1,1,0,0,0,0,1,2,2,1,2,2,2,2,2,1,2,2,2,2,1,1,2,1,2,1,1,9,1,1,1,1,0,0,0,0,0,0,0,0,0,2,9,0,3,0,0,0,0,0,0,0,1,2,3,2,2,1,9,9,2,9,9,9,0,0,1
7961392,3,2,1,5,6,3,6,0,0,1,1,1,1,1,0,0,0,0,4,4,1,2,2,1,2,2,2,2,2,1,2,2,2,2,1,1,2,1,1,1,1,9,1,2,9,1,3,2,4,4,4,4,4,4,2,1,2,0,0,6,0,0,0,1,1,1,1,2,3,2,1,1,2,2,9,9,2,2,160,160,1
3045824,3,1,1,1,3,0,3,0,0,2,2,2,1,1,0,0,0,0,2,0,1,2,2,1,2,2,2,2,2,1,2,2,2,2,1,1,2,1,1,1,1,9,1,1,1,1,0,0,0,0,0,0,0,0,0,2,9,0,0,1,0,0,0,0,0,1,1,2,3,1,2,1,9,9,9,9,9,9,0,0,1
9466793,4,2,1,1,5,5,5,0,0,1,1,1,1,1,0,0,0,0,1,1,1,2,2,1,2,2,2,2,2,1,2,2,2,2,1,1,2,1,1,1,1,9,1,1,1,1,0,0,0,0,0,0,0,0,0,2,9,0,0,5,0,0,0,1,1,2,1,2,3,2,1,1,2,2,9,9,1,9,63,0,1
9598690,3,1,0,1,2,1,0,1,1,1,1,1,1,1,1,1,0,0,0,0,1,2,2,1,2,2,2,2,2,1,2,2,2,2,1,1,2,1,1,1,2,1,1,1,1,2,0,0,0,0,0,0,0,0,0,2,9,0,2,1,0,0,0,0,0,0,1,2,3,2,2,1,9,9,2,9,9,9,0,0,1
3549544,3,1,1,1,2,2,2,0,0,1,1,0,1,1,1,1,0,0,0,0,1,2,2,1,2,2,2,2,2,1,2,2,2,2,1,1,3,1,1,1,1,9,1,1,1,1,0,0,0,0,0,0,0,0,0,2,9,0,2,1,0,0,0,0,0,0,1,2,3,2,2,1,9,9,2,9,9,9,0,0,2
5722409,3,1,1,5,5,4,1,0,4,1,1,1,1,1,0,0,0,0,0,0,1,2,2,1,2,2,2,2,2,1,2,2,2,2,1,1,2,1,1,1,2,1,1,2,9,1,0,0,0,0,0,0,0,0,0,1,2,0,0,3,0,0,0,0,1,1,1,1,3,2,1,1,2,2,9,9,2,9,82,0,1
1187959,3,1,1,2,3,3,3,0,0,1,1,1,1,1,0,0,0,0,0,0,1,2,2,1,2,2,2,2,2,1,2,2,2,2,1,1,3,1,1,1,2,1,1,1,1,2,0,0,0,0,0,0,0,0,0,1,2,0,1,1,0,0,0,0,0,0,1,2,3,2,1,1,9,9,2,9,9,9,0,0,1
3346392,3,1,1,5,2,2,0,0,2,1,0,0,1,1,0,0,0,0,0,0,1,2,1,1,2,2,2,2,1,1,2,2,2,2,1,1,2,1,1,1,1,9,1,1,2,1,0,0,0,0,0,0,0,0,0,2,9,0,1,0,0,0,0,0,0,0,1,2,3,2,1,1,9,9,2,9,9,9,0,0,1
5096815,3,1,1,5,2,2,1,0,1,2,1,1,1,1,0,0,0,0,0,0,1,2,2,1,2,1,2,2,2,1,2,1,2,1,1,1,1,1,1,1,1,9,1,1,1,2,0,0,0,0,0,0,0,0,0,1,2,0,1,1,0,0,0,0,0,0,1,2,3,2,2,1,9,9,2,9,9,9,0,0,1
2494514,4,1,0,6,1,0,1,0,0,2,0,0,1,1,0,0,0,0,0,0,1,2,2,1,2,2,2,2,2,1,2,2,2,2,1,2,2,1,1,2,2,2,1,1,1,1,0,0,0,0,0,0,0,0,0,2,9,0,1,1,0,0,0,0,0,0,1,2,3,2,2,1,9,9,2,9,9,9,0,0,1
1354151,3,1,1,1,2,1,0,0,2,1,1,0,1,1,0,0,0,0,0,0,1,2,2,1,2,2,2,2,2,1,2,2,2,2,1,1,2,1,1,1,1,9,1,1,1,1,0,0,0,0,0,0,0,0,0,2,9,0,2,1,0,0,0,0,0,0,1,2,2,2,2,1,9,9,2,9,9,9,11,0,1
3332607,4,1,1,5,1,1,1,0,0,2,1,1,1,1,0,0,0,0,1,1,1,1,1,1,2,1,2,1,1,1,2,1,2,2,1,2,1,1,1,1,2,1,1,1,1,1,0,0,0,0,0,0,0,0,0,2,9,0,0,1,0,0,0,0,0,1,1,2,3,2,2,1,9,9,9,9,9,9,0,0,2
2204860,3,2,2,5,5,1,3,2,0,1,2,1,1,1,0,0,0,0,0,0,1,2,2,1,2,2,2,2,2,1,2,2,2,2,1,1,2,1,1,2,1,9,1,1,1,1,0,0,0,0,0,0,0,0,0,2,9,0,0,5,0,0,0,0,0,0,1,2,3,2,1,1,2,2,9,9,2,9,0,0,1
6129327,3,6,6,1,5,10,5,0,0,1,10,10,0,0,0,0,0,0,0,0,1,2,2,1,2,2,2,2,2,1,2,2,2,2,1,1,1,1,2,1,1,9,1,2,9,1,0,0,0,0,0,0,0,0,0,2,9,0,0,5,0,0,0,0,0,2,1,1,3,2,1,1,9,9,1,9,9,9,0,0,1
7382632,3,1,1,5,5,2,4,1,0,1,1,1,1,1,0,0,0,0,0,0,1,2,2,1,2,2,2,2,2,1,2,2,2,1,1,1,2,1,1,1,1,9,1,1,1,1,0,0,0,0,0,0,0,0,0,2,9,0,0,1,0,0,0,0,0,0,1,2,3,2,1,1,9,9,9,9,9,9,0,0,1
7696625,3,1,1,5,2,0,2,0,0,2,3,3,2,2,0,0,0,0,0,0,1,2,2,1,2,2,2,2,2,1,2,2,2,2,1,1,2,1,1,1,1,9,1,1,1,1,0,0,0,0,0,0,0,0,0,2,9,0,1,1,0,0,0,0,0,1,1,2,3,2,1,1,9,9,2,9,9,9,24,24,1
3543596,3,1,1,5,2,1,0,0,2,1,1,1,1,1,0,0,0,0,0,0,1,2,2,1,2,2,2,2,2,1,2,2,2,2,1,1,2,1,1,1,1,9,1,1,1,1,0,0,0,0,0,0,0,0,0,2,9,0,2,1,0,0,0,0,0,0,1,2,3,2,1,1,9,9,2,9,9,9,9,9,1
2319635,3,1,1,5,3,3,0,3,0,1,1,1,2,2,0,0,0,0,0,0,1,2,2,1,2,2,2,2,2,1,2,2,2,2,1,1,2,1,1,1,1,9,1,1,1,1,0,0,0,0,0,0,0,0,0,2,9,0,2,1,0,0,0,0,0,1,1,2,3,2,1,1,9,9,2,9,9,9,5,0,1
6338137,3,1,1,2,2,1,0,2,0,1,1,1,1,1,1,1,0,0,0,0,1,2,2,1,2,2,2,2,2,1,2,2,2,1,1,1,2,1,1,2,1,9,1,1,2,1,0,0,0,0,0,0,0,0,0,2,9,0,1,1,0,0,0,0,0,0,1,2,3,2,2,1,9,9,2,9,9,9,0,0,1
3098071,3,2,1,5,2,3,2,0,0,1,1,1,1,1,0,0,0,0,0,0,1,2,2,1,2,2,2,2,2,1,2,2,2,2,1,1,2,1,2,1,1,9,1,1,1,1,0,0,0,0,0,0,0,0,0,2,9,0,2,2,0,0,0,0,0,0,1,2,3,2,1,1,9,9,2,9,9,9,0,0,1
6504365,3,2,1,2,3,3,2,1,0,1,1,1,1,1,0,0,0,0,0,0,1,2,2,1,2,2,2,2,2,1,2,2,2,2,1,1,2,1,1,1,1,9,1,1,1,2,0,0,0,0,0,0,0,0,0,2,9,0,1,1,0,0,0,0,0,0,1,2,3,2,1,1,9,9,2,9,9,9,0,0,1
5410019,3,1,1,1,3,1,3,0,0,1,1,1,1,1,0,0,0,0,0,0,1,2,2,1,2,2,2,2,2,1,2,2,2,2,1,1,2,1,1,1,1,9,1,1,1,1,0,0,0,0,0,0,0,0,0,2,9,0,2,1,0,0,0,0,0,0,1,2,1,2,1,1,9,9,2,9,9,9,12,12,1
9408040,3,1,1,1,5,2,5,0,0,1,2,2,2,2,1,1,0,0,0,0,1,2,2,1,2,2,2,2,2,1,2,2,2,2,1,1,2,1,1,1,1,9,1,1,1,1,0,0,0,0,0,0,0,0,0,2,9,0,2,1,0,0,0,0,0,0,2,2,3,2,1,1,9,9,2,9,9,9,0,0,1
2614536,3,1,1,2,2,1,2,0,0,1,1,1,1,1,0,0,0,0,0,0,1,2,2,1,2,2,2,2,2,1,2,2,2,1,1,1,2,1,1,1,1,9,1,1,1,1,0,0,0,0,0,0,0,0,0,2,9,0,2,2,0,0,0,0,0,0,1,2,3,2,1,1,9,9,2,9,9,9,0,0,1
6848647,3,1,1,1,2,2,2,0,0,1,1,1,1,1,1,0,0,0,0,0,1,2,2,1,2,2,2,2,2,1,2,2,2,2,1,1,2,1,1,1,1,9,1,1,1,1,0,0,0,0,0,0,0,0,0,2,9,0,2,1,0,0,0,0,0,0,1,2,3,2,2,1,9,9,2,9,9,9,0,0,1
4286711,3,1,1,5,3,0,2,0,1,2,1,0,1,1,0,0,0,0,0,0,1,2,2,1,2,2,2,2,2,1,2,2,2,2,1,1,2,1,1,1,1,9,1,1,1,1,0,0,0,0,0,0,0,0,0,2,9,0,0,1,0,0,0,0,0,0,1,2,3,2,2,1,9,9,9,9,9,9,14,14,1
5666922,3,1,1,2,2,1,0,0,2,1,1,0,1,0,0,0,0,0,0,0,1,2,2,1,2,2,2,2,2,1,2,2,2,2,1,1,2,1,1,1,1,9,1,1,1,2,0,0,0,0,0,0,0,0,0,1,2,0,1,2,0,0,0,0,0,0,1,2,3,2,2,1,9,9,2,9,9,9,0,0,1
8794652,3,1,1,2,2,1,2,0,0,1,1,1,1,1,0,0,0,0,0,1,1,2,2,1,2,2,2,2,2,1,2,2,2,2,1,1,2,1,1,1,1,9,1,1,1,1,0,0,0,0,0,0,0,0,0,2,9,0,2,1,0,0,0,0,0,0,1,2,3,2,1,1,9,9,2,9,9,9,0,0,1
2454844,3,1,1,2,3,3,3,0,0,1,2,2,1,1,1,1,1,1,0,0,1,2,2,1,2,2,2,2,2,1,2,2,2,1,1,1,2,1,1,1,1,9,1,1,1,1,0,0,0,0,0,0,0,0,0,1,2,0,2,1,0,0,0,0,0,0,1,2,3,2,2,1,9,9,2,9,9,9,24,24,1
3293480,3,1,1,5,2,1,0,0,2,1,1,1,1,1,0,0,0,0,0,0,1,2,2,1,2,2,2,2,2,1,2,2,2,2,1,1,2,1,1,1,1,9,1,1,1,1,0,0,0,0,0,0,0,0,0,2,9,0,1,0,0,0,0,0,0,0,1,2,3,2,1,1,9,9,2,9,9,9,8,8,1
8711174,3,1,1,5,3,2,3,0,0,1,1,1,1,1,0,0,0,0,0,0,1,2,2,1,2,2,2,2,2,1,2,2,2,2,1,1,2,1,1,1,1,9,1,1,1,1,0,0,0,0,0,0,0,0,0,2,9,0,0,1,0,0,0,0,0,0,1,2,3,2,1,1,9,9,9,9,9,9,9,0,1
1025755,3,1,1,1,2,1,2,0,0,1,1,1,1,1,0,0,0,0,0,0,1,2,2,1,2,2,2,2,2,1,2,2,2,2,1,1,2,1,1,1,1,9,1,1,1,1,0,0,0,0,0,0,0,0,0,2,9,0,1,0,0,0,0,0,0,0,1,2,3,2,2,1,9,9,2,9,9,9,0,0,1
2216471,3,1,1,5,2,2,2,0,0,1,0,0,1,1,0,0,0,0,1,0,1,2,2,1,2,2,2,2,2,1,2,2,2,3,1,1,2,1,1,1,1,9,1,1,1,2,0,0,0,0,0,0,0,0,0,2,9,0,2,1,0,0,0,0,0,0,1,2,3,2,2,1,9,9,2,9,9,9,16,16,1
5590055,3,5,5,5,5,6,2,0,3,1,2,2,2,2,0,0,0,0,4,3,1,2,2,1,2,2,2,2,2,1,2,2,2,1,1,1,2,1,1,1,1,9,1,1,1,1,0,0,0,0,0,0,0,0,0,1,2,0,0,2,0,0,0,0,0,1,1,2,3,1,2,1,1,2,9,9,2,9,0,0,1
4275052,3,1,1,2,3,3,2,0,1,1,1,1,1,1,1,1,0,0,1,1,1,2,2,1,2,2,2,2,2,1,2,2,2,1,1,1,1,1,2,2,1,9,1,1,1,2,0,0,0,0,0,0,0,0,0,1,2,0,2,1,0,0,0,0,1,1,1,2,3,2,1,1,9,9,2,9,9,9,42,0,1
3919315,3,1,1,2,3,2,3,0,0,1,1,1,1,1,0,0,0,0,0,0,1,2,2,1,2,2,2,2,2,1,2,2,2,2,1,1,2,1,1,1,1,9,1,1,2,1,0,0,0,0,0,0,0,0,0,2,9,0,0,1,0,0,0,0,0,0,1,2,3,2,1,1,9,9,9,9,9,9,6,6,1
3491243,3,1,1,1,2,2,2,0,0,1,1,1,1,1,0,0,0,0,0,0,1,2,2,1,2,2,2,2,2,1,2,2,2,2,1,1,2,1,1,1,2,1,1,1,2,2,0,0,0,0,0,0,0,0,0,2,9,0,0,1,0,0,0,0,0,0,1,2,3,2,1,1,9,9,2,9,9,9,0,0,1
5568164,3,2,2,2,6,2,6,0,0,1,1,1,1,1,0,0,0,0,0,0,1,2,2,1,2,2,2,2,2,1,2,2,2,2,1,1,2,1,1,1,1,9,1,1,1,1,0,0,0,0,0,0,0,0,0,1,1,0,0,1,0,0,0,0,0,1,1,2,3,2,1,1,1,2,9,9,1,9,131,131,1
9285112,3,1,1,5,5,5,5,0,0,1,1,1,2,2,0,0,0,0,0,0,1,2,2,1,2,2,2,2,2,1,2,2,2,1,1,1,2,1,1,1,1,9,1,1,1,1,0,0,0,0,0,0,0,0,0,1,2,0,2,1,0,0,0,0,0,0,1,2,3,2,1,1,9,9,2,9,9,9,0,0,1
7263438,3,1,1,2,9,8,6,0,3,1,3,3,3,3,0,0,0,0,3,3,1,2,2,1,2,2,2,2,2,1,2,2,2,1,1,1,2,1,2,1,1,9,1,1,1,2,4,4,4,4,4,4,4,4,2,1,2,0,0,6,0,0,0,1,1,2,1,1,3,2,1,1,2,2,9,9,2,2,0,0,1
3693558,3,2,2,2,2,1,0,0,2,1,1,1,1,1,0,0,0,0,0,0,1,2,2,1,2,2,2,2,2,1,2,2,2,2,1,1,2,1,1,1,1,9,1,1,1,1,0,0,0,0,0,0,0,0,0,2,9,0,2,1,0,0,0,0,0,0,1,2,3,2,2,1,9,9,2,9,9,9,21,0,1
1736186,3,1,1,1,2,1,0,0,2,1,1,1,1,1,0,0,0,0,0,0,1,2,2,1,2,2,2,2,2,1,2,2,2,2,1,1,2,1,1,1,1,9,1,1,1,2,0,0,0,0,0,0,0,0,0,2,9,0,1,0,0,0,0,0,0,0,1,2,3,2,1,1,9,9,2,9,9,9,1,1,1
6979163,3,1,0,1,3,1,3,0,0,1,1,1,1,1,0,0,0,0,0,0,1,2,2,1,2,2,2,2,2,1,2,2,2,2,1,1,2,1,1,1,1,9,1,1,1,2,0,0,0,0,0,0,0,0,0,1,2,0,0,1,0,0,0,0,0,0,1,2,3,2,2,1,9,9,9,9,9,9,0,0,1
5236843,3,2,2,2,3,1,2,1,0,1,1,0,1,1,1,1,0,0,0,0,1,2,2,1,2,2,2,2,2,1,2,2,2,2,1,1,2,1,1,2,1,9,1,1,1,1,0,0,0,0,0,0,0,0,0,2,9,0,3,2,0,0,0,0,1,1,1,2,3,2,1,1,9,9,2,9,9,9,29,29,1
1408165,3,1,1,5,2,1,2,0,0,1,1,1,1,1,0,0,0,0,0,0,2,2,2,1,2,2,2,2,2,1,2,2,2,1,1,1,1,1,1,1,1,9,1,1,1,1,0,0,0,0,0,0,0,0,0,2,9,0,2,1,0,0,0,0,0,0,1,2,3,2,1,1,9,9,2,9,9,9,0,0,2
4925594,3,1,1,2,2,1,1,1,0,1,1,1,1,1,0,0,0,0,0,0,1,2,2,1,2,2,2,2,2,1,2,2,2,2,1,1,2,1,1,1,1,9,1,1,1,1,0,0,0,0,0,0,0,0,0,1,2,0,2,1,0,0,0,0,0,0,1,2,3,2,2,1,9,9,2,9,9,9,0,0,1
6609509,3,1,1,2,4,2,0,3,1,1,1,1,1,1,0,0,0,0,0,0,1,2,2,1,2,2,2,2,2,1,2,2,2,2,1,1,2,1,1,1,1,9,1,1,1,2,0,0,0,0,0,0,0,0,0,2,9,0,0,2,0,0,0,0,0,0,1,2,3,2,2,1,9,9,2,9,9,9,0,0,1
9833812,3,1,1,1,2,1,2,0,0,1,1,1,1,1,0,0,0,0,0,0,1,2,2,1,2,2,2,2,2,1,2,2,2,2,1,1,2,1,2,2,1,9,1,1,1,1,0,0,0,0,0,0,0,0,0,2,9,0,1,1,0,0,0,0,0,0,1,2,3,2,2,1,9,9,2,9,9,9,0,0,1
2241555,3,1,1,5,2,0,0,1,1,2,1,1,1,1,0,0,0,0,0,0,1,2,2,1,2,2,2,2,2,1,2,2,2,2,1,1,1,1,1,1,1,9,1,1,2,1,0,0,0,0,0,0,0,0,0,1,2,0,1,1,0,0,0,0,0,0,2,2,1,2,1,1,9,9,2,9,9,9,0,0,1
2437079,3,1,1,5,2,1,0,0,2,1,0,0,1,1,0,0,0,0,0,1,1,2,2,1,2,2,2,2,2,1,2,2,2,2,1,1,2,1,1,1,2,1,1,1,1,2,0,0,0,0,0,0,0,0,0,2,9,0,2,1,0,0,0,0,0,0,1,2,3,2,1,1,9,9,2,9,9,9,13,13,1
5143372,3,1,1,5,2,1,0,2,0,1,1,1,1,1,0,0,0,0,1,1,1,2,2,1,2,2,2,2,2,1,2,2,2,1,1,1,2,1,1,1,1,9,1,1,1,2,0,0,0,0,0,0,0,0,0,1,2,0,1,1,0,0,0,0,0,0,1,2,3,2,1,1,9,9,2,9,9,9,0,0,1
7610348,3,1,1,2,2,1,2,0,0,1,1,1,1,1,0,0,0,0,0,0,1,2,2,1,2,2,2,2,2,1,2,2,2,2,1,1,2,1,1,1,1,9,1,1,1,1,0,0,0,0,0,0,0,0,0,1,2,0,2,1,0,0,0,0,0,0,1,2,3,1,2,1,9,9,2,9,9,9,5,0,1
1032195,3,2,1,2,2,0,2,0,0,2,1,1,1,1,0,0,0,0,0,0,1,2,2,1,2,2,2,2,2,1,2,2,2,2,1,1,2,1,1,1,1,9,1,1,1,1,0,0,0,0,0,0,0,0,0,2,9,0,2,1,0,0,0,0,0,0,1,2,3,2,2,1,9,9,2,9,9,9,0,0,1
6499318,3,1,1,2,2,2,0,2,0,1,1,1,1,0,0,0,0,0,0,0,1,2,2,1,2,2,2,2,2,1,2,2,2,2,1,1,2,1,1,2,1,9,1,1,1,1,0,0,0,0,0,0,0,0,0,2,9,0,2,1,0,0,0,0,0,1,1,2,3,2,1,1,9,9,2,9,9,9,0,0,1
8338533,3,1,1,1,2,1,2,0,0,1,1,1,1,1,1,1,1,1,0,0,1,2,2,1,2,2,2,2,2,1,2,2,2,2,1,1,2,1,1,1,1,9,1,1,1,1,0,0,0,0,0,0,0,0,0,2,9,0,1,1,0,0,0,0,0,0,1,1,2,1,2,1,9,9,2,9,9,9,0,0,1
7340942,3,1,1,2,2,2,0,1,1,1,1,0,1,1,0,0,0,0,0,0,1,2,2,1,2,2,2,2,2,1,2,2,2,2,1,1,2,1,1,1,1,9,1,1,1,1,0,0,0,0,0,0,0,0,0,2,9,0,1,1,0,0,0,0,0,0,1,2,3,2,2,1,9,9,2,9,9,9,0,0,1
2638021,1,8,8,2,8,4,8,0,0,1,3,3,3,3,3,3,3,3,0,0,1,2,2,1,2,2,2,2,2,1,2,2,2,1,1,1,2,1,1,1,1,9,1,2,9,1,0,0,0,0,0,0,0,0,0,2,9,0,0,3,0,0,0,0,0,2,1,2,3,2,1,1,2,2,9,9,2,9,46,46,1
2610272,3,1,1,5,2,2,2,0,0,1,1,1,1,1,0,0,0,0,0,0,2,2,2,1,2,2,2,2,2,1,2,2,2,2,1,1,2,1,1,1,1,9,1,1,2,1,0,0,0,0,0,0,0,0,0,2,9,0,1,1,0,0,0,0,0,0,1,2,3,2,2,1,9,9,2,9,9,9,0,0,2
1610172,3,1,1,1,2,1,2,0,0,1,1,1,1,1,0,0,0,0,1,1,1,2,2,1,2,2,2,2,2,1,2,2,2,2,1,1,1,1,2,1,1,9,1,1,1,2,0,0,0,0,0,0,0,0,0,2,9,0,2,1,0,0,0,0,0,0,1,1,3,2,2,1,9,9,2,9,9,9,0,0,1
8996501,3,1,1,5,2,1,0,2,0,1,1,1,1,1,0,0,0,0,1,1,1,2,2,1,2,2,2,2,2,1,2,2,2,2,1,1,2,1,1,1,2,2,1,2,9,1,0,0,0,0,0,0,0,0,0,2,9,0,0,1,0,0,0,0,0,0,1,2,3,2,1,1,9,9,2,9,9,9,0,0,2
6157965,3,1,1,3,2,1,2,0,0,1,1,1,1,1,0,0,0,0,0,0,1,2,2,1,2,2,2,2,2,1,2,2,2,1,1,1,2,1,1,1,2,2,1,1,1,2,0,0,0,0,0,0,0,0,0,2,9,0,1,2,0,0,0,0,0,1,1,2,1,2,2,1,9,9,2,9,9,9,4,0,1
8425690,3,1,1,2,3,3,0,0,3,1,2,2,2,2,1,1,1,1,0,0,1,2,2,1,2,2,2,2,2,1,2,2,2,2,1,1,2,1,1,1,1,9,1,1,1,1,0,0,0,0,0,0,0,0,0,2,9,0,0,1,0,0,0,0,0,0,1,2,3,2,2,1,9,9,2,9,9,9,0,0,1
3322563,3,1,1,7,24,9,14,5,5,1,0,0,8,8,0,0,0,0,0,0,1,2,2,1,2,2,2,2,2,1,2,2,2,2,1,1,2,1,1,1,1,9,1,1,1,1,2,2,1,4,4,4,2,4,1,1,1,1,0,37,0,0,0,1,2,2,1,1,3,2,1,1,1,2,9,9,2,2,174,174,1
4925564,3,1,1,2,2,1,2,0,0,1,1,1,1,1,0,0,0,0,0,0,2,2,2,1,2,2,2,2,2,1,2,2,2,2,1,1,2,1,2,1,1,9,1,1,1,1,0,0,0,0,0,0,0,0,0,2,9,0,0,1,0,0,0,0,0,0,1,2,3,2,2,1,9,9,2,9,9,9,0,0,1
4710764,1,3,3,1,3,8,3,0,0,1,3,3,2,2,0,0,0,0,0,0,1,2,2,1,2,2,2,2,2,1,2,2,2,1,1,1,1,1,1,1,1,9,1,1,1,1,0,0,0,0,0,0,0,0,0,1,2,0,0,2,0,0,0,0,0,1,1,1,1,1,1,1,9,9,9,9,9,9,3,6,2
1963130,3,1,1,7,2,1,2,0,0,1,1,1,1,1,0,0,0,0,0,0,1,2,2,1,2,2,2,2,2,1,2,2,2,2,1,1,2,1,1,1,1,9,1,1,1,2,0,0,0,0,0,0,0,0,0,2,9,0,1,1,0,0,0,0,0,0,1,2,3,2,1,1,9,9,2,9,9,9,7,7,1
6101635,3,6,3,5,6,2,4,0,2,1,2,2,3,3,0,0,0,0,0,0,1,2,2,1,2,2,2,2,2,1,2,2,2,2,1,1,2,1,1,1,1,9,1,2,9,2,2,2,2,4,4,4,4,4,4,2,9,0,0,4,0,0,0,1,1,3,1,2,3,2,1,1,2,2,9,9,2,2,7,0,1
5905077,3,1,1,5,1,0,1,0,0,2,1,1,1,1,1,1,0,0,0,0,1,2,2,1,2,2,2,2,2,1,2,2,2,2,1,1,2,1,1,1,1,9,1,1,1,2,0,0,0,0,0,0,0,0,0,2,9,0,2,1,0,0,0,0,0,0,1,2,3,2,1,1,9,9,2,9,9,9,5,5,1
3527434,3,3,3,7,6,3,3,3,0,1,2,2,3,3,0,0,0,0,2,1,1,2,2,1,2,2,2,2,2,1,2,2,2,2,1,1,2,1,1,1,1,9,1,1,1,2,0,0,0,0,0,0,0,0,0,2,9,0,0,6,0,0,0,2,0,1,1,2,3,2,1,1,2,2,9,9,2,9,515,515,1
2489372,3,1,1,2,3,3,0,0,3,1,2,2,1,0,0,0,0,0,0,0,1,2,2,1,2,2,2,2,2,1,2,2,2,2,1,1,1,1,1,1,1,9,1,1,1,2,0,0,0,0,0,0,0,0,0,2,9,0,2,1,0,0,1,0,0,1,1,2,3,2,1,1,9,9,2,9,9,9,0,0,1
2359564,3,1,0,2,2,1,0,0,2,1,1,1,1,1,0,0,0,0,0,0,1,2,2,1,2,2,2,2,2,1,2,2,2,2,1,1,2,1,1,1,1,9,1,1,1,1,0,0,0,0,0,0,0,0,0,2,9,0,1,1,0,0,0,0,0,0,1,2,3,2,1,1,9,9,2,9,9,9,40,40,1
5298970,3,1,1,5,2,0,2,0,0,2,1,1,1,1,0,0,0,0,0,0,1,2,2,1,2,2,2,2,2,1,2,2,2,2,1,1,2,1,1,1,1,9,1,1,1,1,0,0,0,0,0,0,0,0,0,2,9,0,1,0,0,0,0,0,0,0,1,2,3,2,2,1,9,9,2,9,9,9,5,5,1
1374922,3,1,1,5,3,2,3,0,0,1,1,1,1,1,0,0,0,0,0,0,1,2,2,1,2,2,2,2,2,1,2,2,2,2,1,1,3,1,1,1,1,9,1,2,9,1,0,0,0,0,0,0,0,0,0,2,9,0,0,0,0,0,0,0,0,0,1,2,3,2,2,1,9,9,9,9,9,9,4,5,1
1947871,3,1,1,5,2,1,0,2,0,1,1,1,1,1,0,0,0,0,1,1,1,2,2,1,2,2,2,2,2,1,2,2,2,2,1,1,2,1,1,1,1,9,1,1,1,2,0,0,0,0,0,0,0,0,0,2,9,0,1,1,0,0,0,0,0,0,1,2,3,2,2,1,9,9,2,9,9,9,0,0,1
3347368,3,1,1,2,3,2,3,0,0,1,1,1,1,1,0,0,0,0,0,0,1,2,2,1,2,2,2,2,2,1,2,2,2,2,1,1,2,1,1,1,2,1,1,1,1,1,0,0,0,0,0,0,0,0,0,2,9,0,0,1,0,0,0,0,0,0,1,2,3,2,1,1,9,9,9,9,9,9,7,7,1
1163274,3,2,2,1,2,1,2,0,0,1,1,1,1,1,0,0,0,0,0,0,1,2,2,1,2,2,2,2,2,1,2,2,2,2,1,1,2,1,2,2,1,9,1,1,1,2,0,0,0,0,0,0,0,0,0,2,9,0,1,1,0,0,0,0,0,0,1,2,3,1,1,1,9,9,2,9,9,9,0,0,1
3365245,3,3,3,2,3,1,3,0,0,1,1,1,1,1,0,0,0,0,0,0,1,2,2,1,2,2,2,2,2,1,2,2,2,2,1,1,2,1,1,1,1,9,1,1,1,1,0,0,0,0,0,0,0,0,0,1,2,0,2,1,0,0,0,1,0,1,1,2,3,2,1,1,9,9,2,9,9,9,14,0,1
3104308,6,1,1,1,1,0,1,0,0,2,1,1,1,1,0,0,0,0,0,0,1,2,2,1,2,2,2,2,2,1,2,2,2,2,1,1,2,2,2,2,1,9,1,2,9,2,0,0,0,0,0,0,0,0,0,2,9,0,0,0,0,0,0,0,0,0,2,2,3,2,2,1,9,9,9,9,9,9,0,0,2
8056489,3,2,1,2,2,0,1,1,0,2,1,1,1,1,0,0,0,0,0,0,1,2,2,1,2,2,2,2,2,1,2,2,2,2,1,1,3,1,2,1,1,9,1,1,1,1,0,0,0,0,0,0,0,0,0,2,9,0,1,0,0,0,0,0,0,0,1,2,3,2,1,1,9,9,2,9,9,9,0,0,2
1685893,3,1,1,2,2,1,0,0,2,1,1,0,1,0,0,0,0,0,0,0,1,2,2,1,2,2,2,2,2,1,2,2,2,2,1,1,2,1,1,1,1,9,1,1,1,1,0,0,0,0,0,0,0,0,0,2,9,0,2,1,0,0,0,0,0,0,1,2,3,2,2,1,9,9,2,9,9,9,0,0,1
3478590,3,1,0,2,4,2,4,0,0,1,1,1,1,1,0,0,0,0,0,0,2,2,2,1,2,2,2,2,2,1,2,2,2,2,1,1,2,1,1,1,1,9,1,1,1,1,0,0,0,0,0,0,0,0,0,2,9,0,0,1,0,0,0,0,0,0,2,2,3,1,1,1,9,9,9,9,9,9,12,12,1
4285839,3,1,0,5,3,2,0,0,3,1,1,1,1,1,1,1,0,0,0,0,1,2,2,1,2,2,2,2,2,1,2,2,2,2,1,1,1,1,1,1,1,9,1,1,1,2,0,0,0,0,0,0,0,0,0,2,9,0,0,2,0,0,0,0,0,1,1,2,3,1,1,1,9,9,9,9,9,9,8,0,1
2344092,3,2,2,1,4,1,3,1,0,1,1,1,1,0,0,0,0,0,1,1,1,2,2,1,2,2,2,2,2,1,2,2,2,2,1,1,2,1,1,1,1,9,1,1,1,1,0,0,0,0,0,0,0,0,0,1,1,0,1,0,0,0,0,0,0,0,1,2,3,2,1,1,9,9,2,9,9,9,0,0,1
6148161,3,2,1,2,2,1,2,0,0,1,1,1,1,1,0,0,0,0,0,0,1,2,2,1,2,2,2,2,2,1,2,2,2,1,1,1,2,1,1,1,1,9,1,1,1,2,0,0,0,0,0,0,0,0,0,2,9,0,2,1,0,0,0,0,0,1,1,2,2,2,1,1,9,9,2,9,9,9,0,0,1
2899047,3,2,2,5,2,1,0,2,0,1,1,1,1,1,0,0,0,0,0,0,1,2,2,1,2,2,2,2,2,1,2,2,2,2,1,1,2,1,2,1,1,9,1,1,1,1,0,0,0,0,0,0,0,0,0,1,2,0,1,1,0,0,0,0,0,0,1,2,3,2,2,1,9,9,2,9,9,9,20,5,1
3447894,3,1,1,2,3,2,1,0,2,1,2,2,2,2,0,0,0,0,0,0,1,2,2,1,2,2,2,2,2,1,2,2,2,2,1,1,2,1,1,1,1,9,1,1,2,1,0,0,0,0,0,0,0,0,0,2,9,0,0,2,0,0,0,2,0,1,1,2,1,2,1,1,9,9,9,9,9,9,16,16,1
8221044,3,3,3,5,6,2,6,0,0,1,1,0,1,0,0,0,0,0,1,1,1,2,2,1,2,2,2,2,2,1,2,2,2,2,1,1,2,1,1,1,1,9,1,2,9,2,0,0,0,0,0,0,0,0,0,2,9,0,0,5,0,0,0,0,0,1,1,2,3,2,1,1,2,2,9,9,2,9,15,8,1
7446525,3,1,1,1,2,0,2,0,0,2,0,0,1,0,1,1,0,0,0,0,1,2,2,1,2,2,2,2,2,1,2,2,2,1,1,1,2,1,1,2,1,9,1,1,1,1,0,0,0,0,0,0,0,0,0,1,2,0,1,1,0,0,0,0,0,0,1,2,3,2,1,1,9,9,2,9,9,9,0,0,1
7889047,3,1,1,1,4,4,4,0,0,1,1,1,1,1,1,1,0,0,0,0,1,2,2,1,2,2,2,2,2,1,2,2,2,2,1,1,2,1,2,1,1,9,1,1,2,2,0,0,0,0,0,0,0,0,0,2,9,0,7,3,0,0,0,0,0,1,1,2,3,2,1,1,9,9,2,9,9,9,0,0,1
6586562,3,1,1,1,2,1,0,2,0,1,1,1,1,1,0,0,0,0,0,0,1,2,2,1,2,2,2,2,2,1,2,2,2,1,1,1,2,1,1,1,1,9,1,1,1,1,0,0,0,0,0,0,0,0,0,2,9,0,1,1,0,0,0,0,0,0,1,2,3,2,1,1,9,9,2,9,9,9,0,0,1
2427206,3,1,1,2,2,2,0,2,0,1,2,1,1,1,0,0,0,0,0,0,1,2,2,1,2,2,2,2,2,1,2,2,2,1,1,1,2,1,1,2,1,9,1,1,2,1,0,0,0,0,0,0,0,0,0,2,9,0,2,1,0,0,0,0,0,0,1,2,3,2,2,1,9,9,2,9,9,9,0,0,2
6679895,3,1,1,2,2,1,0,2,0,1,1,1,1,1,0,0,0,0,0,0,1,2,2,1,2,2,2,2,2,1,2,2,2,2,1,1,2,1,1,1,1,9,1,1,1,1,0,0,0,0,0,0,0,0,0,2,9,0,0,1,0,0,0,0,0,0,1,2,3,2,1,1,9,9,2,9,9,9,0,0,1
3130485,3,7,3,1,7,5,7,0,0,1,1,1,1,1,0,0,0,0,0,0,1,2,2,1,2,2,2,2,2,1,2,2,2,2,1,1,2,1,1,1,1,9,1,2,9,1,0,0,0,0,0,0,0,0,0,1,2,0,0,2,0,0,0,0,0,1,2,2,3,2,1,1,2,2,9,9,2,9,0,0,1
5391905,3,1,1,2,3,2,0,3,0,1,1,1,1,1,0,0,0,0,0,0,1,2,2,1,2,2,2,2,2,1,2,2,2,2,1,1,2,1,1,1,1,9,1,1,1,1,0,0,0,0,0,0,0,0,0,2,9,0,0,1,0,0,0,0,0,1,1,2,3,2,1,1,9,9,9,9,9,9,18,0,1
6063757,3,1,1,1,3,3,0,0,3,1,2,1,2,2,0,0,0,0,0,0,1,2,2,1,2,2,2,2,2,1,2,2,2,2,1,1,2,1,1,1,1,9,1,1,1,1,0,0,0,0,0,0,0,0,0,2,9,0,0,3,0,0,0,0,0,0,1,2,3,2,1,1,9,9,9,9,9,9,0,0,1
7055128,3,1,1,2,2,1,2,0,0,1,0,0,1,1,0,0,0,0,0,1,1,2,2,1,2,2,2,2,2,1,2,2,2,1,1,1,2,1,1,2,1,9,1,1,2,1,0,0,0,0,0,0,0,0,0,2,9,0,0,1,0,0,0,0,0,0,2,2,3,2,1,1,9,9,2,9,9,9,0,0,2
7370903,3,1,1,2,2,1,2,0,0,1,1,1,1,1,0,0,0,0,0,0,1,2,2,1,2,2,2,2,2,1,2,2,2,2,1,1,2,1,1,1,1,9,1,1,1,1,0,0,0,0,0,0,0,0,0,1,2,0,2,2,0,0,0,0,0,0,1,2,3,2,2,1,9,9,2,9,9,9,0,0,1
2771212,3,1,1,1,3,1,3,0,0,1,2,1,2,1,0,0,0,0,0,0,1,2,2,1,2,2,2,2,2,1,2,2,2,2,1,1,2,1,1,1,2,1,1,2,9,1,0,0,0,0,0,0,0,0,0,2,9,0,0,4,0,0,0,0,0,1,2,2,3,2,1,1,9,9,9,9,9,9,8,7,1
8054517,3,2,2,2,3,2,0,0,3,1,1,1,1,1,0,0,0,0,0,0,1,2,2,1,2,2,2,2,2,1,2,2,2,2,1,1,2,1,1,1,1,9,1,1,2,1,0,0,0,0,0,0,0,0,0,2,9,0,1,0,0,0,0,0,0,0,1,2,3,2,2,1,9,9,2,9,9,9,0,0,2
4212264,3,1,0,1,2,1,0,0,2,1,1,1,1,1,0,0,0,0,0,0,1,2,2,1,2,2,2,2,2,1,2,2,2,1,1,1,2,1,1,1,1,9,1,1,1,2,0,0,0,0,0,0,0,0,0,2,9,0,2,1,0,0,0,0,1,1,1,2,3,2,1,1,9,9,2,9,9,9,0,0,1
2090595,3,1,1,2,2,1,1,0,1,1,1,1,1,1,0,0,0,0,0,0,1,2,2,1,2,2,2,2,2,1,2,2,2,2,1,1,2,1,1,1,1,9,1,1,2,1,0,0,0,0,0,0,0,0,0,2,9,0,1,0,0,0,0,0,0,0,1,2,3,2,2,1,9,9,2,9,9,9,5,0,1
8326723,3,1,1,1,2,1,2,0,0,1,1,1,1,1,0,0,0,0,0,0,1,2,2,1,2,2,2,2,2,1,2,2,2,2,1,1,2,1,1,1,1,9,1,1,1,2,0,0,0,0,0,0,0,0,0,2,9,0,2,1,0,0,0,0,0,0,1,2,3,2,2,1,9,9,2,9,9,9,13,0,1
8560151,3,2,1,5,2,2,2,0,0,1,1,1,1,1,0,0,0,0,0,0,1,2,2,1,2,2,2,2,2,1,2,2,2,2,1,1,2,1,1,1,1,9,1,2,9,1,0,0,0,0,0,0,0,0,0,2,9,0,2,1,0,0,0,0,0,0,1,2,3,2,1,1,9,9,2,9,9,9,0,0,2
9821694,3,1,0,1,2,1,0,0,2,1,1,1,1,1,0,0,0,0,1,1,1,2,2,1,2,2,2,2,2,1,2,2,2,2,1,1,2,1,1,1,1,9,1,1,2,1,0,0,0,0,0,0,0,0,0,2,9,0,2,1,0,0,0,0,0,0,1,2,1,2,2,1,9,9,2,9,9,9,28,0,1
8980249,3,1,1,1,3,2,3,0,0,1,1,1,1,1,0,0,0,0,0,0,1,2,2,1,2,2,2,2,2,1,2,2,2,2,1,1,2,1,2,2,1,9,1,1,1,1,0,0,0,0,0,0,0,0,0,2,9,0,0,1,0,0,0,0,0,0,1,2,2,2,1,1,9,9,9,9,9,9,6,7,1
9579461,3,1,1,1,2,1,2,0,0,1,1,1,1,1,0,0,0,0,0,0,1,2,2,1,2,2,2,2,2,1,2,2,2,2,1,1,2,1,1,1,2,1,1,1,1,1,0,0,0,0,0,0,0,0,0,2,9,0,0,1,0,0,0,0,0,0,2,2,3,2,2,1,9,9,2,9,9,9,0,0,1
4382759,3,2,2,5,3,3,3,0,0,1,1,1,1,1,0,0,0,0,1,1,1,2,2,1,2,2,2,2,2,1,2,2,2,2,1,1,2,1,1,1,1,9,1,1,2,1,0,0,0,0,0,0,0,0,0,2,9,0,2,1,0,0,0,1,0,1,1,2,3,2,1,1,9,9,2,9,9,9,0,0,1
4843996,3,1,0,1,2,2,2,0,0,1,1,1,1,1,1,1,0,0,0,0,1,2,2,1,2,2,2,2,2,1,2,2,2,2,1,1,2,1,1,1,1,9,1,1,1,1,0,0,0,0,0,0,0,0,0,2,9,0,1,1,0,0,0,0,0,0,1,2,3,2,2,1,9,9,2,9,9,9,0,0,1
4145591,3,3,2,2,8,9,3,3,2,1,2,2,4,4,0,0,0,0,0,0,1,2,2,1,2,2,2,2,2,1,2,2,2,2,1,1,2,1,1,1,1,9,1,2,9,1,4,2,4,4,4,4,4,4,1,1,1,0,0,8,0,0,0,1,1,3,1,1,3,1,1,1,2,2,9,9,2,2,220,0,2
2465804,3,1,1,5,5,2,5,0,0,1,1,0,1,1,0,0,0,0,0,0,1,2,2,1,2,2,2,2,2,1,2,2,2,2,1,1,2,1,1,1,1,9,1,2,9,1,0,0,0,0,0,0,0,0,0,1,2,0,0,4,0,0,0,2,0,1,1,2,3,1,2,1,2,2,9,9,2,9,0,0,1
1026198,3,1,0,1,2,0,2,0,0,2,1,1,1,1,0,0,0,0,0,0,1,2,2,1,2,2,2,2,2,1,2,2,2,2,1,1,2,1,1,1,1,9,1,1,1,1,0,0,0,0,0,0,0,0,0,2,9,0,1,0,0,0,0,0,0,0,1,2,3,2,1,1,9,9,2,9,9,9,4,0,1
5437720,3,1,0,2,2,1,0,0,2,1,1,0,1,1,0,0,0,0,0,0,1,2,2,1,2,2,2,2,2,1,2,2,2,2,1,1,2,1,1,1,1,9,1,1,1,2,0,0,0,0,0,0,0,0,0,2,9,0,2,2,0,0,0,0,0,0,1,2,3,2,2,1,9,9,2,9,9,9,1,0,1
8596614,3,1,1,1,3,2,1,2,0,1,1,1,1,1,0,0,0,0,0,0,1,2,1,1,2,2,2,2,2,1,2,2,2,2,1,1,2,1,2,1,1,9,1,1,1,1,0,0,0,0,0,0,0,0,0,2,9,0,1,1,0,0,0,0,0,0,1,2,3,2,1,1,9,9,2,9,9,9,0,0,1
7667720,3,1,1,5,4,5,1,1,2,1,1,1,2,2,1,1,1,1,1,1,1,2,2,1,2,2,2,2,2,1,2,2,2,2,1,1,2,1,1,1,1,9,1,1,1,2,0,0,0,0,0,0,0,0,0,2,9,0,0,6,0,0,0,0,0,0,1,2,3,1,1,1,9,9,9,9,9,9,99,0,1
6544858,3,1,1,3,7,2,7,0,0,1,1,1,1,1,1,1,1,1,0,0,1,2,2,1,2,2,2,2,2,1,2,2,2,2,1,1,2,1,1,2,1,9,1,1,1,2,3,3,3,2,3,3,3,3,4,1,1,0,0,5,0,2,0,0,1,2,1,2,3,2,1,1,2,2,9,9,2,2,0,0,1
6123823,3,1,1,2,2,2,2,0,0,1,1,1,1,1,0,0,0,0,0,0,1,2,2,1,2,2,2,2,2,1,2,2,2,2,1,1,2,1,1,1,1,9,1,1,1,1,0,0,0,0,0,0,0,0,0,2,9,0,2,1,0,0,0,0,0,0,1,2,3,2,1,1,9,9,2,9,9,9,0,0,1
6263131,3,2,2,1,2,2,2,0,0,1,1,1,1,1,0,0,0,0,0,0,1,2,2,1,2,2,2,2,2,1,2,2,2,2,1,1,2,1,1,1,2,2,1,1,1,1,0,0,0,0,0,0,0,0,0,1,2,0,1,1,0,0,0,0,0,0,1,2,3,2,1,1,9,9,2,9,9,9,0,0,2
5873009,3,1,1,5,2,1,2,0,0,1,1,1,1,1,0,0,0,0,0,0,1,2,2,1,2,2,2,2,2,1,2,2,2,2,1,1,2,1,1,1,1,9,1,1,1,1,0,0,0,0,0,0,0,0,0,2,9,0,2,2,0,0,0,0,0,0,1,2,3,2,1,1,9,9,2,9,9,9,14,0,1
3783467,3,3,2,2,5,2,0,3,2,2,1,1,1,1,0,0,0,0,0,0,1,2,2,1,2,2,2,2,2,1,2,2,2,2,1,1,2,1,1,1,1,9,1,2,9,1,0,0,0,0,0,0,0,0,0,2,9,0,0,3,0,0,0,0,0,1,1,2,3,2,1,1,2,2,9,9,2,9,24,0,1
8599510,3,1,1,1,3,1,3,0,0,1,1,1,1,1,0,0,0,0,0,0,1,2,2,1,2,2,2,2,2,1,2,2,2,2,1,1,3,1,1,1,1,9,1,1,1,2,0,0,0,0,0,0,0,0,0,2,9,0,2,1,0,0,0,0,0,0,1,2,3,2,1,1,9,9,2,9,9,9,0,0,2
7334278,3,1,1,5,2,0,0,0,2,2,1,1,1,1,0,0,0,0,1,0,1,2,2,1,2,2,2,2,2,1,2,2,2,1,1,1,2,1,1,1,1,9,1,1,2,2,0,0,0,0,0,0,0,0,0,2,9,0,2,0,0,0,0,0,0,0,1,2,3,2,1,1,9,9,2,9,9,9,0,0,2
8188749,3,1,1,5,3,0,0,0,3,2,0,0,1,1,0,0,0,0,0,1,1,2,2,1,2,2,2,2,2,1,2,2,2,1,1,1,1,1,1,2,1,9,1,1,1,2,0,0,0,0,0,0,0,0,0,1,2,0,0,2,0,0,0,0,0,0,1,2,1,2,1,1,9,9,9,9,9,9,0,0,2
2290287,3,6,5,5,9,9,5,2,2,1,1,1,1,1,0,0,0,0,0,0,1,2,2,1,2,2,2,2,2,1,2,2,2,2,1,1,2,1,1,1,1,9,1,2,9,1,3,3,2,3,3,3,3,3,1,2,9,0,0,4,0,0,0,1,1,2,1,1,3,2,1,1,2,2,9,9,2,2,104,0,1
1380151,3,2,2,7,10,5,10,0,0,1,4,4,3,3,0,0,0,0,0,0,1,2,2,1,2,2,2,2,2,1,2,2,2,2,1,1,2,1,1,1,1,9,1,1,1,1,4,4,4,4,1,2,4,4,1,1,2,1,3,26,0,8,1,1,3,3,1,1,3,1,1,1,1,1,9,9,2,2,0,0,1
4661408,3,1,1,2,2,1,0,1,1,1,1,1,1,1,0,0,0,0,0,0,1,2,2,1,1,2,2,2,2,1,1,2,2,1,1,1,2,1,1,1,1,9,1,1,1,1,0,0,0,0,0,0,0,0,0,1,2,0,0,1,2,0,0,0,0,0,1,2,3,2,1,1,9,9,2,9,9,9,0,0,1
5412299,3,1,1,1,2,0,2,0,0,2,1,1,1,1,0,0,0,0,0,0,1,2,2,1,2,2,2,2,2,1,2,2,2,2,1,1,3,1,1,1,1,9,1,1,1,1,0,0,0,0,0,0,0,0,0,2,9,0,2,2,0,0,0,0,0,1,1,2,3,2,2,1,9,9,2,9,9,9,0,0,1
9922630,3,1,1,2,3,2,1,0,2,1,1,0,1,1,0,0,0,0,0,0,1,2,2,1,2,2,2,2,2,1,2,2,2,2,1,1,2,1,1,2,1,9,1,1,1,2,0,0,0,0,0,0,0,0,0,2,9,0,1,0,0,0,0,0,0,0,1,2,3,2,1,1,9,9,2,9,9,9,7,7,1
9695667,3,2,1,1,5,3,0,4,1,1,1,1,1,1,0,0,0,0,0,0,1,2,2,1,2,2,2,2,2,1,2,2,2,1,1,1,2,1,1,2,1,9,1,1,2,1,0,0,0,0,0,0,0,0,0,1,1,0,0,2,0,0,0,0,0,1,1,2,3,2,1,1,9,9,9,9,9,9,15,15,1
8236113,3,1,0,1,2,1,0,2,0,1,1,1,1,1,0,0,0,0,0,0,1,2,2,1,1,2,2,2,2,1,1,2,2,2,1,1,2,1,1,1,1,9,1,1,2,1,0,0,0,0,0,0,0,0,0,2,9,0,1,0,0,0,0,0,0,0,1,2,3,2,2,1,9,9,2,9,9,9,4,0,1
8804136,3,1,1,2,2,1,2,0,0,1,1,1,1,1,0,0,0,0,0,0,1,2,2,1,2,2,2,2,2,1,2,2,2,1,1,1,2,1,1,1,1,9,1,1,1,1,0,0,0,0,0,0,0,0,0,2,9,0,1,1,0,0,0,0,0,0,1,2,3,2,2,1,9,9,2,9,9,9,6,0,1
9033786,3,1,1,2,3,1,1,0,2,1,1,0,1,1,0,0,0,0,0,0,1,2,2,1,2,2,2,2,2,1,2,2,2,2,1,1,2,1,1,1,1,9,1,1,1,1,0,0,0,0,0,0,0,0,0,2,9,0,1,1,0,0,0,0,0,0,1,2,3,2,1,1,9,9,2,9,9,9,2,0,1
6881233,3,1,1,2,2,1,0,2,0,1,1,1,1,1,0,0,0,0,0,0,1,2,2,1,2,2,2,2,2,1,2,2,2,2,1,1,2,1,1,1,1,9,1,1,1,1,0,0,0,0,0,0,0,0,0,2,9,0,2,2,0,0,0,0,0,0,1,2,3,2,2,1,9,9,2,9,9,9,0,0,2
1919604,3,6,5,7,16,10,8,8,0,1,6,4,6,4,0,0,0,0,4,0,1,1,2,1,2,2,2,2,2,1,2,2,2,1,1,1,1,1,1,1,1,9,1,1,2,1,2,1,2,2,4,2,4,4,4,1,1,0,0,13,0,0,0,1,0,4,1,1,3,2,1,1,1,2,9,9,2,2,132,0,1
4763761,3,3,3,2,10,10,10,0,0,1,3,3,3,3,0,0,0,0,2,0,1,1,2,1,2,2,2,1,2,1,2,2,2,2,1,1,1,1,1,1,1,9,1,1,2,1,1,1,1,2,4,4,4,4,1,1,1,1,3,15,0,2,1,2,4,4,1,2,3,2,1,1,2,1,9,9,2,2,182,195,1
2468744,3,1,1,5,5,3,5,0,0,1,2,2,2,2,0,0,0,0,1,0,1,2,2,1,2,2,2,2,2,1,2,2,2,2,1,1,2,1,1,1,1,9,1,2,9,1,0,0,0,0,0,0,0,0,0,2,9,0,0,3,0,0,0,0,0,2,1,2,3,2,2,1,2,2,9,9,2,9,0,0,1
9019297,3,1,0,1,2,1,2,0,0,1,1,0,1,1,0,0,0,0,0,0,1,2,2,1,2,2,2,2,2,1,2,2,2,2,1,1,2,1,1,1,1,9,1,1,1,1,0,0,0,0,0,0,0,0,0,2,9,0,2,1,0,0,0,0,0,0,1,2,3,2,2,1,9,9,2,9,9,9,12,0,1
9864240,3,2,2,3,3,2,3,0,0,1,1,1,1,1,0,0,0,0,0,0,1,2,2,1,2,2,2,2,2,1,2,2,2,2,1,1,2,1,1,2,1,9,1,1,1,1,0,0,0,0,0,0,0,0,0,2,9,0,2,2,0,0,0,1,0,0,1,2,3,2,1,1,9,9,2,9,9,9,0,0,1
3480391,3,2,0,7,10,10,8,2,0,1,2,1,1,1,0,0,0,0,2,0,1,2,2,1,2,2,2,2,2,1,2,2,2,2,1,1,2,1,1,2,1,9,1,1,2,1,2,2,2,4,4,2,4,4,2,1,1,0,0,12,0,0,0,2,1,3,1,2,3,2,1,1,2,1,9,9,2,2,0,0,1
6618957,3,2,2,2,2,1,2,0,0,1,1,1,1,1,0,0,0,0,0,0,1,2,2,1,2,2,2,2,2,1,2,2,2,1,1,1,2,1,1,1,1,9,1,1,1,1,0,0,0,0,0,0,0,0,0,2,9,0,1,1,0,0,0,0,0,0,1,1,3,2,1,1,9,9,2,9,9,9,0,0,1
4293891,3,1,1,1,2,1,2,0,0,1,1,1,1,1,0,0,0,0,0,0,1,2,2,1,2,2,2,2,2,1,2,2,2,2,1,1,1,1,1,1,1,9,1,1,2,1,0,0,0,0,0,0,0,0,0,1,2,1,0,1,0,0,0,0,0,0,1,2,3,2,2,1,9,9,2,9,9,9,0,0,1
5044658,3,1,1,2,2,2,2,0,0,1,1,1,1,0,0,0,0,0,0,0,1,2,2,1,2,2,2,2,2,1,2,2,2,1,1,1,2,1,1,1,1,9,1,1,1,2,0,0,0,0,0,0,0,0,0,2,9,0,2,1,0,0,0,0,0,0,1,2,3,2,2,1,9,9,2,9,9,9,18,9,1
9182131,3,1,1,5,3,1,3,0,0,1,1,1,1,1,0,0,0,0,1,1,1,2,2,1,2,2,2,2,2,1,2,2,2,1,1,1,2,1,1,1,1,9,1,1,1,1,0,0,0,0,0,0,0,0,0,2,9,1,2,0,0,0,0,0,0,0,1,2,2,2,1,1,9,9,2,9,9,9,0,0,2
7938003,3,1,1,1,2,0,0,0,2,2,1,1,1,1,0,0,0,0,0,0,1,2,2,1,2,2,2,2,2,1,2,2,2,2,1,1,1,1,1,1,1,9,1,1,1,1,0,0,0,0,0,0,0,0,0,2,9,0,2,2,0,0,0,0,0,1,1,2,3,2,1,1,9,9,2,9,9,9,0,0,1
8037245,3,4,4,7,15,25,15,0,0,1,4,4,4,2,1,0,0,0,4,1,1,1,2,1,2,2,2,1,2,1,2,2,2,1,1,1,1,1,1,1,1,9,1,2,9,1,1,1,1,1,4,1,4,4,2,1,2,0,0,21,0,0,0,0,0,1,1,2,3,2,1,1,1,2,9,9,2,2,0,0,1
2237467,3,7,7,5,7,7,7,0,0,1,2,2,2,2,0,0,0,0,0,0,1,2,2,1,2,2,2,2,2,1,2,2,2,1,1,1,2,1,1,2,1,9,1,2,9,1,4,4,4,4,4,4,4,4,4,2,9,0,0,12,0,0,0,1,1,2,1,2,3,2,1,1,2,2,9,9,2,2,202,0,1
9131596,3,1,1,1,2,1,2,0,0,1,1,1,1,1,1,1,1,1,0,0,1,2,2,1,2,2,2,2,2,1,2,2,2,2,1,1,2,1,1,1,1,9,1,1,1,1,0,0,0,0,0,0,0,0,0,2,9,0,1,0,0,0,0,0,0,0,1,2,2,1,2,1,9,9,2,9,9,9,2,2,1
2578775,3,1,1,2,3,2,3,0,0,1,1,1,1,1,0,0,0,0,0,1,1,2,2,1,2,2,2,2,2,1,2,2,2,1,1,1,2,1,2,1,1,9,1,1,1,1,0,0,0,0,0,0,0,0,0,2,9,0,0,0,0,0,0,0,0,0,1,2,3,2,1,1,9,9,9,9,9,9,4,0,1
1117407,3,1,1,6,2,1,2,0,0,1,1,1,1,1,0,0,0,0,0,0,1,2,2,1,2,2,2,2,2,1,2,2,2,1,1,1,2,1,1,1,1,9,1,1,1,1,0,0,0,0,0,0,0,0,0,1,2,0,1,0,0,0,0,0,0,0,1,2,3,2,2,1,9,9,2,9,9,9,0,0,2
7857221,3,1,1,1,2,1,0,2,0,1,1,1,1,1,0,0,0,0,0,0,1,2,2,1,2,2,2,2,2,1,2,2,2,2,1,1,2,1,1,1,1,9,1,1,1,1,0,0,0,0,0,0,0,0,0,2,9,0,1,1,0,0,0,0,0,0,1,2,3,2,2,1,9,9,2,9,9,9,0,0,1
4603236,3,13,8,5,13,5,8,5,0,1,2,1,2,1,0,0,0,0,0,0,1,1,2,1,2,2,2,1,2,1,2,2,2,2,1,1,2,1,1,1,1,9,1,1,2,1,4,2,2,4,4,4,4,4,4,2,9,0,0,4,0,0,0,2,0,1,1,1,3,2,1,1,2,2,9,9,2,2,92,0,1
1956564,3,1,1,2,2,1,2,0,0,1,1,1,1,1,0,0,0,0,0,0,1,2,2,1,2,2,2,2,2,1,2,2,2,1,1,1,2,1,1,1,1,9,1,1,1,1,0,0,0,0,0,0,0,0,0,2,9,0,1,1,0,0,0,0,0,0,1,2,3,2,1,1,9,9,2,9,9,9,0,0,1
4916180,3,1,1,5,3,2,3,0,0,1,1,1,1,1,0,0,0,0,0,0,1,2,2,1,2,2,2,2,2,1,2,2,2,2,1,1,2,1,2,1,1,9,1,1,1,1,0,0,0,0,0,0,0,0,0,1,2,0,0,3,0,0,0,0,0,1,1,2,3,2,2,1,9,9,9,9,9,9,9,0,1
5535317,3,2,2,1,2,1,0,0,2,1,2,2,2,1,1,1,0,0,0,0,1,2,2,1,2,2,2,2,2,1,2,2,2,2,1,1,2,1,1,1,1,9,1,1,2,1,0,0,0,0,0,0,0,0,0,2,9,0,2,1,0,0,0,0,0,0,1,2,3,2,2,1,9,9,2,9,9,9,22,0,1
9782839,3,1,1,2,3,1,3,0,0,1,1,1,1,1,0,0,0,0,0,0,1,2,2,1,2,2,2,2,2,1,2,2,2,2,1,1,2,1,1,1,1,9,1,1,1,1,0,0,0,0,0,0,0,0,0,2,9,2,0,1,0,0,0,0,0,0,1,2,3,2,1,1,9,9,2,9,9,9,0,0,2
2249495,3,1,1,2,2,1,0,2,0,1,1,1,1,1,0,0,0,0,0,0,1,2,2,1,2,2,2,2,2,1,2,2,2,1,1,1,2,1,1,1,1,9,1,1,1,2,0,0,0,0,0,0,0,0,0,2,9,0,1,0,0,0,0,0,0,0,1,2,3,2,1,1,9,9,2,9,9,9,0,0,1
8440848,3,1,1,5,1,0,1,0,0,2,1,0,1,1,0,0,0,0,0,0,1,2,2,1,2,2,2,2,2,1,2,2,2,2,1,1,2,1,1,1,1,9,1,1,1,1,0,0,0,0,0,0,0,0,0,2,9,0,2,1,0,0,0,1,0,0,1,2,2,2,1,1,9,9,2,9,9,9,10,10,1
3247776,3,3,2,2,3,4,3,0,0,1,2,2,2,2,0,0,0,0,1,0,1,2,2,1,2,2,2,2,2,1,2,2,2,2,1,1,2,1,1,1,1,9,1,1,1,1,0,0,0,0,0,0,0,0,0,2,9,0,1,1,0,0,0,0,0,0,1,2,3,2,1,1,9,9,2,9,9,9,115,0,1
6207244,3,1,1,1,3,1,3,0,0,1,1,1,1,1,0,0,0,0,1,1,1,2,2,1,2,2,2,2,2,1,2,2,2,2,1,1,2,1,2,2,1,9,1,1,1,1,0,0,0,0,0,0,0,0,0,2,9,0,0,1,0,0,0,0,1,1,1,2,3,1,1,1,9,9,9,9,9,9,0,0,1
7016854,3,1,1,5,3,1,2,0,1,1,1,1,1,1,0,0,0,0,0,0,1,2,2,1,2,2,2,2,2,1,2,2,2,2,1,1,2,1,1,2,1,9,1,1,1,1,0,0,0,0,0,0,0,0,0,2,9,0,1,1,0,0,0,0,0,1,2,2,3,2,1,1,9,9,2,9,9,9,0,0,1
4116285,3,1,1,2,3,2,2,0,1,1,1,1,1,1,0,0,0,0,0,0,1,2,2,1,2,2,2,2,2,1,2,2,2,2,1,1,2,1,1,2,1,9,1,1,1,1,0,0,0,0,0,0,0,0,0,1,1,0,0,1,0,0,0,0,0,0,1,2,3,2,1,1,9,9,9,9,9,9,0,0,1
7713540,3,2,1,2,3,1,3,0,0,1,1,1,1,1,0,0,0,0,0,0,1,2,2,1,2,2,2,2,2,1,2,2,2,2,1,1,2,1,2,1,1,9,1,1,1,1,0,0,0,0,0,0,0,0,0,2,9,0,2,1,0,0,0,0,0,0,1,2,3,2,1,1,9,9,2,9,9,9,0,0,1
3499661,1,3,3,5,4,5,4,0,0,2,1,1,1,1,0,0,0,0,1,1,1,2,2,1,2,2,2,2,2,1,2,2,2,2,1,1,2,1,1,1,1,9,1,2,9,1,0,0,0,0,0,0,0,0,0,2,9,0,0,2,0,0,0,0,1,1,1,2,3,1,2,1,2,2,9,9,2,9,28,28,1
7607543,3,2,2,5,3,1,3,0,0,1,2,2,1,1,0,0,0,0,0,0,1,2,2,1,2,2,2,2,2,1,2,2,2,2,1,1,2,1,1,1,1,9,1,1,2,1,0,0,0,0,0,0,0,0,0,2,9,0,2,1,0,0,0,0,0,0,1,2,3,2,1,1,9,9,2,9,9,9,5,5,1
1248124,3,1,0,2,2,1,2,0,0,1,0,0,1,1,0,0,0,0,1,0,2,2,2,1,2,2,2,2,2,1,2,2,2,2,1,1,2,1,1,1,1,9,1,1,1,1,0,0,0,0,0,0,0,0,0,2,9,0,2,1,0,0,0,0,0,0,1,2,3,2,1,1,9,9,2,9,9,9,0,0,1
8694733,3,1,1,1,3,1,3,0,0,1,1,1,1,1,0,0,0,0,0,0,1,2,2,1,2,2,2,2,2,1,2,2,2,2,1,1,2,1,1,1,1,9,1,1,1,1,0,0,0,0,0,0,0,0,0,2,9,0,2,0,0,0,0,0,0,0,1,2,3,2,1,1,9,9,2,9,9,9,0,0,1
2118344,3,1,1,5,3,1,3,0,0,1,1,1,1,1,0,0,0,0,0,0,1,2,2,1,2,2,2,2,2,1,2,2,2,1,1,1,2,1,1,1,1,9,1,1,1,1,0,0,0,0,0,0,0,0,0,1,2,0,2,1,0,0,0,0,0,0,1,1,3,2,1,1,9,9,2,9,9,9,0,0,1
8183729,3,2,2,2,3,1,3,0,0,1,2,1,1,1,0,0,0,0,0,0,1,2,2,1,2,2,2,2,2,1,2,2,2,2,1,1,2,1,1,1,1,9,1,1,1,1,0,0,0,0,0,0,0,0,0,2,9,0,2,1,0,0,0,0,0,0,1,2,3,2,2,1,9,9,2,9,9,9,25,25,1
8867722,3,2,2,7,2,1,0,0,2,1,1,1,1,1,0,0,0,0,0,0,1,2,2,1,2,2,2,2,2,1,2,2,2,2,1,1,2,1,1,1,1,9,1,1,1,1,0,0,0,0,0,0,0,0,0,1,1,0,2,1,0,0,0,0,0,0,1,2,3,2,1,1,9,9,2,9,9,9,7,0,1
8440012,3,2,2,1,2,1,0,2,0,1,1,1,1,1,0,0,0,0,0,0,1,2,2,1,2,2,2,2,2,1,2,2,2,1,1,1,2,1,1,1,1,9,1,1,1,2,0,0,0,0,0,0,0,0,0,2,9,0,1,1,0,0,0,0,0,0,1,2,3,2,1,1,9,9,2,9,9,9,0,0,2
4797549,3,1,1,1,3,1,0,1,2,1,1,1,1,1,0,0,0,0,0,0,1,2,2,1,2,2,2,2,2,1,2,2,2,2,1,1,2,1,1,1,2,1,1,1,1,1,0,0,0,0,0,0,0,0,0,2,9,0,2,1,0,0,0,0,0,0,1,2,3,2,2,1,9,9,2,9,9,9,35,35,1
8000013,3,1,1,5,2,3,2,0,0,1,1,0,1,1,0,0,0,0,0,0,1,2,2,1,2,2,2,2,2,1,2,2,2,2,1,1,2,1,1,1,1,9,1,1,1,1,0,0,0,0,0,0,0,0,0,2,9,0,2,3,0,0,0,0,1,2,1,2,2,2,1,1,9,9,2,9,9,9,0,0,1
4957986,3,3,3,2,11,10,3,4,4,1,7,7,0,0,1,1,0,0,10,0,1,2,2,1,2,2,2,2,2,1,2,2,2,1,1,1,2,1,1,1,1,9,1,1,1,1,2,1,1,4,1,1,4,4,2,1,1,1,0,6,0,2,0,1,4,4,1,2,3,2,1,1,1,1,9,9,2,2,207,0,1
3820617,3,1,1,7,4,1,4,0,0,1,1,1,1,1,0,0,0,0,1,1,1,2,2,1,2,2,2,2,2,1,2,2,2,3,1,1,2,1,1,1,1,9,1,1,1,1,0,0,0,0,0,0,0,0,0,1,2,0,0,4,0,0,0,0,0,1,1,2,3,2,1,1,9,9,9,9,9,9,0,0,2
3377935,3,1,1,5,2,1,0,2,0,1,1,1,1,1,0,0,0,0,0,0,1,2,2,1,2,2,2,2,2,1,2,2,2,2,1,1,2,1,1,1,1,9,1,1,1,1,0,0,0,0,0,0,0,0,0,2,9,0,2,1,0,0,0,0,0,0,1,2,2,2,1,1,9,9,2,9,9,9,9,0,1
4689869,3,2,2,1,2,1,2,0,0,1,1,1,1,1,0,0,0,0,0,0,1,2,2,1,2,2,2,2,2,1,2,2,2,2,1,1,1,1,1,1,1,9,1,1,1,1,0,0,0,0,0,0,0,0,0,2,9,0,2,1,0,0,0,1,0,1,1,2,3,2,2,1,9,9,2,9,9,9,0,0,1
7507974,3,1,1,2,2,1,0,0,2,1,1,1,1,1,0,0,0,0,0,0,1,2,2,1,2,2,2,2,2,1,2,2,2,2,1,1,2,1,2,1,2,2,1,1,1,1,0,0,0,0,0,0,0,0,0,2,9,0,1,1,0,0,0,0,0,0,2,2,3,2,2,1,9,9,2,9,9,9,0,0,1
6013211,3,3,3,1,5,1,3,2,0,1,2,2,2,1,0,0,0,0,1,0,1,2,2,1,2,2,2,2,2,1,2,2,2,1,1,1,2,1,1,1,1,9,1,1,1,2,0,0,0,0,0,0,0,0,0,2,9,0,5,4,0,4,0,0,0,1,1,2,3,2,1,1,9,9,2,9,9,9,15,0,1
7476203,3,2,2,2,3,2,0,0,3,1,1,1,1,1,0,0,0,0,0,0,1,2,2,1,2,2,2,2,2,1,2,2,2,2,1,1,2,1,1,1,1,9,1,1,1,1,0,0,0,0,0,0,0,0,0,2,9,0,0,5,0,0,0,0,1,2,1,2,3,2,1,1,9,9,9,9,9,9,67,67,1
4609997,3,1,1,5,2,1,0,0,2,1,1,1,1,1,0,0,0,0,0,0,1,2,2,1,2,2,2,2,2,1,2,2,2,2,1,1,2,1,1,1,1,9,1,1,1,1,0,0,0,0,0,0,0,0,0,2,9,0,1,1,0,0,0,0,0,0,1,2,3,2,2,1,9,9,2,9,9,9,2,2,1
9975470,3,1,1,2,2,1,2,0,0,1,1,0,1,0,0,0,0,0,1,1,1,2,2,1,2,2,2,2,2,1,2,2,2,2,1,1,2,1,1,1,1,9,1,1,1,1,0,0,0,0,0,0,0,0,0,1,2,0,2,2,0,0,0,0,0,0,1,1,3,2,2,1,9,9,2,9,9,9,0,0,1
9096520,3,2,2,5,3,1,3,0,0,2,0,0,1,1,0,0,0,0,0,0,1,2,2,1,2,2,2,2,2,1,2,2,2,1,1,1,2,1,1,1,1,9,1,1,1,2,0,0,0,0,0,0,0,0,0,2,9,0,0,1,0,0,0,0,0,0,1,1,3,2,2,1,9,9,9,9,9,9,0,0,1
5742651,3,1,1,5,3,1,1,0,2,2,1,1,1,1,0,0,0,0,0,0,1,2,2,1,2,2,2,2,2,1,2,2,2,2,1,1,2,1,1,1,1,9,1,1,1,2,0,0,0,0,0,0,0,0,0,2,9,0,0,2,0,0,0,0,0,0,1,2,3,2,1,1,9,9,9,9,9,9,0,0,1
5014435,1,1,1,1,3,2,3,0,0,1,1,1,1,1,0,0,0,0,1,1,1,2,2,1,2,2,2,2,2,1,2,2,2,1,1,1,2,1,1,1,1,9,1,1,2,1,0,0,0,0,0,0,0,0,0,2,9,0,0,0,0,0,0,0,0,0,1,2,3,2,2,1,9,9,9,9,9,9,8,0,1
1022466,3,1,1,1,2,1,2,0,0,1,1,1,1,1,0,0,0,0,0,0,1,2,2,1,2,2,2,2,2,1,2,2,2,2,1,1,1,1,1,1,1,9,1,1,2,1,0,0,0,0,0,0,0,0,0,2,9,0,1,3,0,0,0,1,1,1,1,2,3,1,1,1,9,9,2,9,9,9,0,0,1
2194448,3,6,6,5,9,6,7,1,1,1,1,1,1,1,0,0,0,0,0,0,1,2,2,1,2,2,2,2,2,1,2,2,2,2,1,1,2,1,1,1,1,9,1,2,9,1,2,2,2,3,3,3,3,3,3,1,2,1,0,7,0,0,0,1,0,1,1,2,3,2,1,1,2,2,9,9,2,2,108,0,1
9987436,3,1,0,2,2,2,2,0,0,1,1,1,1,0,0,0,0,0,0,1,1,2,2,1,2,2,2,2,2,1,2,2,2,2,1,1,2,1,1,1,1,9,1,1,1,1,0,0,0,0,0,0,0,0,0,2,9,0,2,1,0,0,0,0,0,0,1,2,3,2,1,1,9,9,2,9,9,9,0,0,1
3196183,3,1,1,5,2,2,2,0,0,1,1,1,1,1,0,0,0,0,1,2,1,2,2,1,2,2,2,2,2,1,2,2,2,2,1,1,2,1,1,1,1,9,1,1,1,1,0,0,0,0,0,0,0,0,0,2,9,0,2,1,0,0,0,0,0,0,1,2,3,2,1,1,9,9,2,9,9,9,0,0,1
4881186,3,1,1,2,2,1,0,2,0,1,1,1,1,1,0,0,0,0,0,0,1,2,2,1,2,2,2,2,2,1,2,2,2,2,1,1,2,1,1,1,1,9,1,1,1,1,0,0,0,0,0,0,0,0,0,2,9,0,1,0,0,0,0,0,0,0,1,2,3,2,2,1,9,9,2,9,9,9,15,25,1
7307032,3,3,3,2,3,1,0,0,3,1,1,1,1,1,0,0,0,0,0,0,1,2,2,1,2,2,2,2,2,1,2,2,2,1,1,1,1,1,1,1,1,9,1,1,1,1,0,0,0,0,0,0,0,0,0,2,9,0,3,1,0,0,0,0,0,0,1,2,3,2,2,1,9,9,2,9,9,9,0,0,1
7881446,3,1,1,5,4,1,2,2,0,2,2,2,2,2,1,1,0,0,3,2,1,2,2,1,2,2,2,2,2,1,2,2,2,2,1,1,2,1,2,1,1,9,1,2,9,1,0,0,0,0,0,0,0,0,0,2,9,0,2,1,0,0,0,0,0,0,1,2,3,2,1,1,9,9,2,9,9,9,0,0,1
4876427,3,3,2,3,16,3,9,1,6,1,2,1,2,2,0,0,0,0,1,0,1,2,2,1,2,2,2,2,2,1,2,2,2,1,1,1,2,1,2,1,1,9,1,1,1,1,2,4,4,4,4,2,4,4,2,2,9,0,0,14,0,0,0,1,1,2,1,1,3,2,1,1,2,1,9,9,2,2,169,0,1
8536995,3,1,0,2,2,1,2,0,0,1,1,0,1,1,0,0,0,0,0,0,1,2,2,1,2,2,2,2,2,1,2,2,2,2,1,1,2,1,1,1,1,9,1,1,1,1,0,0,0,0,0,0,0,0,0,2,9,0,1,0,0,0,0,0,0,0,2,2,3,2,2,1,9,9,2,9,9,9,0,0,1
9657695,3,1,1,2,2,3,1,1,0,1,1,1,1,1,0,0,0,0,0,0,1,2,2,1,2,2,2,2,2,1,2,2,2,1,1,1,2,1,1,1,1,9,1,1,2,2,0,0,0,0,0,0,0,0,0,2,9,0,1,1,0,0,0,0,0,0,1,2,3,2,2,1,9,9,2,9,9,9,0,0,1
3199471,3,1,1,2,2,2,1,0,1,1,1,1,1,1,0,0,0,0,0,0,1,2,2,1,2,2,2,2,2,1,2,2,2,2,1,1,2,1,1,1,1,9,1,1,1,1,0,0,0,0,0,0,0,0,0,2,9,0,1,0,0,0,0,0,0,0,1,2,3,2,1,1,9,9,2,9,9,9,4,0,1
8203390,3,1,0,2,3,2,0,0,3,1,1,1,2,1,0,0,0,0,0,0,1,2,2,1,2,2,2,2,2,1,2,2,2,2,1,1,2,1,1,1,1,9,1,1,1,1,0,0,0,0,0,0,0,0,0,2,9,0,0,1,0,0,0,0,0,0,1,2,3,2,1,1,9,9,9,9,9,9,11,11,1
3216315,3,1,1,2,2,2,0,0,2,1,1,1,1,1,1,1,0,0,0,0,1,2,2,1,2,2,2,2,2,1,2,2,2,2,1,1,2,1,2,1,1,9,1,1,1,1,0,0,0,0,0,0,0,0,0,2,9,0,2,1,0,0,0,0,0,0,1,2,3,2,2,1,9,9,2,9,9,9,0,0,1
4010873,3,1,0,2,2,0,2,0,0,2,1,1,1,1,0,0,0,0,0,0,1,2,2,1,2,2,2,2,2,1,2,2,2,1,1,1,2,1,1,1,1,9,1,1,1,1,0,0,0,0,0,0,0,0,0,2,9,0,1,1,0,0,0,0,0,0,1,1,3,2,2,1,9,9,2,9,9,9,0,0,1
3300306,3,3,2,5,8,4,4,0,4,1,2,1,2,1,0,0,0,0,0,0,1,2,2,1,2,2,2,2,2,1,2,2,2,1,1,1,1,1,1,1,1,9,1,1,1,1,4,4,4,4,4,4,4,4,4,1,1,0,0,4,0,0,0,1,1,1,1,2,3,2,2,1,2,2,9,9,2,2,66,0,1
9615461,3,2,2,5,2,1,2,0,0,1,1,1,1,1,0,0,0,0,0,0,1,2,2,1,2,2,2,2,2,1,2,2,2,2,1,1,2,1,1,1,1,9,1,1,1,1,0,0,0,0,0,0,0,0,0,2,9,0,2,1,0,3,0,0,0,1,1,2,3,2,1,1,9,9,2,9,9,9,0,0,1
2402098,3,1,0,5,2,1,0,0,2,1,1,1,1,1,0,0,0,0,0,1,1,2,2,1,2,2,2,2,2,1,2,2,2,1,1,1,2,1,1,1,1,9,1,1,1,1,0,0,0,0,0,0,0,0,0,2,9,0,2,0,0,0,0,0,0,0,1,2,3,1,1,1,9,9,2,9,9,9,0,0,2
4359757,3,1,1,1,3,4,3,0,0,1,1,1,1,0,0,0,0,0,0,0,1,2,2,1,2,2,2,2,2,1,2,2,2,2,1,1,2,1,1,2,1,9,1,1,1,1,0,0,0,0,0,0,0,0,0,1,2,1,0,5,0,0,0,0,0,0,1,2,3,2,1,1,9,9,9,9,9,9,0,0,1
8856964,3,1,1,1,3,1,3,0,0,2,1,1,1,1,0,0,0,0,0,0,1,2,2,1,2,2,2,2,2,1,2,2,2,2,1,1,2,1,2,2,1,9,1,1,1,1,0,0,0,0,0,0,0,0,0,2,9,0,1,1,0,0,0,0,0,0,1,2,3,2,1,1,9,9,2,9,9,9,0,0,2
5842103,3,2,2,1,3,2,3,0,0,1,1,1,1,1,0,0,0,0,0,0,1,2,2,1,2,2,2,2,2,1,2,2,2,2,1,1,2,1,1,1,1,9,1,1,1,1,0,0,0,0,0,0,0,0,0,2,9,0,0,3,0,0,0,0,0,1,1,2,3,2,2,1,9,9,9,9,9,9,11,11,1
8393279,3,1,1,2,2,2,2,0,0,1,1,1,1,1,0,0,0,0,0,0,1,2,2,1,2,2,2,2,2,1,2,2,2,1,1,1,2,1,1,1,1,9,1,1,1,1,0,0,0,0,0,0,0,0,0,2,9,0,2,1,0,0,0,0,0,0,1,2,3,2,1,1,9,9,2,9,9,9,11,11,1
8789511,3,1,1,7,3,1,3,0,0,1,1,1,1,1,1,1,0,0,0,0,1,2,2,1,2,2,2,2,2,1,2,2,2,2,1,1,2,1,1,1,1,9,1,1,2,1,0,0,0,0,0,0,0,0,0,2,9,0,3,2,0,0,0,0,0,0,1,2,3,2,1,1,9,9,2,9,9,9,48,0,1
5335363,3,1,1,1,2,2,2,0,0,1,1,1,1,1,0,0,0,0,0,0,1,2,2,1,2,2,2,2,2,1,2,2,2,2,1,1,2,1,1,2,1,9,1,2,9,1,0,0,0,0,0,0,0,0,0,2,9,0,0,1,0,0,0,0,0,0,1,2,3,2,2,1,9,9,2,9,9,9,0,0,1
2777635,3,2,1,2,3,1,1,2,0,1,2,1,2,1,1,1,1,1,0,0,1,2,2,1,2,2,2,2,2,1,2,2,2,2,1,1,2,1,1,1,1,9,1,1,1,1,0,0,0,0,0,0,0,0,0,2,9,0,0,1,0,0,0,0,0,1,2,1,3,2,1,1,9,9,2,9,9,9,0,0,2
1335032,3,1,1,1,2,1,2,0,0,1,1,0,1,1,0,0,0,0,0,0,1,2,2,1,2,2,2,2,2,1,2,2,2,2,1,1,2,1,1,1,1,9,1,1,1,1,0,0,0,0,0,0,0,0,0,2,9,0,2,0,0,0,0,0,0,0,1,2,3,2,1,1,9,9,2,9,9,9,12,12,1
7221134,3,1,1,1,1,0,1,0,0,2,1,1,1,1,0,0,0,0,0,0,1,2,2,1,2,2,2,2,2,1,2,2,2,2,1,1,2,1,1,1,1,9,1,1,1,1,0,0,0,0,0,0,0,0,0,1,2,0,2,1,0,0,0,0,0,0,1,2,3,2,2,1,9,9,2,9,9,9,10,10,1
5551105,3,1,1,2,4,1,1,0,3,1,1,1,1,1,0,0,0,0,0,0,2,2,2,1,2,2,2,2,2,1,2,2,2,1,1,1,2,1,1,2,1,9,1,1,1,2,0,0,0,0,0,0,0,0,0,2,9,0,1,1,0,0,0,0,0,0,1,2,3,2,1,1,9,9,2,9,9,9,0,0,1
8962105,3,2,2,2,2,2,2,0,0,1,1,1,1,1,0,0,0,0,0,0,1,2,2,1,2,2,2,2,2,1,2,2,2,2,1,1,2,1,2,2,1,9,1,1,1,2,0,0,0,0,0,0,0,0,0,2,9,0,0,1,0,0,0,0,0,0,1,2,3,2,1,1,9,9,2,9,9,9,0,0,1
2666540,3,1,1,2,3,1,3,0,0,1,1,1,1,1,0,0,0,0,0,0,1,2,2,1,2,2,2,2,2,1,2,2,2,1,1,1,2,1,1,1,1,9,1,1,1,1,0,0,0,0,0,0,0,0,0,2,9,0,2,1,0,0,0,0,0,0,1,2,3,2,1,1,9,9,2,9,9,9,0,0,1
3643746,3,2,1,7,5,1,1,4,0,1,1,1,1,1,0,0,0,0,0,0,1,2,2,1,2,2,2,2,2,1,2,2,2,2,1,1,2,1,1,2,1,9,1,1,1,1,0,0,0,0,0,0,0,0,0,2,9,0,0,1,0,0,0,0,0,1,1,2,3,2,1,1,9,9,9,9,9,9,16,16,1
2694686,3,1,0,2,2,1,2,0,0,1,1,0,1,0,0,0,0,0,0,0,1,2,2,1,2,2,2,2,2,1,2,2,2,2,1,1,2,1,1,1,1,9,1,1,2,1,0,0,0,0,0,0,0,0,0,2,9,0,1,0,0,0,0,0,0,0,1,2,3,2,1,1,9,9,2,9,9,9,7,0,1
6317584,3,1,1,1,2,1,2,0,0,1,1,0,1,1,0,0,0,0,0,0,1,2,2,1,2,2,2,2,2,1,2,2,2,3,1,1,2,1,1,1,1,9,1,1,1,1,0,0,0,0,0,0,0,0,0,2,9,0,1,1,0,0,0,0,0,0,1,2,3,2,1,1,9,9,2,9,9,9,0,0,1
2218028,3,1,1,2,2,1,0,0,2,1,1,1,1,1,0,0,0,0,0,0,1,2,2,1,2,2,2,2,2,1,2,2,2,2,1,1,2,1,1,1,1,9,1,1,1,1,0,0,0,0,0,0,0,0,0,2,9,0,2,1,0,0,0,0,0,0,1,2,3,2,1,1,9,9,2,9,9,9,24,24,1
5433605,3,1,0,1,2,1,0,2,0,1,1,1,1,1,0,0,0,0,0,0,1,2,2,1,2,2,2,2,2,1,2,2,2,2,1,1,2,1,1,1,1,9,1,1,1,1,0,0,0,0,0,0,0,0,0,2,9,0,2,0,20,0,0,1,0,0,1,2,3,2,2,1,9,9,2,9,9,9,10,0,1
4100211,3,1,1,2,2,2,0,0,2,1,1,1,1,1,0,0,0,0,0,0,1,2,2,1,2,2,2,2,2,1,2,2,2,2,1,1,2,1,2,1,1,9,1,1,1,1,0,0,0,0,0,0,0,0,0,2,9,0,1,1,0,0,0,0,0,0,1,2,3,2,1,1,9,9,2,9,9,9,0,0,1
4322642,3,1,0,2,2,1,0,0,2,1,1,0,1,1,1,1,0,0,0,0,1,2,2,1,2,2,2,2,2,1,2,2,2,2,1,1,2,1,1,1,1,9,1,1,1,1,0,0,0,0,0,0,0,0,0,1,2,0,2,1,0,0,0,0,0,0,1,2,3,2,1,1,9,9,2,9,9,9,13,15,1
7697563,3,1,0,2,2,1,0,2,0,1,2,1,2,1,0,0,0,0,0,0,1,2,2,1,2,2,2,2,2,1,2,2,2,2,1,1,2,1,1,1,1,9,1,1,1,1,0,0,0,0,0,0,0,0,0,2,9,0,2,1,0,0,0,0,0,0,1,2,3,2,2,1,9,9,2,9,9,9,19,19,1
8706216,3,1,0,2,2,2,0,2,0,1,1,1,1,1,0,0,0,0,1,1,1,2,2,1,2,2,2,2,2,1,2,2,2,2,1,1,2,1,1,1,1,9,1,1,1,2,0,0,0,0,0,0,0,0,0,2,9,0,2,1,0,0,0,0,0,0,1,2,3,2,2,1,9,9,1,9,9,9,15,15,1
5067253,3,1,1,1,2,1,2,0,0,1,1,1,1,1,0,0,0,0,0,0,1,2,2,1,2,2,2,2,2,1,2,2,2,1,1,1,2,1,1,1,1,9,1,1,1,1,0,0,0,0,0,0,0,0,0,2,9,0,2,1,0,0,0,0,0,0,1,2,3,2,1,1,9,9,2,9,9,9,14,14,1
1738465,3,2,2,5,3,1,0,2,1,1,1,1,1,1,0,0,0,0,0,0,1,2,2,1,2,2,2,2,2,1,2,2,2,2,1,1,2,1,1,1,1,9,1,1,1,1,0,0,0,0,0,0,0,0,0,2,9,0,2,1,0,0,0,0,0,0,1,2,3,2,1,1,9,9,2,9,9,9,8,8,1
6824113,3,1,0,1,2,3,2,0,0,1,1,1,1,1,0,0,0,0,0,0,1,2,2,1,2,2,2,2,2,1,2,2,2,2,1,1,2,1,1,1,1,9,1,1,1,1,0,0,0,0,0,0,0,0,0,2,9,0,2,1,0,0,0,0,0,0,1,2,3,2,2,1,9,9,2,9,9,9,0,0,1
1707678,3,1,1,5,2,1,1,1,0,1,1,1,1,1,0,0,0,0,0,0,1,2,2,1,2,2,2,2,2,1,2,2,2,2,1,1,2,1,1,1,1,9,1,1,1,1,0,0,0,0,0,0,0,0,0,2,9,0,2,0,0,0,0,0,0,0,1,2,3,2,1,1,9,9,2,9,9,9,13,0,1
7215420,3,1,1,5,2,2,2,0,0,1,1,1,1,1,0,0,0,0,0,0,1,2,2,1,2,2,2,2,2,1,2,2,2,2,1,1,2,1,1,1,1,9,1,1,2,1,0,0,0,0,0,0,0,0,0,2,9,0,3,1,0,0,0,0,0,1,1,2,3,2,2,1,9,9,2,9,9,9,10,0,1
2995074,3,1,1,5,3,3,0,0,3,1,1,1,1,1,0,0,0,0,0,0,1,2,2,1,2,2,2,2,2,1,2,2,2,1,1,1,2,1,1,1,1,9,1,1,1,1,0,0,0,0,0,0,0,0,0,2,9,0,0,0,0,0,0,0,0,0,1,2,3,2,1,1,9,9,9,9,9,9,0,0,2
4679673,3,1,1,2,3,3,3,0,0,1,1,1,1,1,0,0,0,0,2,2,1,2,2,1,2,2,2,2,2,1,2,2,2,1,1,1,2,1,1,1,1,9,1,1,1,1,0,0,0,0,0,0,0,0,0,2,9,0,0,3,0,0,0,0,0,1,1,2,3,2,1,1,9,9,9,9,9,9,0,0,1
4896199,3,2,2,1,2,2,2,0,0,1,1,1,1,1,0,0,0,0,0,0,1,2,2,1,2,2,2,2,2,1,2,2,2,2,1,1,2,1,2,1,1,9,1,1,1,1,0,0,0,0,0,0,0,0,0,1,2,0,2,1,0,0,0,0,0,0,1,1,3,2,1,1,9,9,2,9,9,9,0,0,1
1539119,3,1,1,2,2,1,2,0,0,1,1,1,1,1,0,0,0,0,0,0,1,2,2,1,2,2,2,2,2,1,2,2,2,2,1,1,2,1,1,1,1,9,1,1,1,1,0,0,0,0,0,0,0,0,0,2,9,0,1,0,0,0,0,0,0,0,1,2,3,2,1,1,9,9,2,9,9,9,0,0,1
3480324,3,5,5,2,7,4,7,0,0,1,3,3,3,3,0,0,0,0,3,3,1,2,2,1,2,2,2,2,2,1,2,2,2,1,1,1,1,1,1,1,1,9,1,1,1,1,1,2,1,2,4,4,4,4,4,1,1,0,0,14,0,0,0,1,2,2,1,2,3,2,1,1,2,2,9,9,2,2,225,0,1
4191050,3,1,1,2,3,1,3,0,0,1,2,2,2,2,0,0,0,0,0,0,1,2,2,2,1,2,2,2,2,2,1,2,2,2,1,1,2,1,1,1,1,9,1,1,1,1,0,0,0,0,0,0,0,0,0,2,9,0,2,1,0,0,0,0,0,0,1,2,3,2,1,1,9,9,2,9,9,9,0,0,1
9503893,3,1,1,2,1,0,0,0,1,2,1,1,1,1,0,0,0,0,0,0,1,2,2,1,2,2,2,2,2,1,2,2,2,2,1,1,2,1,1,1,1,9,1,1,1,1,0,0,0,0,0,0,0,0,0,2,9,0,2,1,0,0,0,0,0,1,1,2,3,2,1,1,9,9,2,9,9,9,11,0,1
1545165,3,1,1,2,2,2,2,0,0,2,1,1,1,1,0,0,0,0,1,1,1,2,2,1,2,2,2,2,2,1,2,2,2,2,1,1,2,1,1,1,1,9,1,1,1,1,0,0,0,0,0,0,0,0,0,2,9,0,0,1,0,1,0,0,0,0,1,2,3,2,1,1,9,9,2,9,9,9,40,40,1
3828252,3,2,1,2,2,2,2,0,0,1,1,0,1,1,0,0,0,0,1,0,1,2,2,1,2,2,2,2,2,1,2,2,2,2,1,1,2,1,1,1,1,9,1,1,1,1,0,0,0,0,0,0,0,0,0,2,9,0,2,2,0,0,0,0,0,1,1,2,3,2,1,1,9,9,2,9,9,9,5,0,1
3848816,3,1,1,2,3,3,2,1,0,1,1,1,1,1,0,0,0,0,0,0,1,2,2,1,2,2,2,2,2,1,2,2,2,2,1,1,2,1,2,2,1,9,1,1,1,1,0,0,0,0,0,0,0,0,0,2,9,0,0,2,0,0,0,0,0,1,1,2,3,2,1,1,9,9,9,9,9,9,21,0,1
8749184,3,1,1,1,4,2,1,3,0,1,2,1,1,1,0,0,1,1,0,0,1,2,2,1,2,2,2,2,2,1,2,2,2,2,1,2,1,1,1,1,1,9,1,1,1,1,0,0,0,0,0,0,0,0,0,2,9,0,0,3,0,0,0,0,0,0,1,2,3,2,1,1,9,9,9,9,9,9,0,0,1
1971048,3,1,1,5,2,2,0,0,2,1,1,1,1,1,0,0,0,0,0,0,1,2,2,1,2,2,2,2,2,1,2,2,2,1,1,1,2,1,1,1,1,9,1,1,2,1,0,0,0,0,0,0,0,0,0,2,9,0,1,1,0,0,0,0,0,0,1,2,3,2,1,1,9,9,2,9,9,9,1,0,1
8411910,3,1,1,6,2,1,0,0,2,1,1,1,1,1,0,0,0,0,0,0,1,2,2,1,2,2,2,2,2,1,2,2,2,2,1,1,2,1,1,1,1,9,1,1,2,1,0,0,0,0,0,0,0,0,0,2,9,0,1,1,0,0,0,0,0,1,1,1,3,1,1,1,9,9,2,9,9,9,0,0,2
6549334,3,1,1,7,2,1,2,0,0,1,1,1,1,1,0,0,0,0,0,0,1,2,2,1,2,2,2,2,2,1,2,2,2,2,1,1,2,1,1,1,1,9,1,1,1,2,0,0,0,0,0,0,0,0,0,2,9,0,2,1,0,0,0,0,0,0,1,2,3,2,1,1,9,9,2,9,9,9,16,16,1
7054889,3,1,1,2,3,1,3,0,0,1,1,1,2,2,0,0,0,0,0,0,1,2,2,1,2,2,2,2,2,1,2,2,2,2,1,1,2,1,1,1,1,9,1,1,1,1,0,0,0,0,0,0,0,0,0,2,9,0,1,2,0,0,0,0,0,0,1,2,3,2,1,1,9,9,9,9,9,9,0,0,1
8912255,3,1,1,7,3,1,0,0,3,1,1,0,1,1,0,0,0,0,0,0,1,2,2,1,2,2,2,2,2,1,2,2,2,2,1,1,2,1,1,1,1,9,1,1,2,1,0,0,0,0,0,0,0,0,0,2,9,0,0,1,0,0,0,0,0,0,1,2,3,2,1,1,9,9,9,9,9,9,0,0,1
3356920,3,1,0,1,2,1,1,1,0,1,1,1,1,1,0,0,0,0,0,0,1,2,2,1,2,2,2,2,2,1,2,2,2,2,1,1,2,1,1,1,1,9,1,1,1,2,0,0,0,0,0,0,0,0,0,2,9,0,2,1,0,0,0,0,1,0,1,2,3,2,2,1,9,9,2,9,9,9,0,0,1
9400910,3,3,2,1,3,1,0,2,1,1,2,1,2,1,0,0,0,0,0,0,1,2,2,1,2,2,2,2,2,1,2,2,2,1,1,1,2,1,1,2,1,9,1,2,9,2,0,0,0,0,0,0,0,0,0,2,9,0,4,4,0,0,0,1,0,1,1,2,3,1,1,1,9,9,9,9,9,9,18,0,1
5587433,3,1,1,2,2,2,0,1,1,1,1,1,1,1,0,0,0,0,0,0,1,2,2,1,2,2,2,2,2,1,2,2,2,2,1,1,2,1,2,1,1,9,1,1,1,1,0,0,0,0,0,0,0,0,0,2,9,0,2,1,0,0,0,0,0,0,1,2,3,2,1,1,9,9,2,9,9,9,22,22,1
7518365,1,1,1,3,4,1,3,1,0,1,1,1,1,1,0,0,0,0,0,0,1,2,2,1,2,2,2,2,2,1,2,2,2,1,1,1,2,1,1,1,1,9,1,2,9,1,0,0,0,0,0,0,0,0,0,2,9,0,0,3,0,0,0,0,0,1,1,2,3,2,1,1,9,9,9,9,9,9,0,0,1
1994896,3,1,1,2,2,3,2,0,0,1,1,1,1,1,0,0,0,0,0,0,1,2,2,1,2,2,2,2,2,1,2,2,2,2,1,1,2,1,1,1,1,9,1,1,1,1,0,0,0,0,0,0,0,0,0,2,9,0,2,1,0,0,0,0,0,0,1,2,3,2,1,1,9,9,2,9,9,9,19,19,1
7185135,1,10,7,5,10,7,6,3,1,1,1,1,1,1,1,1,1,1,1,1,1,2,2,1,2,2,1,2,2,1,2,2,1,2,1,1,2,1,1,2,1,9,1,2,9,2,0,0,0,0,0,0,0,0,0,2,9,0,0,2,0,0,0,0,0,1,1,2,3,2,1,2,2,2,9,9,2,9,29,34,1
8402256,3,2,0,3,2,1,2,0,0,1,1,1,1,1,0,0,0,0,0,0,1,2,2,1,2,2,2,2,2,1,2,2,2,2,1,1,2,1,1,1,1,9,1,1,2,1,0,0,0,0,0,0,0,0,0,2,9,0,2,1,0,0,0,0,0,0,1,2,3,2,1,1,9,9,2,9,9,9,0,0,2
3400241,3,1,1,5,3,2,3,0,0,1,1,1,1,1,0,0,0,0,0,0,1,2,2,1,2,2,2,2,2,1,2,2,2,1,1,1,2,1,1,1,1,9,1,1,1,1,0,0,0,0,0,0,0,0,0,2,9,0,1,0,0,0,0,0,0,0,1,2,3,2,1,1,9,9,2,9,9,9,10,10,1
9288210,3,1,0,2,2,2,0,2,0,1,1,1,1,1,0,0,0,0,1,1,1,2,2,1,2,2,2,2,2,1,2,2,2,1,1,1,2,1,2,2,1,9,1,1,1,1,0,0,0,0,0,0,0,0,0,2,9,0,0,1,0,0,0,0,0,0,2,2,3,2,2,1,9,9,2,9,9,9,0,0,1
7705468,3,1,1,5,5,4,5,0,0,1,2,2,1,1,0,0,0,0,2,1,1,2,2,1,2,2,2,2,2,1,2,2,2,1,1,1,1,1,1,1,1,9,1,1,2,1,0,0,0,0,0,0,0,0,0,1,1,0,0,3,0,0,0,2,0,1,1,2,3,2,1,1,2,2,9,9,2,9,41,0,1
6628377,3,1,1,3,2,1,2,0,0,1,1,1,1,1,0,0,0,0,1,0,1,2,2,1,2,2,2,2,2,1,2,2,2,1,1,1,2,1,1,1,1,9,1,1,1,1,0,0,0,0,0,0,0,0,0,1,2,0,2,1,0,0,0,0,0,1,1,2,3,2,2,1,9,9,2,9,9,9,94,0,1
1793795,3,6,6,2,18,8,16,0,2,1,2,2,2,2,0,0,0,0,2,2,1,2,2,1,2,2,2,2,2,1,2,2,2,2,1,1,2,1,1,1,1,9,1,1,1,1,1,1,1,1,1,1,2,4,1,1,1,0,0,9,0,2,1,2,1,4,1,2,3,2,1,1,2,2,9,9,2,2,256,256,1
9287557,3,1,1,2,2,1,2,0,0,1,1,1,1,1,0,0,0,0,0,0,1,2,2,1,2,2,2,2,2,1,2,2,2,2,1,1,2,1,1,1,1,9,1,1,1,1,0,0,0,0,0,0,0,0,0,2,9,0,1,1,0,0,0,0,0,0,1,2,3,2,2,1,9,9,2,9,9,9,0,0,1
8874420,3,1,1,3,15,13,15,0,0,1,3,3,3,3,1,1,0,0,6,6,1,2,2,1,2,2,2,2,2,1,2,2,2,2,1,1,2,1,2,1,1,9,1,1,1,1,1,1,1,1,4,4,4,4,1,1,1,1,5,52,50,0,0,15,8,5,1,1,3,1,2,1,1,2,2,9,2,2,494,494,1
1569985,3,3,3,5,6,0,6,0,0,2,2,2,2,2,0,0,0,0,0,0,1,2,2,1,2,2,2,2,2,1,2,2,2,1,1,1,2,1,1,1,1,9,1,1,1,1,0,0,0,0,0,0,0,0,0,2,9,0,0,4,0,0,0,2,1,1,1,1,3,2,2,1,2,2,9,9,2,9,50,0,1
6253828,3,5,5,3,5,3,5,0,0,1,2,2,2,2,2,2,2,2,0,0,1,1,2,1,2,2,2,1,2,1,2,2,2,1,1,1,2,1,1,1,1,9,1,1,1,1,0,0,0,0,0,0,0,0,0,1,1,0,2,2,0,1,0,2,4,3,1,1,3,2,1,1,2,2,9,9,2,9,0,0,1
3860816,3,1,1,3,2,2,1,0,1,2,1,1,1,1,0,0,0,0,0,0,1,2,2,1,2,2,2,2,2,1,2,2,2,2,1,1,2,1,1,1,1,9,1,1,2,1,0,0,0,0,0,0,0,0,0,2,9,0,2,1,0,0,0,0,0,0,1,2,3,2,2,1,9,9,2,9,9,9,23,19,1
7967841,3,2,2,2,3,1,1,0,2,2,1,1,2,1,0,0,0,0,0,0,1,2,2,1,2,2,2,2,2,1,2,2,2,2,1,1,2,1,1,1,1,9,1,2,9,2,0,0,0,0,0,0,0,0,0,2,9,0,1,1,0,0,0,0,0,0,1,2,3,2,1,1,9,9,2,9,9,9,0,0,1
5446504,3,1,1,5,2,1,1,0,1,1,1,1,1,1,0,0,0,0,1,0,1,2,2,1,2,2,2,2,2,1,2,2,2,2,2,1,2,1,1,2,1,9,1,1,1,1,0,0,0,0,0,0,0,0,0,2,9,0,0,1,0,0,0,0,0,0,1,2,3,2,2,1,9,9,2,9,9,9,0,0,1
7044732,3,1,0,2,2,2,0,0,2,1,1,0,1,1,1,1,0,0,0,0,1,2,2,1,2,2,2,2,2,1,2,2,2,2,1,1,2,1,1,1,1,9,1,1,1,1,0,0,0,0,0,0,0,0,0,2,9,0,1,1,0,0,0,0,0,0,1,2,3,2,2,1,9,9,2,9,9,9,0,0,1
7486229,3,1,1,5,2,1,2,0,0,1,1,1,1,1,0,0,0,0,0,0,1,2,2,1,2,2,2,2,2,1,2,2,2,2,1,1,2,1,1,1,1,9,1,1,1,1,0,0,0,0,0,0,0,0,0,2,9,0,1,0,0,0,0,0,0,0,1,2,3,2,1,1,9,9,2,9,9,9,3,0,2
4128417,3,3,3,1,2,1,2,0,0,1,1,1,1,1,0,0,0,0,0,0,1,2,2,1,2,2,2,2,2,1,2,2,2,2,1,1,2,1,1,1,1,9,1,1,1,1,0,0,0,0,0,0,0,0,0,2,9,0,2,0,0,0,0,0,0,0,1,2,3,2,1,1,9,9,2,9,9,9,0,0,1
7657896,3,1,1,2,2,1,2,0,0,1,1,1,1,1,0,0,0,0,0,0,1,2,2,1,2,2,2,2,2,1,2,2,2,2,1,1,2,1,1,1,1,9,1,1,1,1,0,0,0,0,0,0,0,0,0,2,9,0,0,1,0,0,0,0,0,0,1,2,3,2,1,1,9,9,2,9,9,9,0,0,1
3775571,3,1,1,1,3,0,2,1,0,2,2,1,1,1,0,0,0,0,2,0,1,2,2,1,2,2,2,2,2,1,2,2,2,2,1,1,2,1,1,1,1,9,1,1,1,1,0,0,0,0,0,0,0,0,0,2,9,0,1,0,0,0,0,0,0,0,1,2,3,2,1,1,9,9,2,9,9,9,0,0,1
7369964,3,2,1,5,2,2,2,0,0,1,1,0,1,1,0,0,0,0,0,0,1,2,2,1,2,2,2,2,2,1,2,2,2,2,1,1,2,1,1,1,1,9,1,1,1,1,0,0,0,0,0,0,0,0,0,2,9,0,1,1,0,0,0,0,0,0,1,2,3,2,1,1,9,9,2,9,9,9,0,0,1
4066649,3,3,3,5,8,4,5,0,3,1,2,2,2,2,0,0,0,0,0,0,1,2,2,1,2,2,2,2,2,1,2,2,2,2,1,1,3,1,1,1,1,9,1,2,9,1,0,0,0,0,0,0,0,0,0,2,9,0,0,2,0,0,0,0,2,1,1,2,3,2,1,1,2,2,9,9,2,9,27,27,1
3741264,3,5,4,5,11,5,3,3,5,1,1,1,1,1,0,0,0,0,0,0,1,2,2,1,2,2,2,2,2,1,2,2,2,2,1,1,2,1,2,2,1,9,1,1,1,1,4,4,4,4,4,4,4,4,4,2,9,0,0,4,0,0,0,1,0,1,1,2,3,2,1,1,2,2,9,9,2,2,7,0,1
4631759,3,1,1,2,1,1,1,0,0,1,0,0,1,1,0,0,0,0,0,0,1,2,2,1,2,2,2,2,2,1,2,2,2,2,1,1,2,1,2,1,1,9,1,1,1,2,0,0,0,0,0,0,0,0,0,2,9,0,1,0,0,0,0,0,0,0,1,2,3,2,1,1,9,9,2,9,9,9,0,0,1
3479460,3,2,1,5,5,10,5,0,0,1,1,1,1,1,1,1,1,1,0,0,1,2,2,1,2,2,2,2,2,1,2,2,2,2,1,1,2,1,1,1,1,9,1,1,2,1,0,0,0,0,0,0,0,0,0,2,9,0,0,5,0,0,0,1,0,2,1,2,3,2,1,1,2,2,9,9,2,9,60,0,1
2665309,3,3,3,5,5,2,2,2,1,2,1,1,1,1,0,0,0,0,0,0,1,2,2,1,2,2,2,2,2,1,2,2,2,2,1,1,2,1,1,2,2,1,1,1,1,1,0,0,0,0,0,0,0,0,0,2,9,0,0,3,0,0,0,0,1,1,1,1,3,2,2,1,2,2,9,9,2,9,17,0,1
2981421,3,1,1,5,3,2,3,0,0,1,1,1,1,1,0,0,1,1,0,0,1,2,2,1,2,2,2,2,2,1,2,2,2,2,1,1,2,1,1,1,1,9,1,1,1,1,0,0,0,0,0,0,0,0,0,2,9,0,0,2,0,0,0,0,0,1,1,2,3,2,1,1,9,9,9,9,9,9,18,0,1
3432159,1,9,5,2,9,9,9,0,0,1,1,1,1,1,0,0,0,0,2,2,1,2,2,1,2,2,2,2,2,1,2,2,2,2,1,1,2,1,1,1,1,9,1,2,9,1,2,2,2,3,3,3,3,3,2,1,2,2,0,2,0,1,0,0,0,1,1,2,3,1,1,1,2,2,9,9,2,2,0,0,1
6917863,3,4,2,2,6,2,4,2,0,2,1,1,1,1,0,0,0,0,0,0,1,1,2,1,2,2,2,1,2,1,2,2,2,1,1,1,2,1,2,2,1,9,1,1,2,1,0,0,0,0,0,0,0,0,0,2,9,0,0,3,0,0,0,0,0,1,2,2,3,2,1,1,2,2,9,9,2,9,0,0,1
8178507,3,1,1,2,3,2,0,3,0,1,1,1,1,1,0,0,0,0,0,0,1,2,2,1,2,2,2,2,2,1,2,2,2,2,1,2,1,1,1,1,1,9,1,2,9,1,0,0,0,0,0,0,0,0,0,1,2,0,0,0,150,0,0,0,0,0,1,1,3,2,1,1,9,9,9,9,9,9,3,0,1
3431355,3,1,1,2,2,1,2,0,0,1,1,1,1,1,0,0,0,0,0,0,1,2,2,1,2,2,2,2,2,1,2,2,2,2,1,1,2,1,1,1,1,9,1,1,1,1,0,0,0,0,0,0,0,0,0,2,9,0,1,1,0,0,0,0,0,0,1,2,3,2,2,1,9,9,2,9,9,9,12,12,1
9717717,3,1,1,1,5,2,5,0,0,1,2,2,2,2,0,0,0,0,4,0,1,2,2,1,2,2,2,2,2,1,2,2,2,2,1,1,2,1,2,2,1,9,1,1,1,2,0,0,0,0,0,0,0,0,0,2,9,0,5,2,0,0,0,0,0,2,1,2,3,2,1,1,9,9,2,9,9,9,0,0,1
8153338,3,1,1,2,2,2,2,0,0,1,1,1,1,1,0,0,0,0,0,0,1,2,2,1,2,2,2,2,2,1,2,2,2,2,1,1,2,1,1,1,1,9,1,1,1,2,0,0,0,0,0,0,0,0,0,2,9,0,1,1,0,0,0,0,0,0,1,2,3,2,2,1,9,9,2,9,9,9,0,0,1
9469456,3,2,1,5,3,1,0,1,2,2,1,1,1,1,0,0,0,0,0,0,1,2,2,1,2,2,2,2,2,1,2,2,2,3,1,1,2,1,1,1,1,9,1,1,1,1,0,0,0,0,0,0,0,0,0,2,9,0,2,1,0,0,0,0,0,0,1,2,3,2,1,1,9,9,2,9,9,9,0,0,1
1965730,3,10,10,5,10,2,10,0,0,1,0,0,4,4,0,0,0,0,0,2,1,2,2,1,2,2,2,2,2,1,2,2,2,1,1,1,2,1,2,1,2,1,1,1,1,1,1,1,1,4,4,1,4,4,4,2,9,0,0,8,0,0,0,4,1,2,1,2,3,2,1,1,2,2,9,9,2,2,131,131,1
2198987,3,1,1,7,2,1,1,0,1,2,1,1,1,1,0,0,0,0,0,0,1,2,2,1,2,2,2,2,2,1,2,2,2,2,1,1,2,1,1,1,1,9,1,1,1,1,0,0,0,0,0,0,0,0,0,2,9,0,1,1,0,0,0,0,0,0,1,2,3,2,1,1,9,9,2,9,9,9,0,0,1
7266099,3,1,1,2,2,2,2,0,0,1,1,1,1,1,0,0,0,0,1,0,1,2,2,1,2,2,2,2,2,1,2,2,2,1,1,1,2,1,1,1,1,9,1,1,1,1,0,0,0,0,0,0,0,0,0,2,9,0,2,0,0,0,0,0,0,0,1,2,3,2,1,1,9,9,2,9,9,9,3,3,1
4834610,3,2,1,1,4,2,0,4,0,1,1,1,1,1,0,0,0,0,0,0,1,2,2,1,2,2,2,2,2,1,2,2,2,2,1,1,2,1,1,1,1,9,1,1,2,1,0,0,0,0,0,0,0,0,0,2,9,0,1,2,0,0,0,0,0,0,1,2,3,2,1,1,9,9,2,9,9,9,15,15,1
2201850,3,1,1,2,2,1,2,0,0,1,1,1,1,1,1,1,0,0,0,0,1,2,2,1,2,2,2,2,2,1,2,2,2,1,1,1,2,1,1,1,1,9,1,1,1,1,0,0,0,0,0,0,0,0,0,2,9,0,1,1,0,0,0,0,0,0,1,2,3,2,2,1,9,9,2,9,9,9,0,0,1
8680977,3,2,2,2,5,7,5,0,0,2,2,1,1,1,0,0,0,0,0,0,1,2,2,1,2,2,2,2,2,1,2,2,2,2,1,1,2,1,1,2,1,9,1,2,9,1,0,0,0,0,0,0,0,0,0,1,2,0,0,6,0,0,0,0,0,2,1,2,3,2,1,1,2,2,9,9,2,9,0,0,1
3472550,3,13,9,5,13,13,7,3,3,1,2,2,2,2,0,0,0,0,0,0,1,2,2,1,2,2,2,2,2,1,2,2,2,2,1,1,1,1,1,2,1,9,1,2,9,1,2,2,2,4,4,4,4,4,2,1,1,1,0,8,0,0,1,1,1,2,1,2,1,2,1,1,2,2,9,9,2,2,0,0,1
7496140,3,1,1,2,4,4,0,0,4,1,1,1,1,1,0,0,0,0,2,2,1,2,2,1,2,2,2,2,2,1,2,2,2,2,1,1,2,1,1,1,1,9,1,1,1,1,0,0,0,0,0,0,0,0,0,1,2,0,0,2,0,0,0,0,0,0,1,2,3,2,2,1,9,9,9,9,9,9,22,22,1
9285948,3,1,1,5,3,0,3,0,0,2,1,0,1,1,0,0,0,0,0,0,1,2,2,1,2,2,2,2,2,1,2,2,2,2,1,1,2,1,1,2,1,9,1,1,1,1,0,0,0,0,0,0,0,0,0,2,9,0,0,0,0,0,0,0,0,0,1,2,3,1,1,1,9,9,9,9,9,9,7,0,1
1963162,3,4,3,2,7,6,0,5,2,2,1,1,2,2,0,0,0,0,0,0,1,2,2,1,2,2,2,2,2,1,2,2,2,1,1,1,1,1,1,1,1,9,1,2,9,2,4,4,4,4,4,4,4,4,2,1,2,0,0,5,0,0,0,2,1,2,1,2,3,2,1,1,2,2,9,9,2,2,154,0,1
5216242,3,1,1,5,3,2,3,0,0,1,1,1,2,2,0,0,0,0,1,0,1,2,2,1,2,2,2,2,2,1,2,2,2,1,1,1,1,1,1,1,1,9,1,1,1,1,0,0,0,0,0,0,0,0,0,2,9,0,0,6,0,0,0,0,0,0,1,2,3,2,1,1,9,9,9,9,9,9,0,0,2
3711887,3,5,3,2,5,2,5,0,0,1,2,2,1,1,0,0,0,0,0,0,1,2,2,1,2,2,2,2,2,1,2,2,2,2,1,1,2,1,2,1,1,9,1,1,1,1,0,0,0,0,0,0,0,0,0,1,2,0,2,2,0,0,0,0,1,1,1,2,3,2,2,1,9,9,2,9,9,9,0,0,1
2808694,3,7,2,5,7,3,5,2,0,1,3,3,2,2,0,0,0,0,0,0,1,2,2,1,2,2,2,2,2,1,2,2,2,1,1,1,2,1,1,1,1,9,1,2,9,1,4,4,4,4,4,4,4,4,4,1,1,0,0,6,0,0,0,1,0,3,1,2,3,2,1,1,2,2,9,9,2,2,0,0,1
3641789,3,1,1,5,3,1,3,0,0,1,1,1,1,1,1,1,0,0,0,0,1,2,2,1,2,2,2,2,2,1,2,2,2,2,1,1,2,1,1,1,1,9,1,1,1,1,0,0,0,0,0,0,0,0,0,2,9,0,0,1,0,0,0,2,0,0,1,2,3,2,1,1,9,9,9,9,9,9,0,0,1
8394767,3,1,1,2,2,1,2,0,0,1,1,1,1,1,1,1,0,0,0,0,1,2,2,1,2,2,2,2,2,1,2,2,2,1,1,1,2,1,1,1,1,9,1,1,1,1,0,0,0,0,0,0,0,0,0,2,9,0,1,1,0,0,0,0,0,0,1,2,3,2,1,1,9,9,2,9,9,9,0,0,1
9084831,3,1,1,5,3,1,3,0,0,1,1,1,1,1,0,0,0,0,0,0,1,2,2,1,2,2,2,2,2,1,2,2,2,1,1,1,2,1,2,1,1,9,1,1,1,2,0,0,0,0,0,0,0,0,0,2,9,0,0,1,0,0,0,0,0,0,1,2,1,2,1,1,9,9,9,9,9,9,16,16,1
7863935,3,3,3,5,6,6,6,0,0,1,2,2,2,2,0,0,0,0,0,0,1,2,2,1,2,2,2,2,2,1,2,2,2,2,1,1,1,1,1,1,1,9,1,1,1,1,0,0,0,0,0,0,0,0,0,1,2,0,0,3,0,0,0,0,0,2,1,1,3,2,1,1,2,2,9,9,2,9,0,0,1
5832730,3,1,1,7,2,1,1,1,0,1,1,1,1,1,0,0,0,0,0,0,1,2,2,1,2,2,2,2,2,1,2,2,2,2,1,1,2,1,1,1,1,9,1,1,1,1,0,0,0,0,0,0,0,0,0,2,9,0,1,1,0,0,0,0,0,0,1,2,3,2,1,1,9,9,2,9,9,9,5,5,1
7418666,3,1,1,2,3,4,2,1,0,1,1,1,1,1,0,0,0,0,0,0,1,2,2,1,2,2,2,2,2,1,2,2,2,2,1,1,2,1,1,1,1,9,1,1,1,1,0,0,0,0,0,0,0,0,0,2,9,0,0,2,0,0,0,0,1,1,1,1,3,2,2,1,9,9,9,9,9,9,0,0,1
6560324,3,2,0,5,2,3,0,0,2,1,1,1,1,1,0,0,0,0,0,0,1,2,2,1,2,2,2,2,2,1,2,2,2,2,1,1,2,1,1,2,1,9,1,2,9,1,0,0,0,0,0,0,0,0,0,2,9,0,0,4,0,0,0,0,0,2,1,2,3,2,1,1,2,2,9,9,2,9,33,33,1
2258670,3,3,3,1,3,3,3,0,0,1,1,0,1,1,1,0,0,0,0,0,1,2,2,1,2,2,2,2,2,1,2,2,2,2,1,1,2,1,2,2,1,9,1,1,1,1,0,0,0,0,0,0,0,0,0,2,9,0,2,1,0,0,0,0,0,0,1,2,3,1,2,1,9,9,2,9,9,9,28,28,1
1711624,3,5,4,5,8,4,3,1,4,2,2,1,2,1,0,0,0,0,2,2,1,2,2,1,2,2,2,2,2,1,2,2,2,2,1,1,2,1,2,1,1,9,1,1,2,2,2,2,2,2,3,3,3,3,2,2,9,0,0,4,0,0,0,3,0,1,1,2,3,2,1,1,2,2,9,9,2,2,45,0,1
4442398,3,1,1,1,2,1,2,0,0,1,1,0,1,1,0,0,0,0,0,0,1,2,2,1,2,2,2,2,2,1,2,2,2,2,1,1,2,1,1,1,1,9,1,1,1,2,0,0,0,0,0,0,0,0,0,2,9,0,1,1,0,0,0,0,0,0,1,2,3,2,1,1,9,9,2,9,9,9,6,6,1
4673452,3,1,1,2,3,2,0,0,3,1,1,1,1,1,0,0,0,0,0,0,1,2,2,1,2,2,2,2,2,1,2,2,2,2,1,1,2,1,2,1,1,9,1,1,1,1,0,0,0,0,0,0,0,0,0,2,9,0,0,5,0,0,0,0,0,1,1,2,3,2,1,1,9,9,9,9,9,9,8,0,1
4325108,3,1,1,2,2,1,2,0,0,1,1,1,1,1,0,0,0,0,0,0,1,2,2,1,2,2,2,2,2,1,2,2,2,2,1,1,2,1,1,1,1,9,1,1,1,1,0,0,0,0,0,0,0,0,0,2,9,0,1,1,0,0,0,0,0,0,1,2,3,2,2,1,9,9,2,9,9,9,0,0,1
8182605,3,2,2,2,3,1,3,0,0,1,1,1,1,1,0,0,0,0,0,0,1,2,2,1,2,2,2,2,2,1,2,2,2,2,1,1,2,1,1,1,1,9,1,1,1,1,0,0,0,0,0,0,0,0,0,2,9,0,1,1,0,0,0,0,0,0,1,2,3,2,2,1,9,9,2,9,9,9,20,20,1
4931706,3,1,1,5,2,1,2,0,0,1,1,1,1,1,0,0,1,1,0,0,1,2,2,1,2,2,2,2,2,1,2,2,2,2,1,1,1,1,1,1,1,9,1,1,2,1,0,0,0,0,0,0,0,0,0,2,9,0,2,1,0,0,0,0,0,0,1,2,3,2,1,1,9,9,2,9,9,9,7,0,1
2854106,3,1,1,2,4,2,3,1,0,1,2,1,2,1,0,0,1,1,1,0,1,2,2,1,2,2,2,2,2,1,2,2,2,2,1,1,1,1,1,1,1,9,1,1,1,1,0,0,0,0,0,0,0,0,0,2,9,0,0,6,0,0,0,0,1,1,1,2,3,2,1,1,9,9,9,9,9,9,0,0,1
7493766,3,1,1,1,2,4,2,0,0,1,2,2,2,2,0,0,0,0,0,0,1,2,2,1,2,2,2,2,2,1,2,2,2,2,1,1,1,1,2,1,1,9,1,1,1,1,0,0,0,0,0,0,0,0,0,2,9,0,2,3,0,0,0,0,0,0,1,1,3,2,2,1,9,9,2,9,9,9,15,0,1
1649026,3,1,1,1,2,1,2,0,0,1,2,2,2,2,1,0,1,1,0,0,1,2,2,1,2,2,2,2,2,1,2,2,2,1,1,1,2,1,1,1,1,9,1,1,1,1,0,0,0,0,0,0,0,0,0,2,9,2,1,1,0,0,0,0,1,0,1,2,3,2,2,1,9,9,2,9,9,9,13,13,1
3903328,3,1,1,2,2,2,2,0,0,1,1,0,1,1,0,0,0,0,0,0,1,2,2,1,2,2,2,2,2,1,2,2,2,1,1,1,2,1,1,2,1,9,1,2,9,2,0,0,0,0,0,0,0,0,0,2,9,0,1,1,0,0,0,0,0,0,1,2,3,2,1,1,9,9,2,9,9,9,5,5,1
6310921,3,1,1,2,2,1,0,2,0,1,1,0,1,1,0,0,0,0,0,0,1,2,2,1,2,2,2,2,2,1,2,2,2,2,1,1,2,1,1,1,1,9,1,1,1,2,0,0,0,0,0,0,0,0,0,2,9,0,1,1,0,0,0,0,0,0,1,2,3,2,2,1,9,9,2,9,9,9,0,0,1
3449472,3,1,1,2,3,2,3,0,0,1,1,0,1,1,0,0,0,0,0,0,1,2,2,1,2,2,2,2,2,1,2,2,2,2,1,1,2,1,1,1,1,9,1,1,1,1,0,0,0,0,0,0,0,0,0,2,9,0,0,1,0,0,0,0,0,0,1,2,3,2,1,1,9,9,9,9,9,9,17,17,1
5586389,3,1,1,2,3,2,0,0,3,1,1,1,1,1,0,0,0,0,0,0,1,2,2,1,2,2,2,2,2,1,2,2,2,2,1,1,2,1,1,1,1,9,1,1,2,2,0,0,0,0,0,0,0,0,0,1,2,0,0,1,0,0,0,0,0,0,1,2,3,2,1,1,9,9,9,9,9,9,11,11,1
2090125,3,1,1,5,7,2,7,0,0,1,2,2,2,2,0,0,0,0,0,0,1,2,2,1,2,2,2,2,2,1,2,2,2,1,1,1,2,1,1,1,1,9,1,1,2,2,4,4,4,4,4,4,4,4,3,2,9,0,0,4,0,1,0,1,1,1,1,2,3,2,1,1,2,2,9,9,2,2,0,0,1
2769459,3,7,7,2,7,7,3,2,2,2,1,1,1,1,1,1,1,1,1,1,1,2,2,1,2,2,2,2,2,1,2,2,2,1,1,1,2,1,1,1,1,9,1,1,2,1,4,4,4,4,4,4,4,4,4,1,1,0,0,4,0,0,0,2,1,2,1,2,3,2,1,1,2,2,9,9,2,2,68,67,1
5619887,3,1,1,5,3,3,0,0,3,1,1,1,1,1,0,0,0,0,0,0,1,2,2,1,2,2,2,2,2,1,2,2,2,2,1,1,3,1,2,1,1,9,1,1,1,1,0,0,0,0,0,0,0,0,0,2,9,0,1,1,0,0,0,0,0,0,1,2,3,2,2,1,9,9,2,9,9,9,2,0,1
2392310,3,1,1,5,3,2,3,0,0,1,1,1,1,1,0,0,0,0,0,0,1,2,2,1,2,2,2,2,2,1,2,2,2,2,1,1,2,1,1,1,1,9,1,1,2,1,0,0,0,0,0,0,0,0,0,1,2,0,0,3,0,0,0,0,0,1,1,2,3,2,1,1,9,9,9,9,9,9,10,10,1
7665792,3,1,1,2,3,2,3,0,0,1,1,1,1,1,0,0,0,0,0,0,1,2,2,1,2,2,2,2,2,1,2,2,2,1,1,1,2,1,1,1,1,9,1,2,9,1,0,0,0,0,0,0,0,0,0,2,9,0,0,2,0,0,0,0,0,1,1,2,3,2,1,1,9,9,9,9,9,9,6,6,1
7476487,3,3,2,3,9,3,4,4,1,2,1,1,2,1,0,0,0,0,2,0,1,2,2,1,2,2,2,2,2,1,2,2,2,2,1,1,2,1,1,2,1,9,1,1,1,1,2,2,2,4,4,2,4,4,4,1,2,1,0,2,0,0,0,0,1,1,1,1,3,2,1,1,2,2,9,9,2,2,133,0,1
1009881,3,1,1,1,2,3,2,0,0,1,1,1,1,1,0,0,0,0,1,1,1,2,2,1,2,2,2,2,2,1,2,2,2,1,1,1,2,1,2,2,1,9,1,1,1,1,0,0,0,0,0,0,0,0,0,2,9,0,1,0,0,0,0,0,0,0,2,2,3,2,1,1,9,9,2,9,9,9,5,5,1
1233490,3,6,6,7,10,10,8,0,2,1,2,0,4,4,0,0,0,0,0,0,1,2,2,1,2,2,2,2,2,1,2,2,2,2,1,1,1,1,1,2,1,9,1,1,2,1,3,3,3,4,4,4,4,4,2,2,9,1,0,4,0,0,0,1,1,2,1,2,3,2,1,1,2,2,9,9,2,2,0,0,1
9143797,3,1,1,1,3,2,3,0,0,1,1,1,1,1,0,0,0,0,0,0,1,2,2,1,1,2,2,2,2,1,1,2,2,2,1,1,2,1,1,1,1,9,1,1,1,1,0,0,0,0,0,0,0,0,0,2,9,0,0,1,0,0,0,0,0,0,1,2,3,2,1,1,9,9,9,9,9,9,9,0,1
2899393,3,4,4,5,4,2,3,0,1,1,1,1,1,1,0,0,0,0,0,0,1,2,2,1,2,2,2,2,2,1,2,2,2,2,1,1,2,1,2,1,1,9,1,1,1,1,0,0,0,0,0,0,0,0,0,2,9,0,2,0,0,0,0,0,0,0,1,2,3,2,1,1,9,9,2,9,9,9,28,28,1
9829271,3,4,4,5,4,2,2,2,0,1,1,1,1,1,1,1,1,1,0,0,1,2,2,1,2,2,2,2,2,1,2,2,2,2,1,1,2,1,1,2,1,9,1,1,1,2,0,0,0,0,0,0,0,0,0,1,2,0,1,1,0,0,0,0,0,0,1,2,3,1,1,1,9,9,2,9,9,9,0,0,1
7620821,3,1,1,2,2,3,2,0,0,1,1,1,1,1,0,0,0,0,0,0,1,2,2,1,2,2,2,2,2,1,2,2,2,1,1,1,1,1,1,1,1,9,1,1,1,1,0,0,0,0,0,0,0,0,0,2,9,0,2,1,0,0,0,0,0,0,1,2,3,2,1,1,9,9,2,9,9,9,0,0,1
9737414,3,2,2,5,13,6,9,2,2,1,2,1,2,1,1,1,0,0,2,2,1,2,2,1,2,2,2,2,2,1,2,2,2,2,1,1,2,1,1,1,1,9,1,1,1,1,2,2,2,2,2,4,4,4,4,2,9,0,0,4,0,1,0,1,1,1,1,2,1,2,1,1,2,2,9,9,2,2,175,175,1
8904970,3,1,1,2,2,1,2,0,0,1,1,0,1,0,1,1,0,0,0,0,1,2,2,1,2,2,2,2,2,1,2,2,2,2,1,1,2,1,1,1,1,9,1,1,1,1,0,0,0,0,0,0,0,0,0,2,9,0,2,2,0,0,0,0,0,0,1,2,3,2,2,1,9,9,2,9,9,9,0,0,1
7369635,3,1,0,2,2,1,1,0,1,1,1,0,1,1,0,0,0,0,0,0,1,2,2,1,2,2,2,2,2,1,2,2,2,2,1,1,2,1,1,1,1,9,1,1,1,1,0,0,0,0,0,0,0,0,0,2,9,0,1,0,0,0,0,0,0,0,1,2,3,2,2,1,9,9,2,9,9,9,4,4,1
2600357,3,1,1,2,2,1,0,2,0,1,0,0,1,1,0,0,0,0,0,0,1,2,2,1,2,2,2,2,2,1,2,2,2,2,1,1,2,1,1,1,1,9,1,1,1,1,0,0,0,0,0,0,0,0,0,2,9,0,1,0,0,0,0,0,0,0,1,2,3,2,2,1,9,9,2,9,9,9,0,0,1
1272782,3,16,13,7,16,7,0,4,12,2,1,1,4,4,0,0,0,0,1,3,1,2,2,1,2,2,2,2,2,1,2,2,2,2,1,1,2,1,2,2,1,9,1,1,2,2,2,2,2,3,3,2,3,3,2,1,1,0,0,2,0,0,0,1,0,1,1,1,3,2,1,1,2,2,9,9,2,2,0,0,1
5443985,3,2,2,5,3,3,2,0,1,1,1,1,1,1,0,0,0,0,0,0,1,2,2,1,2,2,2,2,2,1,2,2,2,2,1,1,2,1,1,2,1,9,1,2,9,1,0,0,0,0,0,0,0,0,0,1,1,1,0,3,0,1,0,1,1,2,1,1,3,2,1,1,2,2,9,9,2,9,46,43,1
4836894,3,1,1,5,3,4,3,0,0,1,1,1,2,2,0,0,0,0,2,0,1,2,2,1,2,2,2,2,2,1,2,2,2,2,2,1,1,1,2,1,1,9,1,1,1,1,0,0,0,0,0,0,0,0,0,2,9,0,0,7,0,0,0,2,0,1,1,2,3,2,1,1,2,2,9,9,2,9,0,0,1
7480035,3,1,1,2,2,1,0,0,2,1,1,1,1,1,0,0,0,0,0,0,1,2,2,1,2,2,2,2,2,1,2,2,2,2,1,1,2,1,1,1,1,9,1,1,1,1,0,0,0,0,0,0,0,0,0,2,9,0,2,2,0,0,0,0,0,0,1,2,3,2,2,1,9,9,2,9,9,9,13,0,1
8903752,3,1,1,2,2,2,2,0,0,1,1,1,1,1,0,0,0,0,0,0,1,2,2,1,2,2,2,2,2,1,2,2,2,2,1,1,2,1,1,1,1,9,1,1,1,1,0,0,0,0,0,0,0,0,0,2,9,0,1,1,0,0,0,0,0,0,1,2,3,2,1,1,9,9,2,9,9,9,0,0,2
3144528,3,2,2,4,5,2,2,0,3,1,1,1,1,1,1,1,1,1,1,1,1,2,2,1,2,2,2,2,2,1,2,2,2,2,1,1,2,1,1,1,1,9,1,1,1,1,0,0,0,0,0,0,0,0,0,2,9,0,0,4,0,0,0,2,1,1,1,2,3,2,1,1,2,2,9,9,2,9,0,0,1
9911458,3,2,2,1,2,1,2,0,0,1,1,1,1,1,0,0,0,0,2,1,1,2,1,1,2,2,2,2,1,1,2,2,2,2,1,1,2,1,1,2,1,9,1,1,1,1,0,0,0,0,0,0,0,0,0,2,9,0,1,1,0,0,0,0,0,0,1,2,3,2,1,1,9,9,2,9,9,9,10,10,1
8611034,3,1,1,7,2,1,2,0,0,1,1,1,1,1,0,0,0,0,0,0,1,2,2,1,2,2,2,2,2,1,2,2,2,2,1,1,1,1,1,2,1,9,1,2,9,1,0,0,0,0,0,0,0,0,0,2,9,0,1,1,0,0,0,0,0,0,1,2,3,2,1,1,9,9,2,9,9,9,10,10,1
1797898,3,1,0,5,2,1,0,0,2,1,1,1,1,1,0,0,0,0,0,0,1,2,2,1,2,2,2,2,2,1,2,2,2,2,1,1,2,1,2,1,1,9,1,1,1,1,0,0,0,0,0,0,0,0,0,2,9,0,0,1,0,0,0,0,0,0,1,2,3,1,1,1,9,9,2,9,9,9,4,0,1
4417988,3,1,1,1,2,0,2,0,0,2,1,1,1,1,0,0,0,0,0,0,1,2,2,1,2,2,1,2,2,1,2,2,2,2,1,1,2,1,1,1,1,9,1,1,2,1,0,0,0,0,0,0,0,0,0,2,9,0,1,0,0,0,0,0,0,0,1,2,3,2,1,1,9,9,2,9,9,9,0,0,1
8577942,3,2,2,2,2,1,2,0,0,1,1,1,1,1,0,0,0,0,0,0,1,2,2,1,2,2,2,2,2,1,2,2,2,2,1,1,2,1,1,1,1,9,1,1,1,1,0,0,0,0,0,0,0,0,0,2,9,0,2,1,0,0,0,0,0,0,1,2,3,2,1,1,9,9,2,9,9,9,8,8,1
2162195,3,1,1,2,3,3,2,1,0,1,2,2,1,1,0,0,0,0,0,0,1,2,2,1,2,2,2,2,2,1,2,2,2,2,1,1,2,1,1,1,1,9,1,1,1,1,0,0,0,0,0,0,0,0,0,1,1,0,0,2,0,0,0,0,1,1,1,2,3,2,1,1,9,9,9,9,9,9,3,0,1
2338338,3,2,2,2,2,2,2,0,0,1,1,1,1,1,0,0,0,0,0,0,1,2,2,1,2,2,2,2,2,1,2,2,2,2,1,1,2,1,1,1,1,9,1,1,1,1,0,0,0,0,0,0,0,0,0,2,9,0,1,2,0,0,0,0,0,1,1,2,3,2,1,1,9,9,2,9,9,9,0,0,2
9259484,3,1,1,5,2,2,2,0,0,1,0,0,1,1,0,0,0,0,0,0,1,2,2,1,2,2,2,2,2,1,2,2,2,3,1,1,2,1,1,1,1,9,1,1,2,1,0,0,0,0,0,0,0,0,0,2,9,0,0,1,0,0,0,0,0,0,1,2,3,2,2,1,9,9,2,9,9,9,2,2,2
8768069,3,1,0,2,2,1,0,0,2,1,1,1,1,1,0,0,0,0,0,0,1,2,2,1,2,2,2,2,2,1,2,2,2,2,1,1,2,1,1,1,1,9,1,1,1,2,0,0,0,0,0,0,0,0,0,2,9,0,1,0,0,0,0,0,0,0,1,2,3,2,1,1,9,9,2,9,9,9,0,0,1
6156417,3,2,2,1,2,1,2,0,0,1,1,1,1,1,0,0,0,0,0,0,1,2,2,1,2,2,2,2,2,1,2,2,2,2,1,1,2,1,1,1,1,9,1,1,1,1,0,0,0,0,0,0,0,0,0,2,9,0,2,1,0,0,0,0,0,0,1,2,3,1,1,1,9,9,2,9,9,9,26,26,1
1758912,3,1,1,1,2,1,0,2,0,1,1,1,1,1,0,0,0,0,0,0,1,2,2,1,2,2,2,2,2,1,2,2,2,2,1,1,2,1,1,1,1,9,1,1,1,1,0,0,0,0,0,0,0,0,0,2,9,0,1,1,0,0,0,0,0,0,1,2,3,2,2,1,9,9,2,9,9,9,0,0,1
3907543,3,1,1,5,2,1,2,0,0,1,2,2,2,2,0,0,0,0,0,0,1,2,2,1,2,2,2,2,2,1,2,2,2,2,1,1,2,1,1,1,1,9,1,1,1,1,0,0,0,0,0,0,0,0,0,2,9,0,1,1,0,0,0,0,0,0,1,1,3,2,1,1,9,9,2,9,9,9,0,0,1
5869425,3,10,10,5,10,10,10,0,0,2,2,2,2,2,0,0,0,0,0,0,1,2,2,1,2,2,2,2,2,1,2,2,2,1,1,1,1,1,1,1,1,9,1,2,9,1,4,4,4,4,4,4,4,4,4,2,9,0,0,2,0,0,0,1,1,1,1,2,3,2,1,1,2,2,9,9,2,2,179,0,1
7052231,3,2,1,2,3,3,0,3,0,1,1,1,1,1,0,0,0,0,0,0,1,2,2,1,2,2,2,2,2,1,2,2,2,1,1,1,1,1,1,1,1,9,1,1,1,1,0,0,0,0,0,0,0,0,0,2,9,0,1,1,0,0,0,0,0,0,1,2,3,2,1,1,9,9,2,9,9,9,13,0,1
3048866,3,1,1,1,3,1,3,0,0,1,1,1,1,1,0,0,0,0,0,0,1,2,2,1,2,2,2,2,2,1,2,2,2,2,1,1,2,1,1,1,1,9,1,1,1,1,0,0,0,0,0,0,0,0,0,2,9,0,0,1,0,0,0,0,0,0,1,1,3,2,1,1,9,9,9,9,9,9,0,0,1
5255136,3,1,1,1,3,1,2,0,1,1,1,1,1,1,0,0,0,0,1,0,1,2,2,1,2,2,2,2,2,1,2,2,2,1,1,1,2,1,1,1,1,9,1,1,1,1,0,0,0,0,0,0,0,0,0,2,9,0,2,1,0,0,0,0,0,0,1,1,3,2,1,1,9,9,2,9,9,9,0,0,1
9250615,3,1,1,2,2,1,0,2,0,1,1,1,1,1,0,0,0,0,0,0,1,2,2,1,2,2,2,2,2,1,2,2,2,1,1,1,2,1,1,1,1,9,1,1,1,1,0,0,0,0,0,0,0,0,0,2,9,0,2,0,0,0,0,0,0,0,1,1,3,2,2,1,9,9,2,9,9,9,7,0,1
1386632,3,1,1,2,2,0,0,0,2,2,1,1,1,1,0,0,0,0,0,0,1,2,2,1,2,2,2,2,2,1,2,2,2,1,1,1,2,1,1,1,1,9,1,2,9,1,0,0,0,0,0,0,0,0,0,2,9,0,1,0,0,0,0,0,0,0,1,2,3,2,1,1,9,9,2,9,9,9,0,0,2
1688315,3,1,0,5,2,1,0,0,2,1,0,0,1,1,0,0,0,0,0,0,1,2,2,1,2,2,2,2,2,1,2,2,2,2,1,1,2,1,1,1,1,9,1,1,2,1,0,0,0,0,0,0,0,0,0,2,9,0,2,1,0,0,0,0,0,0,1,2,3,2,1,1,9,9,2,9,9,9,17,15,1
4170046,3,1,1,2,2,2,0,2,0,1,2,0,1,1,0,0,0,0,0,0,1,2,2,1,2,2,2,2,2,1,2,2,2,2,1,1,2,1,1,1,1,9,1,1,1,1,0,0,0,0,0,0,0,0,0,2,9,0,2,1,0,0,0,0,0,0,1,2,3,2,1,1,9,9,2,9,9,9,0,0,1
5739919,3,1,1,2,2,2,1,1,0,1,1,1,1,0,0,0,0,0,0,0,1,2,2,1,2,2,2,2,2,1,2,2,2,2,1,1,2,1,1,1,1,9,1,1,2,1,0,0,0,0,0,0,0,0,0,2,9,0,1,1,0,0,0,0,0,0,1,1,3,2,1,1,9,9,2,9,9,9,10,0,1
4792808,3,1,1,5,2,1,0,2,0,1,1,0,1,1,0,0,0,0,1,1,1,2,2,1,2,2,2,2,2,1,2,2,2,1,1,1,2,1,1,1,1,9,1,1,1,1,0,0,0,0,0,0,0,0,0,1,2,0,1,1,0,0,0,0,0,0,1,2,1,1,1,1,9,9,2,9,9,9,0,0,1
3808140,3,1,1,2,2,2,2,0,0,2,1,1,1,1,0,0,0,0,0,0,1,2,2,1,2,2,2,2,2,1,2,2,2,1,1,1,2,1,1,1,1,9,1,1,1,1,0,0,0,0,0,0,0,0,0,2,9,0,1,1,0,0,0,0,0,0,1,2,3,2,1,1,9,9,2,9,9,9,0,0,2
3873987,3,3,3,1,3,3,3,0,0,1,1,1,2,2,0,0,0,0,0,0,1,2,2,1,2,2,2,2,2,1,2,2,2,2,1,1,2,1,1,1,1,9,1,1,2,1,0,0,0,0,0,0,0,0,0,2,9,0,0,1,0,0,0,0,0,0,1,2,3,2,1,1,9,9,9,9,9,9,0,0,1
8146543,3,1,1,5,2,2,2,0,0,1,1,1,1,1,0,0,0,0,0,0,1,2,2,1,2,2,2,2,2,1,2,2,2,1,1,1,2,1,2,1,1,9,1,1,1,1,0,0,0,0,0,0,0,0,0,2,9,0,2,1,0,0,0,0,0,0,1,2,3,2,1,1,9,9,2,9,9,9,0,0,1
8971691,3,1,1,3,2,2,0,1,1,1,2,2,1,1,0,0,0,0,0,0,1,2,2,1,2,2,2,2,2,1,2,2,2,2,1,1,3,1,1,1,1,9,1,1,1,1,0,0,0,0,0,0,0,0,0,1,2,0,1,2,0,0,0,0,1,0,1,2,3,2,1,1,9,9,2,9,9,9,8,0,1
3834809,3,1,1,1,2,1,2,0,0,1,1,1,1,1,0,0,0,0,0,0,1,2,2,1,2,2,2,2,2,1,2,2,2,1,1,1,1,1,1,1,1,9,1,1,1,1,0,0,0,0,0,0,0,0,0,2,9,0,1,1,0,0,0,0,0,0,1,2,3,2,1,1,9,9,2,9,9,9,0,0,1
8618165,3,10,10,5,10,1,4,3,3,2,1,1,1,1,0,0,0,0,0,0,1,2,2,1,2,2,2,2,2,1,2,2,2,1,1,1,2,1,1,2,1,9,1,1,2,1,2,2,2,2,4,4,4,4,4,1,1,0,0,5,0,0,0,1,1,3,1,2,3,2,1,1,2,2,9,9,2,2,46,0,1
2454904,3,3,3,5,4,1,4,0,0,1,1,1,1,1,0,0,0,0,0,0,1,2,2,1,1,2,2,2,2,1,1,2,2,2,1,1,2,1,1,1,1,9,1,2,9,1,3,3,3,3,1,3,3,3,3,2,9,0,0,1,0,0,0,0,0,0,1,2,3,2,1,2,2,2,9,9,2,2,5,5,1
8618675,3,2,2,7,5,5,5,0,0,1,1,1,1,1,0,0,0,0,0,0,1,2,2,1,2,2,2,2,2,1,2,2,2,2,1,1,2,1,1,1,1,9,1,1,1,1,0,0,0,0,0,0,0,0,0,1,2,0,1,1,0,0,0,0,0,0,1,2,3,2,1,1,9,9,2,9,9,9,19,19,1
5786865,3,1,1,2,3,2,3,0,0,1,1,1,1,1,0,0,0,0,0,0,1,2,2,1,2,2,2,2,2,1,2,2,2,1,1,1,2,1,1,1,1,9,1,1,1,1,0,0,0,0,0,0,0,0,0,2,9,0,0,2,0,0,0,0,0,1,1,2,3,2,2,1,9,9,9,9,9,9,0,0,1
8997235,3,4,3,5,8,10,8,0,0,1,1,1,1,1,0,0,0,0,0,0,1,2,2,1,2,2,2,2,2,1,2,2,2,1,1,1,2,1,1,1,2,1,1,1,1,1,4,4,4,4,4,4,4,4,4,2,9,0,0,3,0,0,0,2,1,1,1,2,3,2,1,1,2,2,9,9,2,2,68,0,1
1566265,3,2,1,2,2,1,2,0,0,1,1,1,1,1,0,0,0,0,0,0,1,2,2,1,2,2,2,2,2,1,2,2,2,2,1,1,2,1,1,1,1,9,1,1,2,1,0,0,0,0,0,0,0,0,0,2,9,0,0,2,0,0,0,0,0,0,1,2,3,2,2,1,9,9,2,9,9,9,0,0,2
5597551,1,3,2,5,11,6,6,5,0,1,2,2,2,2,0,0,0,0,0,0,1,2,2,1,2,2,2,2,2,1,2,2,2,2,1,1,2,1,1,1,1,9,1,1,1,1,2,2,2,3,3,2,2,3,4,2,9,1,0,4,0,0,0,0,0,2,1,2,3,2,1,1,2,2,9,9,2,2,11,0,1
2111520,3,2,2,2,5,6,5,0,0,1,2,2,3,3,0,0,0,0,5,0,1,2,2,1,2,2,2,2,2,1,2,2,2,2,1,1,1,1,1,1,1,9,1,1,1,1,0,0,0,0,0,0,0,0,0,1,2,0,0,4,0,0,0,0,0,0,2,2,3,2,2,1,2,2,9,9,2,9,69,0,1
4846774,3,1,1,5,2,1,2,0,0,1,1,1,1,1,0,0,0,0,0,0,1,2,2,1,2,2,2,2,2,1,2,2,2,2,1,1,2,1,1,2,1,9,1,1,1,1,0,0,0,0,0,0,0,0,0,2,9,0,1,1,0,0,0,0,0,0,1,2,3,2,1,1,9,9,2,9,9,9,18,0,1
4072337,3,1,1,2,3,3,2,1,0,1,0,0,1,1,0,0,0,0,0,0,1,2,2,1,2,2,2,2,2,1,2,2,2,1,1,1,2,1,1,1,1,9,1,1,1,1,0,0,0,0,0,0,0,0,0,1,2,0,1,2,0,0,0,0,0,0,1,2,3,2,1,1,9,9,2,9,9,9,0,0,1
7631149,1,3,2,1,3,4,2,0,1,1,1,1,1,1,0,0,0,0,0,0,1,2,2,1,2,2,2,2,2,1,2,2,2,2,1,1,2,1,1,2,1,9,1,2,9,1,0,0,0,0,0,0,0,0,0,2,9,1,0,0,0,0,0,0,0,1,1,2,3,2,1,2,2,2,9,9,2,9,0,0,1
6823028,3,3,3,1,3,1,3,0,0,1,1,1,1,1,0,0,0,0,0,0,1,2,2,1,2,2,2,2,2,1,2,2,2,2,1,1,1,1,2,2,1,9,1,1,2,1,0,0,0,0,0,0,0,0,0,2,9,0,2,2,0,0,0,0,0,1,1,2,3,2,1,1,9,9,2,9,9,9,0,0,1
3600749,3,1,1,5,5,3,5,0,0,2,1,1,2,2,0,0,0,0,0,0,1,2,2,1,2,2,2,2,2,1,2,2,2,2,1,1,2,1,1,1,1,9,1,1,1,1,0,0,0,0,0,0,0,0,0,1,2,0,0,4,0,0,0,0,0,1,1,2,3,2,1,1,2,2,9,9,2,9,29,0,1
7270669,3,1,1,5,2,1,0,2,0,1,1,1,1,1,0,0,0,0,0,1,1,2,2,1,2,2,2,2,2,2,2,2,2,2,1,1,2,1,1,1,1,9,1,1,1,1,0,0,0,0,0,0,0,0,0,2,9,0,2,1,0,0,0,0,0,0,1,2,3,2,1,1,9,9,2,9,9,9,0,0,1
9613164,3,7,6,7,5,6,2,0,3,1,2,2,4,4,0,0,1,1,0,0,1,2,2,1,2,2,2,2,2,1,2,2,2,2,1,1,2,1,1,1,1,9,1,2,9,2,4,4,4,4,4,4,4,4,4,2,9,1,0,14,0,0,0,1,1,2,1,2,3,2,1,1,2,2,9,9,2,2,329,0,1
2917374,3,1,1,2,2,1,0,0,2,1,1,1,1,1,0,0,0,0,0,0,1,2,2,1,2,2,2,2,2,1,2,2,2,2,1,1,2,1,1,1,1,9,1,1,2,1,0,0,0,0,0,0,0,0,0,2,9,0,1,1,0,0,0,0,0,0,1,2,3,2,2,1,9,9,2,9,9,9,3,0,2
1562926,3,1,1,5,2,1,0,0,2,1,1,1,1,1,0,0,0,0,0,0,1,2,2,1,2,2,2,2,2,1,2,2,2,2,1,1,2,1,1,1,1,9,1,1,1,2,0,0,0,0,0,0,0,0,0,2,9,0,2,1,0,0,0,0,0,0,1,2,3,2,2,1,9,9,2,9,9,9,0,0,1
4086306,3,1,0,2,2,2,2,0,0,1,1,1,1,1,0,0,0,0,1,1,1,2,2,1,2,2,1,2,2,1,2,2,1,2,1,1,2,1,2,2,1,9,1,2,9,1,0,0,0,0,0,0,0,0,0,2,9,0,2,1,0,0,0,0,0,0,1,2,1,1,1,1,9,9,2,9,9,9,0,0,1
2502710,3,5,5,1,12,5,3,6,3,1,0,0,6,6,0,0,0,0,0,6,1,2,2,1,2,2,2,2,2,1,2,2,2,2,1,1,2,1,1,1,2,1,1,2,9,1,4,4,4,4,4,4,4,4,4,1,1,1,0,6,0,0,0,1,1,3,1,2,3,2,1,1,2,2,9,9,2,2,163,0,1
9477191,3,1,1,4,2,1,2,0,0,1,1,1,1,1,0,0,0,0,0,0,1,2,2,1,2,2,2,2,2,1,2,2,2,2,1,1,2,1,1,1,1,9,1,1,1,1,0,0,0,0,0,0,0,0,0,2,9,0,2,0,0,0,0,0,0,0,1,2,3,1,2,1,9,9,2,9,9,9,4,0,1
4241182,3,1,1,2,2,1,2,0,0,2,2,2,1,1,0,0,0,0,0,0,1,2,2,1,2,2,2,2,2,1,2,2,2,2,1,1,2,1,1,1,1,9,1,1,1,2,0,0,0,0,0,0,0,0,0,2,9,0,2,1,0,0,0,0,0,0,1,1,3,2,1,1,9,9,2,9,9,9,0,0,1
6019751,3,1,1,2,3,3,2,1,0,2,1,1,1,1,0,0,0,0,3,0,1,2,2,1,2,2,2,2,2,1,2,2,2,1,1,1,2,1,1,1,1,9,1,1,1,1,0,0,0,0,0,0,0,0,0,2,9,0,2,1,0,0,0,0,0,0,1,2,3,2,1,1,9,9,2,9,9,9,25,25,1
6369990,3,1,1,1,2,2,2,0,0,1,1,1,1,1,0,0,0,0,0,0,1,2,2,1,2,2,2,2,2,1,2,2,2,2,1,1,2,1,1,1,1,9,1,1,1,1,0,0,0,0,0,0,0,0,0,2,9,0,1,1,0,0,0,0,0,0,1,2,3,2,2,1,9,9,2,9,9,9,0,0,1
1133263,3,1,1,7,3,1,1,0,2,1,1,1,1,1,0,0,0,0,0,0,1,2,2,1,2,2,2,2,2,1,2,2,2,2,1,1,2,1,1,1,1,9,1,1,1,2,0,0,0,0,0,0,0,0,0,2,9,0,1,2,0,0,0,0,0,0,1,2,3,2,2,1,9,9,2,9,9,9,0,0,1
9079353,3,1,1,2,2,1,0,2,0,1,1,1,1,1,0,0,0,0,0,0,1,2,2,1,2,2,2,2,2,1,2,2,2,1,1,1,2,1,1,2,1,9,1,1,1,1,0,0,0,0,0,0,0,0,0,1,2,0,2,1,0,0,0,0,1,0,1,2,3,2,1,1,9,9,2,9,9,9,15,0,1
3657739,3,1,1,2,2,1,2,0,0,1,1,1,1,1,0,0,0,0,1,1,1,2,2,1,2,2,2,2,2,1,2,2,2,2,1,1,2,1,1,1,1,9,1,1,1,1,0,0,0,0,0,0,0,0,0,2,9,0,2,1,0,0,0,0,0,0,1,2,3,2,1,1,9,9,2,9,9,9,22,22,1
3861306,3,1,1,5,2,1,0,2,0,1,1,1,1,1,0,0,0,0,1,1,1,2,2,1,2,2,2,2,2,1,2,2,2,1,1,1,2,1,1,1,1,9,1,1,1,2,0,0,0,0,0,0,0,0,0,2,9,0,1,1,0,0,0,0,0,0,1,2,3,2,1,1,9,9,2,9,9,9,0,0,1
3237711,3,3,3,7,8,3,7,1,0,1,1,1,1,1,0,0,0,0,1,1,1,2,2,1,2,2,2,2,2,1,2,2,2,2,1,1,2,1,1,1,1,9,1,1,1,2,4,4,4,4,4,2,4,4,4,2,9,0,0,8,0,0,0,3,0,2,1,2,3,2,1,1,2,2,9,9,2,2,0,0,1
1895174,3,1,1,2,3,3,3,0,0,1,2,2,2,2,0,0,0,0,0,0,1,2,2,1,2,2,2,2,2,1,2,2,2,2,1,1,2,1,1,1,1,9,1,1,1,2,0,0,0,0,0,0,0,0,0,2,9,0,1,2,0,0,0,0,0,1,1,2,3,2,2,1,9,9,9,9,9,9,0,0,1
4410844,3,1,1,7,3,2,0,3,0,1,1,0,1,1,0,0,0,0,0,0,1,2,2,1,2,2,2,2,2,1,2,2,2,1,1,1,2,1,1,1,1,9,1,2,9,1,0,0,0,0,0,0,0,0,0,2,9,0,0,4,0,0,0,0,0,1,1,1,3,2,1,1,9,9,9,9,9,9,48,0,1
8621109,3,1,1,5,2,1,0,0,2,1,2,2,1,1,0,0,0,0,0,0,1,2,2,1,2,2,2,2,2,1,2,2,2,2,1,1,1,1,1,1,1,9,1,1,1,1,0,0,0,0,0,0,0,0,0,2,9,0,2,1,0,0,0,0,0,0,1,2,3,2,2,1,9,9,2,9,9,9,15,15,1
8268540,3,1,1,2,3,1,1,1,1,1,1,1,1,1,0,0,0,0,0,0,1,2,2,1,2,2,2,2,2,1,2,2,2,1,1,1,1,1,1,2,1,9,1,1,2,1,0,0,0,0,0,0,0,0,0,2,9,0,0,0,0,0,0,0,0,0,2,2,2,2,2,1,9,9,9,9,9,9,3,0,1
8047055,3,1,0,1,2,0,1,0,1,2,1,0,1,1,1,1,0,0,0,0,1,2,2,1,2,2,2,2,2,1,2,2,2,2,1,1,2,1,1,1,1,9,1,1,1,1,0,0,0,0,0,0,0,0,0,2,9,0,1,1,0,0,0,0,0,1,1,2,3,2,1,1,9,9,2,9,9,9,0,0,1
4427191,3,1,1,1,2,1,2,0,0,1,1,1,1,1,0,0,0,0,0,0,1,2,2,1,1,2,2,2,2,1,1,2,2,1,1,1,2,1,1,1,1,9,1,1,1,1,0,0,0,0,0,0,0,0,0,2,9,0,1,1,0,0,0,0,0,0,1,2,3,2,2,1,9,9,2,9,9,9,9,9,1
6148581,3,1,1,5,2,1,2,0,0,1,1,1,1,1,0,0,0,0,0,0,1,2,2,1,2,2,2,2,2,1,2,2,2,2,1,1,2,1,1,1,1,9,1,1,1,2,0,0,0,0,0,0,0,0,0,2,9,0,2,1,0,0,0,0,0,0,1,2,3,2,2,1,9,9,2,9,9,9,0,0,1
3716848,3,1,1,1,2,1,2,0,0,1,1,1,1,1,0,0,0,0,0,0,1,2,2,1,2,2,2,2,2,1,2,2,2,2,1,1,2,1,1,1,1,9,1,1,1,1,0,0,0,0,0,0,0,0,0,2,9,0,1,2,0,0,0,0,0,0,1,2,3,1,2,1,9,9,2,9,9,9,5,5,1
7947029,3,4,4,7,4,2,2,1,1,1,2,1,1,1,1,1,1,1,0,0,1,2,2,1,2,2,2,2,2,1,2,2,2,2,1,1,2,1,2,1,1,9,1,1,1,1,0,0,0,0,0,0,0,0,0,2,9,0,0,4,0,0,0,0,0,2,1,1,3,1,1,1,9,9,9,9,9,9,16,15,1
1567262,3,2,2,1,2,3,0,2,0,1,1,1,1,1,0,0,0,0,0,0,1,2,2,1,2,2,2,2,2,1,2,2,2,1,1,1,2,1,1,1,1,9,1,1,1,1,0,0,0,0,0,0,0,0,0,1,2,0,2,1,0,0,0,0,0,0,1,2,3,1,2,1,9,9,2,9,9,9,130,0,1
1777377,3,4,3,1,9,10,9,0,0,1,2,2,2,2,0,0,0,0,2,2,1,2,2,1,2,2,2,2,2,1,2,2,2,2,1,1,1,1,1,1,1,9,1,2,9,1,1,1,1,3,4,2,3,4,2,1,1,0,0,3,0,1,0,4,2,3,1,2,3,2,2,1,2,1,9,9,2,2,0,0,1
7835805,3,2,1,2,5,7,2,3,0,1,1,1,1,1,0,0,0,0,1,1,1,2,2,1,2,2,2,2,2,1,2,2,2,2,1,1,2,1,1,1,1,9,1,1,1,1,0,0,0,0,0,0,0,0,0,1,1,0,0,3,0,0,0,1,1,1,1,2,3,2,1,1,2,1,9,9,2,9,95,95,1
3207494,3,1,1,2,2,3,2,0,0,2,1,1,1,1,0,0,0,0,0,0,1,2,2,1,2,2,2,2,2,1,2,2,2,2,1,1,2,1,1,1,1,9,1,1,1,1,0,0,0,0,0,0,0,0,0,2,9,0,2,0,0,0,0,0,0,0,1,2,3,2,1,1,9,9,2,9,9,9,10,10,1
4151851,3,2,2,7,6,6,0,3,3,1,2,2,2,2,0,0,0,0,2,0,1,2,2,1,2,2,2,2,2,1,2,2,2,2,1,1,2,1,1,1,1,9,1,2,9,2,0,0,0,0,0,0,0,0,0,2,9,0,0,4,0,0,0,1,1,1,1,2,3,2,1,1,2,2,9,9,2,9,101,0,1
7886507,3,1,1,1,2,2,0,0,2,1,1,1,1,1,1,1,0,0,0,0,1,2,2,1,2,2,2,2,2,1,2,2,2,2,1,1,2,1,1,2,1,9,1,1,1,2,0,0,0,0,0,0,0,0,0,2,9,0,2,1,0,0,0,0,0,0,1,2,3,2,2,1,9,9,2,9,9,9,0,0,2
1150580,3,1,1,2,3,2,3,0,0,1,1,1,1,1,1,1,0,0,2,0,1,2,2,1,2,2,2,2,2,1,2,2,2,1,1,1,1,1,1,1,1,9,1,1,1,1,0,0,0,0,0,0,0,0,0,2,9,0,0,2,0,0,0,0,1,1,1,2,3,2,1,1,9,9,9,9,9,9,16,0,1
1989257,3,1,0,1,2,1,0,2,0,1,2,1,1,1,0,0,0,0,0,0,1,2,2,1,2,2,2,2,2,1,2,2,2,2,1,1,2,1,1,2,1,9,1,1,1,2,0,0,0,0,0,0,0,0,0,2,9,0,3,2,0,0,0,0,0,0,1,2,3,2,1,1,9,9,2,9,9,9,22,22,1
9618808,3,1,1,5,2,0,2,0,0,2,1,1,1,1,0,0,0,0,0,0,1,2,2,1,2,2,2,2,2,1,2,2,2,2,1,1,2,1,1,1,1,9,1,1,2,1,0,0,0,0,0,0,0,0,0,1,2,0,1,1,0,0,0,0,0,0,1,2,3,2,2,1,9,9,2,9,9,9,18,12,1
5699421,3,1,1,5,2,1,0,0,2,1,0,0,1,1,0,0,0,0,0,0,1,2,2,1,2,2,2,2,2,1,2,2,2,1,1,1,2,1,1,1,1,9,1,1,1,2,0,0,0,0,0,0,0,0,0,2,9,0,2,1,0,0,0,0,0,0,1,2,3,2,2,1,9,9,2,9,9,9,0,0,1
3044422,3,2,2,2,3,3,3,0,0,1,2,2,1,1,2,2,1,1,1,1,1,2,2,1,2,2,2,2,2,1,2,2,2,1,1,1,1,1,1,1,1,9,1,1,1,1,0,0,0,0,0,0,0,0,0,1,2,0,2,2,0,0,0,0,1,0,1,2,3,2,2,1,9,9,2,9,9,9,0,0,1
1891167,3,3,0,2,3,1,3,0,0,1,1,1,1,1,0,0,0,0,0,0,1,2,2,1,2,2,2,2,2,1,2,2,2,2,1,1,1,1,1,1,1,9,1,1,1,1,0,0,0,0,0,0,0,0,0,2,9,0,2,1,0,0,0,0,0,0,2,1,3,2,1,1,9,9,2,9,9,9,13,13,1
9389803,3,1,1,2,2,1,2,0,0,1,1,1,1,0,0,0,0,0,0,0,1,2,2,1,2,2,2,2,2,1,2,2,2,2,1,1,2,1,1,1,1,9,1,1,1,1,0,0,0,0,0,0,0,0,0,2,9,0,2,2,0,0,0,0,0,1,1,1,3,2,1,1,9,9,2,9,9,9,0,0,1
7999511,3,2,1,1,4,1,4,0,0,1,2,2,1,1,0,0,0,0,0,0,1,2,2,1,2,2,2,2,2,1,2,2,2,1,1,1,2,1,1,1,1,9,1,1,1,1,0,0,0,0,0,0,0,0,0,2,9,0,4,3,0,0,0,0,0,1,1,2,3,2,1,1,9,9,2,9,9,9,0,0,1
4548253,3,4,3,5,12,3,9,2,1,1,2,2,2,2,0,0,0,0,2,2,1,2,2,1,2,2,2,2,2,1,2,2,2,2,1,1,2,1,1,1,1,9,1,1,2,1,3,4,4,4,4,4,4,4,4,1,2,1,0,8,0,0,0,1,2,5,1,1,3,2,1,1,2,2,9,9,2,2,42,73,1
5188887,3,1,1,2,2,1,2,0,0,1,1,1,1,1,0,0,0,0,0,0,1,2,2,1,2,2,2,2,2,1,2,2,2,2,1,1,2,1,1,1,1,9,1,1,2,2,0,0,0,0,0,0,0,0,0,2,9,0,2,2,0,0,0,0,0,0,1,2,1,2,1,1,9,9,2,9,9,9,5,0,1
8570899,3,1,1,1,2,1,0,0,2,1,1,0,1,1,0,0,0,0,0,0,1,2,2,1,2,2,2,2,2,1,2,2,2,2,1,1,2,1,1,1,1,9,1,1,1,1,0,0,0,0,0,0,0,0,0,2,9,0,1,0,0,0,0,0,0,0,1,2,3,2,2,1,9,9,2,9,9,9,10,0,1
3190968,3,1,1,7,2,1,0,2,0,1,1,1,1,1,0,0,0,0,0,0,1,2,2,1,2,2,2,2,2,1,2,2,2,2,1,1,1,1,1,1,1,9,1,1,1,1,0,0,0,0,0,0,0,0,0,2,9,0,2,2,0,0,0,0,0,1,1,1,3,2,2,1,9,9,2,9,9,9,25,0,1
8948297,3,1,1,1,3,3,3,0,0,1,1,1,1,1,0,0,0,0,0,0,1,2,2,1,2,2,2,2,2,1,2,2,2,2,1,1,2,1,1,1,1,9,1,1,1,1,0,0,0,0,0,0,0,0,0,2,9,0,2,1,0,0,0,0,0,1,1,2,2,1,1,1,9,9,2,9,9,9,0,0,1
3041770,3,1,1,1,2,1,2,0,0,1,1,1,1,1,1,1,0,0,0,0,1,2,2,1,2,2,2,2,2,1,2,2,2,2,1,1,1,1,1,1,1,9,1,1,1,1,0,0,0,0,0,0,0,0,0,1,2,0,2,1,0,0,0,0,0,0,1,2,3,2,1,1,9,9,2,9,9,9,0,0,1
2337541,3,1,1,2,3,2,1,2,0,1,1,1,1,1,0,0,0,0,0,0,1,2,2,1,2,2,2,2,2,1,2,2,2,3,1,1,2,1,1,1,1,9,1,1,1,1,0,0,0,0,0,0,0,0,0,1,2,0,0,1,0,0,0,0,0,0,1,2,3,1,1,1,9,9,9,9,9,9,6,6,1
2870641,3,1,1,1,2,1,1,1,0,1,1,1,1,0,0,0,0,0,0,0,1,2,2,1,2,2,2,2,2,1,2,2,2,2,1,1,2,1,1,1,1,9,1,1,1,2,0,0,0,0,0,0,0,0,0,2,9,0,1,1,0,0,0,0,0,0,1,2,3,2,2,1,9,9,2,9,9,9,0,0,1
8698265,3,1,1,2,2,1,2,0,0,1,1,1,1,1,0,0,0,0,0,2,1,2,2,1,2,2,2,2,2,1,2,2,2,2,1,1,1,1,1,1,2,2,1,1,1,1,0,0,0,0,0,0,0,0,0,2,9,0,1,1,0,0,0,0,0,0,1,2,3,2,1,1,9,9,2,9,9,9,0,0,1
6694733,3,1,1,5,2,1,0,0,2,1,1,0,1,1,0,0,0,0,0,0,1,2,2,1,2,2,2,2,2,1,2,2,2,2,1,1,2,1,1,1,1,9,1,1,2,1,0,0,0,0,0,0,0,0,0,2,9,0,2,1,0,0,0,0,0,0,1,2,3,2,2,1,9,9,2,9,9,9,17,0,1
9869269,3,1,1,2,3,1,0,0,3,1,1,1,1,1,0,0,0,0,0,0,1,2,2,1,2,2,2,2,2,1,2,2,2,2,1,1,2,1,1,1,1,9,1,1,2,1,0,0,0,0,0,0,0,0,0,2,9,0,0,2,0,0,0,0,0,0,1,2,3,2,2,1,9,9,9,9,9,9,8,0,1
6636658,3,1,0,2,3,1,0,0,3,1,1,0,1,1,0,0,0,0,1,0,1,2,2,1,2,2,2,2,2,1,2,2,2,2,1,1,1,1,1,1,1,9,1,1,1,1,0,0,0,0,0,0,0,0,0,2,9,0,2,1,0,0,0,0,0,1,1,2,3,2,2,1,9,9,2,9,9,9,62,62,1
1718762,3,5,2,5,5,2,1,0,4,1,1,1,0,0,0,0,0,0,0,0,1,2,2,1,2,2,2,2,2,1,2,2,2,2,1,1,1,1,1,2,2,1,1,1,2,2,0,0,0,0,0,0,0,0,0,2,9,0,0,4,0,0,0,0,0,0,1,2,3,2,1,1,2,2,9,9,2,9,72,0,1
6102244,3,1,0,2,2,1,0,0,2,1,1,1,1,1,0,0,0,0,0,0,1,2,2,1,2,2,2,2,2,1,2,2,2,2,1,1,2,1,2,1,2,1,1,1,1,1,0,0,0,0,0,0,0,0,0,2,9,0,1,1,0,0,0,0,0,0,1,2,3,2,2,1,9,9,2,9,9,9,0,0,1
7073310,3,1,1,1,4,1,4,0,0,1,2,2,1,1,0,0,0,0,1,0,1,2,2,1,2,2,2,2,2,1,2,2,2,2,1,1,2,1,1,1,2,1,1,1,1,2,0,0,0,0,0,0,0,0,0,2,9,1,3,5,0,0,0,0,1,1,1,2,3,2,1,1,9,9,2,9,9,9,0,0,1
2862818,3,1,1,2,3,1,3,0,0,1,0,0,1,1,0,0,0,0,0,0,1,2,2,1,2,2,2,2,2,1,2,2,2,1,1,1,3,1,1,1,1,9,1,1,1,1,0,0,0,0,0,0,0,0,0,2,9,0,2,1,0,0,0,0,0,0,1,2,3,2,1,1,9,9,2,9,9,9,9,9,1
1767209,3,1,0,5,2,1,0,0,2,1,1,0,1,1,0,0,0,0,1,1,1,2,2,1,2,2,2,2,2,1,2,2,2,2,1,1,2,1,1,1,1,9,1,1,1,1,0,0,0,0,0,0,0,0,0,2,9,0,2,1,0,0,0,0,0,0,1,2,2,2,2,1,9,9,2,9,9,9,30,30,1
4571575,3,3,2,7,9,12,7,0,2,1,2,2,2,2,1,1,0,0,3,0,1,2,2,1,2,2,2,2,2,1,2,2,2,3,1,1,1,1,1,1,1,9,1,2,9,1,2,2,2,4,2,4,4,4,4,1,2,0,0,11,0,0,0,2,3,2,1,2,3,2,1,1,1,2,9,9,2,2,231,231,1
9700057,3,1,0,2,2,1,2,0,0,1,1,0,1,1,0,0,0,0,0,0,1,2,2,1,2,2,2,2,2,1,2,2,2,2,1,1,2,1,1,1,1,9,1,1,1,1,0,0,0,0,0,0,0,0,0,2,9,0,1,1,0,0,0,0,0,0,1,2,3,2,2,1,9,9,2,9,9,9,5,0,1
7862210,3,1,1,5,2,0,2,0,0,2,2,2,1,1,0,0,0,0,0,0,1,2,2,1,2,2,2,2,2,1,2,2,2,2,1,1,2,1,1,1,1,9,1,1,1,1,0,0,0,0,0,0,0,0,0,2,9,0,1,1,0,0,0,0,0,0,1,2,3,2,2,1,9,9,2,9,9,9,5,0,1
7493822,3,3,3,1,13,8,13,0,0,1,0,0,11,11,0,0,1,1,0,6,1,2,2,1,2,2,2,2,2,1,2,2,2,2,1,1,1,1,1,1,1,9,1,1,1,1,2,2,2,4,4,4,2,4,1,1,2,4,0,21,0,0,0,1,1,4,1,1,3,2,1,1,2,1,9,9,2,2,294,294,1
3706841,3,1,1,2,2,2,2,0,0,1,1,1,1,1,0,0,0,0,0,0,1,2,2,1,2,2,2,2,2,1,2,2,2,1,1,1,2,1,1,1,1,9,1,1,1,1,0,0,0,0,0,0,0,0,0,1,2,0,1,1,0,0,0,0,0,0,1,2,3,2,1,1,9,9,2,9,9,9,5,0,1
2443292,3,1,1,7,2,1,2,0,0,1,2,2,1,1,0,0,0,0,0,0,1,2,1,1,2,2,2,2,1,1,2,2,2,1,1,1,2,1,1,1,1,9,1,1,1,1,0,0,0,0,0,0,0,0,0,1,2,0,1,1,0,0,0,0,0,0,1,1,1,2,1,1,9,9,2,9,9,9,0,0,1
8709546,3,1,0,5,2,1,2,0,0,1,1,1,1,1,0,0,0,0,0,0,1,2,2,1,2,2,2,2,2,1,2,2,2,1,1,1,2,1,1,1,1,9,1,1,1,1,0,0,0,0,0,0,0,0,0,2,9,0,2,1,0,0,0,0,0,0,1,2,3,2,1,1,9,9,2,9,9,9,2,2,1
5136338,3,1,1,5,2,1,2,0,0,1,0,0,1,1,0,0,0,0,0,0,1,2,2,1,2,2,2,2,2,1,2,2,2,1,1,1,2,1,1,1,1,9,1,1,1,1,0,0,0,0,0,0,0,0,0,2,9,0,1,0,0,0,0,0,0,0,1,2,3,2,2,1,9,9,2,9,9,9,0,0,1
7370977,3,3,0,7,15,12,6,3,6,1,3,3,2,2,0,0,0,0,1,1,1,2,2,1,2,2,2,2,2,1,2,2,2,1,1,1,2,1,1,1,1,9,1,1,2,1,1,1,1,1,4,2,4,4,1,1,2,1,2,14,0,4,0,6,1,4,1,1,3,2,1,1,1,1,9,9,1,1,523,201,1
3978944,3,1,1,7,3,1,3,0,0,1,1,1,1,1,1,1,1,1,0,0,1,2,2,1,2,2,2,2,2,1,2,2,2,2,1,1,1,1,1,1,1,9,1,1,1,1,0,0,0,0,0,0,0,0,0,2,9,0,2,1,0,0,0,0,0,0,1,2,3,2,2,1,9,9,2,9,9,9,0,0,1
7878276,3,1,1,2,2,1,2,0,0,1,1,1,1,1,0,0,0,0,0,0,1,2,2,1,2,2,2,2,2,1,2,2,2,1,1,1,2,1,1,1,1,9,1,1,2,1,0,0,0,0,0,0,0,0,0,2,9,0,0,1,0,0,0,0,0,0,1,2,3,2,2,1,9,9,2,9,9,9,0,0,1
6106197,3,1,1,2,2,2,0,0,2,1,1,0,1,1,0,0,0,0,0,0,1,2,2,1,1,2,2,2,2,1,1,2,2,2,1,1,2,1,1,1,1,9,1,1,2,1,0,0,0,0,0,0,0,0,0,2,9,0,0,0,0,0,0,1,0,0,1,2,3,2,1,1,9,9,9,9,9,9,3,0,1
2635573,3,1,1,5,3,2,0,3,0,1,1,1,1,1,1,1,1,1,0,0,1,2,2,1,2,2,2,2,2,1,2,2,2,2,1,1,2,1,1,2,1,9,1,1,1,1,0,0,0,0,0,0,0,0,0,2,9,0,0,4,0,0,0,0,0,1,1,1,3,2,1,1,9,9,9,9,9,9,0,0,1
4857165,3,1,0,7,2,1,1,1,0,1,1,1,1,1,1,1,1,1,1,0,1,2,2,1,2,2,2,2,2,1,2,2,2,2,1,1,2,1,1,1,1,9,1,1,1,1,0,0,0,0,0,0,0,0,0,2,9,0,2,1,0,1,0,0,0,0,1,2,3,2,1,1,9,9,2,9,9,9,0,0,1
7118372,3,1,1,1,2,1,2,0,0,1,1,1,1,1,0,0,0,0,0,0,1,2,2,1,2,2,2,2,2,1,2,2,2,2,1,1,2,1,1,1,1,9,1,1,1,1,0,0,0,0,0,0,0,0,0,2,9,0,1,1,0,0,0,1,0,0,1,2,3,2,1,1,9,9,2,9,9,9,10,0,1
8834066,3,2,2,1,3,4,3,0,0,1,1,1,1,1,0,0,0,0,1,1,1,2,2,1,2,2,2,2,2,1,2,2,2,2,1,1,3,1,1,1,1,9,1,1,1,1,0,0,0,0,0,0,0,0,0,1,2,0,2,2,0,0,0,0,0,1,1,1,3,1,1,1,9,9,2,9,9,9,24,0,1
1890783,3,2,2,7,12,8,8,2,2,1,3,3,1,1,1,1,0,0,5,0,1,2,2,1,2,2,2,2,2,1,2,2,2,2,1,1,2,1,1,1,1,9,1,1,1,1,2,2,2,3,4,2,4,4,2,1,1,1,0,16,1,0,0,1,1,1,1,1,3,2,1,1,2,2,9,9,2,2,0,0,1
8624798,3,1,1,2,3,2,0,0,3,1,0,0,2,2,0,0,1,1,0,0,1,2,2,1,2,2,2,2,2,1,2,2,2,1,1,1,2,1,1,1,1,9,1,1,1,1,0,0,0,0,0,0,0,0,0,2,9,0,0,1,0,0,0,0,1,0,1,2,3,2,1,1,9,9,9,9,9,9,25,25,1
6251578,3,6,1,2,12,0,2,0,10,2,1,1,1,1,0,0,0,0,0,0,1,2,2,1,2,2,2,2,2,1,2,2,2,2,1,1,2,1,1,1,1,9,1,1,2,1,4,4,4,4,4,4,4,4,4,2,9,0,0,2,0,0,0,1,1,0,1,2,3,2,1,1,2,2,9,9,2,2,46,0,1
7405069,3,1,1,2,2,1,2,0,0,1,1,1,1,1,0,0,0,0,0,0,1,2,2,1,2,2,2,2,2,1,2,2,2,2,1,1,2,1,1,1,1,9,1,1,1,1,0,0,0,0,0,0,0,0,0,2,9,0,1,1,0,0,0,0,0,0,1,1,3,2,1,1,9,9,2,9,9,9,0,0,1
2612611,3,1,1,5,3,2,0,0,3,1,0,0,2,2,0,0,0,0,0,0,1,2,2,1,2,2,2,2,2,1,2,2,2,2,1,1,2,1,1,1,1,9,1,1,2,2,0,0,0,0,0,0,0,0,0,2,9,0,0,4,0,0,0,0,0,1,1,2,3,2,2,1,9,9,9,9,9,9,27,27,1
6027495,3,1,1,1,4,2,2,2,0,1,1,1,1,1,0,0,0,0,0,0,1,2,2,1,2,2,2,2,2,1,2,2,2,2,1,1,2,1,2,1,1,9,1,1,1,1,0,0,0,0,0,0,0,0,0,1,2,0,2,2,0,0,0,0,0,0,1,1,3,2,1,1,9,9,2,9,9,9,0,0,2
6399550,3,1,1,3,3,0,3,0,0,2,1,1,1,1,0,0,0,0,0,0,1,2,2,1,2,2,2,2,2,1,2,2,2,1,1,1,2,1,2,1,1,9,1,1,1,1,0,0,0,0,0,0,0,0,0,2,9,0,1,1,0,0,0,0,0,0,1,2,3,2,1,1,9,9,2,9,9,9,0,0,1
1330330,3,1,1,1,3,2,1,1,1,1,0,0,4,4,0,0,0,0,0,0,1,2,2,1,2,2,2,2,2,1,2,2,2,2,1,1,2,1,1,1,1,9,1,1,1,1,0,0,0,0,0,0,0,0,0,2,9,0,0,1,0,0,0,0,1,0,1,2,3,2,1,1,9,9,9,9,9,9,22,22,1
3939260,3,1,1,2,2,1,0,0,2,1,1,1,1,1,0,0,0,0,0,0,1,2,2,1,2,2,2,2,2,1,2,2,2,2,1,1,2,1,1,1,1,9,1,1,1,1,0,0,0,0,0,0,0,0,0,2,9,0,2,1,0,0,0,0,0,0,1,2,3,1,1,1,9,9,2,9,9,9,7,4,1
5906372,3,1,1,7,2,1,2,0,0,1,1,1,1,1,0,0,0,0,0,0,1,2,2,1,2,2,2,2,2,1,2,2,2,2,1,1,2,1,2,1,1,9,1,1,1,1,0,0,0,0,0,0,0,0,0,2,9,0,1,1,0,0,0,0,0,0,1,2,3,2,1,1,9,9,2,9,9,9,0,0,1
5517584,3,1,1,2,3,2,0,0,3,1,1,1,1,1,0,0,0,0,0,0,1,2,2,1,2,2,2,2,2,1,2,2,2,2,1,1,2,1,1,1,1,9,1,1,1,1,0,0,0,0,0,0,0,0,0,2,9,0,0,4,0,0,0,0,0,1,1,2,3,2,1,1,9,9,9,9,9,9,19,19,1
6395467,3,1,1,1,3,1,3,0,0,1,1,1,1,1,0,0,0,0,0,0,1,2,2,1,2,2,2,2,2,1,2,2,2,2,1,1,2,1,1,1,1,9,1,1,1,1,0,0,0,0,0,0,0,0,0,2,9,0,0,2,0,0,0,1,0,1,1,2,3,2,1,1,9,9,9,9,9,9,5,0,1
6079038,3,6,6,5,6,2,1,2,3,2,1,1,1,1,0,0,0,0,0,0,1,2,2,1,2,2,2,2,2,1,2,2,2,2,1,1,2,1,1,1,1,9,1,2,9,1,3,3,4,4,4,4,4,4,4,2,9,0,0,3,0,0,0,1,1,2,1,2,3,2,1,1,2,2,9,9,2,2,0,0,1
9748066,3,1,1,2,3,2,0,3,0,1,1,0,1,1,0,0,0,0,0,0,1,2,2,1,2,2,2,2,2,1,2,2,2,1,1,1,2,1,1,1,1,9,1,1,1,1,0,0,0,0,0,0,0,0,0,2,9,0,0,3,0,0,0,0,0,1,1,2,3,2,1,1,9,9,9,9,9,9,12,0,1
7415694,3,2,2,1,2,1,2,0,0,1,1,1,1,1,0,0,0,0,1,1,1,2,2,1,2,2,2,2,2,1,2,2,2,1,1,1,2,1,1,1,1,9,1,1,1,1,0,0,0,0,0,0,0,0,0,2,9,0,1,0,0,0,0,0,0,0,1,2,3,2,1,1,9,9,2,9,9,9,0,0,1
2840715,3,1,1,2,2,1,2,0,0,1,1,1,1,1,0,0,0,0,0,0,2,2,2,1,2,2,2,2,2,1,2,2,2,2,1,1,2,1,2,1,1,9,1,1,1,2,0,0,0,0,0,0,0,0,0,2,9,0,1,1,0,0,0,0,1,0,1,2,3,2,2,1,9,9,2,9,9,9,0,0,1
4352601,3,1,1,2,2,1,0,2,0,1,1,1,1,1,0,0,0,0,0,0,1,2,2,1,2,2,2,2,2,1,2,2,2,2,1,1,2,1,1,1,1,9,1,1,2,1,0,0,0,0,0,0,0,0,0,2,9,0,1,1,0,0,0,0,0,0,1,2,3,2,2,1,9,9,2,9,9,9,0,0,1
2153663,3,2,2,2,4,1,2,1,1,1,1,1,1,1,0,0,0,0,0,0,1,2,2,1,2,2,2,2,2,1,2,2,2,2,1,1,2,1,1,1,1,9,1,1,1,2,0,0,0,0,0,0,0,0,0,2,9,0,0,1,0,0,0,0,0,1,1,2,3,2,1,1,9,9,2,9,9,9,0,0,1
2096227,3,2,2,5,2,2,2,0,0,1,1,1,1,1,0,0,0,0,0,0,1,2,2,1,2,2,2,2,2,1,2,2,2,2,1,1,1,1,1,1,1,9,1,1,1,2,0,0,0,0,0,0,0,0,0,2,9,0,0,1,0,0,0,0,0,0,2,2,3,1,1,1,9,9,2,9,9,9,0,0,2
7749304,3,2,1,2,3,1,0,0,3,1,1,1,1,1,0,0,0,0,0,0,1,2,2,1,2,2,2,2,2,1,2,2,2,2,1,1,3,1,1,1,1,9,1,1,1,1,0,0,0,0,0,0,0,0,0,1,2,0,2,1,0,0,0,0,0,0,1,1,3,2,2,1,9,9,2,9,9,9,0,0,1
8364113,3,1,1,2,3,1,3,0,0,1,1,1,1,1,0,0,0,0,1,0,1,2,2,1,2,2,2,2,2,1,2,2,2,2,1,1,1,1,1,1,1,9,1,1,1,1,0,0,0,0,0,0,0,0,0,2,9,0,1,1,0,0,0,0,0,0,1,2,2,2,1,1,9,9,2,9,9,9,18,18,1
9220297,3,1,1,2,2,1,2,0,0,1,1,0,1,1,0,0,0,0,0,0,1,2,2,1,2,2,2,2,2,1,2,2,2,2,1,1,2,1,1,1,1,9,1,1,1,2,0,0,0,0,0,0,0,0,0,2,9,0,2,1,0,0,0,0,0,0,1,2,3,2,1,1,9,9,2,9,9,9,12,12,1
5755365,3,3,3,5,7,2,5,2,0,2,0,0,4,4,0,0,0,0,0,4,1,2,2,1,2,2,2,2,2,1,2,2,2,1,1,1,2,1,1,1,2,1,1,2,9,1,4,4,4,4,4,4,4,4,4,1,1,0,0,10,0,0,0,1,0,3,1,1,3,2,2,1,2,2,9,9,2,2,50,67,1
4548238,3,1,1,1,2,0,2,0,0,2,1,1,1,1,0,0,0,0,0,0,1,2,2,1,2,2,2,2,2,1,2,2,2,2,1,1,2,1,1,1,1,9,1,1,2,1,0,0,0,0,0,0,0,0,0,2,9,0,1,1,0,0,0,0,0,0,1,2,3,2,2,1,9,9,2,9,9,9,0,0,1
6834886,3,1,1,5,4,4,0,3,1,1,1,0,1,1,0,0,0,0,1,0,1,2,2,1,2,2,2,2,2,1,2,2,2,2,1,1,2,1,1,1,1,9,1,1,1,1,0,0,0,0,0,0,0,0,0,2,9,0,0,1,0,0,0,0,0,0,1,2,3,2,1,1,9,9,2,9,9,9,77,77,1
5167900,3,7,6,7,7,6,4,3,0,1,1,1,2,2,0,0,0,0,0,0,1,2,2,1,2,2,2,2,2,1,2,2,2,2,1,1,1,1,1,1,1,9,1,2,9,1,2,2,2,3,4,2,4,4,4,2,9,1,0,6,0,1,0,2,2,2,1,1,3,2,1,1,2,2,9,9,2,2,20,0,1
3928543,3,5,5,3,14,8,14,0,0,1,60,60,60,60,1,1,1,1,120,120,1,1,2,1,2,2,2,1,2,1,2,2,2,2,1,1,1,1,2,1,1,9,1,1,1,1,1,1,1,1,1,1,3,3,1,1,2,41,63,40,0,2,0,1,2,8,1,1,1,1,1,1,1,1,9,9,1,1,0,0,1
3691807,3,1,1,5,4,1,3,0,1,1,1,1,1,1,0,0,0,0,1,0,1,2,2,1,2,2,2,2,2,1,2,2,2,2,1,1,2,1,1,1,1,9,1,1,1,1,0,0,0,0,0,0,0,0,0,2,9,0,2,1,0,0,0,0,0,1,1,2,3,2,1,1,9,9,2,9,9,9,0,0,1
5973404,3,1,1,5,2,1,0,0,2,1,1,1,1,1,0,0,0,0,0,0,1,2,2,1,2,2,2,2,2,1,2,2,2,2,1,1,2,1,1,1,1,9,1,1,1,1,0,0,0,0,0,0,0,0,0,2,9,0,1,0,0,0,0,0,0,0,1,2,3,2,1,1,9,9,2,9,9,9,0,0,2
6794162,3,1,1,5,2,1,0,2,0,1,1,1,1,1,0,0,0,0,0,0,1,2,2,1,2,2,2,2,2,1,2,2,2,2,1,1,2,1,1,1,1,9,1,1,1,2,0,0,0,0,0,0,0,0,0,2,9,0,1,1,0,0,0,0,0,0,1,2,3,2,2,1,9,9,2,9,9,9,0,0,1
9182712,3,1,1,1,2,1,2,0,0,1,1,1,1,1,0,0,0,0,1,0,1,2,2,1,2,2,2,2,2,1,2,2,2,2,1,1,2,1,1,1,1,9,1,1,1,2,0,0,0,0,0,0,0,0,0,1,2,0,0,1,0,0,0,0,0,0,1,2,3,2,1,1,9,9,2,9,9,9,0,0,1
3788266,3,1,1,2,2,1,2,0,0,1,1,1,1,1,0,0,0,0,0,0,1,2,2,1,2,2,2,2,2,1,2,2,2,2,1,1,2,1,1,1,1,9,1,1,2,1,0,0,0,0,0,0,0,0,0,2,9,0,2,1,0,0,0,0,0,0,1,2,3,2,1,1,9,9,2,9,9,9,0,0,1
2044567,3,1,1,1,2,1,1,1,0,1,1,0,1,1,0,0,0,0,0,0,1,2,2,1,2,2,2,2,2,1,2,2,2,2,1,1,1,1,1,1,1,9,1,1,2,1,0,0,0,0,0,0,0,0,0,2,9,0,1,1,0,0,0,0,0,0,1,2,3,2,1,1,9,9,2,9,9,9,8,0,1
2978417,3,1,1,5,2,1,0,0,2,1,0,0,1,1,0,0,0,0,0,1,1,2,2,1,2,2,2,2,2,1,2,2,2,2,1,1,2,1,1,1,1,9,1,1,2,1,0,0,0,0,0,0,0,0,0,2,9,0,2,0,0,0,0,0,0,0,1,1,3,2,1,1,9,9,2,9,9,9,0,0,1
5952462,3,1,1,5,2,1,2,0,0,1,1,1,1,1,0,0,0,0,0,0,1,2,2,1,2,2,2,2,2,1,2,2,2,2,1,1,2,1,1,1,1,9,1,1,2,2,0,0,0,0,0,0,0,0,0,2,9,0,2,2,0,0,0,0,0,0,1,2,3,2,2,1,9,9,2,9,9,9,19,19,1
4394718,3,1,0,7,5,1,1,3,1,1,0,0,4,4,0,0,0,0,0,0,1,2,2,1,2,2,2,2,2,1,2,2,2,2,1,1,2,1,2,2,1,9,1,1,2,1,0,0,0,0,0,0,0,0,0,2,9,0,0,4,0,0,0,1,1,1,1,2,3,2,2,1,2,2,9,9,2,9,0,0,1
1594739,3,2,1,5,6,2,4,2,0,2,1,1,1,1,0,0,0,0,0,0,1,2,2,1,2,2,2,2,2,1,2,2,2,2,1,1,2,1,2,2,1,9,1,1,2,1,0,0,0,0,0,0,0,0,0,2,9,0,0,6,0,0,0,0,0,2,1,2,3,2,1,1,2,2,9,9,2,9,0,0,2
9234396,1,7,7,3,9,15,9,0,0,1,3,3,2,2,0,0,0,0,1,0,1,2,2,1,2,2,2,2,2,1,2,2,2,1,1,1,1,1,1,1,1,9,1,1,2,1,2,2,2,2,3,2,2,2,4,2,9,1,0,1,0,0,0,0,1,1,1,2,2,1,1,1,2,2,9,9,2,2,107,0,2
6081954,3,5,2,5,12,7,7,2,3,2,1,1,1,1,0,0,0,0,0,0,1,2,1,1,2,2,2,2,1,1,2,2,2,2,1,1,2,1,1,1,1,9,1,2,9,1,4,4,4,4,4,4,4,4,3,1,1,0,0,5,0,0,0,0,0,2,1,2,3,2,2,1,2,2,9,9,2,2,35,0,1
3082285,3,1,0,2,3,1,0,3,0,1,1,1,1,1,0,0,0,0,0,0,1,2,2,1,2,2,2,2,2,1,2,2,2,2,1,1,2,1,1,1,1,9,1,2,9,1,0,0,0,0,0,0,0,0,0,2,9,0,2,1,0,0,0,0,0,0,1,2,3,2,1,1,9,9,2,9,9,9,40,0,1
3261200,3,1,1,7,2,2,2,0,0,1,1,1,1,1,0,0,0,0,0,0,1,2,1,1,2,2,2,2,1,1,2,2,2,2,1,1,2,1,2,1,1,9,1,1,2,1,0,0,0,0,0,0,0,0,0,1,2,0,2,1,0,0,0,0,0,0,1,2,3,2,2,1,9,9,2,9,9,9,3,0,1
2328252,3,1,1,5,2,1,0,2,0,1,1,1,1,1,1,1,0,0,0,0,1,2,2,1,2,2,2,2,2,1,2,2,2,2,1,1,2,1,1,1,1,9,1,1,2,1,0,0,0,0,0,0,0,0,0,2,9,0,2,1,0,0,0,1,0,0,1,2,3,2,2,1,9,9,2,9,9,9,0,0,1
1702614,3,1,1,5,2,1,2,0,0,1,1,1,1,1,0,0,0,0,0,0,1,2,2,1,2,2,2,2,2,1,2,2,2,2,1,1,1,1,1,1,1,9,1,1,1,2,0,0,0,0,0,0,0,0,0,2,9,1,1,1,0,0,0,0,0,0,1,2,3,2,2,1,9,9,2,9,9,9,15,15,1
3665483,3,1,1,5,2,1,2,0,0,1,1,1,1,1,0,0,0,0,1,1,1,2,2,1,2,2,2,2,2,1,2,2,2,2,1,1,2,1,1,1,1,9,1,1,1,1,0,0,0,0,0,0,0,0,0,2,9,0,2,3,0,0,0,0,0,1,1,2,3,2,2,1,9,9,2,9,9,9,0,0,1
7869347,3,1,1,2,2,1,1,1,0,1,1,0,1,1,0,0,1,1,0,0,1,2,2,1,2,2,2,2,2,1,2,2,2,2,1,1,2,1,1,1,1,9,1,1,1,1,0,0,0,0,0,0,0,0,0,2,9,0,2,1,0,0,0,0,0,0,1,2,3,2,1,1,9,9,2,9,9,9,7,0,1
2546919,3,1,1,5,2,1,0,0,2,1,1,0,1,1,0,0,0,0,0,0,1,2,2,1,2,2,2,2,2,1,2,2,2,2,1,1,2,1,1,1,1,9,1,1,1,1,0,0,0,0,0,0,0,0,0,2,9,0,1,0,0,0,0,0,0,0,1,2,1,2,1,1,9,9,2,9,9,9,5,0,1
1959556,3,1,1,1,2,1,2,0,0,1,2,2,1,1,0,0,0,0,0,0,1,2,2,1,2,2,2,2,2,1,2,2,2,2,1,1,3,1,1,1,1,9,1,1,1,1,0,0,0,0,0,0,0,0,0,2,9,0,1,1,0,0,0,0,0,0,1,2,3,2,1,1,9,9,2,9,9,9,0,0,1
9161466,3,1,1,2,2,2,2,0,0,1,1,1,2,2,0,0,0,0,0,0,1,2,2,1,2,2,2,2,2,1,2,2,2,2,1,1,2,1,2,1,1,9,1,1,1,1,0,0,0,0,0,0,0,0,0,2,9,0,2,1,0,0,0,0,1,0,1,2,3,2,2,1,9,9,2,9,9,9,0,0,1
4221027,3,1,1,5,2,3,2,0,0,2,1,1,1,1,0,0,0,0,0,0,1,2,2,1,2,2,2,2,2,1,2,2,2,2,1,2,2,1,1,1,1,9,1,1,1,1,0,0,0,0,0,0,0,0,0,2,9,0,1,1,0,0,0,0,0,0,1,2,3,2,2,1,9,9,2,9,9,9,0,0,1
5764901,3,1,0,2,3,1,1,1,1,1,1,1,1,1,1,1,1,1,0,0,1,2,2,1,2,2,2,2,2,1,2,2,2,2,1,1,2,1,1,1,1,9,1,1,1,2,0,0,0,0,0,0,0,0,0,2,9,0,2,1,0,0,0,0,0,0,1,1,3,2,1,1,9,9,2,9,9,9,16,0,1
9156747,3,9,6,3,9,6,5,4,0,1,2,2,2,2,0,0,0,0,0,0,1,2,2,1,2,2,2,2,2,1,2,2,2,2,1,1,2,1,1,1,1,9,1,2,9,1,4,4,4,4,4,4,4,4,1,1,1,1,0,5,0,1,0,1,1,3,1,1,3,2,1,1,2,2,9,9,2,2,65,65,1
3178149,3,1,1,2,4,2,2,1,1,2,1,1,1,1,0,0,0,0,0,0,1,2,2,1,2,2,2,2,2,1,2,2,2,1,1,1,1,1,1,1,1,9,1,1,2,1,0,0,0,0,0,0,0,0,0,2,9,0,5,3,0,0,0,1,0,1,2,2,2,2,1,1,9,9,2,9,9,9,0,0,2
4767357,3,1,1,2,3,2,3,0,0,1,1,1,1,1,0,0,0,0,0,0,1,2,2,1,2,2,1,2,2,1,2,2,1,2,1,1,2,1,1,1,1,9,1,1,1,1,0,0,0,0,0,0,0,0,0,2,9,0,1,1,0,0,0,0,1,0,1,2,3,2,2,1,9,9,2,9,9,9,9,9,1
4948701,3,6,6,5,6,8,0,2,4,2,1,1,1,1,0,0,0,0,0,0,1,2,2,1,2,2,2,2,2,1,2,2,2,2,1,1,2,1,1,1,1,9,1,2,9,1,4,4,4,4,4,4,4,4,4,2,9,0,0,7,0,0,0,2,1,2,1,2,3,2,1,1,2,2,9,9,2,2,48,48,1
5388462,3,1,1,1,3,1,0,0,3,2,1,1,2,2,0,0,0,0,0,0,1,2,2,1,2,2,2,2,2,1,2,2,2,1,1,1,2,1,1,1,1,9,1,1,1,1,0,0,0,0,0,0,0,0,0,1,2,0,0,2,0,0,0,0,0,0,1,2,3,2,1,1,9,9,9,9,9,9,0,15,1
3369220,3,2,2,1,4,4,4,0,0,1,1,1,1,1,0,0,0,0,0,0,1,2,2,1,2,2,2,2,2,1,2,2,2,2,1,1,2,1,1,1,1,9,1,1,1,1,0,0,0,0,0,0,0,0,0,2,9,0,2,1,0,0,0,0,0,0,1,2,3,2,1,1,9,9,2,9,9,9,0,0,2
3797981,3,1,1,1,2,1,0,1,1,1,1,1,1,1,0,0,0,0,0,0,1,2,2,1,2,2,2,2,2,1,2,2,2,2,1,1,2,1,1,1,1,9,1,1,1,2,0,0,0,0,0,0,0,0,0,2,9,0,2,1,0,0,0,0,0,0,1,2,3,2,2,1,9,9,2,9,9,9,0,0,1
5874935,3,1,0,1,2,1,2,0,0,1,1,1,1,1,0,0,0,0,0,0,1,2,2,1,2,2,2,2,2,1,2,2,2,2,1,1,2,1,1,1,1,9,1,1,1,1,0,0,0,0,0,0,0,0,0,1,2,0,2,1,0,0,0,1,0,0,1,2,3,2,1,1,9,9,2,9,9,9,0,0,1
5553910,3,1,1,2,2,1,2,0,0,1,1,1,1,1,0,0,0,0,0,0,1,2,2,1,2,2,2,2,2,1,2,2,2,2,1,1,2,1,1,1,1,9,1,1,1,1,0,0,0,0,0,0,0,0,0,2,9,0,1,1,0,0,0,0,0,0,1,2,3,2,2,1,9,9,2,9,9,9,5,0,1
9355814,3,1,1,2,2,1,1,0,1,1,1,1,1,1,0,0,0,0,0,0,1,2,2,1,2,2,2,2,2,1,2,2,2,1,1,1,2,1,1,2,1,9,1,1,1,1,0,0,0,0,0,0,0,0,0,1,2,0,1,1,0,0,0,0,0,0,1,2,3,2,2,1,9,9,2,9,9,9,0,0,1
9252407,3,3,3,7,3,3,1,1,1,1,1,1,1,1,1,1,0,0,0,0,1,2,2,1,2,2,2,2,2,1,2,2,2,2,1,1,2,1,1,1,1,9,1,1,1,1,0,0,0,0,0,0,0,0,0,2,9,0,1,1,0,0,0,0,0,1,1,2,3,1,1,1,9,9,2,9,9,9,0,0,1
5128919,3,1,1,2,2,1,2,0,0,1,1,1,1,1,0,0,0,0,0,0,1,2,2,1,2,2,2,2,2,1,2,2,2,1,1,1,2,1,1,2,1,9,1,1,1,1,0,0,0,0,0,0,0,0,0,2,9,0,2,1,0,0,0,0,0,0,1,2,3,2,1,1,9,9,2,9,9,9,0,0,1
4180327,3,1,1,2,5,2,3,2,0,1,1,1,1,1,0,0,0,0,0,0,1,2,2,1,2,2,2,2,2,1,2,2,2,2,1,1,2,1,1,2,1,9,1,1,1,1,0,0,0,0,0,0,0,0,0,2,9,0,0,1,0,0,0,0,0,1,1,2,3,2,1,1,9,9,9,9,9,9,70,0,1
2911184,3,1,1,3,2,2,2,0,0,1,1,1,1,1,0,0,0,0,0,0,1,2,2,1,2,2,2,2,2,1,2,2,2,2,1,1,2,1,1,1,1,9,1,1,1,1,0,0,0,0,0,0,0,0,0,2,9,0,2,1,0,0,1,2,1,1,1,1,3,2,1,1,9,9,2,9,9,9,36,0,1
3874880,3,1,1,2,2,2,2,0,0,1,2,2,2,2,0,0,0,0,0,0,1,2,2,1,2,2,2,2,2,1,2,2,2,1,1,1,2,1,1,1,1,9,1,1,1,1,0,0,0,0,0,0,0,0,0,2,9,0,0,1,0,0,0,0,0,0,1,2,3,2,1,1,9,9,2,9,9,9,0,0,1
1456990,3,2,2,1,12,8,12,0,0,1,4,4,0,0,0,0,0,0,4,0,1,2,2,1,2,2,2,2,2,1,2,2,2,2,1,1,2,1,1,1,1,9,1,1,1,1,2,2,2,2,3,2,3,3,2,1,2,0,0,4,0,0,1,0,2,3,1,2,3,2,1,1,1,2,9,9,2,2,162,0,1
2342567,3,2,1,1,2,1,0,0,2,2,1,1,1,1,0,0,0,0,0,0,1,2,2,1,2,2,2,2,2,1,2,2,2,2,1,1,2,1,1,1,1,9,1,2,9,1,0,0,0,0,0,0,0,0,0,2,9,0,1,1,0,0,0,0,0,0,1,2,3,2,1,1,9,9,2,9,9,9,6,0,1
6569349,3,2,2,3,3,2,3,0,0,1,3,3,2,2,0,0,0,0,0,0,1,2,2,1,2,2,2,2,2,1,2,2,2,2,1,1,2,1,1,1,1,9,1,1,1,1,0,0,0,0,0,0,0,0,0,1,2,0,0,4,0,0,0,2,0,2,1,2,3,2,1,1,9,9,9,9,9,9,0,0,2
9321500,3,4,2,5,8,0,3,3,2,2,2,2,2,2,0,0,0,0,0,0,1,2,2,1,2,2,2,2,2,1,2,2,2,2,1,1,2,1,1,1,1,9,1,1,1,1,0,0,0,0,0,0,0,0,0,2,9,0,0,3,0,0,0,0,0,1,1,2,1,1,1,1,2,2,9,9,2,9,0,0,1
3001330,3,1,1,3,2,1,2,0,0,1,0,0,1,1,0,0,0,0,1,0,1,2,2,1,2,2,2,2,2,1,2,2,2,2,1,1,2,1,1,1,1,9,1,1,2,1,0,0,0,0,0,0,0,0,0,2,9,0,1,1,0,0,0,0,0,0,1,2,3,2,2,1,9,9,2,9,9,9,10,0,1
9464867,3,1,1,2,4,1,0,0,4,1,2,1,2,1,0,0,0,0,0,0,1,2,2,1,2,2,2,2,2,1,2,2,2,2,1,1,2,1,1,1,1,9,1,1,2,2,0,0,0,0,0,0,0,0,0,2,9,0,0,1,0,0,0,0,0,0,2,2,2,2,1,1,9,9,9,9,9,9,0,0,1
5834356,3,1,1,2,3,3,1,1,1,1,1,0,1,0,0,0,0,0,0,0,1,2,2,1,2,2,2,2,2,1,2,2,2,2,1,1,2,1,1,1,1,9,1,1,1,1,0,0,0,0,0,0,0,0,0,2,9,0,0,5,0,0,0,0,0,0,1,2,3,2,1,1,9,9,9,9,9,9,0,0,1
2465427,3,1,1,2,2,1,0,0,2,1,1,1,1,1,0,0,0,0,0,0,1,2,2,1,2,2,2,2,2,1,2,2,2,2,1,1,2,1,1,2,1,9,1,1,1,1,0,0,0,0,0,0,0,0,0,2,9,0,2,1,0,0,0,0,0,0,1,2,3,1,1,1,9,9,2,9,9,9,8,0,1
2194884,3,1,1,2,3,2,3,0,0,1,1,1,1,1,0,0,0,0,0,0,1,2,2,1,2,2,2,2,2,1,2,2,2,2,1,1,2,1,1,1,1,9,1,1,1,1,0,0,0,0,0,0,0,0,0,2,9,0,0,1,0,0,0,0,0,0,1,2,3,2,2,1,9,9,9,9,9,9,0,0,2
3009375,3,1,1,2,2,1,2,0,0,1,1,1,1,1,0,0,0,0,0,0,1,2,2,1,2,2,2,2,2,1,2,2,2,2,1,1,2,1,1,1,1,9,1,1,1,1,0,0,0,0,0,0,0,0,0,2,9,0,1,1,0,0,0,0,0,0,1,2,3,2,2,1,9,9,2,9,9,9,0,0,1
3647109,3,1,1,5,2,1,0,0,2,1,1,1,1,1,0,0,0,0,2,0,1,2,2,1,2,2,2,2,2,1,2,2,2,2,1,1,2,1,1,1,1,9,1,1,1,1,0,0,0,0,0,0,0,0,0,2,9,0,2,1,0,0,0,0,0,0,1,2,3,2,1,1,9,9,2,9,9,9,0,0,1
5472174,3,1,1,2,2,1,2,0,0,1,1,1,1,1,0,0,0,0,0,0,1,2,2,1,2,2,2,2,2,1,2,2,2,2,1,1,2,1,1,1,1,9,1,1,2,1,0,0,0,0,0,0,0,0,0,2,9,0,1,2,0,0,0,0,0,0,1,2,3,2,1,1,9,9,2,9,9,9,17,17,1
1054871,3,1,1,2,2,1,1,0,1,1,1,1,1,1,0,0,0,0,0,0,1,2,2,1,2,2,2,2,2,1,2,2,2,1,1,1,2,1,1,1,1,9,1,1,2,1,0,0,0,0,0,0,0,0,0,2,9,0,1,2,0,0,0,0,0,0,1,2,3,2,1,1,9,9,2,9,9,9,0,0,1
5410985,3,1,1,2,2,2,2,0,0,1,1,1,1,1,0,0,0,0,1,1,1,2,2,1,2,2,2,2,2,1,2,2,2,2,1,1,2,1,1,1,1,9,1,1,1,1,0,0,0,0,0,0,0,0,0,2,9,0,1,1,0,0,0,0,0,0,1,2,3,2,2,1,9,9,2,9,9,9,0,0,1
3412381,3,1,1,2,3,1,0,3,0,1,1,1,1,1,0,0,0,0,0,0,1,2,2,1,2,2,2,2,2,1,2,2,2,2,1,1,1,1,1,1,1,9,1,1,1,2,0,0,0,0,0,0,0,0,0,2,9,0,0,7,0,0,0,0,1,3,1,2,3,2,1,1,9,9,9,9,9,9,7,7,1
7920886,3,1,1,1,2,1,2,0,0,1,1,1,1,1,0,0,0,0,0,0,1,2,2,1,2,2,2,2,2,1,2,2,2,2,1,1,2,1,1,1,1,9,1,1,1,1,0,0,0,0,0,0,0,0,0,2,9,0,2,1,0,0,0,0,0,0,1,2,3,2,2,1,9,9,2,9,9,9,14,14,1
4311597,1,1,1,1,3,1,3,0,0,1,1,1,1,1,0,0,0,0,0,0,1,2,2,1,2,2,2,2,2,1,2,2,2,2,1,1,2,1,1,1,1,9,1,2,9,1,0,0,0,0,0,0,0,0,0,2,9,0,0,1,0,0,0,0,0,1,1,2,3,2,1,2,9,9,9,9,9,9,0,0,1
9706513,3,1,1,5,2,1,0,0,2,1,0,0,1,1,0,0,0,0,0,1,1,2,2,1,2,2,2,2,2,1,2,2,2,2,1,1,2,1,1,1,1,9,1,1,1,2,0,0,0,0,0,0,0,0,0,2,9,0,2,1,0,0,0,0,0,0,1,2,3,2,1,1,9,9,2,9,9,9,0,0,1
7420987,3,2,0,5,7,0,0,4,3,2,1,1,2,2,0,0,0,0,0,0,1,2,2,1,2,2,2,2,2,1,2,2,2,2,1,1,1,1,2,2,2,2,1,1,1,2,4,4,4,4,4,4,4,4,4,2,9,0,0,4,0,1,0,0,0,1,1,2,3,2,1,1,2,2,9,9,2,2,0,0,1
1131695,3,2,1,5,3,3,1,2,0,1,1,1,1,1,0,0,0,0,0,0,1,2,2,1,2,2,2,2,2,1,2,2,2,1,1,1,2,1,1,1,1,9,1,1,1,1,0,0,0,0,0,0,0,0,0,1,2,0,0,1,0,0,0,0,0,0,1,2,3,2,1,1,9,9,9,9,9,9,0,0,1
5689455,3,5,5,2,5,4,2,1,2,1,2,2,2,2,0,0,0,0,0,0,1,2,2,1,2,2,2,2,2,1,2,2,2,2,1,1,2,1,1,1,1,9,1,2,9,1,0,0,0,0,0,0,0,0,0,2,9,0,0,6,0,0,0,0,0,2,1,1,3,2,1,1,2,2,9,9,2,9,19,0,1
7353199,3,1,1,7,2,1,2,0,0,1,1,0,1,1,0,0,0,0,0,0,1,2,2,1,2,2,2,2,2,1,2,2,2,2,1,1,2,1,1,1,1,9,1,1,1,1,0,0,0,0,0,0,0,0,0,2,9,0,1,1,0,0,0,0,0,0,1,2,3,2,1,1,9,9,2,9,9,9,5,0,1
6698380,1,1,1,1,6,2,6,0,0,1,1,1,1,1,0,0,0,0,1,1,1,2,2,1,2,2,2,2,2,1,2,2,2,2,1,1,2,1,1,1,1,9,1,2,9,1,0,0,0,0,0,0,0,0,0,2,9,2,0,0,0,0,0,0,0,1,1,2,3,2,1,2,2,2,9,9,2,9,52,52,1
2310885,3,7,7,2,7,5,7,0,0,1,1,1,1,1,0,0,0,0,0,0,1,2,2,1,2,2,2,2,2,1,2,2,2,2,1,1,1,1,2,1,2,1,1,2,9,1,0,0,0,0,0,0,0,0,0,1,2,0,0,5,0,0,0,2,1,2,1,1,3,2,2,1,2,2,9,9,2,9,53,43,1
9102550,3,1,1,5,5,3,0,5,0,1,1,0,1,1,0,0,0,0,1,0,1,2,2,1,2,2,2,2,2,1,2,2,2,1,1,1,2,1,1,1,1,9,1,2,9,1,0,0,0,0,0,0,0,0,0,2,9,0,0,3,0,0,0,0,1,2,1,2,3,2,1,1,2,2,9,9,2,9,21,21,1
6951069,1,2,2,2,3,5,3,0,0,1,1,1,1,1,0,0,0,0,2,5,1,2,2,1,2,2,2,2,2,1,2,2,2,2,1,1,2,1,1,1,1,9,1,2,9,1,0,0,0,0,0,0,0,0,0,2,9,1,0,3,0,0,0,0,1,2,1,2,3,2,2,1,2,2,9,9,2,9,0,0,1
4848037,3,3,3,2,3,1,3,0,0,1,1,1,1,0,1,0,0,0,1,0,1,2,2,1,2,2,2,2,2,1,2,2,2,1,1,2,1,1,1,1,2,1,1,1,1,1,0,0,0,0,0,0,0,0,0,2,9,0,2,0,0,0,0,0,0,0,2,2,3,2,2,1,9,9,2,9,9,9,10,0,1
2680102,3,1,1,2,2,3,2,0,0,1,1,1,1,1,0,0,0,0,0,0,1,2,2,1,2,2,2,2,2,1,2,2,2,2,1,1,2,1,2,1,1,9,1,1,1,2,0,0,0,0,0,0,0,0,0,1,2,0,1,1,0,0,0,0,0,0,1,1,3,2,1,1,9,9,2,9,9,9,18,0,1
3887364,3,1,1,2,2,3,2,0,0,1,1,0,1,1,0,0,0,0,0,0,1,2,2,1,2,2,2,2,2,1,2,2,2,1,1,1,3,1,1,1,1,9,1,1,2,1,0,0,0,0,0,0,0,0,0,2,9,0,1,2,0,0,0,0,0,0,1,2,3,2,2,1,9,9,2,9,9,9,0,0,1
4206155,3,1,1,1,2,1,2,0,0,1,1,1,1,1,0,0,0,0,0,0,1,2,2,1,2,2,2,2,2,1,2,2,2,2,1,1,1,1,1,1,1,9,1,1,1,1,0,0,0,0,0,0,0,0,0,2,9,0,2,1,0,0,0,0,0,0,1,2,3,2,1,1,9,9,2,9,9,9,8,8,1
9922661,3,1,1,2,3,3,2,0,1,1,1,1,1,1,0,0,1,1,0,0,1,2,2,1,2,2,2,2,2,1,2,2,2,2,1,1,2,1,1,1,2,1,1,1,1,1,0,0,0,0,0,0,0,0,0,2,9,0,0,2,0,0,0,0,0,0,1,2,3,1,2,1,9,9,9,9,9,9,0,0,2
7890253,3,1,1,2,3,0,3,0,0,2,1,1,1,1,0,0,0,0,0,0,1,2,2,1,2,2,2,2,2,1,2,2,2,2,1,1,2,1,1,1,1,9,1,1,1,1,0,0,0,0,0,0,0,0,0,1,2,0,0,6,0,0,0,0,0,1,1,2,3,2,2,1,9,9,9,9,9,9,0,0,1
3207223,3,1,1,2,2,1,2,0,0,1,0,0,1,1,0,0,0,0,0,0,1,2,2,1,2,2,2,2,2,1,2,2,2,2,1,1,2,1,1,1,1,9,1,1,2,2,0,0,0,0,0,0,0,0,0,2,9,0,1,1,0,0,0,0,0,0,1,2,3,2,2,1,9,9,2,9,9,9,0,0,1
4304615,3,1,1,2,3,2,0,3,0,1,0,0,1,1,0,0,0,0,0,0,1,2,2,1,2,2,2,2,2,1,2,2,2,2,1,1,2,1,1,1,1,9,1,1,1,1,0,0,0,0,0,0,0,0,0,2,9,0,0,1,0,0,0,0,0,0,1,2,3,2,1,1,9,9,9,9,9,9,0,0,1
5028975,3,6,4,5,6,1,2,1,3,2,1,1,1,1,0,0,0,0,0,0,1,2,2,1,2,2,2,2,2,1,2,2,2,2,1,1,2,1,1,1,1,9,1,2,9,2,3,3,3,3,4,4,4,4,4,2,9,0,0,3,0,0,0,2,1,2,1,2,3,2,1,1,2,2,9,9,2,2,0,0,1
5974853,3,1,1,2,3,1,2,1,0,1,1,1,1,1,0,0,0,0,0,0,1,2,2,1,2,2,2,2,2,1,2,2,2,2,1,1,2,1,1,1,1,9,1,1,1,1,0,0,0,0,0,0,0,0,0,2,9,0,0,3,0,0,0,0,0,1,1,1,3,2,1,1,9,9,9,9,9,9,0,0,1
4535130,3,1,1,1,2,1,2,0,0,1,1,1,1,1,0,0,0,0,0,0,1,2,2,1,2,2,2,2,2,1,2,2,2,1,1,1,2,1,1,1,1,9,1,1,2,1,0,0,0,0,0,0,0,0,0,2,9,0,0,1,0,0,0,0,0,0,1,2,3,2,2,1,9,9,2,9,9,9,1,0,1
3052345,3,1,1,2,4,1,0,0,4,1,2,2,2,2,0,0,0,0,0,0,1,2,2,1,2,2,2,2,2,1,2,2,2,2,1,1,2,1,1,1,1,9,1,1,1,1,0,0,0,0,0,0,0,0,0,2,9,0,0,2,0,0,0,0,0,1,1,2,3,2,1,1,9,9,9,9,9,9,26,0,1
1328638,1,5,3,4,9,5,7,2,0,1,1,1,2,2,0,0,0,0,0,0,1,2,2,1,1,2,2,2,2,1,1,2,2,2,1,1,2,1,1,1,1,9,1,1,2,1,0,0,0,0,0,0,0,0,0,2,9,0,0,3,0,0,0,0,0,1,1,2,3,2,1,2,2,2,9,9,2,9,29,29,1
2054044,3,1,1,2,3,3,3,0,0,1,1,1,1,1,0,0,0,0,0,0,1,2,2,1,2,2,2,2,2,1,2,2,2,1,1,1,2,1,1,1,2,1,1,1,1,1,0,0,0,0,0,0,0,0,0,2,9,0,0,3,0,0,0,0,0,1,1,2,3,2,1,1,9,9,9,9,9,9,22,0,1
9337622,3,2,2,5,2,1,1,0,1,1,1,1,1,1,0,0,0,0,0,0,1,2,2,1,2,2,2,2,2,1,2,2,2,2,1,1,2,1,1,1,1,9,1,1,1,1,0,0,0,0,0,0,0,0,0,2,9,0,1,0,0,0,0,0,0,0,1,2,3,2,2,1,9,9,2,9,9,9,7,0,1
1357302,3,1,1,2,2,1,2,0,0,1,1,1,1,1,0,0,0,0,0,0,1,2,2,1,2,2,2,2,2,1,2,2,2,1,1,1,2,1,1,1,1,9,1,1,1,1,0,0,0,0,0,0,0,0,0,2,9,0,2,0,0,0,0,0,0,0,1,2,3,2,1,1,9,9,2,9,9,9,0,0,1
9089261,3,1,1,5,3,3,3,0,0,1,2,2,1,1,0,0,0,0,0,0,1,2,2,1,2,2,2,2,2,1,2,2,2,2,1,1,2,1,1,1,1,9,1,1,1,1,0,0,0,0,0,0,0,0,0,2,9,0,1,1,0,0,0,0,0,0,1,2,3,2,2,1,9,9,2,9,9,9,0,0,1
7069451,3,1,1,1,2,1,2,0,0,1,1,1,1,1,0,0,0,0,0,0,1,2,2,1,2,2,2,2,2,1,2,2,2,2,1,1,2,1,1,1,1,9,1,1,2,1,0,0,0,0,0,0,0,0,0,2,9,0,2,1,0,0,0,0,0,0,1,2,3,2,1,1,9,9,2,9,9,9,10,0,1
3416496,1,2,1,5,3,0,3,0,0,2,1,1,1,1,0,0,0,0,0,0,1,2,2,1,2,2,2,2,2,1,2,2,2,2,1,1,2,1,1,1,1,9,1,2,9,1,4,4,4,4,4,4,4,4,4,2,9,0,0,2,0,0,0,0,0,2,1,2,3,2,1,1,1,2,9,9,2,2,0,0,2
7693688,3,1,1,2,2,1,2,0,0,1,1,1,1,1,0,0,0,0,0,0,1,2,2,1,2,2,2,2,2,1,2,2,2,2,1,1,2,1,1,1,1,9,1,1,2,1,0,0,0,0,0,0,0,0,0,2,9,0,0,0,0,0,0,0,0,0,1,2,3,2,2,1,9,9,2,9,9,9,2,0,1
4241087,3,3,2,2,9,2,5,1,3,1,1,1,1,1,0,0,0,0,1,1,1,2,2,1,2,2,2,2,2,1,2,2,2,2,1,1,1,1,1,1,1,9,1,2,9,1,1,1,1,1,4,4,4,4,4,1,1,0,0,11,0,0,0,0,1,2,1,2,3,2,1,1,2,2,9,9,2,2,0,0,1
6295565,3,7,4,5,7,7,3,4,0,1,2,2,2,2,0,0,0,0,0,0,1,2,2,1,2,2,2,2,2,1,2,2,2,2,1,1,2,1,1,1,1,9,1,2,9,1,1,1,2,4,4,4,4,4,2,1,1,0,0,5,0,0,0,2,0,0,1,1,3,2,1,1,2,2,9,9,2,2,0,0,1
5000058,3,1,1,3,2,1,2,0,0,1,1,1,1,1,0,0,0,0,0,0,1,2,2,1,2,2,2,2,2,1,2,2,2,1,1,1,2,1,1,1,1,9,1,1,1,1,0,0,0,0,0,0,0,0,0,2,9,0,2,1,0,0,0,1,0,0,1,1,3,2,1,1,9,9,2,9,9,9,9,0,1
2207350,1,1,0,1,3,3,3,0,0,1,1,1,1,1,0,0,0,0,0,0,1,2,2,1,2,2,2,2,2,1,2,2,2,1,1,1,2,1,1,1,1,9,1,1,1,1,0,0,0,0,0,0,0,0,0,2,9,0,0,1,0,1,0,0,0,1,1,2,3,2,1,1,9,9,9,9,9,9,0,0,2
7662061,3,1,0,1,2,1,2,0,0,1,1,1,1,1,0,0,0,0,0,0,1,2,1,1,2,2,2,2,1,1,2,2,2,2,1,1,2,1,1,1,1,9,1,1,2,2,0,0,0,0,0,0,0,0,0,1,2,0,2,1,0,0,0,0,0,0,1,1,1,2,1,1,9,9,2,9,9,9,0,0,1
7378947,3,1,1,1,3,2,0,3,0,1,1,1,1,1,0,0,0,0,0,0,1,2,2,1,2,2,2,2,2,1,2,2,2,2,1,1,2,1,1,1,1,9,1,1,1,2,0,0,0,0,0,0,0,0,0,2,9,0,0,3,0,0,0,0,0,1,1,2,3,2,1,1,9,9,9,9,9,9,14,3,1
3988289,3,1,1,2,3,2,1,2,0,1,1,1,1,1,0,0,0,0,0,0,1,2,2,1,2,2,2,2,2,1,2,2,2,2,1,1,2,1,1,1,1,9,1,1,1,1,0,0,0,0,0,0,0,0,0,1,2,0,0,5,0,0,0,1,0,1,1,2,3,2,1,1,9,9,9,9,9,9,27,0,1
4144569,3,1,1,2,3,1,3,0,0,2,1,0,1,1,0,0,0,0,0,0,1,2,2,1,2,2,2,2,2,1,2,2,2,2,1,1,2,1,1,1,1,9,1,1,1,1,0,0,0,0,0,0,0,0,0,2,9,0,0,1,0,0,0,0,0,1,1,2,1,2,2,1,9,9,9,9,9,9,0,0,2
3655550,3,1,1,2,2,1,2,0,0,1,1,1,1,1,0,0,0,0,0,0,2,2,2,1,2,2,2,2,2,1,2,2,2,2,1,1,2,1,2,1,1,9,1,1,1,1,0,0,0,0,0,0,0,0,0,2,9,0,0,1,0,0,0,0,0,0,1,2,3,2,1,1,9,9,2,9,9,9,0,0,1
4844563,3,1,1,5,3,3,3,0,0,1,1,1,1,1,0,0,0,0,1,0,1,2,2,1,2,2,2,2,2,1,2,2,2,1,1,1,2,1,1,1,1,9,1,1,1,1,0,0,0,0,0,0,0,0,0,1,2,0,1,1,0,0,0,0,0,0,1,2,3,2,2,1,9,9,2,9,9,9,14,0,1
9241834,3,2,2,2,2,1,0,2,0,1,1,1,1,1,0,0,0,0,0,0,1,2,2,1,2,2,2,2,2,1,2,2,2,2,1,1,2,1,1,1,1,9,1,1,1,1,0,0,0,0,0,0,0,0,0,2,9,0,2,1,0,0,0,0,0,0,1,2,3,2,2,1,9,9,2,9,9,9,28,28,1
8189274,3,1,0,5,2,1,0,2,0,1,1,1,1,1,0,0,0,0,0,0,1,2,2,1,2,2,2,2,2,1,2,2,2,2,1,1,2,1,1,1,1,9,1,1,1,1,0,0,0,0,0,0,0,0,0,2,9,0,1,2,0,0,0,0,0,0,1,2,3,2,1,1,9,9,2,9,9,9,0,0,1
5657371,3,1,1,1,2,3,0,0,2,1,1,1,1,1,0,0,0,0,0,0,1,2,2,1,2,2,2,2,2,1,2,2,2,2,1,1,2,1,1,1,1,9,1,1,1,1,0,0,0,0,0,0,0,0,0,2,9,0,1,1,0,0,0,0,0,0,1,2,3,1,1,1,9,9,2,9,9,9,0,0,1
1621489,3,1,1,2,2,2,2,0,0,1,1,1,1,1,1,1,1,1,0,0,1,2,2,1,2,2,2,2,2,1,2,2,2,2,1,1,1,1,1,1,1,9,1,1,1,1,0,0,0,0,0,0,0,0,0,2,9,0,2,1,0,0,0,0,1,0,1,2,3,2,1,1,9,9,2,9,9,9,0,0,1
5261071,3,1,1,7,2,1,2,0,0,1,1,1,1,1,0,0,0,0,0,0,1,2,2,1,2,2,2,2,2,1,2,2,2,2,1,1,2,1,1,1,1,9,1,1,2,2,0,0,0,0,0,0,0,0,0,2,9,0,2,1,0,0,0,0,0,0,1,2,3,2,1,1,9,9,2,9,9,9,12,12,1
8440380,3,1,1,5,9,7,7,0,2,1,5,4,3,2,0,0,0,0,2,0,1,2,2,1,2,2,2,2,2,1,2,2,2,2,1,1,1,1,1,1,1,9,1,2,9,1,2,2,2,4,4,4,4,4,2,1,1,1,4,11,0,4,0,4,4,4,1,1,3,2,1,1,1,1,9,9,2,2,195,195,1
3257960,3,2,2,1,3,3,3,0,0,1,1,1,2,2,0,0,0,0,0,0,1,2,2,1,2,2,2,2,2,1,2,2,2,2,1,1,2,1,1,1,1,9,1,1,1,1,0,0,0,0,0,0,0,0,0,2,9,0,0,6,0,0,0,0,0,1,1,2,3,2,2,1,9,9,9,9,9,9,47,0,1
7283225,3,1,1,2,4,1,0,0,4,1,1,1,1,1,0,0,0,0,0,0,1,2,2,1,2,2,2,2,2,1,2,2,2,2,1,1,2,1,1,1,1,9,1,1,1,2,0,0,0,0,0,0,0,0,0,2,9,0,0,5,0,0,0,0,0,1,1,2,3,2,1,1,9,9,9,9,9,9,0,0,1
1839225,3,1,1,2,2,1,2,0,0,1,1,1,1,1,0,0,0,0,0,0,1,2,2,1,2,2,2,2,2,1,2,2,2,2,1,1,2,1,1,1,1,9,1,1,1,1,0,0,0,0,0,0,0,0,0,2,9,0,1,1,0,0,0,0,0,1,1,2,3,2,1,1,9,9,2,9,9,9,0,0,1
7401661,3,1,0,1,3,3,0,0,3,1,1,1,1,1,0,0,0,0,0,0,1,2,2,1,2,2,2,2,2,1,2,2,2,1,1,1,2,1,1,1,1,9,1,1,1,2,0,0,0,0,0,0,0,0,0,1,2,0,2,1,0,0,0,0,0,0,1,2,3,2,1,1,9,9,2,9,9,9,0,0,1
9081602,3,2,2,5,5,6,2,0,3,1,2,1,1,1,0,0,0,0,2,0,1,2,2,1,2,2,2,2,2,1,2,2,2,2,1,1,1,1,1,1,1,9,1,1,1,1,0,0,0,0,0,0,0,0,0,1,2,0,0,2,0,0,0,0,0,1,1,2,1,2,1,1,2,2,9,9,2,9,0,0,1
3909481,3,1,1,2,2,1,2,0,0,1,1,1,1,1,0,0,0,0,0,0,1,2,2,1,2,2,2,2,2,1,2,2,2,1,1,1,2,1,1,1,1,9,1,1,1,1,0,0,0,0,0,0,0,0,0,2,9,0,1,1,0,0,0,0,0,0,1,2,3,2,1,1,9,9,2,9,9,9,0,0,1
8597625,3,1,1,1,3,2,3,0,0,1,1,1,1,1,0,0,0,0,1,1,1,2,2,1,2,2,2,2,2,1,2,2,2,1,1,1,2,1,1,1,1,9,1,1,1,1,0,0,0,0,0,0,0,0,0,1,2,0,0,3,0,0,0,0,0,1,1,2,3,2,2,1,9,9,9,9,9,9,24,24,1
6238303,3,3,3,2,10,7,7,1,2,1,8,8,8,8,0,0,0,0,6,0,1,2,2,1,2,2,2,2,2,1,2,2,2,2,1,1,1,1,1,1,1,9,1,2,9,1,3,2,2,4,4,4,4,3,3,2,9,0,0,7,0,0,0,1,1,2,1,2,3,2,1,1,1,2,9,9,2,2,183,182,1
2834626,3,1,1,2,3,1,2,0,1,1,1,0,2,1,0,0,0,0,0,0,1,2,2,1,2,2,2,2,2,1,2,2,2,2,1,1,1,1,1,1,1,9,1,1,1,1,0,0,0,0,0,0,0,0,0,2,9,0,2,2,0,0,0,0,0,1,1,2,3,2,1,1,9,9,2,9,9,9,0,0,1
2553304,3,1,1,2,3,1,3,0,0,1,1,1,1,1,0,0,0,0,1,0,1,2,2,1,2,2,2,2,2,1,2,2,2,1,1,1,2,1,1,1,1,9,1,1,1,1,0,0,0,0,0,0,0,0,0,2,9,0,1,1,0,0,0,0,0,0,1,2,3,2,2,1,9,9,2,9,9,9,0,0,1
2748292,3,2,1,5,8,8,5,3,0,1,2,2,2,2,0,0,0,0,0,0,1,2,2,1,2,2,2,2,2,1,2,2,2,1,1,1,2,1,1,1,1,9,1,1,1,1,1,1,1,1,1,1,1,4,1,1,2,0,0,6,0,0,0,1,1,3,1,2,3,2,1,1,2,2,9,9,2,2,187,187,1
3895183,1,1,1,1,11,7,11,0,0,1,4,4,4,4,0,0,0,0,2,2,1,2,2,1,2,2,2,2,2,1,2,2,2,2,1,1,1,1,1,1,1,9,1,1,1,1,2,2,2,4,4,2,2,4,4,2,9,3,0,2,0,0,1,0,1,2,1,1,3,2,1,1,2,2,9,9,2,2,143,102,1
3252030,3,1,1,7,3,2,3,0,0,1,2,2,2,2,1,1,0,0,1,1,1,2,2,1,2,2,2,2,2,1,2,2,2,1,1,1,2,1,1,1,1,9,1,1,1,1,0,0,0,0,0,0,0,0,0,1,2,0,0,6,0,0,0,0,1,2,1,2,3,2,1,1,9,9,9,9,9,9,0,0,1
7265734,3,1,1,2,2,1,0,0,2,1,1,1,1,1,0,0,0,0,0,0,1,2,2,1,2,2,2,2,2,1,2,2,2,1,1,1,1,1,1,1,1,9,1,1,1,2,0,0,0,0,0,0,0,0,0,2,9,0,0,1,0,0,0,0,0,1,1,2,3,2,2,1,9,9,2,9,9,9,125,120,1
9107605,3,1,1,5,4,4,3,1,0,1,1,1,1,1,0,0,0,0,0,0,1,2,2,1,2,2,2,2,2,1,2,2,2,2,1,1,2,1,2,1,1,9,1,1,1,1,0,0,0,0,0,0,0,0,0,2,9,0,0,1,0,0,0,0,0,0,1,2,3,2,1,1,9,9,9,9,9,9,0,0,1
3413183,3,1,1,5,3,0,1,1,1,2,1,1,1,0,0,0,0,0,0,0,1,2,2,1,2,2,2,2,2,1,2,2,2,2,1,1,2,1,2,1,1,9,1,1,1,1,0,0,0,0,0,0,0,0,0,1,2,0,2,1,0,0,0,0,0,0,1,2,3,2,1,1,9,9,2,9,9,9,0,0,1
3840891,3,1,1,1,3,2,0,0,3,1,1,1,1,1,0,0,0,0,0,0,1,2,2,1,2,2,2,2,2,1,2,2,2,2,1,1,2,1,1,1,1,9,1,1,1,1,0,0,0,0,0,0,0,0,0,2,9,0,0,2,0,0,0,0,0,1,1,2,3,2,1,1,9,9,9,9,9,9,5,5,1
4389030,3,1,1,2,3,1,2,0,1,1,1,1,1,1,0,0,0,0,0,0,1,2,2,1,2,2,2,2,2,1,2,2,2,2,1,1,2,1,1,2,1,9,1,1,1,2,0,0,0,0,0,0,0,0,0,2,9,0,2,1,0,0,0,0,0,0,1,2,3,2,2,1,9,9,2,9,9,9,0,0,1
2746066,3,1,1,1,2,1,2,0,0,1,1,1,1,1,1,1,0,0,0,0,1,2,2,1,2,2,2,2,2,1,2,2,2,2,1,1,2,1,1,1,1,9,1,2,9,1,0,0,0,0,0,0,0,0,0,2,9,0,2,1,0,0,0,0,0,0,1,1,3,2,1,1,9,9,2,9,9,9,0,0,1
2070151,3,1,0,7,2,1,0,0,2,1,1,1,1,1,0,0,0,0,0,0,1,2,2,1,2,2,2,2,2,1,2,2,2,2,1,1,2,1,1,1,1,9,1,1,1,1,0,0,0,0,0,0,0,0,0,2,9,0,2,1,0,0,0,0,0,0,1,2,3,2,1,1,9,9,2,9,9,9,11,11,1
3950955,3,1,1,2,2,1,1,0,1,1,1,0,1,1,0,0,0,0,1,1,1,2,2,1,2,2,2,2,2,1,2,2,2,2,1,1,2,1,1,1,1,9,1,1,1,1,0,0,0,0,0,0,0,0,0,2,9,0,2,1,0,0,0,0,0,0,1,2,3,2,1,1,9,9,2,9,9,9,0,5,1
5244079,3,1,0,2,2,1,2,0,0,1,1,1,1,1,0,0,0,0,0,0,1,2,2,1,2,2,2,2,2,1,2,2,2,2,1,1,2,1,1,1,1,9,1,1,1,1,0,0,0,0,0,0,0,0,0,2,9,0,1,1,0,0,0,0,0,0,1,2,3,2,2,1,9,9,2,9,9,9,8,0,1
5948233,3,10,8,2,9,3,4,4,1,2,1,1,1,1,0,0,0,0,0,0,1,2,2,1,2,2,2,2,2,1,2,2,2,2,1,1,2,1,1,2,1,9,1,1,2,1,4,4,4,4,4,4,4,4,4,1,2,0,0,7,0,0,0,1,0,2,1,2,3,2,2,1,2,2,9,9,2,2,0,0,1
4858615,3,1,1,2,2,1,2,0,0,1,1,1,1,1,0,0,0,0,0,0,1,2,2,1,2,2,2,2,2,1,2,2,2,2,1,1,2,1,1,1,1,9,1,1,1,1,0,0,0,0,0,0,0,0,0,2,9,0,2,2,0,0,0,1,1,1,1,1,3,2,1,1,9,9,2,9,9,9,120,0,1
1666093,3,1,1,5,3,2,3,0,0,1,1,1,1,1,0,0,0,0,0,0,1,2,2,1,2,2,2,2,2,1,2,2,2,2,1,1,2,1,1,1,1,9,1,1,1,1,0,0,0,0,0,0,0,0,0,2,9,0,0,4,0,0,0,0,0,1,1,2,3,2,1,1,9,9,9,9,9,9,0,0,1
3812448,3,1,1,1,2,1,0,2,0,1,1,1,1,1,0,0,0,0,0,0,1,2,2,1,2,2,2,2,2,1,2,2,2,2,1,1,1,1,2,1,1,9,1,1,1,1,0,0,0,0,0,0,0,0,0,2,9,0,1,1,0,0,0,0,0,0,1,2,3,2,1,1,9,9,2,9,9,9,0,0,1
6454765,3,1,1,5,3,2,2,0,1,1,0,0,1,1,0,0,0,0,0,0,1,2,2,1,2,2,2,2,2,1,2,2,2,2,1,1,2,1,1,1,1,9,1,1,1,1,0,0,0,0,0,0,0,0,0,2,9,0,0,1,0,0,0,0,0,0,1,2,3,2,1,1,9,9,9,9,9,9,10,4,1
9650827,3,1,1,1,2,1,2,0,0,1,1,1,1,1,1,1,0,0,0,0,1,2,2,1,2,2,2,2,2,1,2,2,2,3,1,1,2,1,1,1,1,9,1,1,1,1,0,0,0,0,0,0,0,0,0,2,9,0,2,0,0,0,0,0,0,0,1,2,3,2,2,1,9,9,2,9,9,9,0,0,1
4250527,3,1,1,1,3,1,0,1,2,1,1,0,1,1,0,0,0,0,0,0,1,2,2,1,2,2,2,2,2,1,2,2,2,2,1,1,2,1,1,1,1,9,1,1,2,1,0,0,0,0,0,0,0,0,0,2,9,0,2,1,0,0,0,0,0,0,1,2,3,2,2,1,9,9,2,9,9,9,15,15,1
5288107,3,1,1,2,2,1,2,0,0,1,1,1,1,1,0,0,0,0,0,0,1,2,2,1,2,2,2,2,2,1,2,2,2,2,1,1,2,1,1,1,1,9,1,1,1,1,0,0,0,0,0,0,0,0,0,2,9,0,2,1,0,0,0,0,0,0,1,2,3,2,1,1,9,9,2,9,9,9,5,0,1
1700764,3,1,1,1,2,1,2,0,0,1,1,1,1,1,0,0,0,0,0,0,1,2,2,1,2,2,2,2,2,1,2,2,2,2,1,1,2,1,1,1,1,9,1,1,2,1,0,0,0,0,0,0,0,0,0,2,9,0,0,1,0,0,0,0,0,0,1,2,3,2,2,1,9,9,2,9,9,9,6,4,1
8495932,4,1,1,5,1,0,1,0,0,2,0,0,1,1,0,0,0,0,0,0,1,2,2,1,2,2,2,2,2,1,2,2,2,2,1,1,2,1,1,1,1,9,1,2,9,1,0,0,0,0,0,0,0,0,0,2,9,0,0,1,0,0,0,0,0,1,1,2,3,2,1,1,9,9,9,9,9,9,10,0,1
7502883,3,1,1,5,2,3,1,1,0,1,0,0,1,1,0,0,0,0,0,0,1,2,2,1,2,2,2,2,2,1,2,2,2,2,1,1,1,1,1,1,1,9,1,1,1,1,0,0,0,0,0,0,0,0,0,2,9,0,2,0,0,0,0,0,0,0,1,2,3,2,1,1,9,9,2,9,9,9,0,0,1
5873649,3,1,1,5,3,3,1,1,1,1,1,1,1,1,0,0,0,0,0,0,1,2,2,1,2,2,2,2,2,1,2,2,2,1,1,2,1,1,1,1,1,9,1,1,1,2,0,0,0,0,0,0,0,0,0,1,2,1,1,0,0,0,0,0,0,0,1,1,3,2,1,1,9,9,2,9,9,9,0,0,1
1008957,3,8,4,5,11,7,4,0,7,1,3,3,3,3,0,0,0,0,1,1,1,2,2,1,2,2,2,2,2,1,2,2,2,2,1,1,1,1,2,1,2,1,1,2,9,1,3,3,3,4,4,4,4,4,3,1,1,1,0,8,0,1,0,1,2,4,1,2,3,2,1,1,2,2,9,9,2,2,120,60,1
4219861,3,1,1,1,2,1,2,0,0,1,1,1,1,1,0,0,0,0,1,1,1,2,2,1,2,2,2,2,2,1,2,2,2,1,1,1,2,1,2,1,1,9,1,1,1,2,0,0,0,0,0,0,0,0,0,2,9,0,1,2,0,0,0,0,0,0,1,2,3,2,1,1,9,9,2,9,9,9,0,0,1
2765006,1,1,1,4,4,1,2,0,2,1,1,1,1,1,0,0,0,0,0,0,1,2,2,1,2,2,2,2,2,1,2,2,2,2,1,2,2,1,1,1,1,9,1,1,2,1,4,4,4,4,4,4,4,4,4,2,9,0,0,0,0,0,0,0,0,0,1,2,3,2,1,2,2,2,9,9,2,2,0,0,2
4682524,3,2,2,1,2,1,2,0,0,1,1,1,1,1,0,0,0,0,0,0,1,2,2,1,2,2,2,2,2,1,2,2,2,2,1,1,2,1,1,1,1,9,1,1,1,1,0,0,0,0,0,0,0,0,0,1,2,0,2,2,0,0,0,0,1,1,1,2,3,1,1,1,9,9,2,9,9,9,33,0,1
7428004,3,1,1,1,3,2,3,0,0,2,1,1,1,1,0,0,0,0,0,0,1,2,2,1,2,2,2,2,2,1,2,2,2,1,1,1,2,1,1,1,1,9,1,1,2,2,0,0,0,0,0,0,0,0,0,2,9,0,0,1,0,0,0,0,0,0,1,2,3,2,1,1,9,9,9,9,9,9,6,0,1
2685323,3,2,2,2,2,2,2,0,0,1,3,2,1,1,0,0,0,0,0,0,1,2,2,1,2,2,2,2,2,1,2,2,2,2,1,1,2,1,1,1,1,9,1,1,1,2,0,0,0,0,0,0,0,0,0,2,9,0,1,2,0,0,0,0,0,0,1,2,3,2,1,1,9,9,2,9,9,9,0,0,1
1489194,3,1,1,2,2,1,0,2,0,1,1,0,1,1,0,0,0,0,0,0,1,2,2,1,2,2,2,2,2,1,2,2,2,1,1,1,2,1,2,1,1,9,1,1,1,1,0,0,0,0,0,0,0,0,0,2,9,0,0,1,0,0,0,0,0,0,1,2,3,2,1,1,9,9,2,9,9,9,0,0,1
1962668,3,1,1,1,2,1,0,2,0,1,1,0,1,0,0,0,0,0,0,0,1,2,2,1,2,2,2,2,2,1,2,2,2,1,1,1,2,1,1,1,1,9,1,1,1,1,0,0,0,0,0,0,0,0,0,2,9,0,1,1,0,0,0,0,0,0,1,2,3,2,1,1,9,9,2,9,9,9,11,11,1
8427150,3,1,1,2,2,1,0,0,2,2,1,1,1,1,0,0,0,0,0,0,1,2,2,1,2,2,2,2,2,1,2,2,2,2,1,1,2,1,1,1,1,9,1,1,1,2,0,0,0,0,0,0,0,0,0,2,9,0,1,1,0,0,0,0,0,0,1,2,3,2,1,1,9,9,2,9,9,9,0,0,1
3818141,3,1,1,1,2,4,2,0,0,1,2,2,2,2,0,0,0,0,0,0,1,2,2,1,2,2,2,2,2,1,2,2,2,2,1,1,2,1,1,1,1,9,1,1,1,1,0,0,0,0,0,0,0,0,0,2,9,0,2,1,0,0,0,0,0,0,1,2,3,1,1,1,9,9,2,9,9,9,0,0,1
2766295,3,1,1,5,2,1,2,0,0,1,2,2,2,2,0,0,0,0,0,0,1,2,2,1,2,2,2,2,2,1,2,2,2,2,1,1,2,1,1,1,1,9,1,1,1,1,0,0,0,0,0,0,0,0,0,2,9,0,2,2,0,0,0,0,0,1,1,2,3,2,1,1,9,9,2,9,9,9,0,0,1
2648158,3,1,1,5,2,1,0,0,2,1,1,0,1,1,0,0,0,0,0,0,1,2,2,1,2,2,2,2,2,1,2,2,2,2,1,1,2,1,1,1,1,9,1,1,1,1,0,0,0,0,0,0,0,0,0,2,9,0,2,1,0,0,0,0,0,0,2,2,3,2,2,1,9,9,2,9,9,9,17,0,1
8331701,3,2,1,1,2,2,2,0,0,1,1,1,1,1,0,0,0,0,0,0,1,2,2,1,2,2,2,2,2,1,2,2,2,1,1,1,2,1,1,1,1,9,1,1,1,1,0,0,0,0,0,0,0,0,0,2,9,0,1,0,0,0,0,0,0,0,1,2,3,2,1,1,9,9,2,9,9,9,0,0,1
5704036,3,1,1,7,2,1,1,0,1,1,1,1,1,1,0,0,0,0,0,0,1,2,2,1,2,2,2,2,2,1,2,2,2,1,1,3,3,1,2,1,1,9,1,1,1,1,0,0,0,0,0,0,0,0,0,1,2,0,2,1,0,0,0,0,0,0,1,2,3,2,1,1,9,9,2,9,9,9,0,0,2
3118552,3,2,1,1,7,2,2,5,0,1,0,0,2,2,0,0,0,0,0,0,1,2,2,1,2,2,2,2,2,1,2,2,2,2,1,1,2,1,1,1,1,9,1,2,9,1,4,4,4,4,4,4,4,4,4,2,9,0,0,8,0,0,0,2,1,2,1,1,3,2,2,1,2,2,9,9,1,1,361,331,1
4740697,3,1,0,1,2,2,2,0,0,1,1,1,1,1,0,0,0,0,1,0,1,2,2,1,2,2,2,2,2,1,2,2,2,1,1,1,2,1,1,1,1,9,1,1,1,1,0,0,0,0,0,0,0,0,0,2,9,0,2,1,0,0,0,0,0,0,1,2,3,2,1,1,9,9,2,9,9,9,0,0,1
6495039,3,4,4,4,6,1,5,0,1,2,1,1,1,1,1,1,1,1,0,0,1,2,2,1,2,2,2,2,2,1,2,2,2,1,1,1,2,1,1,1,1,9,1,2,9,1,0,0,0,0,0,0,0,0,0,2,9,0,0,3,0,0,0,0,1,1,2,2,3,2,1,1,2,2,9,9,2,9,54,41,1
9720014,3,1,1,2,2,3,2,0,0,1,1,1,1,1,0,0,0,0,0,0,1,2,2,1,2,2,2,2,2,1,2,2,2,2,1,1,2,1,2,2,1,9,1,1,1,1,0,0,0,0,0,0,0,0,0,2,9,0,1,0,0,0,0,0,0,0,2,2,3,2,1,1,9,9,2,9,9,9,0,0,2
6429263,3,2,2,2,2,2,2,0,0,1,1,1,1,1,0,0,0,0,0,0,1,2,2,1,2,2,2,2,2,1,2,2,2,2,1,1,2,1,1,1,1,9,1,1,1,2,0,0,0,0,0,0,0,0,0,2,9,0,1,0,0,0,0,0,0,0,1,2,3,2,1,1,9,9,2,9,9,9,0,0,1
3090189,3,6,6,1,6,2,6,0,0,2,2,2,2,2,0,0,0,0,0,0,1,2,2,1,2,1,2,2,2,1,2,1,2,1,1,1,2,1,1,1,1,9,1,2,9,1,4,4,4,4,4,4,4,4,4,1,2,0,0,6,0,0,0,1,1,2,1,2,3,2,1,1,2,2,9,9,2,2,12,0,1
3706523,3,3,1,7,9,5,9,0,0,1,2,2,2,2,0,0,0,0,1,0,1,2,2,1,2,2,2,2,2,1,2,2,2,1,1,1,2,1,1,1,1,9,1,2,9,1,4,4,4,4,4,4,4,4,4,1,1,0,0,12,0,1,1,1,1,6,1,1,3,2,1,1,2,2,9,9,2,2,283,283,1
3740651,3,1,1,1,3,1,2,1,0,1,1,1,1,1,0,0,0,0,0,0,1,2,2,1,2,2,2,2,2,1,2,2,2,2,1,1,2,1,1,1,1,9,1,1,2,1,0,0,0,0,0,0,0,0,0,2,9,0,2,1,0,0,0,0,0,0,1,2,3,2,1,1,9,9,2,9,9,9,0,0,1
1326250,3,2,2,5,6,5,6,0,0,1,1,1,1,1,0,0,0,0,1,1,1,2,2,1,2,2,2,2,2,1,2,2,2,1,1,1,2,1,1,1,1,9,1,1,1,2,0,0,0,0,0,0,0,0,0,1,2,0,0,6,0,0,0,1,1,1,1,1,3,2,1,1,2,2,9,9,2,9,90,0,1
3683502,3,1,1,2,2,1,2,0,0,1,2,2,2,2,0,0,0,0,0,0,1,2,2,1,2,2,2,2,2,1,2,2,2,1,1,1,2,1,1,1,1,9,1,1,1,1,0,0,0,0,0,0,0,0,0,2,9,0,1,2,0,0,0,0,0,0,1,2,3,2,2,1,9,9,2,9,9,9,0,0,1
5407053,3,1,1,1,2,2,0,1,1,1,1,0,1,0,1,1,0,0,0,0,1,2,2,1,2,2,2,2,2,1,2,2,2,1,1,1,2,1,1,1,1,9,1,1,1,1,0,0,0,0,0,0,0,0,0,2,9,0,0,1,0,0,0,0,0,1,1,2,3,2,2,1,9,9,2,9,9,9,0,0,2
3323376,3,1,0,5,2,2,0,2,0,1,1,1,1,1,0,0,0,0,0,0,1,2,2,1,2,2,2,2,2,1,2,2,2,2,1,1,2,1,1,1,1,9,1,1,1,2,0,0,0,0,0,0,0,0,0,2,9,0,1,1,0,0,0,0,0,0,1,2,3,1,1,1,9,9,2,9,9,9,0,0,2
6713997,3,6,6,1,12,9,9,3,0,1,2,2,2,2,0,0,0,0,1,0,1,2,2,1,2,2,2,2,2,1,2,2,2,1,1,1,2,1,1,1,1,9,1,1,1,2,2,2,2,2,4,1,2,4,2,1,2,0,0,8,0,0,0,3,1,3,1,2,3,2,2,1,2,2,9,9,2,2,124,0,1
7869219,3,1,1,1,2,1,2,0,0,1,1,1,1,1,0,0,0,0,0,0,1,2,2,1,2,2,2,2,2,1,2,2,2,2,1,1,2,1,1,1,1,9,1,1,1,1,0,0,0,0,0,0,0,0,0,2,9,0,2,1,0,0,0,0,0,0,1,2,3,2,1,1,9,9,2,9,9,9,0,0,1
1606632,3,1,0,2,2,1,1,1,0,1,1,1,1,1,0,0,0,0,0,0,1,2,2,1,2,2,2,2,2,1,2,2,2,2,1,1,2,1,1,1,1,9,1,1,1,1,0,0,0,0,0,0,0,0,0,2,9,0,2,2,0,0,0,0,0,0,1,2,3,2,2,1,9,9,2,9,9,9,0,0,1
1103512,3,1,1,2,2,1,1,1,0,1,1,0,1,1,0,0,0,0,0,0,1,2,2,1,2,2,2,2,2,1,2,2,2,2,1,1,2,1,1,1,1,9,1,1,1,1,0,0,0,0,0,0,0,0,0,2,9,0,2,1,0,0,0,0,0,0,1,2,3,2,1,1,9,9,2,9,9,9,21,0,1
6719352,3,1,1,2,2,1,0,0,2,1,1,1,1,1,0,0,0,0,0,0,1,2,2,1,2,2,2,2,2,1,2,2,2,1,1,1,1,1,1,1,1,9,1,1,2,1,0,0,0,0,0,0,0,0,0,2,9,0,2,2,0,0,0,0,0,0,1,2,3,2,1,1,9,9,2,9,9,9,21,21,1
4195500,3,1,1,2,3,0,3,0,0,2,1,0,1,1,0,0,0,0,0,0,1,2,2,1,2,2,2,2,2,1,2,2,2,2,1,1,2,1,1,1,1,9,1,1,1,1,0,0,0,0,0,0,0,0,0,1,2,0,2,1,0,1,0,0,0,0,1,2,3,2,1,1,9,9,2,9,9,9,25,25,1
7869076,1,2,0,2,3,4,1,0,2,1,1,1,1,1,0,0,0,0,0,0,1,2,2,1,2,2,2,2,2,1,2,2,2,2,1,1,2,1,1,2,1,9,1,2,9,1,0,0,0,0,0,0,0,0,0,2,9,1,0,2,0,0,0,0,0,1,1,2,2,2,1,1,2,2,9,9,2,9,0,0,1
1624504,3,2,1,2,5,5,5,0,0,2,1,1,2,2,0,0,0,0,0,0,1,2,2,1,2,2,2,2,2,1,2,2,2,1,1,1,1,1,1,1,1,9,1,1,2,1,3,3,3,3,3,3,3,3,3,1,1,1,0,7,0,0,0,1,1,2,1,2,3,2,1,1,2,2,9,9,2,2,50,76,1
1576486,1,8,6,5,8,8,5,0,3,1,3,0,2,0,2,1,2,1,2,2,1,1,2,1,2,2,2,1,2,1,2,2,2,1,1,1,1,1,2,1,1,9,1,1,2,1,4,4,4,4,4,4,4,4,1,1,2,0,0,8,0,5,0,0,0,2,1,2,3,1,2,1,2,2,9,9,1,1,0,0,2
5886051,3,1,1,5,3,3,0,2,1,1,1,1,1,1,0,0,0,0,1,0,1,2,2,1,2,2,2,2,2,1,2,2,2,2,1,1,2,1,1,1,1,9,1,1,1,1,0,0,0,0,0,0,0,0,0,1,2,0,1,1,0,0,0,0,0,0,1,2,3,2,2,1,9,9,2,9,9,9,50,0,1
9743673,3,1,1,1,2,1,2,0,0,1,1,1,1,1,0,0,0,0,0,0,2,2,2,1,2,2,2,2,2,1,2,2,2,1,1,1,2,1,1,1,1,9,1,1,1,2,0,0,0,0,0,0,0,0,0,2,9,0,1,0,0,0,0,0,0,0,1,2,3,2,2,1,9,9,2,9,9,9,13,0,1
2821614,4,1,1,2,2,0,0,0,2,2,1,0,1,1,0,0,0,0,0,0,1,2,2,1,2,2,2,2,2,1,2,2,2,2,1,1,2,1,1,1,1,9,1,1,1,1,0,0,0,0,0,0,0,0,0,2,9,0,1,0,0,0,0,0,0,0,1,1,3,2,1,1,9,9,2,9,9,9,0,0,1
3242467,3,1,1,2,2,2,2,0,0,1,1,1,1,1,0,0,0,0,0,0,1,2,2,1,2,2,2,2,2,1,2,2,2,2,1,1,2,1,1,1,1,9,1,1,1,1,0,0,0,0,0,0,0,0,0,2,9,0,0,0,0,0,0,0,0,0,1,2,3,2,2,1,9,9,2,9,9,9,0,0,1
9710689,3,7,7,2,7,6,3,0,4,1,2,2,1,1,0,0,0,0,0,0,1,2,2,1,2,2,2,2,2,1,2,2,2,1,1,1,2,1,1,1,1,9,1,1,2,1,0,0,0,0,0,0,0,0,0,1,2,0,0,3,0,0,0,0,0,1,2,1,3,2,1,1,2,2,9,9,2,9,0,0,1
6313024,3,1,1,2,2,1,2,0,0,1,1,1,1,1,0,0,0,0,0,0,1,2,2,1,2,2,2,2,2,1,2,2,2,2,1,1,3,1,1,1,1,9,1,1,1,1,0,0,0,0,0,0,0,0,0,2,9,0,2,1,0,0,0,0,0,0,1,2,3,2,1,1,9,9,2,9,9,9,5,7,1
7237477,3,2,1,1,7,12,7,0,0,1,2,2,3,3,0,0,0,0,1,3,1,2,2,1,2,2,2,2,2,1,2,2,2,2,2,1,2,2,1,2,1,9,1,2,9,1,4,4,4,4,4,4,4,4,2,1,2,0,0,8,0,0,0,0,0,2,1,2,3,1,1,1,2,2,9,9,1,1,0,0,1
3528830,3,3,3,7,3,1,2,1,0,1,1,1,1,1,0,0,0,0,1,1,1,2,2,1,2,2,2,2,2,1,2,2,2,1,1,1,2,1,1,1,1,9,1,1,1,1,0,0,0,0,0,0,0,0,0,2,9,0,1,1,0,0,0,0,0,0,1,1,3,2,1,1,9,9,2,9,9,9,0,0,1
3215691,3,1,1,2,3,2,3,0,0,1,1,1,2,2,0,0,0,0,0,0,2,2,2,1,2,2,2,2,2,1,2,2,2,2,1,1,2,1,1,1,1,9,1,1,1,1,0,0,0,0,0,0,0,0,0,2,9,0,0,3,0,0,0,0,0,1,1,2,3,2,1,1,9,9,9,9,9,9,6,6,1
3944765,3,1,1,2,2,2,2,0,0,1,1,1,1,1,0,0,0,0,1,0,1,2,2,1,2,2,2,2,2,1,2,2,2,2,1,1,2,1,2,1,1,9,1,1,2,1,0,0,0,0,0,0,0,0,0,2,9,0,1,1,0,0,0,0,0,0,1,1,3,2,1,1,9,9,2,9,9,9,6,0,1
3409343,3,2,2,1,2,1,2,0,0,1,1,1,1,1,0,0,0,0,0,0,1,2,2,1,2,2,2,2,2,1,2,2,2,2,1,1,2,1,1,1,1,9,1,1,1,1,0,0,0,0,0,0,0,0,0,2,9,0,2,1,0,0,0,0,0,0,1,2,3,2,1,1,9,9,2,9,9,9,14,0,1
4684735,3,3,2,5,8,11,8,0,0,1,2,2,2,2,0,0,0,0,2,1,1,2,2,1,2,2,2,2,2,1,2,2,2,2,1,1,2,1,1,1,1,9,1,1,2,1,1,1,1,2,4,2,4,4,3,2,9,2,0,6,0,0,0,3,2,2,1,1,3,2,1,1,2,2,9,9,2,2,0,0,1
5192250,3,2,2,5,5,5,2,3,0,1,2,2,2,2,0,0,0,0,2,0,1,2,2,1,2,2,2,2,2,1,2,2,2,2,1,1,1,1,1,1,1,9,1,1,1,1,0,0,0,0,0,0,0,0,0,2,9,0,0,3,0,0,0,0,0,2,1,2,3,2,1,1,2,2,9,9,2,9,0,31,1
4119608,3,1,1,7,4,1,4,0,0,1,1,1,1,1,1,1,1,1,1,1,1,2,2,1,2,2,2,2,2,1,2,2,2,1,1,1,2,1,1,1,1,9,1,1,1,1,0,0,0,0,0,0,0,0,0,2,9,0,3,1,0,0,0,0,1,0,1,2,3,2,1,1,9,9,2,9,9,9,0,0,2
6356014,3,7,5,2,7,1,3,1,3,1,2,1,2,1,0,0,0,0,1,1,2,2,2,1,2,2,2,2,2,1,2,2,2,2,1,1,2,1,1,1,1,9,1,1,1,1,4,4,4,4,4,4,4,4,4,1,1,1,0,4,0,1,0,1,1,3,1,2,3,2,1,1,2,2,9,9,2,2,0,0,1
7483795,3,1,1,2,3,2,3,0,0,1,1,1,1,1,0,0,0,0,0,0,1,2,2,1,2,2,2,2,2,1,2,2,2,2,1,1,2,1,1,1,1,9,1,1,1,2,0,0,0,0,0,0,0,0,0,1,2,0,0,3,0,0,0,0,0,1,1,2,3,2,1,1,9,9,9,9,9,9,0,0,2
7134226,3,1,1,1,3,1,3,0,0,1,1,1,1,1,0,0,0,0,0,0,1,2,2,1,2,2,2,2,2,1,2,2,2,2,1,1,2,1,1,1,1,9,1,1,1,1,0,0,0,0,0,0,0,0,0,2,9,0,2,1,0,0,0,0,0,0,2,2,3,2,2,1,9,9,2,9,9,9,0,0,1
4407423,3,1,1,5,4,1,1,1,2,1,0,0,2,1,0,0,0,0,0,0,1,2,2,1,2,2,2,2,2,1,2,2,2,2,1,1,2,1,1,1,1,9,1,1,2,2,0,0,0,0,0,0,0,0,0,2,9,0,0,2,0,0,0,0,0,0,1,2,3,2,1,1,9,9,9,9,9,9,33,33,1
8482618,3,1,1,2,2,2,2,0,0,1,1,1,1,1,1,1,0,0,0,0,1,2,2,1,2,2,2,2,2,1,2,2,2,1,1,1,2,1,2,1,1,9,1,1,1,1,0,0,0,0,0,0,0,0,0,2,9,0,2,1,0,0,0,0,1,0,1,2,3,2,1,1,9,9,2,9,9,9,0,0,2
3038593,3,1,1,1,2,1,2,0,0,1,1,1,1,1,0,0,0,0,0,0,1,2,2,1,1,2,2,2,2,1,1,2,2,2,1,1,2,1,1,1,2,2,1,2,9,1,0,0,0,0,0,0,0,0,0,2,9,0,1,1,0,0,0,0,0,0,1,2,3,2,2,1,9,9,2,9,9,9,14,14,1
3693905,3,1,1,2,2,1,2,0,0,1,1,1,2,2,1,1,0,0,0,0,1,2,2,1,2,2,2,2,2,1,2,2,2,2,1,1,2,1,1,1,1,9,1,1,2,1,0,0,0,0,0,0,0,0,0,2,9,0,2,1,0,0,0,0,0,0,1,2,3,2,1,1,9,9,2,9,9,9,37,37,1
8057750,3,1,1,2,2,2,2,0,0,1,1,1,1,1,0,0,0,0,0,0,1,2,2,1,2,2,2,2,2,1,2,2,2,1,1,1,1,1,2,1,1,9,1,1,1,1,0,0,0,0,0,0,0,0,0,1,1,0,2,2,0,2,0,0,0,0,1,2,3,2,1,1,9,9,2,9,9,9,36,35,1
3649482,3,1,1,1,2,1,2,0,0,1,1,1,1,1,0,0,0,0,0,0,1,2,2,1,2,2,2,2,2,1,2,2,2,1,1,1,2,1,1,1,1,9,1,1,1,2,0,0,0,0,0,0,0,0,0,2,9,0,1,1,0,0,0,0,0,0,1,2,3,2,1,1,9,9,2,9,9,9,0,0,1
2466408,3,1,1,1,3,2,3,0,0,1,1,1,1,1,0,0,0,0,0,0,1,2,2,1,2,2,2,2,2,1,2,2,2,1,1,1,2,1,1,1,1,9,1,1,1,1,0,0,0,0,0,0,0,0,0,2,9,0,0,2,0,0,0,0,0,1,1,2,3,2,2,1,9,9,9,9,9,9,0,0,1
2014543,3,1,1,5,2,1,0,2,0,1,1,1,1,1,0,0,0,0,1,0,1,2,2,1,2,2,2,2,2,1,2,2,2,2,1,1,2,1,2,1,1,9,1,1,1,1,0,0,0,0,0,0,0,0,0,1,2,0,2,1,0,0,0,0,0,0,1,2,3,2,2,1,9,9,2,9,9,9,0,0,1
4440613,3,1,1,1,2,1,2,0,0,1,2,2,2,2,0,0,0,0,2,2,1,2,2,1,2,2,2,2,2,1,2,2,2,2,1,1,2,1,2,1,1,9,1,1,1,1,0,0,0,0,0,0,0,0,0,2,9,0,1,0,0,0,0,0,0,0,1,2,3,2,2,1,9,9,2,9,9,9,0,0,2
1933958,3,3,3,5,21,4,8,5,8,1,2,2,1,1,0,0,0,0,1,1,1,2,2,1,2,2,2,2,2,1,2,2,2,2,1,1,2,1,1,1,1,9,1,1,1,1,4,4,4,4,4,4,4,4,3,1,2,0,0,5,0,0,0,0,0,2,1,2,3,2,1,1,2,2,9,9,2,2,51,0,1
3559706,3,1,1,2,3,1,0,3,0,1,1,1,1,1,0,0,0,0,0,0,1,2,2,1,2,2,2,2,2,1,2,2,2,2,1,1,2,1,1,1,1,9,1,1,1,2,0,0,0,0,0,0,0,0,0,1,2,0,0,1,0,0,0,0,0,1,1,2,1,2,1,1,9,9,9,9,9,9,0,0,1
9390870,3,1,0,2,2,1,0,0,2,1,1,1,1,1,0,0,0,0,0,0,1,2,2,1,2,2,2,2,2,1,2,2,2,2,1,1,2,1,1,1,1,9,1,1,1,1,0,0,0,0,0,0,0,0,0,2,9,0,2,1,0,0,0,0,0,0,1,2,3,2,1,1,9,9,2,9,9,9,3,0,1
3198053,3,2,2,2,6,2,1,5,0,1,1,1,1,1,0,0,0,0,0,0,1,2,2,1,2,2,2,2,2,1,2,2,2,2,1,1,2,1,1,1,1,9,1,2,9,1,0,0,0,0,0,0,0,0,0,2,9,0,0,6,0,0,0,0,0,1,1,2,3,2,2,1,2,2,9,9,2,9,29,29,1
4848964,3,1,1,5,3,1,3,0,0,1,1,1,1,1,0,0,0,0,0,0,1,2,2,1,2,2,2,2,2,1,2,2,2,1,1,1,2,1,1,1,1,9,1,1,2,1,0,0,0,0,0,0,0,0,0,2,9,0,1,1,0,0,0,0,0,0,1,2,3,2,2,1,9,9,2,9,9,9,0,0,1
8710201,3,2,1,1,5,5,2,0,3,1,1,1,2,2,0,0,0,0,1,0,1,2,2,1,2,2,2,2,2,1,2,2,2,2,1,1,2,1,2,1,1,9,1,2,9,1,0,0,0,0,0,0,0,0,0,1,2,0,0,4,0,0,0,0,0,0,1,2,3,2,1,1,2,2,9,9,2,9,0,0,1
9761773,3,1,1,1,3,2,1,0,2,1,1,1,1,1,0,0,0,0,0,0,1,2,2,1,2,2,2,2,2,1,2,2,2,2,1,1,2,1,1,1,1,9,1,1,1,1,0,0,0,0,0,0,0,0,0,2,9,0,1,5,0,0,0,0,0,0,1,1,3,2,1,1,9,9,9,9,9,9,26,15,1
2548990,3,9,1,5,9,2,0,9,0,1,1,1,1,1,0,0,0,0,1,1,1,2,2,1,2,2,2,2,2,1,2,2,2,2,1,1,2,1,1,1,1,9,1,1,1,1,4,4,4,4,4,4,4,4,4,2,9,0,0,5,0,0,0,3,1,1,1,2,3,2,1,1,2,2,9,9,2,2,0,0,1
1944047,3,2,0,2,2,1,2,0,0,1,0,0,1,1,0,0,1,1,1,0,1,2,2,1,2,2,2,2,2,1,2,2,2,2,1,1,1,1,1,1,1,9,1,1,2,2,0,0,0,0,0,0,0,0,0,2,9,0,2,2,0,0,0,0,0,0,1,2,3,2,2,1,9,9,2,9,9,9,30,30,1
9293283,3,1,1,5,2,1,1,1,0,1,1,0,1,1,0,0,0,0,0,0,1,2,2,1,2,2,2,2,2,1,2,2,2,2,1,1,1,1,1,1,1,9,1,1,1,2,0,0,0,0,0,0,0,0,0,2,9,0,2,2,0,0,0,0,0,1,1,2,3,2,2,1,9,9,2,9,9,9,0,0,1
8055552,3,1,0,2,4,2,0,4,0,1,1,0,1,1,0,0,0,0,0,0,1,2,2,1,2,2,2,2,2,1,2,2,2,2,1,1,2,1,1,1,1,9,1,2,9,1,0,0,0,0,0,0,0,0,0,2,9,0,0,3,0,0,0,0,0,1,1,2,3,2,2,1,2,2,9,9,2,9,20,20,1
6566940,3,1,0,5,1,0,1,0,0,2,0,0,1,0,0,0,0,0,0,0,1,2,2,1,2,2,2,2,2,1,2,2,2,2,1,1,1,1,1,1,1,9,1,2,9,1,0,0,0,0,0,0,0,0,0,2,9,0,1,2,0,0,0,0,0,0,1,1,3,2,2,1,9,9,2,9,9,9,0,0,1
6943212,1,2,2,7,4,0,3,0,1,2,0,0,1,1,0,0,0,0,0,0,1,2,2,1,2,2,2,2,2,1,2,2,2,2,1,1,2,1,1,1,2,1,1,1,1,1,4,4,4,4,4,4,4,4,4,2,9,0,0,0,0,0,0,0,0,0,1,2,3,2,1,2,2,2,9,9,2,2,0,0,2
7785562,3,1,1,1,2,1,2,0,0,1,1,1,1,1,0,0,0,0,0,0,1,2,2,1,2,2,2,2,2,1,2,2,2,2,1,1,2,1,1,1,1,9,1,1,1,1,0,0,0,0,0,0,0,0,0,2,9,0,1,1,0,0,0,0,0,0,1,2,3,2,2,1,9,9,2,9,9,9,6,6,1
5988154,3,3,3,5,9,3,5,4,0,2,0,0,4,4,0,0,0,0,0,2,1,2,2,1,2,2,2,2,2,1,2,2,2,2,1,1,2,1,1,1,1,9,1,1,2,1,4,4,4,4,4,4,4,4,4,1,2,0,0,10,0,0,0,0,0,2,1,2,3,2,2,1,2,2,9,9,2,2,14,0,1
8061388,3,2,2,2,2,1,0,2,0,1,1,1,1,1,0,0,0,0,0,0,1,2,2,1,2,2,2,2,2,1,2,2,2,2,1,1,2,1,1,1,1,9,1,1,2,1,0,0,0,0,0,0,0,0,0,2,9,0,2,1,0,0,0,0,0,0,1,2,3,2,1,1,9,9,2,9,9,9,0,0,1
2411900,3,1,1,1,1,1,1,0,0,1,1,1,1,1,0,0,0,0,0,0,1,2,2,1,2,2,2,2,2,1,2,2,2,2,1,1,2,1,1,1,1,9,1,1,1,1,0,0,0,0,0,0,0,0,0,2,9,0,1,1,0,0,0,0,0,0,1,2,3,2,1,1,9,9,2,9,9,9,7,7,1
9998762,3,1,1,2,5,8,5,0,0,1,1,1,2,2,0,0,0,0,1,2,1,2,2,1,2,2,2,2,2,1,2,2,2,1,1,1,2,1,2,2,1,9,1,2,9,2,0,0,0,0,0,0,0,0,0,1,2,0,0,4,0,0,0,0,1,1,2,2,3,2,1,1,2,2,9,9,2,9,70,0,1
1014582,3,1,1,2,2,1,0,0,2,1,0,0,1,1,0,0,0,0,0,0,1,2,2,1,2,2,2,2,2,1,2,2,2,2,1,1,1,1,1,1,1,9,1,1,2,1,0,0,0,0,0,0,0,0,0,2,9,0,2,1,0,0,0,0,0,0,2,2,3,2,1,1,9,9,2,9,9,9,0,0,1
5670829,3,1,1,2,3,3,3,0,0,1,2,2,1,1,0,0,0,0,0,0,1,2,2,1,2,2,2,2,2,1,2,2,2,1,1,1,2,1,1,1,1,9,1,1,1,2,0,0,0,0,0,0,0,0,0,2,9,0,0,2,0,0,0,0,0,1,1,2,3,2,2,1,9,9,9,9,9,9,0,9,1
4839267,3,10,4,2,15,9,8,4,3,1,3,3,5,5,0,0,0,0,2,2,1,2,2,1,2,2,2,2,2,1,2,2,2,2,1,1,1,1,2,1,1,9,1,2,9,1,2,2,2,4,4,2,4,4,2,1,1,1,0,9,0,2,0,1,1,3,1,1,3,2,1,1,2,2,9,9,2,2,233,0,1
3217406,3,5,5,7,5,5,5,0,0,2,2,2,2,2,0,0,1,1,0,0,1,2,2,1,2,2,2,2,2,1,2,2,2,1,1,1,2,1,1,1,1,9,1,2,9,1,4,4,4,4,4,4,4,4,4,2,9,0,0,4,0,0,0,1,1,2,1,2,3,2,1,1,2,2,9,9,2,2,0,0,1
5628777,3,1,1,1,2,1,0,2,0,1,1,1,1,1,0,0,0,0,0,0,1,2,2,1,2,2,2,2,2,1,2,2,2,2,1,1,2,1,1,1,1,9,1,1,1,1,0,0,0,0,0,0,0,0,0,2,9,0,1,1,0,0,0,0,0,1,1,2,3,2,1,1,9,9,2,9,9,9,10,0,1
6407718,3,1,1,1,2,2,2,0,0,1,1,1,1,1,0,0,0,0,0,0,1,2,2,1,2,2,2,2,2,1,2,2,2,1,1,1,2,1,1,1,1,9,1,1,1,1,0,0,0,0,0,0,0,0,0,1,1,0,2,1,0,0,0,0,0,0,1,2,3,2,2,1,9,9,2,9,9,9,0,0,1
9508807,3,1,1,5,2,1,2,0,0,1,1,1,1,1,0,0,0,0,0,0,1,2,2,1,2,2,2,2,2,1,2,2,2,2,1,1,2,1,2,2,1,9,1,1,1,1,0,0,0,0,0,0,0,0,0,2,9,0,2,1,0,0,0,1,1,0,1,2,3,2,1,1,9,9,2,9,9,9,0,0,1
5660195,3,1,1,2,2,4,0,0,2,1,1,1,1,1,0,0,0,0,1,1,1,2,2,1,2,2,2,2,2,1,2,2,2,2,1,1,2,1,1,1,1,9,1,1,1,1,0,0,0,0,0,0,0,0,0,2,9,0,1,0,0,0,0,0,0,0,1,2,3,1,1,1,9,9,2,9,9,9,0,0,1
9711359,3,1,1,1,3,3,3,0,0,1,1,1,1,1,0,0,0,0,0,0,1,2,2,1,2,2,2,2,2,1,2,2,2,2,1,1,2,1,1,1,1,9,1,1,1,1,0,0,0,0,0,0,0,0,0,1,2,0,1,1,0,0,0,0,0,0,1,1,3,2,1,1,9,9,2,9,9,9,0,0,1
1665303,3,1,1,5,5,6,2,3,0,1,2,2,2,2,0,0,0,0,2,3,1,2,2,1,2,2,2,2,2,1,2,2,2,2,1,1,2,1,1,2,1,9,1,1,1,1,0,0,0,0,0,0,0,0,0,1,2,0,0,6,0,0,0,2,0,1,1,2,3,2,1,1,2,2,9,9,2,9,42,0,1
5998765,3,2,2,5,7,4,3,1,3,1,1,1,1,1,1,1,1,1,1,1,1,2,2,1,1,2,2,2,2,1,1,2,2,2,1,1,1,1,1,2,1,9,1,1,2,1,2,2,2,2,2,2,2,2,2,2,9,0,0,6,0,0,0,2,1,2,1,2,3,1,1,1,2,2,9,9,2,2,103,0,1
5849766,3,3,3,2,3,1,1,0,2,1,1,1,1,1,0,0,0,0,1,1,1,2,2,1,2,2,2,2,2,1,2,2,2,2,1,1,3,1,1,1,1,9,1,1,1,1,0,0,0,0,0,0,0,0,0,2,9,0,2,1,0,0,0,0,0,0,1,2,3,1,1,1,9,9,2,9,9,9,0,0,1
8486188,3,1,0,1,4,1,0,4,0,1,1,1,1,1,0,0,0,0,0,0,1,2,2,1,2,2,2,2,2,1,2,2,2,2,1,1,1,1,1,1,1,9,1,1,1,1,0,0,0,0,0,0,0,0,0,2,9,0,0,1,0,0,0,0,0,0,1,2,3,2,2,1,9,9,9,9,9,9,0,0,1
5984060,3,1,0,2,2,4,0,2,0,1,1,1,1,1,0,0,0,0,0,0,1,2,2,1,2,2,2,2,2,1,2,2,2,2,2,1,2,1,2,2,1,9,1,1,2,1,0,0,0,0,0,0,0,0,0,2,9,0,0,0,0,0,0,0,0,0,1,2,3,2,2,1,2,2,9,9,2,9,0,0,2
9815029,3,3,3,2,3,1,3,0,0,1,2,2,2,2,0,0,0,0,0,0,1,2,2,1,2,2,2,2,2,1,2,2,2,2,1,1,2,1,2,1,1,9,1,1,1,2,0,0,0,0,0,0,0,0,0,2,9,0,4,2,0,0,0,2,0,1,1,1,3,2,2,1,9,9,2,9,9,9,43,0,1
5406305,3,1,0,6,2,2,0,0,2,2,3,2,1,1,1,1,0,0,0,0,1,2,2,1,2,2,2,2,2,1,2,2,2,1,1,1,2,1,1,1,1,9,1,1,1,2,0,0,0,0,0,0,0,0,0,1,2,0,2,1,0,0,0,0,0,0,1,1,3,2,2,1,9,9,2,9,9,9,0,0,1
6471188,3,1,1,2,2,1,2,0,0,1,1,1,1,1,0,0,0,0,0,0,1,2,2,1,2,2,2,2,2,1,2,2,2,2,1,1,2,1,1,2,1,9,1,1,1,1,0,0,0,0,0,0,0,0,0,2,9,0,2,2,0,0,0,0,0,0,1,2,3,2,1,1,9,9,2,9,9,9,22,22,1
9147253,3,1,1,2,2,1,1,1,0,1,1,1,1,0,0,0,0,0,0,0,1,2,2,1,2,2,2,2,2,1,2,2,2,2,1,1,2,1,1,1,1,9,1,1,1,1,0,0,0,0,0,0,0,0,0,2,9,0,1,0,0,0,0,0,0,0,1,2,3,2,1,1,9,9,2,9,9,9,0,0,1
5625782,3,2,2,2,5,1,5,0,0,1,1,1,1,1,0,0,0,0,0,0,1,2,2,1,2,2,2,2,2,1,2,2,2,2,1,1,2,1,1,2,1,9,1,1,1,1,0,0,0,0,0,0,0,0,0,2,9,0,0,3,0,0,0,0,0,1,1,2,3,2,1,1,2,2,9,9,2,9,0,0,1
5957597,3,2,1,7,2,1,2,0,0,1,1,1,1,1,0,0,0,0,0,0,1,2,2,1,2,2,2,2,2,1,2,2,2,2,1,1,2,1,1,1,1,9,1,1,1,2,0,0,0,0,0,0,0,0,0,2,9,0,1,1,0,0,0,0,0,0,1,2,3,2,1,1,9,9,2,9,9,9,7,7,1
8512727,3,3,3,2,7,7,3,1,3,1,1,1,1,1,0,0,0,0,0,0,1,2,2,1,2,2,2,2,2,1,2,2,2,1,1,1,1,1,1,1,1,9,1,1,1,2,2,2,2,2,2,2,2,2,2,1,1,0,0,9,0,0,0,2,1,1,1,2,3,2,1,1,2,2,9,9,2,2,45,25,1
3249769,3,1,1,6,2,2,1,0,1,1,1,0,1,1,1,0,0,0,0,0,1,2,2,1,2,2,1,2,2,1,2,2,1,2,1,1,2,1,1,1,1,9,1,1,1,1,0,0,0,0,0,0,0,0,0,2,9,0,2,1,0,0,0,0,0,0,1,2,3,2,1,1,9,9,2,9,9,9,6,0,1
3251176,3,4,1,5,7,7,4,3,0,1,1,1,1,1,0,0,0,0,0,0,1,2,2,1,2,2,2,2,2,1,2,2,2,1,1,1,3,1,1,1,1,9,1,1,1,1,2,2,2,2,2,2,2,2,4,2,9,0,0,5,0,0,0,1,1,2,1,2,3,2,1,1,2,2,9,9,2,2,0,0,1
8292857,3,2,2,2,5,2,2,0,3,2,1,1,1,1,0,0,0,0,1,1,1,2,2,1,2,2,2,2,2,1,2,2,2,1,1,1,2,1,1,1,1,9,1,1,1,1,0,0,0,0,0,0,0,0,0,2,9,0,0,5,0,1,0,2,1,1,1,2,3,2,1,1,2,2,9,9,2,9,50,50,1
1943144,3,1,0,7,2,1,0,0,2,1,0,0,1,1,0,0,0,0,0,0,1,2,2,1,2,2,2,2,2,1,2,2,2,2,1,1,2,1,1,1,1,9,1,1,1,1,0,0,0,0,0,0,0,0,0,2,9,0,0,0,0,0,0,0,0,0,1,2,3,2,1,1,9,9,2,9,9,9,3,3,1
1133942,3,1,1,1,2,1,2,0,0,1,1,1,1,1,0,0,0,0,0,0,1,2,2,1,2,2,2,2,2,1,2,2,2,2,1,1,2,1,1,1,1,9,1,1,1,2,0,0,0,0,0,0,0,0,0,2,9,0,2,2,0,0,0,0,0,0,1,2,3,2,2,1,9,9,2,9,9,9,13,0,1
5170371,3,1,1,2,3,3,0,0,3,1,1,1,1,1,0,0,0,0,0,0,1,2,2,1,2,2,2,2,2,1,2,2,2,1,1,1,2,1,1,1,1,9,1,1,1,1,0,0,0,0,0,0,0,0,0,2,9,0,0,4,0,0,0,0,0,1,1,2,3,2,1,1,9,9,9,9,9,9,0,0,1
5714816,3,1,1,5,1,1,1,0,0,2,0,0,1,1,0,0,0,0,0,0,1,2,2,1,2,2,2,2,2,1,2,2,2,2,1,1,2,1,2,1,1,9,1,2,9,1,0,0,0,0,0,0,0,0,0,2,9,0,1,1,0,0,0,0,0,0,1,2,3,2,1,1,9,9,2,9,9,9,0,0,1
3077101,3,1,1,5,5,4,2,3,0,1,1,1,1,1,0,0,0,0,0,0,1,2,2,1,2,2,2,2,2,1,2,2,2,2,1,1,2,1,1,1,1,9,1,2,9,1,0,0,0,0,0,0,0,0,0,1,2,0,0,2,0,0,0,0,0,0,1,1,3,2,1,1,2,2,9,9,2,9,0,0,1
2212645,3,1,1,5,2,2,2,0,0,1,1,1,1,1,0,0,0,0,0,0,1,2,2,1,2,2,2,2,2,1,2,2,2,2,1,1,2,1,1,1,1,9,1,1,1,2,0,0,0,0,0,0,0,0,0,2,9,0,1,1,0,0,0,0,0,0,1,2,3,2,1,1,9,9,2,9,9,9,5,5,1
7508105,3,4,2,2,8,7,0,3,5,1,4,2,1,1,0,0,0,0,3,0,1,2,2,1,2,2,2,2,2,1,2,2,2,2,1,1,2,1,1,1,1,9,1,2,9,1,2,2,1,2,2,2,2,2,1,1,1,0,0,5,0,1,0,1,1,2,1,1,3,2,2,1,2,1,9,9,2,2,0,0,1
3928664,3,2,2,3,2,0,2,0,0,2,2,2,2,2,0,0,0,0,0,0,1,2,2,1,2,2,2,2,2,1,2,2,2,1,1,1,3,1,1,1,2,1,1,1,1,1,0,0,0,0,0,0,0,0,0,2,9,0,0,2,0,0,0,0,0,0,1,1,3,2,2,1,9,9,9,9,9,9,37,23,1
7245067,3,1,1,5,2,2,2,0,0,1,1,1,1,1,0,0,0,0,0,0,1,2,2,1,2,2,2,2,2,1,2,2,2,2,1,1,2,1,1,1,1,9,1,1,1,1,0,0,0,0,0,0,0,0,0,2,9,0,1,0,0,0,0,0,0,0,1,2,1,1,1,1,9,9,2,9,9,9,0,0,1
6002127,3,1,0,2,3,2,0,0,3,1,1,1,1,1,0,0,0,0,0,0,1,2,2,1,2,2,2,2,2,1,2,2,2,2,1,1,2,1,2,2,1,9,1,2,9,1,0,0,0,0,0,0,0,0,0,2,9,0,0,2,0,0,0,0,0,0,1,2,3,2,1,1,9,9,9,9,9,9,3,0,1
8443575,3,1,1,5,3,2,3,0,0,1,1,1,1,1,0,0,0,0,0,0,1,2,2,1,2,2,2,2,2,1,2,2,2,2,1,1,2,1,1,1,1,9,1,1,2,1,0,0,0,0,0,0,0,0,0,2,9,0,0,1,0,0,0,0,0,0,1,2,3,2,1,1,9,9,9,9,9,9,7,7,1
9053056,3,1,0,2,2,1,0,2,0,1,1,1,1,1,0,0,0,0,0,0,1,2,2,1,2,2,2,2,2,1,2,2,2,2,1,1,2,1,1,1,1,9,1,1,1,1,0,0,0,0,0,0,0,0,0,2,9,0,2,1,0,0,0,0,0,0,1,2,3,2,1,1,9,9,2,9,9,9,0,0,1
3009090,3,1,0,2,2,2,2,0,0,1,1,1,1,1,0,0,0,0,0,0,1,2,2,1,2,2,2,2,2,1,2,2,2,2,1,1,2,1,2,1,1,9,1,1,1,2,0,0,0,0,0,0,0,0,0,2,9,0,2,2,0,0,0,0,0,0,1,2,3,2,2,1,9,9,2,9,9,9,0,0,1
6382512,3,1,1,2,2,1,2,0,0,1,2,1,2,1,0,0,0,0,0,0,1,2,2,1,2,2,2,2,2,1,2,2,2,2,1,1,2,1,1,1,1,9,1,1,1,1,0,0,0,0,0,0,0,0,0,2,9,0,1,1,0,0,0,0,0,0,1,2,3,2,2,1,9,9,2,9,9,9,12,12,1
1239699,3,1,1,2,2,1,2,0,0,1,0,0,1,1,0,0,1,1,0,0,1,2,2,1,2,2,2,2,2,1,2,2,2,2,1,1,2,1,1,1,1,9,1,1,1,1,0,0,0,0,0,0,0,0,0,2,9,0,1,1,0,0,0,0,0,0,1,2,3,1,1,1,9,9,2,9,9,9,0,0,1
7634909,3,1,1,5,2,2,2,0,0,1,2,2,2,2,0,0,0,0,0,0,1,2,2,1,2,2,2,2,2,1,2,2,2,2,1,1,2,1,1,1,1,9,1,1,1,1,0,0,0,0,0,0,0,0,0,2,9,0,1,1,0,0,0,0,0,0,1,2,3,2,1,1,9,9,2,9,9,9,14,14,1
6410195,3,1,1,5,2,3,2,0,0,1,1,1,1,1,0,0,0,0,0,0,1,2,2,1,1,2,2,2,2,1,1,2,2,2,1,1,2,1,1,1,2,1,1,1,1,1,0,0,0,0,0,0,0,0,0,2,9,0,2,1,0,0,0,0,0,0,1,2,3,2,2,1,9,9,2,9,9,9,70,0,1
9507709,3,3,2,3,4,1,4,0,0,1,2,2,1,1,0,0,0,0,0,0,1,2,2,1,2,2,2,2,2,1,2,2,2,2,1,1,2,1,2,1,1,9,1,1,1,1,0,0,0,0,0,0,0,0,0,2,9,0,2,1,0,0,0,0,0,0,1,2,3,2,1,1,9,9,2,9,9,9,28,0,1
3740033,3,1,1,2,2,1,0,2,0,1,1,1,1,1,0,0,0,0,0,0,2,2,2,1,2,2,2,2,2,1,2,2,2,2,1,1,1,1,1,1,1,9,1,1,1,1,0,0,0,0,0,0,0,0,0,2,9,0,1,2,0,0,0,0,0,0,1,2,3,2,1,1,9,9,2,9,9,9,0,0,1
2598645,3,2,2,1,5,10,2,0,3,1,2,2,2,2,0,0,0,0,1,1,1,2,2,2,1,2,2,2,2,2,1,2,2,2,1,1,2,1,1,1,1,9,1,1,2,1,0,0,0,0,0,0,0,0,0,2,9,0,0,5,0,0,0,0,0,2,1,2,3,2,2,1,2,2,9,9,2,9,0,0,1
8352916,3,1,1,7,2,3,2,0,0,1,2,2,1,1,1,1,0,0,0,0,1,2,2,1,2,2,2,2,2,1,2,2,2,2,1,1,2,1,1,1,1,9,1,1,1,1,0,0,0,0,0,0,0,0,0,1,2,0,1,1,0,0,0,0,1,1,1,2,3,2,1,1,9,9,2,9,9,9,31,33,1
1758479,3,2,1,2,4,5,4,0,0,1,1,1,2,2,0,0,0,0,0,0,1,2,2,1,2,2,2,2,2,1,2,2,2,2,1,1,2,1,2,1,1,9,1,1,1,1,0,0,0,0,0,0,0,0,0,2,9,0,2,3,0,0,0,0,0,1,1,2,3,2,1,1,9,9,2,9,9,9,0,0,1
4133676,3,7,3,5,7,1,0,0,7,1,2,1,2,1,0,0,0,0,0,0,1,2,2,1,2,2,2,2,2,1,2,2,2,1,1,1,2,1,2,2,1,9,1,1,1,2,4,4,4,4,4,4,4,4,4,2,9,0,0,2,0,0,0,0,0,1,1,2,1,2,1,1,2,2,9,9,2,1,0,0,1
9571818,3,1,1,2,4,4,0,0,4,1,1,1,1,1,0,0,0,0,0,0,1,2,2,1,2,2,2,2,2,1,2,2,2,2,1,3,2,1,2,1,1,9,1,1,1,1,0,0,0,0,0,0,0,0,0,1,2,0,0,2,0,0,0,0,0,2,1,2,3,2,1,1,9,9,9,9,9,9,0,0,1
9732052,3,1,1,2,2,3,2,0,0,1,1,1,1,1,0,0,0,0,0,0,1,2,2,1,2,2,2,2,2,1,2,2,2,2,1,1,2,1,1,1,1,9,1,1,1,1,0,0,0,0,0,0,0,0,0,2,9,0,2,1,0,0,0,0,0,0,1,2,3,2,2,1,9,9,2,9,9,9,19,15,1
2100955,3,5,2,2,9,6,6,3,0,1,3,3,2,2,0,0,0,0,2,0,1,2,1,1,2,2,2,2,1,1,2,2,2,2,1,1,1,1,2,1,1,9,1,1,1,1,4,4,4,4,4,4,4,4,4,2,9,0,0,10,0,0,0,1,1,1,1,2,3,2,1,1,2,2,9,9,2,2,33,0,1
8296114,3,2,2,5,2,2,2,0,0,1,1,1,1,1,0,0,0,0,1,1,1,2,2,1,2,2,2,2,2,1,2,2,2,2,1,1,2,1,1,2,1,9,1,1,1,1,0,0,0,0,0,0,0,0,0,2,9,0,1,1,0,0,0,0,0,0,1,2,3,2,1,1,9,9,2,9,9,9,0,0,1
1838271,3,1,1,1,2,2,2,0,0,1,1,1,1,1,0,0,0,0,1,0,1,2,2,1,2,2,2,2,2,1,2,2,2,2,1,1,2,1,1,1,1,9,1,1,1,1,0,0,0,0,0,0,0,0,0,2,9,0,2,1,0,0,0,0,0,0,1,2,1,2,1,1,9,9,2,9,9,9,0,0,1
5770464,1,7,7,1,7,5,7,0,0,1,1,1,1,1,0,0,0,0,2,0,1,2,2,1,2,2,2,2,2,1,2,2,2,1,1,1,2,1,1,1,1,9,1,1,1,1,0,0,0,0,0,0,0,0,0,1,2,0,0,1,0,0,0,0,1,1,1,2,3,2,1,1,2,2,9,9,2,9,0,0,1
7037659,3,2,1,2,4,1,4,0,0,1,1,1,1,1,0,0,0,0,0,0,1,2,2,1,2,2,2,2,2,1,2,2,2,2,1,1,1,1,1,1,1,9,1,1,1,2,0,0,0,0,0,0,0,0,0,2,9,0,1,2,0,0,0,0,0,1,1,2,3,2,2,1,9,9,2,9,9,9,0,0,1
8589499,3,1,1,5,2,1,0,0,2,1,1,1,2,1,0,0,0,0,0,0,1,2,2,1,2,2,2,2,2,1,2,2,2,2,1,1,2,1,1,1,1,9,1,1,1,1,0,0,0,0,0,0,0,0,0,2,9,0,2,0,0,0,0,0,0,0,1,2,3,2,1,1,9,9,2,9,9,9,4,0,1
6514824,3,1,1,1,3,2,0,1,2,1,0,0,1,1,0,0,0,0,0,2,1,2,2,1,2,2,2,2,2,1,2,2,2,2,1,1,3,1,1,1,1,9,1,1,1,2,0,0,0,0,0,0,0,0,0,1,2,1,0,5,0,0,0,0,1,3,1,1,3,2,1,1,9,9,9,9,9,9,0,0,1
6989139,3,1,1,2,2,1,2,0,0,1,1,1,1,1,0,0,0,0,0,0,1,2,2,1,2,2,2,2,2,1,2,2,2,2,1,1,2,1,1,1,1,9,1,1,1,1,0,0,0,0,0,0,0,0,0,2,9,0,2,1,0,0,0,0,0,0,1,2,3,2,2,1,9,9,2,9,9,9,9,0,1
7328915,3,2,2,3,3,1,2,0,1,2,1,1,1,1,0,0,0,0,0,0,1,2,2,1,2,2,2,2,2,1,2,2,2,2,1,1,2,1,1,1,1,9,1,1,1,1,0,0,0,0,0,0,0,0,0,2,9,0,2,2,0,0,0,1,0,0,1,2,3,1,2,1,9,9,2,9,9,9,33,0,1
1303265,3,1,1,5,2,0,2,0,0,2,0,0,1,1,0,0,0,0,0,0,1,2,2,1,2,2,2,2,2,1,2,2,2,1,1,1,2,1,2,1,1,9,1,1,1,1,0,0,0,0,0,0,0,0,0,2,9,0,1,2,0,0,0,0,0,0,1,2,3,2,1,1,9,9,2,9,9,9,0,0,1
7521870,3,4,4,7,5,1,5,0,0,1,2,2,2,2,1,1,0,0,1,1,1,2,2,1,2,2,2,2,2,1,2,2,2,2,1,1,2,1,2,1,1,9,1,1,1,1,0,0,0,0,0,0,0,0,0,1,2,0,5,5,0,0,0,1,0,1,1,1,3,2,1,1,9,9,2,9,9,9,71,0,1
6996508,4,1,1,3,13,11,13,0,0,1,4,4,2,2,0,0,0,0,4,2,1,2,2,1,2,2,2,2,2,1,2,2,2,2,1,1,1,1,2,2,1,9,2,1,2,1,2,2,2,2,4,2,4,4,2,1,2,0,0,20,0,0,0,4,4,5,1,2,1,1,2,2,2,2,2,9,2,2,141,0,1
3159643,3,2,2,7,3,2,1,2,0,1,1,1,1,1,0,0,0,0,0,0,1,2,2,1,2,2,2,2,2,1,2,2,2,1,1,1,2,1,1,1,1,9,1,1,1,1,0,0,0,0,0,0,0,0,0,2,9,0,0,5,0,0,0,0,0,1,1,2,3,2,1,1,9,9,9,9,9,9,13,13,1
3116746,3,1,1,5,2,0,2,0,0,2,1,0,1,1,0,0,0,0,0,0,1,2,2,1,2,2,2,2,2,1,2,2,2,2,1,1,2,1,1,1,1,9,1,1,1,2,0,0,0,0,0,0,0,0,0,2,9,0,1,1,0,0,0,0,0,0,1,2,3,2,2,1,9,9,2,9,9,9,0,0,1
8644952,3,1,1,1,3,1,3,0,0,1,1,1,1,1,0,0,0,0,0,0,1,2,2,1,2,2,2,2,2,1,2,2,2,2,1,1,2,1,1,1,1,9,1,1,2,1,0,0,0,0,0,0,0,0,0,2,9,0,2,1,0,1,0,0,0,0,1,2,3,2,2,1,9,9,2,9,9,9,24,24,1
8211316,3,3,1,2,5,1,3,0,2,1,2,2,2,2,0,0,0,0,0,0,1,2,2,1,2,2,2,2,2,1,2,2,2,2,1,1,2,1,2,1,1,9,1,1,1,1,0,0,0,0,0,0,0,0,0,2,9,0,0,1,0,0,0,0,0,0,1,2,3,2,1,1,9,9,2,9,9,9,14,14,1
1303435,3,1,1,2,3,1,3,0,0,1,1,1,1,1,0,0,0,0,1,1,1,2,2,1,2,2,2,2,2,1,2,2,2,2,1,1,2,1,1,1,1,9,1,1,1,1,0,0,0,0,0,0,0,0,0,2,9,0,0,1,0,0,0,2,0,1,1,2,3,2,1,1,9,9,9,9,9,9,44,0,1
5534969,3,7,7,5,9,9,0,6,3,1,1,1,1,1,1,1,1,0,0,1,1,2,2,1,2,2,2,2,2,1,2,2,2,1,1,1,2,1,1,1,1,9,1,1,1,1,1,1,1,1,1,1,1,4,1,1,2,0,0,6,0,0,0,0,2,1,1,1,3,2,1,1,2,2,9,9,2,2,0,0,1
1371055,3,1,1,2,2,1,0,1,1,1,1,0,1,1,0,0,0,0,0,0,1,2,2,1,2,2,2,2,2,1,2,2,2,2,1,1,2,1,1,1,1,9,1,1,1,2,0,0,0,0,0,0,0,0,0,2,9,0,2,1,0,0,0,0,0,0,1,2,3,2,1,1,9,9,2,9,9,9,6,0,1
4358574,1,1,1,1,11,12,11,0,0,1,2,2,2,2,1,1,1,1,1,1,1,2,1,1,2,2,2,2,1,1,2,2,2,1,1,1,2,1,1,1,1,9,2,1,1,1,0,0,0,0,0,0,0,0,0,1,9,1,1,5,0,1,1,1,1,2,1,2,3,1,1,1,9,9,2,9,9,9,0,0,
5947348,1,2,2,1,11,11,11,0,0,1,2,2,2,2,0,0,0,0,2,2,1,2,2,1,2,2,2,2,2,1,2,2,2,2,1,1,2,1,1,1,1,9,1,2,9,1,1,1,1,2,2,3,3,3,1,1,9,10,0,7,0,1,0,0,1,1,1,2,3,2,1,2,1,2,9,9,2,2,0,0,
2541416,1,1,1,6,7,2,7,0,0,1,2,2,2,2,0,0,0,0,1,0,1,2,2,1,2,2,2,2,2,1,2,2,2,2,1,1,2,1,1,1,1,9,1,1,1,1,0,0,0,0,0,0,0,0,0,2,9,0,0,1,0,0,0,0,0,0,1,2,3,2,1,1,9,9,2,9,9,9,0,0,
4476556,1,2,2,1,33,18,33,0,0,1,33,33,33,33,2,2,2,2,14,14,1,1,2,1,2,2,2,1,2,1,2,2,2,2,1,1,2,1,1,1,1,9,1,1,1,1,1,1,1,1,4,4,4,4,1,1,9,0,0,88,0,88,1,3,2,7,1,1,3,1,1,1,2,2,2,9,2,2,0,0,
7351224,1,2,2,2,6,4,6,0,0,1,1,1,1,1,0,0,0,0,3,5,1,2,2,1,2,2,2,2,2,1,2,2,2,2,1,1,2,1,1,1,1,9,1,2,9,1,2,2,2,4,4,2,4,4,3,2,9,1,0,3,0,0,0,0,1,2,1,2,3,2,1,1,2,2,9,9,9,1,0,0,
9057715,1,1,1,7,9,9,9,0,0,1,1,1,1,1,0,0,0,0,0,0,1,2,2,1,2,2,2,2,2,1,2,2,2,2,1,1,1,1,1,2,1,9,1,2,9,1,0,0,0,0,0,0,0,0,0,2,9,0,0,2,0,0,0,0,1,0,1,2,3,2,2,2,9,9,2,9,9,9,0,0,
3624270,1,1,1,1,10,14,10,0,0,1,1,1,1,1,0,0,0,0,3,2,1,2,2,1,2,2,2,2,2,1,2,2,2,2,1,1,2,1,1,1,1,9,1,2,9,1,0,0,0,0,0,0,0,0,0,1,9,0,0,16,0,0,0,0,1,1,1,2,3,2,1,2,9,9,2,9,9,9,0,0,
5360420,1,1,1,1,6,1,5,1,0,1,1,1,1,1,0,0,0,0,0,0,1,2,2,1,2,2,2,2,2,1,2,2,2,1,1,1,2,1,1,2,1,9,1,2,9,1,0,0,0,0,0,0,0,0,0,2,9,3,1,6,0,0,0,0,0,3,1,2,3,2,2,1,9,9,2,9,9,9,0,0,
6853273,2,8,8,1,8,2,8,0,0,1,2,2,2,2,0,0,0,0,0,0,1,2,2,1,2,2,2,2,2,1,2,2,2,2,1,1,2,1,1,1,1,9,1,1,2,1,0,0,0,0,0,0,0,0,0,2,9,0,0,5,0,0,0,1,1,1,1,2,3,2,2,2,9,9,2,9,9,9,0,0,
3856092,1,1,1,6,5,6,5,0,0,1,1,1,1,1,0,0,0,0,2,0,2,2,2,1,2,2,2,2,2,1,2,2,2,2,1,1,1,1,1,1,1,9,1,2,9,2,0,0,0,0,0,0,0,0,0,1,9,0,0,10,0,0,0,0,0,1,1,2,3,2,1,2,9,9,2,9,9,9,0,0,
2984786,1,1,1,1,5,5,5,0,0,1,2,2,1,1,0,0,0,0,0,0,1,2,2,1,2,2,2,2,2,1,2,2,2,2,1,1,2,1,1,1,1,9,1,2,9,1,0,0,0,0,0,0,0,0,0,1,9,1,0,1,0,0,0,0,0,1,1,2,3,2,2,2,9,9,2,9,9,9,0,0,
5679677,1,1,1,1,6,1,6,0,0,1,1,1,1,1,0,0,0,0,0,0,1,2,2,1,2,2,2,2,2,1,2,2,2,2,1,1,2,1,1,1,1,9,1,2,9,1,0,0,0,0,0,0,0,0,0,2,9,0,0,2,0,0,0,0,0,0,1,1,3,2,1,2,9,9,2,9,9,9,0,0,
2325909,1,2,2,3,12,7,12,0,0,1,2,2,2,2,0,0,0,0,1,1,1,2,2,1,2,2,2,2,2,1,2,2,2,2,1,1,1,1,1,1,1,9,1,1,1,1,0,0,0,0,0,0,0,0,0,2,9,0,0,12,0,0,0,1,1,1,1,2,3,2,1,2,9,9,2,9,9,9,0,0,
8945384,1,1,1,1,9,12,9,0,0,1,1,1,1,1,1,1,1,1,0,0,1,2,2,1,2,2,2,2,2,1,2,2,2,2,1,1,2,1,1,1,1,9,1,2,9,1,0,0,0,0,0,0,0,0,0,1,9,0,0,10,0,0,0,0,2,2,1,2,3,2,2,1,9,9,2,9,9,9,0,0,
9815463,1,1,1,2,3,1,3,0,0,1,1,1,1,1,1,1,1,1,1,1,1,2,2,1,2,2,2,2,2,1,2,2,2,2,1,1,3,1,2,2,1,9,1,2,9,1,0,0,0,0,0,0,0,0,0,2,9,0,0,0,0,0,0,0,0,0,1,2,3,2,2,2,9,9,2,9,9,9,0,0,
7777595,2,1,1,1,3,7,3,0,0,1,1,1,1,1,0,0,0,0,1,1,1,2,2,1,2,2,2,2,2,1,2,2,2,2,1,1,2,1,2,1,1,9,1,2,9,1,0,0,0,0,0,0,0,0,0,2,9,5,0,0,0,0,0,0,1,1,1,2,3,2,1,2,9,9,9,9,9,9,0,0,
9046962,1,2,2,5,6,6,6,0,0,1,1,1,1,1,0,0,0,0,0,0,1,2,2,1,2,2,2,2,2,1,2,2,2,2,1,1,2,1,1,1,1,9,1,1,2,1,0,0,0,0,0,0,0,0,0,1,9,0,0,1,0,0,0,0,0,0,1,2,3,2,2,1,9,9,2,9,9,9,0,0,
5404364,1,1,1,5,3,4,3,0,0,1,1,1,1,1,0,0,0,0,0,0,1,2,2,1,2,2,2,2,2,1,2,2,2,2,1,1,2,1,1,1,1,9,1,2,9,1,0,0,0,0,0,0,0,0,0,2,9,0,0,0,0,0,0,0,0,0,1,2,3,2,2,2,9,9,9,9,9,9,0,0,
4054814,2,1,1,4,12,5,12,0,0,1,1,1,1,1,0,0,0,0,1,1,1,2,2,1,2,2,2,2,2,1,2,2,2,2,1,1,2,1,1,1,1,9,1,2,9,1,0,0,0,0,0,0,0,0,0,1,9,1,0,10,0,1,0,0,1,1,1,2,3,2,1,2,9,9,2,9,9,9,0,0,
2563691,1,2,1,1,7,8,7,0,0,1,2,2,2,2,0,0,0,0,0,0,1,2,2,1,2,2,2,2,2,1,2,2,2,2,1,1,2,1,1,1,1,9,1,2,9,2,0,0,0,0,0,0,0,0,0,2,9,1,0,0,0,0,0,0,0,0,1,2,2,2,2,2,9,9,2,9,9,9,0,0,
6480007,2,1,1,1,10,5,10,0,0,1,3,3,2,2,0,0,0,0,0,0,1,2,2,1,1,2,2,2,2,1,1,2,2,1,1,1,2,1,2,1,1,9,1,1,1,1,0,0,0,0,0,0,0,0,0,2,9,1,2,7,0,0,0,0,0,1,1,1,2,2,1,2,9,9,2,9,9,9,0,0,
4642004,1,2,1,7,13,13,0,13,0,1,2,2,2,2,0,0,0,0,2,0,1,2,2,1,2,2,2,2,2,1,2,2,2,2,1,1,2,1,1,1,1,9,1,1,1,1,0,0,0,0,0,0,0,0,0,1,9,2,2,6,0,4,0,1,1,3,1,1,3,2,1,1,9,9,2,9,9,9,0,0,
7002696,1,1,1,1,8,8,8,0,0,1,2,2,2,2,0,0,2,1,2,4,1,2,2,1,2,2,2,2,2,1,2,2,2,1,1,1,2,1,1,1,1,9,1,2,9,1,0,0,0,0,0,0,0,0,0,2,9,0,0,2,0,0,0,0,0,1,2,1,1,1,1,2,9,9,2,9,9,9,0,0,
1391137,1,3,3,1,17,12,17,0,0,1,15,15,15,15,1,1,1,1,16,0,1,1,2,2,2,2,2,1,2,2,2,2,2,1,1,1,2,1,2,1,1,9,1,1,1,1,1,1,1,1,4,4,4,4,1,1,9,2,0,50,0,0,1,3,2,3,1,1,3,1,2,1,2,1,2,9,2,2,0,0,
5266420,1,3,3,1,3,3,3,0,0,1,1,1,1,1,0,0,0,0,1,1,1,2,2,1,2,2,2,2,2,1,2,2,2,2,1,1,1,1,2,1,1,9,1,2,9,1,0,0,0,0,0,0,0,0,0,2,9,1,0,1,0,0,0,0,0,1,1,2,3,1,2,2,9,9,9,9,9,9,0,0,
2965943,1,2,2,1,11,5,11,0,0,1,2,2,3,3,0,0,0,0,1,1,1,2,2,1,2,2,2,2,2,1,2,2,2,1,1,1,2,1,1,1,1,9,1,1,2,1,0,0,0,0,0,0,0,0,0,1,9,0,0,10,0,10,1,1,0,1,1,2,1,2,1,1,9,9,2,9,9,9,0,0,
5643069,1,2,2,6,8,4,8,0,0,1,2,2,2,2,0,0,0,0,0,0,1,2,2,1,2,2,2,2,2,1,2,2,2,2,1,1,2,1,1,1,1,9,1,2,9,1,0,0,0,0,0,0,0,0,0,2,9,1,0,4,0,0,0,0,0,0,1,2,3,2,1,1,9,9,2,9,9,9,0,0,
6249299,1,1,1,6,5,5,5,0,0,1,1,1,1,1,0,0,0,0,0,0,1,2,2,1,2,2,2,2,2,1,2,2,2,1,1,1,2,1,1,1,1,9,1,1,1,1,0,0,0,0,0,0,0,0,0,1,9,0,0,1,0,0,0,0,1,1,1,2,3,2,2,1,9,9,2,9,9,9,0,0,
6838625,1,1,1,1,5,2,5,0,0,1,1,1,1,1,0,0,0,0,1,1,1,2,2,1,2,2,2,2,2,1,2,2,2,1,1,1,2,1,1,1,1,9,2,2,9,1,0,0,0,0,0,0,0,0,0,2,9,0,0,1,0,0,0,0,0,1,1,2,3,2,1,2,9,9,2,9,9,9,0,0,
8346412,1,1,1,1,6,6,6,0,0,1,3,3,3,3,0,0,0,0,0,0,1,2,2,1,2,2,2,2,2,1,2,2,2,2,1,1,3,1,1,2,1,9,1,1,1,1,1,1,1,3,3,3,3,3,2,1,9,0,0,4,0,0,0,0,1,1,1,2,3,2,2,2,2,1,9,9,2,2,0,0,
5492823,1,2,2,1,13,5,13,0,0,1,3,3,3,3,0,0,0,0,3,0,1,2,2,1,2,2,2,2,2,1,2,2,2,2,1,1,2,1,1,2,1,9,1,2,9,1,2,1,2,4,4,4,4,4,1,1,9,1,0,9,0,0,1,1,2,1,1,2,3,2,1,2,2,2,9,9,2,2,0,0,
1597799,1,1,1,1,5,3,5,0,0,1,1,1,1,1,0,0,0,0,1,1,1,2,2,1,2,2,2,2,2,1,2,2,2,2,1,1,2,1,2,1,1,9,1,2,9,1,0,0,0,0,0,0,0,0,0,2,9,4,0,1,0,0,0,0,0,1,1,2,3,2,1,2,9,9,2,9,9,9,0,0,
9035432,2,1,1,1,11,13,11,0,0,1,3,3,3,3,0,0,0,0,3,3,1,2,2,1,2,2,2,2,2,1,2,2,2,2,1,1,2,1,1,1,1,9,1,2,9,1,0,0,0,0,0,0,0,0,0,1,9,0,0,5,0,0,0,0,0,2,1,1,3,2,2,2,9,9,2,9,9,9,0,0,
5274148,1,1,1,1,10,9,10,0,0,1,2,2,2,2,0,0,0,0,2,2,1,2,2,1,2,2,2,2,2,1,2,2,2,2,1,1,2,1,1,1,1,9,1,2,9,1,0,0,0,0,0,0,0,0,0,1,9,0,0,9,0,0,0,0,0,1,1,2,3,2,1,2,2,2,2,9,2,9,0,0,
4283719,1,1,1,5,10,2,10,0,0,1,1,1,1,1,0,0,0,0,1,0,2,2,2,1,2,2,2,2,2,1,2,2,2,2,1,1,3,1,1,1,1,9,1,2,9,2,0,0,0,0,0,0,0,0,0,2,9,1,0,2,0,0,0,0,0,1,1,2,3,1,2,2,9,9,2,9,9,9,0,0,
1307651,1,8,6,1,8,6,8,0,0,1,1,1,1,1,1,1,1,1,0,0,1,2,2,1,2,2,2,2,2,1,2,2,2,2,1,1,2,1,1,1,1,9,1,2,9,1,0,0,0,0,0,0,0,0,0,1,9,0,0,2,0,0,0,0,0,0,1,2,3,2,2,2,9,9,2,9,9,9,0,0,
8741847,1,12,12,1,12,12,12,0,0,1,2,2,3,3,2,2,3,3,2,2,1,2,1,1,2,2,1,2,1,1,2,2,1,1,1,1,2,1,1,1,1,9,1,1,1,1,0,0,0,0,0,0,0,0,0,1,9,0,0,11,0,0,1,4,8,2,1,1,1,1,1,1,9,9,2,9,9,9,0,0,
3914494,1,4,4,1,12,13,12,0,0,1,2,2,2,2,1,1,1,1,0,0,1,2,2,1,2,2,2,2,2,1,2,2,2,1,1,1,2,1,1,1,1,9,1,1,1,1,1,1,4,4,4,1,1,4,1,1,9,0,0,2,0,0,0,0,1,1,1,2,3,2,1,1,1,2,9,9,9,1,0,0,
5798541,2,2,2,1,11,6,11,0,0,1,2,2,2,2,0,0,0,0,0,0,1,2,2,1,2,2,2,2,2,1,2,2,2,2,1,1,2,1,2,1,1,9,1,2,9,1,0,0,0,0,0,0,0,0,0,1,9,0,0,2,0,0,0,1,1,1,1,2,3,2,2,2,9,9,2,9,9,9,0,0,
5669468,1,2,1,1,14,5,14,0,0,1,4,4,2,2,0,0,0,0,2,1,1,2,2,1,2,2,2,2,2,1,2,2,2,1,1,1,1,1,1,1,1,9,1,2,9,1,0,0,0,0,0,0,0,0,0,1,9,1,0,6,0,0,0,1,1,2,1,1,3,2,1,2,9,9,2,9,9,9,0,0,
8114135,1,15,10,1,15,15,15,0,0,1,3,2,2,2,0,0,0,0,1,1,1,2,1,1,2,2,2,2,1,1,2,2,2,2,1,1,2,1,1,1,1,9,1,1,1,1,0,0,0,0,0,0,0,0,0,1,9,1,1,7,0,0,0,0,0,1,1,1,3,1,2,1,1,2,2,9,2,9,0,0,
1510896,1,3,1,1,15,27,15,0,0,1,8,8,8,8,2,2,0,0,2,2,1,2,2,1,2,2,2,2,2,1,2,2,2,1,1,1,2,1,1,1,1,9,1,1,2,1,0,0,0,0,0,0,0,0,0,1,9,0,0,3,50,0,0,0,0,0,1,1,1,1,1,1,2,2,2,9,2,9,0,0,
9784401,1,1,1,2,8,17,8,0,0,1,2,2,2,2,0,0,0,0,3,3,1,2,2,1,2,2,2,2,2,1,2,2,2,1,1,1,2,1,1,1,1,9,1,2,9,1,0,0,0,0,0,0,0,0,0,1,9,0,0,10,0,0,0,0,0,1,1,2,3,1,1,2,9,9,2,9,9,9,0,0,
5977023,2,1,1,3,11,2,11,0,0,1,1,1,1,1,0,0,0,0,0,0,1,2,2,1,2,2,2,2,2,1,2,2,2,2,1,1,2,1,1,1,1,9,1,1,1,1,0,0,0,0,0,0,0,0,0,1,9,1,0,6,0,0,1,0,0,1,1,2,3,2,1,1,9,9,2,9,9,9,0,0,
9624332,1,3,3,1,9,2,8,1,0,1,2,2,2,2,0,0,0,0,0,0,1,2,2,1,2,2,2,2,2,1,2,2,2,2,1,1,2,1,1,1,1,9,1,2,9,1,0,0,0,0,0,0,0,0,0,1,9,0,0,2,0,0,0,0,0,1,1,2,3,2,2,2,2,2,9,9,2,9,0,0,
8544400,2,1,1,5,8,2,8,0,0,1,3,3,3,3,1,1,1,1,0,0,1,2,2,1,2,2,2,2,2,1,2,2,2,2,1,1,2,1,1,1,1,9,1,2,9,1,0,0,0,0,0,0,0,0,0,2,9,3,0,1,0,0,0,0,0,2,1,2,3,2,1,2,9,9,2,9,9,9,0,0,
3079887,2,13,13,1,13,11,13,0,0,1,2,2,2,2,0,0,0,0,1,1,1,2,2,1,2,2,2,2,2,1,2,2,2,2,1,1,2,1,2,1,1,9,1,2,9,1,0,0,0,0,0,0,0,0,0,1,9,0,0,11,0,0,2,0,0,2,1,2,3,2,2,2,9,9,2,9,9,9,0,0,
8488245,1,1,1,1,14,14,14,0,0,1,2,2,2,2,0,0,0,0,1,1,1,2,2,1,2,2,1,2,2,1,2,2,1,2,1,1,2,1,2,1,1,9,1,2,9,1,0,0,0,0,0,0,0,0,0,1,9,1,0,2,0,0,0,0,0,1,1,2,3,2,2,2,2,2,1,9,1,9,0,0,
7281157,1,1,1,1,7,7,7,0,0,1,1,1,1,1,0,0,0,0,1,1,1,2,2,1,2,2,2,2,2,1,2,2,2,2,1,1,2,1,1,2,1,9,1,2,9,1,0,0,0,0,0,0,0,0,0,1,9,0,0,1,0,0,0,0,0,1,1,2,3,2,1,2,9,9,2,9,9,9,0,0,
3932871,1,1,1,1,10,13,10,0,0,1,2,2,2,2,0,0,0,0,0,0,1,2,2,1,2,2,2,2,2,1,2,2,2,2,1,1,2,1,1,1,1,9,1,1,2,1,0,0,0,0,0,0,0,0,0,1,9,0,0,2,0,0,0,0,0,1,1,2,3,2,1,2,9,9,2,9,9,9,0,0,
1492991,2,2,2,1,8,3,8,0,0,1,3,3,2,2,0,0,0,0,0,0,1,2,2,1,2,2,2,2,2,1,2,2,2,2,1,1,2,1,2,2,1,9,1,2,9,1,0,0,0,0,0,0,0,0,0,1,9,1,1,2,0,0,1,0,0,1,1,2,3,2,1,2,9,9,2,9,9,9,0,0,
6417473,2,2,2,1,11,8,11,0,0,1,1,1,1,1,0,0,0,0,1,1,1,2,2,1,2,2,2,2,2,1,2,2,2,2,1,1,2,1,1,1,1,9,1,1,1,1,0,0,0,0,0,0,0,0,0,1,9,1,0,2,0,1,0,0,0,0,1,2,3,2,1,1,9,9,2,9,9,9,0,0,
3268756,1,2,2,3,10,9,10,0,0,1,2,2,2,2,0,0,0,0,0,0,1,2,2,1,2,2,2,2,2,1,2,2,2,1,1,1,2,1,2,1,1,9,1,2,9,1,0,0,0,0,0,0,0,0,0,1,9,0,0,8,0,0,0,0,0,1,1,2,3,2,1,2,2,2,2,9,2,9,0,0,
7959420,1,1,1,1,6,3,6,0,0,1,1,1,1,1,0,0,0,0,0,0,1,2,2,1,2,2,2,2,2,1,2,2,2,2,1,1,2,1,1,1,1,9,1,1,2,1,0,0,0,0,0,0,0,0,0,2,9,0,0,3,0,0,0,0,0,1,1,2,3,2,1,2,9,9,9,9,9,9,0,0,
9373558,2,1,0,5,5,1,5,0,0,1,1,1,1,1,0,0,0,0,0,0,1,2,2,1,2,2,2,2,2,1,2,2,2,2,1,1,2,1,1,1,1,9,1,2,9,2,0,0,0,0,0,0,0,0,0,2,9,0,0,1,0,0,0,0,0,0,1,2,3,2,1,2,9,9,2,9,9,9,0,0,
6501651,1,1,1,1,5,1,5,0,0,1,1,1,1,1,0,0,0,0,1,1,1,1,2,1,2,2,2,1,2,1,2,2,2,2,1,1,2,1,2,1,1,9,1,2,9,2,0,0,0,0,0,0,0,0,0,2,9,0,0,4,0,1,0,0,0,1,1,2,3,2,1,1,9,9,2,9,9,9,0,0,
5154502,1,1,1,1,8,15,8,0,0,1,4,4,2,2,0,0,0,0,4,0,1,2,2,1,2,2,2,2,2,1,2,2,2,1,1,1,2,1,1,1,1,9,1,1,1,1,0,0,0,0,0,0,0,0,0,1,9,0,0,11,0,0,1,1,0,1,1,2,3,2,2,1,9,9,2,9,9,9,0,0,
7734944,1,3,1,1,9,9,9,0,0,1,3,3,1,1,0,0,0,0,0,0,1,2,2,1,2,2,2,2,2,1,2,2,2,2,1,1,1,1,1,1,1,9,1,2,9,1,0,0,0,0,0,0,0,0,0,1,9,1,0,2,0,0,0,0,0,1,1,2,3,2,1,1,9,9,2,9,9,9,0,0,
6854860,1,1,1,3,24,8,24,0,0,1,3,3,3,3,0,0,0,0,3,3,1,2,2,1,2,2,2,2,2,1,2,2,2,1,1,1,2,1,1,1,1,9,1,2,9,1,1,1,1,4,4,4,4,4,1,1,9,1,0,44,0,0,1,3,1,4,1,1,3,1,1,2,1,2,2,9,2,2,0,0,
6142185,1,1,1,1,4,1,4,0,0,1,1,1,1,1,0,0,0,0,0,0,1,2,2,1,2,2,2,2,2,1,2,2,2,2,1,1,2,1,1,2,1,9,1,1,2,1,0,0,0,0,0,0,0,0,0,2,9,0,0,0,0,0,0,0,0,0,1,2,3,2,2,2,9,9,2,9,9,9,0,0,
3600118,2,1,1,1,7,2,7,0,0,1,1,1,1,1,0,0,0,0,0,0,1,2,2,1,2,2,2,2,2,1,2,2,2,2,1,1,2,1,1,1,1,9,1,2,9,2,0,0,0,0,0,0,0,0,0,2,9,1,0,2,0,0,0,0,0,0,1,2,3,2,2,2,9,9,2,9,9,9,0,0,
9792384,2,1,1,6,10,10,10,0,0,1,2,2,1,1,0,0,0,0,0,0,1,2,2,1,2,2,2,2,2,1,2,2,2,2,1,1,2,1,1,1,1,9,1,2,9,1,0,0,0,0,0,0,0,0,0,1,9,0,0,10,0,0,0,0,0,3,1,2,3,2,2,1,9,9,2,9,9,9,0,0,
8170979,2,2,2,6,14,14,14,0,0,1,2,2,3,3,0,0,0,0,0,0,1,2,2,1,2,2,2,2,2,1,2,2,2,1,1,1,2,1,1,1,1,9,1,1,1,1,0,0,0,0,0,0,0,0,0,1,9,2,0,6,0,1,0,0,1,1,1,2,3,2,1,1,9,9,2,9,9,9,0,0,
8127154,2,1,1,1,8,4,8,0,0,1,1,1,1,1,0,0,0,0,0,0,1,2,2,1,2,2,2,2,2,1,2,2,2,2,1,1,2,1,1,1,1,9,1,2,9,1,0,0,0,0,0,0,0,0,0,2,9,0,0,5,0,0,0,0,0,1,1,1,3,2,2,2,9,9,2,9,9,9,0,0,
9864627,2,1,1,1,5,3,5,0,0,1,1,1,1,1,0,0,0,0,1,1,1,2,2,1,2,2,2,2,2,1,2,2,2,2,1,1,2,1,2,1,1,9,1,1,2,1,0,0,0,0,0,0,0,0,0,2,9,0,0,10,0,0,0,0,1,1,1,2,3,2,1,1,9,9,2,9,9,9,0,0,
5613260,1,1,1,1,5,3,5,0,0,1,2,2,2,2,0,0,0,0,0,0,1,2,2,1,2,2,2,2,2,1,2,2,2,2,1,1,2,1,2,1,1,9,1,1,2,2,0,0,0,0,0,0,0,0,0,1,9,0,0,2,0,0,0,0,0,1,1,2,3,2,2,2,9,9,2,9,9,9,0,0,
2704485,1,8,8,1,8,2,8,0,0,1,1,1,2,2,0,0,0,0,0,0,1,2,2,1,2,2,2,2,2,1,2,2,2,2,1,1,2,1,2,2,1,9,1,2,9,1,0,0,0,0,0,0,0,0,0,2,9,0,0,4,0,0,0,0,0,1,1,2,3,2,2,2,9,9,2,9,9,9,0,0,
9012679,2,1,1,1,3,1,3,0,0,1,1,1,1,1,0,0,0,0,1,1,1,2,2,1,2,2,2,2,2,1,2,2,2,2,1,1,2,1,2,1,1,9,1,2,9,1,0,0,0,0,0,0,0,0,0,2,9,1,0,0,0,0,0,0,0,0,1,2,3,2,2,2,9,9,2,9,9,9,0,0,
6726230,1,1,1,1,8,8,8,0,0,1,1,1,1,1,0,0,0,0,1,0,1,2,2,1,2,2,2,2,2,1,2,2,2,2,1,1,2,1,2,1,1,9,1,1,1,1,0,0,0,0,0,0,0,0,0,2,9,0,0,2,0,0,0,0,0,1,1,2,3,2,2,2,9,9,2,9,9,9,0,0,
5245612,2,2,2,1,10,4,10,0,0,1,2,2,2,2,0,0,0,0,0,0,1,2,2,1,2,2,2,2,2,1,2,2,2,2,1,1,2,1,1,1,2,1,1,2,9,1,0,0,0,0,0,0,0,0,0,2,9,2,0,2,0,0,0,0,1,1,1,2,3,2,1,2,9,9,2,9,9,9,0,0,
5416741,2,3,3,1,20,8,20,0,0,1,5,5,7,7,0,0,0,0,0,0,1,2,2,1,2,2,2,2,2,1,2,2,2,2,1,1,2,1,2,1,1,9,1,2,9,1,1,1,1,1,4,4,4,4,1,1,9,4,0,15,0,15,1,4,1,4,1,1,1,1,1,1,2,2,2,9,2,2,0,0,
5829185,1,1,1,1,5,6,5,0,0,1,1,1,1,1,1,0,0,0,1,1,1,2,2,1,2,2,2,2,2,1,2,2,2,2,1,1,2,1,1,1,1,9,1,2,9,1,0,0,0,0,0,0,0,0,0,2,9,0,0,5,0,0,0,0,0,1,2,2,3,2,1,1,9,9,1,9,9,9,0,0,
3977269,1,1,1,1,3,1,3,0,0,1,1,1,1,1,0,0,0,0,0,0,1,2,2,1,2,2,2,2,2,1,2,2,2,2,1,1,2,1,2,1,1,9,1,2,9,1,0,0,0,0,0,0,0,0,0,2,9,1,0,2,0,0,0,0,0,1,1,2,3,1,1,2,9,9,9,9,9,9,0,0,
1746209,2,1,1,1,10,7,10,0,0,1,1,1,1,1,0,0,0,0,0,0,1,2,2,1,2,2,2,2,2,1,2,2,2,2,1,1,2,1,2,1,1,9,1,2,9,1,0,0,0,0,0,0,0,0,0,1,9,1,1,1,0,0,1,0,0,1,1,1,3,2,2,2,9,9,2,9,9,9,0,0,
4935027,2,1,1,3,3,3,3,0,0,1,2,2,2,2,1,1,1,1,1,1,1,2,2,1,2,2,2,2,2,1,2,2,2,2,1,1,2,1,1,1,1,9,1,1,2,1,0,0,0,0,0,0,0,0,0,2,9,1,0,1,0,0,0,0,1,0,1,1,3,2,1,1,9,9,9,9,9,9,0,0,
3852723,1,5,5,1,5,12,5,0,0,1,1,1,1,1,0,0,0,0,0,0,1,2,2,1,2,2,2,2,2,1,2,2,2,2,1,1,2,1,1,1,1,9,1,2,9,2,0,0,0,0,0,0,0,0,0,2,9,0,0,1,0,0,0,0,0,0,1,2,3,2,2,2,9,9,2,9,9,9,0,0,
6777703,2,1,1,2,9,2,9,0,0,1,2,2,1,1,1,1,1,1,4,4,1,2,2,1,2,2,2,2,2,1,2,2,2,2,1,1,2,1,1,1,1,9,1,1,2,1,0,0,0,0,0,0,0,0,0,2,9,1,0,2,0,0,0,0,0,1,1,2,3,2,1,2,9,9,2,9,9,9,0,0,
9577185,2,2,2,3,9,5,9,0,0,1,1,1,1,1,1,1,1,1,1,1,1,2,2,1,2,2,2,2,2,1,2,2,2,2,1,1,1,1,2,1,1,9,1,1,1,1,0,0,0,0,0,0,0,0,0,2,9,3,0,1,0,1,0,0,1,0,1,1,3,2,1,1,9,9,2,9,9,9,0,0,
7747536,1,2,2,1,8,8,8,0,0,1,2,2,2,2,0,0,0,0,2,2,1,2,2,1,2,2,2,2,2,1,2,2,2,2,1,1,2,1,1,2,2,1,1,2,9,1,0,0,0,0,0,0,0,0,0,2,9,0,0,1,0,0,0,0,0,1,1,2,3,2,2,2,9,9,2,9,9,9,0,0,
9145173,1,1,1,1,6,5,6,0,0,1,2,2,2,2,0,0,0,0,0,0,1,2,2,1,2,2,2,2,2,1,2,2,2,2,1,1,2,1,1,1,1,9,1,2,9,1,0,0,0,0,0,0,0,0,0,1,9,1,0,1,0,0,0,0,0,1,1,2,3,2,2,2,9,9,1,9,9,9,0,0,
4782039,1,12,12,1,12,12,12,0,0,1,2,2,3,2,0,0,0,0,0,0,1,2,2,1,2,2,1,2,2,1,2,2,1,1,1,1,2,1,1,1,1,9,1,1,2,1,0,0,0,0,0,0,0,0,0,1,9,1,0,3,0,0,0,0,0,0,1,2,1,2,1,2,9,9,2,9,9,9,0,0,
4898449,1,1,1,1,10,1,10,0,0,1,1,1,2,2,0,0,0,0,0,0,1,2,2,1,2,2,2,2,2,1,2,2,2,2,1,1,2,1,1,1,1,9,1,1,2,1,0,0,0,0,0,0,0,0,0,1,9,0,0,5,0,0,0,0,1,3,1,2,3,2,2,2,9,9,2,9,9,9,0,0,
2915212,2,1,1,1,10,11,10,0,0,1,1,1,1,1,1,1,1,1,1,1,1,2,2,1,2,2,2,2,2,1,2,2,2,2,1,1,2,1,1,2,1,9,1,1,1,1,0,0,0,0,0,0,0,0,0,1,9,1,0,8,0,0,0,1,0,1,1,2,1,2,2,2,9,9,2,9,9,9,0,0,
4783419,1,1,1,5,5,1,5,0,0,1,0,0,1,1,0,0,0,0,0,0,1,2,2,1,2,2,2,2,2,1,2,2,2,2,1,1,2,1,1,1,1,9,1,2,9,2,0,0,0,0,0,0,0,0,0,2,9,0,0,0,0,0,0,0,0,0,1,2,3,2,1,2,9,9,2,9,9,9,0,0,
1294104,2,1,1,1,6,1,6,0,0,1,2,2,1,1,0,0,0,0,0,0,1,2,2,1,2,2,2,2,2,1,2,2,2,2,1,1,2,1,1,1,1,9,1,2,9,1,0,0,0,0,0,0,0,0,0,1,9,0,0,5,0,0,0,0,1,1,1,2,3,2,2,2,9,9,2,9,9,9,0,0,
8998698,1,1,1,6,10,2,10,0,0,1,1,1,1,1,0,0,0,0,1,1,1,2,2,1,2,2,2,2,2,1,2,2,2,2,1,1,2,1,1,1,1,9,1,2,9,1,0,0,0,0,0,0,0,0,0,2,9,1,0,6,0,0,0,0,0,1,1,1,3,2,2,2,9,9,2,9,9,9,0,0,
3752644,2,3,3,1,12,2,12,0,0,1,2,2,2,2,0,0,0,0,0,0,1,2,2,1,2,2,2,2,2,1,2,2,2,2,1,1,2,1,1,1,1,9,1,1,1,1,0,0,0,0,0,0,0,0,0,2,9,1,0,3,0,0,0,0,0,1,1,2,3,2,2,2,9,9,2,9,9,9,0,0,
6177610,2,3,2,8,9,2,9,0,0,1,2,2,2,2,0,0,0,0,0,0,1,2,2,1,2,2,2,2,2,1,2,2,2,2,1,1,2,1,1,1,1,9,1,2,9,1,0,0,0,0,0,0,0,0,0,2,9,1,0,6,0,0,0,0,1,1,1,2,3,2,1,2,9,9,2,9,9,9,0,0,
3133689,1,1,1,1,13,7,13,0,0,1,4,4,4,4,0,0,0,0,0,0,1,2,2,1,2,2,2,2,2,1,2,2,2,2,1,1,2,1,1,1,1,9,1,1,1,1,0,0,0,0,0,0,0,0,0,1,9,0,0,6,0,0,0,0,0,3,1,2,3,2,1,2,2,2,2,9,2,9,0,0,
5338900,1,1,1,3,21,10,21,0,0,1,5,5,5,5,0,0,0,0,4,0,1,2,2,1,2,2,2,2,2,1,2,2,2,2,1,1,2,1,1,1,1,9,1,1,1,1,0,0,0,0,0,0,0,0,0,1,9,0,0,18,0,0,1,1,0,1,1,1,3,1,1,1,9,9,2,9,9,9,0,0,
6116666,1,2,2,1,21,11,21,0,0,1,10,10,10,10,1,1,1,1,6,6,1,2,2,1,2,2,2,2,2,1,2,2,2,2,1,1,2,1,1,1,1,9,1,1,1,1,1,1,1,4,4,4,4,4,1,1,9,2,0,41,0,34,1,2,1,5,1,2,3,1,2,1,1,1,2,9,2,2,0,0,
5582604,1,2,2,1,8,5,8,0,0,1,1,1,1,1,1,1,1,1,0,0,1,2,2,1,2,2,2,2,2,1,2,2,2,2,1,1,2,1,1,1,1,9,1,2,9,1,0,0,0,0,0,0,0,0,0,2,9,0,0,7,0,0,0,0,0,1,1,2,3,2,2,1,9,9,2,9,9,9,0,0,
4379556,2,1,1,1,6,7,6,0,0,1,1,1,1,1,0,0,0,0,0,0,1,2,2,1,2,2,2,2,2,1,2,2,2,2,1,1,2,1,1,1,1,9,1,2,9,1,0,0,0,0,0,0,0,0,0,1,9,0,0,3,0,0,0,0,0,0,1,2,3,2,2,2,9,9,2,9,9,9,0,0,
5327638,1,1,1,1,6,2,6,0,0,1,1,1,1,1,0,0,0,0,0,0,1,2,2,1,2,2,2,2,2,1,2,2,2,2,1,1,2,1,1,1,1,9,1,1,1,2,0,0,0,0,0,0,0,0,0,1,9,1,0,3,0,0,0,0,0,1,1,2,3,2,1,1,9,9,2,9,9,9,0,0,
4376869,1,2,2,1,17,17,17,0,0,1,4,4,4,4,0,0,0,0,0,0,1,2,2,1,2,2,2,2,2,1,2,2,2,2,1,1,2,1,1,1,1,9,1,2,9,1,1,1,1,1,4,4,4,4,1,1,9,0,0,15,0,1,1,0,1,2,1,2,3,2,1,2,2,2,2,9,2,2,0,0,
3752308,1,1,1,1,5,1,5,0,0,1,2,2,2,2,0,0,0,0,0,0,1,2,2,1,2,2,2,2,2,1,2,2,2,2,1,1,2,1,2,1,1,9,1,2,9,1,0,0,0,0,0,0,0,0,0,2,9,1,0,2,0,0,0,0,0,1,1,2,3,1,1,2,9,9,2,9,9,9,0,0,
6364064,1,1,1,1,8,3,8,0,0,1,1,1,1,1,0,0,0,0,1,1,1,2,2,1,2,2,2,2,2,1,2,2,2,3,1,1,2,1,2,2,1,9,1,1,2,1,0,0,0,0,0,0,0,0,0,1,9,0,0,7,0,0,0,0,0,0,1,2,3,2,1,2,9,9,2,9,9,9,0,0,
3750340,1,3,2,1,7,7,7,0,0,1,2,2,5,5,0,0,0,0,2,5,1,2,2,1,2,2,2,2,2,1,2,2,2,1,1,1,2,1,1,1,1,9,1,2,9,1,1,1,1,4,4,4,4,4,2,1,9,7,15,10,0,1,1,1,3,2,1,2,3,2,1,2,2,1,9,9,2,2,0,0,
5333490,1,1,1,7,8,8,8,0,0,1,2,2,2,2,0,0,0,0,2,2,1,2,2,1,2,2,2,2,2,1,2,2,2,1,1,1,2,1,1,1,1,9,1,1,1,1,0,0,0,0,0,0,0,0,0,1,9,1,0,2,0,0,0,0,1,1,1,2,3,2,1,1,2,2,9,9,2,9,0,0,
1750713,2,1,1,1,5,5,5,0,0,1,1,1,1,1,0,0,0,0,1,1,1,1,2,1,2,2,2,1,2,1,2,2,2,2,1,1,2,1,2,1,1,9,1,2,9,1,0,0,0,0,0,0,0,0,0,2,9,0,0,2,0,0,0,0,0,1,1,2,3,2,2,2,9,9,2,9,9,9,0,0,
3567829,1,1,1,1,4,2,4,0,0,1,1,1,2,2,0,0,0,0,0,0,1,2,2,1,2,2,2,2,2,1,2,2,2,2,1,1,2,1,1,1,1,9,1,1,1,2,0,0,0,0,0,0,0,0,0,2,9,0,0,0,0,0,0,0,0,0,1,2,1,2,1,2,9,9,2,9,9,9,0,0,
7844943,1,5,5,1,16,19,16,0,0,1,6,6,4,4,0,0,0,0,9,6,1,2,2,1,2,2,2,2,2,1,2,2,2,1,1,1,2,1,1,1,1,9,1,1,2,1,1,1,1,4,4,4,4,4,1,2,9,1,0,15,0,15,1,1,2,2,1,2,3,1,1,1,1,2,2,9,2,2,0,0,
6983936,1,2,1,1,8,8,8,0,0,1,2,2,1,1,1,1,0,0,0,0,1,2,2,1,2,2,2,2,2,1,2,2,2,2,1,1,2,1,2,1,1,9,1,1,2,1,0,0,0,0,0,0,0,0,0,1,9,0,0,4,0,0,0,0,0,1,1,2,3,2,1,2,9,9,2,9,9,9,0,0,
9905861,1,3,3,1,13,6,13,0,0,1,4,4,3,3,0,0,0,0,0,0,1,2,2,1,2,2,2,2,2,1,2,2,2,2,1,1,1,1,1,1,1,9,1,2,9,1,2,2,2,2,4,4,4,4,4,1,9,1,0,5,0,1,1,1,1,1,1,2,3,2,1,1,2,2,9,9,2,2,0,0,
3157773,1,3,2,1,9,3,9,0,0,1,1,1,1,1,0,0,0,0,1,1,1,2,1,1,2,2,2,2,1,1,2,2,2,2,1,1,2,1,1,1,1,9,1,2,9,1,0,0,0,0,0,0,0,0,0,1,9,1,0,5,0,0,0,1,1,2,1,2,3,2,1,2,9,9,2,9,9,9,0,0,
7755644,1,3,3,1,3,1,3,0,0,1,1,1,1,1,0,0,0,0,0,0,1,2,2,1,2,2,2,2,2,1,2,2,2,2,1,1,2,1,1,1,1,9,1,2,9,1,0,0,0,0,0,0,0,0,0,2,9,0,0,1,0,0,0,0,0,1,1,2,3,2,1,2,9,9,2,9,9,9,0,0,
1514659,1,1,1,1,6,8,6,0,0,1,1,1,1,1,0,0,0,0,1,1,1,2,2,1,2,2,2,2,2,1,2,2,2,1,1,1,2,1,1,1,1,9,1,1,1,1,0,0,0,0,0,0,0,0,0,1,9,0,0,6,0,6,0,0,1,1,1,2,3,1,1,1,2,2,9,9,2,9,0,0,
1274404,1,1,1,1,6,5,6,0,0,1,1,1,1,1,1,1,1,1,1,1,1,2,2,1,2,2,2,2,2,1,2,2,2,3,1,1,2,1,1,1,1,9,1,1,1,1,0,0,0,0,0,0,0,0,0,2,9,0,0,12,0,1,0,0,0,1,1,2,3,2,1,2,9,9,2,9,9,9,0,0,
3308633,1,1,1,1,5,2,5,0,0,1,1,1,1,1,0,0,0,0,0,0,1,2,2,1,2,2,2,2,2,1,2,2,2,2,1,1,2,1,1,2,1,9,1,2,9,1,0,0,0,0,0,0,0,0,0,2,9,0,0,0,0,0,0,0,0,0,1,2,3,2,2,2,9,9,2,9,9,9,0,0,
9516926,1,1,1,1,11,13,11,0,0,1,1,1,1,1,0,0,0,0,0,0,1,2,2,1,2,2,2,2,2,1,2,2,2,2,1,1,2,1,2,1,1,9,1,2,9,1,0,0,0,0,0,0,0,0,0,1,9,0,0,3,0,0,0,0,0,1,1,2,3,1,2,2,9,9,2,9,9,9,0,0,
9661057,1,2,2,1,5,5,5,0,0,1,3,3,2,2,0,0,0,0,0,0,1,2,2,1,2,2,2,2,2,1,2,2,2,1,1,1,1,1,1,1,1,9,1,1,1,1,0,0,0,0,0,0,0,0,0,1,9,0,0,2,0,0,0,0,0,1,1,1,1,1,1,1,2,2,9,9,2,9,0,0,
2431097,1,2,2,1,26,10,26,0,0,1,3,3,3,3,1,1,1,1,5,3,1,2,2,1,2,2,2,2,2,1,2,2,2,2,1,1,2,1,1,1,1,9,1,1,2,1,1,1,1,1,2,1,4,4,1,1,9,3,0,25,0,1,1,1,2,4,1,1,3,1,1,2,2,2,2,9,2,2,0,0,
1030091,2,2,0,2,6,6,0,6,0,1,1,1,1,1,0,0,0,0,0,0,1,2,2,1,2,2,2,2,2,1,2,2,2,2,1,1,2,1,1,2,1,9,1,2,9,1,0,0,0,0,0,0,0,0,0,1,9,0,0,1,0,1,0,0,0,0,1,2,3,2,1,2,9,9,2,9,9,9,0,0,
8539397,2,1,1,1,10,2,10,0,0,1,2,2,1,1,0,0,0,0,0,0,1,2,2,1,2,2,2,2,2,1,2,2,2,2,1,1,2,1,1,1,1,9,1,1,1,1,0,0,0,0,0,0,0,0,0,2,9,0,5,12,0,0,0,0,0,1,1,2,1,2,2,2,9,9,2,9,9,9,0,0,
8187970,1,1,1,1,5,5,5,0,0,1,1,1,1,1,0,0,0,0,1,1,1,2,2,1,2,2,2,2,2,1,2,2,2,2,1,1,2,1,1,1,1,9,1,1,1,1,0,0,0,0,0,0,0,0,0,1,9,0,0,2,0,1,0,0,0,0,1,2,3,2,1,1,9,9,2,9,9,9,0,0,
2852155,1,1,1,1,7,8,7,0,0,1,1,1,2,2,0,0,0,0,0,0,1,2,2,1,2,2,2,2,2,1,2,2,2,2,1,1,2,1,1,1,1,9,1,1,1,1,0,0,0,0,0,0,0,0,0,1,9,0,0,2,0,0,0,0,0,0,1,2,3,2,1,1,9,9,2,9,9,9,0,0,
1723636,2,3,3,1,3,0,3,0,0,2,1,1,1,1,0,0,0,0,0,0,1,2,2,1,2,2,2,2,2,1,2,2,2,1,1,1,2,1,2,1,1,9,1,2,9,1,0,0,0,0,0,0,0,0,0,2,9,0,0,0,0,0,0,0,0,0,1,2,3,2,2,2,9,9,2,9,9,9,0,0,
8168460,1,1,1,1,6,4,6,0,0,1,1,1,1,1,0,0,0,0,2,2,1,2,2,1,2,2,2,2,2,1,2,2,2,2,1,1,2,1,1,1,1,9,1,1,2,1,0,0,0,0,0,0,0,0,0,1,9,1,0,1,0,0,0,0,0,1,1,2,3,2,1,2,9,9,2,9,9,9,0,0,
2234683,2,1,1,1,10,4,10,0,0,1,2,2,2,2,0,0,0,0,2,2,1,2,2,1,2,2,2,2,2,1,2,2,2,2,1,1,2,1,2,1,1,9,1,2,9,1,0,0,0,0,0,0,0,0,0,2,9,10,0,0,0,0,0,0,1,1,1,2,3,2,1,2,9,9,2,9,9,9,0,0,
6217618,2,2,2,1,17,21,17,0,0,1,2,2,3,3,0,0,0,0,0,0,1,2,2,1,2,2,2,2,2,1,2,2,2,2,1,1,1,1,1,1,1,9,1,2,9,1,0,0,0,0,0,0,0,0,0,1,9,2,0,6,0,0,1,2,2,2,1,2,3,2,2,2,2,1,2,9,2,9,0,0,
9017941,1,1,1,2,3,1,3,0,0,1,1,1,1,1,0,0,0,0,0,0,1,2,2,1,2,2,2,2,2,1,2,2,2,2,1,1,2,1,1,1,1,9,1,1,2,1,0,0,0,0,0,0,0,0,0,2,9,1,0,0,0,0,0,0,0,0,1,2,3,2,1,2,9,9,2,9,9,9,0,0,
8603308,1,1,1,1,6,2,6,0,0,1,2,2,1,1,0,0,0,0,1,1,1,2,2,1,2,2,2,2,2,1,2,2,2,2,1,1,2,1,1,1,1,9,1,2,9,1,0,0,0,0,0,0,0,0,0,1,9,0,0,5,0,0,0,0,0,0,1,2,3,2,1,2,9,9,2,9,9,9,0,0,
6637024,2,1,1,1,9,4,9,0,0,1,1,1,1,1,1,1,1,1,0,0,1,2,2,1,2,2,2,2,2,1,2,2,2,2,1,1,2,1,2,2,1,9,1,2,9,1,0,0,0,0,0,0,0,0,0,2,9,1,0,3,0,1,1,0,0,1,1,2,3,2,1,2,9,9,2,9,9,9,0,0,
1153140,1,1,1,6,6,3,6,0,0,1,1,1,1,1,0,0,0,0,0,0,1,2,2,1,2,2,2,2,2,1,2,2,2,2,1,1,2,1,1,1,1,9,1,1,2,1,0,0,0,0,0,0,0,0,0,1,9,8,0,1,0,0,0,0,1,1,1,2,3,2,2,2,9,9,9,9,9,9,0,0,
9115870,1,2,2,1,9,9,9,0,0,1,2,2,8,8,0,0,0,0,2,0,1,2,2,1,2,2,2,2,2,1,2,2,2,1,1,1,2,1,2,1,1,9,1,1,1,1,2,2,2,3,3,2,3,3,1,1,9,1,0,2,0,0,0,0,1,1,1,2,3,2,1,2,2,2,9,9,2,2,0,0,
6570989,1,2,2,1,5,2,5,0,0,1,2,2,2,2,0,0,0,0,0,0,1,2,2,1,2,2,2,2,2,1,2,2,2,2,1,1,2,1,1,1,1,9,1,1,2,1,0,0,0,0,0,0,0,0,0,1,9,0,0,4,0,0,0,1,2,1,1,2,3,2,1,2,9,9,2,9,9,9,0,0,
8248982,1,1,1,1,5,5,5,0,0,1,1,1,2,2,0,0,0,0,0,0,1,2,2,1,2,2,2,2,2,1,2,2,2,2,1,1,2,1,1,1,1,9,1,2,9,1,0,0,0,0,0,0,0,0,0,1,9,0,0,1,0,0,0,0,0,1,1,2,3,2,2,2,9,9,2,9,9,9,0,0,
9995704,1,2,2,7,11,13,11,0,0,1,3,3,3,3,0,0,0,0,1,0,1,2,2,1,2,2,2,2,2,1,2,2,2,2,1,1,2,1,1,2,1,9,1,2,9,1,0,0,0,0,0,0,0,0,0,1,9,0,0,2,0,0,0,0,0,1,1,2,3,2,2,2,9,9,2,9,9,9,0,0,
1853022,1,1,1,1,7,3,7,0,0,1,2,2,2,2,0,0,0,0,0,0,1,2,2,1,2,2,2,2,2,1,2,2,2,2,1,1,2,1,1,1,1,9,1,2,9,1,0,0,0,0,0,0,0,0,0,2,9,1,0,10,0,0,0,1,2,1,1,2,2,2,2,1,9,9,2,9,9,9,0,0,
1664430,2,1,1,1,10,2,10,0,0,1,1,1,1,1,0,0,0,0,0,0,1,2,2,1,2,2,2,2,2,1,2,2,2,2,1,1,2,1,2,2,1,9,1,2,9,1,0,0,0,0,0,0,0,0,0,2,9,0,0,1,0,0,0,0,0,0,1,2,3,2,1,2,9,9,2,9,9,9,0,0,
8089344,1,1,1,1,8,3,8,0,0,1,3,3,2,2,0,0,0,0,0,0,1,2,2,1,2,2,2,2,2,1,2,2,2,2,1,1,2,1,1,1,1,9,1,1,1,1,0,0,0,0,0,0,0,0,0,2,9,0,0,3,0,0,0,0,0,1,1,2,3,2,2,2,9,9,2,9,9,9,0,0,
3696848,2,1,1,1,8,2,8,0,0,1,1,1,1,1,0,0,0,0,0,0,1,2,2,1,2,2,2,2,2,1,2,2,2,2,1,1,2,1,1,1,1,9,1,2,9,1,0,0,0,0,0,0,0,0,0,2,9,0,0,1,0,0,0,0,0,1,1,2,3,2,2,2,9,9,2,9,9,9,0,0,
9256831,1,1,1,5,13,6,13,0,0,1,3,3,2,2,0,0,0,0,1,0,1,2,2,1,2,2,2,2,2,1,2,2,2,2,1,1,2,1,1,2,2,1,1,1,1,1,0,0,0,0,0,0,0,0,0,1,9,0,0,5,0,5,1,0,1,2,1,1,1,2,1,2,2,2,2,9,2,9,0,0,
6265154,1,2,1,1,12,4,12,0,0,1,2,2,2,2,0,0,0,0,0,0,1,1,1,1,2,2,2,1,1,1,2,2,2,2,1,1,2,1,1,1,1,9,1,2,9,1,0,0,0,0,0,0,0,0,0,2,9,3,0,3,0,0,0,0,1,1,1,2,3,2,1,2,2,2,9,9,2,9,0,0,
2321004,1,1,1,1,6,6,6,0,0,1,2,2,2,1,0,0,0,0,0,0,1,2,2,1,2,2,2,2,2,1,2,2,2,2,1,1,2,1,1,2,1,9,1,2,9,1,0,0,0,0,0,0,0,0,0,1,9,0,0,3,0,0,0,0,0,1,1,2,3,2,2,2,9,9,2,9,9,9,0,0,
4167646,2,1,1,1,6,5,6,0,0,1,1,1,1,1,0,0,0,0,1,1,1,2,2,1,2,2,2,2,2,1,2,2,2,2,1,1,1,1,2,1,1,9,1,2,9,1,0,0,0,0,0,0,0,0,0,2,9,10,0,0,0,0,0,0,1,1,1,2,3,2,1,2,9,9,2,9,9,9,0,0,
5673695,1,1,1,1,17,6,17,0,0,1,3,3,2,2,0,0,0,0,0,0,1,2,2,1,1,2,2,2,2,1,1,2,2,1,1,1,2,1,2,1,1,9,1,1,1,1,1,1,1,1,4,4,4,4,4,2,9,1,4,8,0,0,0,0,0,1,1,1,2,2,1,2,2,2,9,9,2,2,0,0,
2583233,1,1,1,1,3,3,3,0,0,1,1,1,2,1,0,0,0,0,1,2,1,2,2,1,2,2,2,2,2,1,2,2,2,2,2,1,2,1,1,1,2,2,1,2,9,1,0,0,0,0,0,0,0,0,0,1,9,0,0,1,0,0,0,0,0,1,1,2,1,1,1,2,9,9,2,9,9,9,0,0,
9576433,1,3,3,7,8,1,8,0,0,1,1,1,1,1,0,0,0,0,0,0,1,2,2,1,2,2,2,2,2,1,2,2,2,2,1,1,2,1,1,1,1,9,1,2,9,1,0,0,0,0,0,0,0,0,0,2,9,0,0,2,0,0,0,0,0,1,1,2,3,2,1,2,9,9,2,9,9,9,0,0,
8613289,1,1,1,1,8,8,8,0,0,1,5,5,3,3,0,0,0,0,2,2,1,2,2,1,2,2,2,2,2,1,2,2,2,2,1,1,2,1,2,1,1,9,1,2,9,1,0,0,0,0,0,0,0,0,0,1,9,2,1,8,0,1,1,0,2,2,1,1,2,2,2,2,9,9,2,9,9,9,0,0,
5296571,1,1,1,1,18,18,18,0,0,1,2,2,4,2,2,2,2,2,2,2,1,2,1,1,2,2,2,2,1,1,2,2,2,2,1,1,2,1,1,1,1,9,1,1,1,1,2,2,1,2,1,3,1,3,1,1,9,10,0,5,0,0,0,0,0,3,1,2,1,1,1,1,2,2,2,9,2,2,0,0,
4674017,1,1,1,1,2,2,2,0,0,1,1,1,1,1,0,0,0,0,0,0,1,2,2,1,2,2,2,2,2,1,2,2,2,2,1,1,2,1,2,1,1,9,1,2,9,1,0,0,0,0,0,0,0,0,0,2,9,0,0,2,0,0,0,0,0,1,2,2,3,1,2,2,9,9,2,9,9,9,0,0,
8851472,2,1,1,1,10,12,10,0,0,1,1,1,1,1,1,1,1,1,0,0,1,2,2,1,1,2,2,2,2,1,1,2,2,2,1,1,2,1,1,1,2,1,1,2,9,1,0,0,0,0,0,0,0,0,0,1,9,2,0,7,0,0,0,1,1,1,1,1,3,2,1,2,9,9,2,9,9,9,0,0,
1301064,1,2,1,1,17,17,13,4,0,1,3,3,2,2,0,0,0,0,0,0,1,2,2,1,2,2,1,2,2,1,2,2,1,2,1,1,2,1,1,1,1,9,1,2,9,1,0,0,0,0,0,0,0,0,0,1,9,13,0,10,0,0,1,1,0,1,1,2,3,2,1,2,9,9,2,9,9,9,0,0,
4176349,1,2,2,1,18,18,18,0,0,1,5,5,5,5,0,0,0,0,2,0,1,2,2,1,2,2,2,2,2,1,2,2,2,1,1,1,2,1,1,1,1,9,1,1,1,1,1,1,1,2,4,2,4,4,1,1,9,2,0,15,0,0,0,1,1,1,1,2,3,2,1,1,2,2,2,9,2,2,0,0,
3720184,2,1,1,1,5,5,5,0,0,1,1,1,1,1,0,0,0,0,1,1,1,2,2,1,2,2,2,2,2,1,2,2,2,2,1,1,2,1,2,1,1,9,1,2,9,1,0,0,0,0,0,0,0,0,0,2,9,5,0,0,0,0,0,0,1,1,1,2,3,2,1,2,9,9,2,9,9,9,0,0,
3354483,1,1,1,1,3,3,3,0,0,1,1,1,1,1,0,0,0,0,1,1,1,2,2,1,2,2,2,2,2,1,2,2,2,2,1,1,2,1,2,1,1,9,1,2,9,1,0,0,0,0,0,0,0,0,0,2,9,3,0,1,0,0,0,0,0,1,1,2,3,2,1,2,9,9,9,9,9,9,0,0,
7265750,2,3,3,1,14,4,14,0,0,1,2,2,3,3,0,0,0,0,1,1,1,2,1,1,2,2,1,2,1,1,2,2,1,1,1,1,1,1,1,1,1,9,1,1,1,1,0,0,0,0,0,0,0,0,0,1,9,1,0,6,0,0,1,1,1,1,1,1,1,2,1,1,9,9,2,9,9,9,0,0,
2553058,1,1,1,3,6,6,6,0,0,1,2,2,3,3,1,1,1,1,3,3,1,2,2,1,2,2,2,2,2,1,2,2,2,1,1,1,2,1,1,1,1,9,1,1,1,1,0,0,0,0,0,0,0,0,0,1,9,0,0,1,0,0,0,0,1,0,1,2,3,2,1,1,9,9,2,9,9,9,0,0,
1171873,1,3,2,5,4,5,4,0,0,2,1,1,1,1,0,0,0,0,1,1,2,2,2,1,2,2,2,2,2,1,2,2,2,2,1,1,2,1,1,1,1,9,1,2,9,2,4,4,4,4,4,4,4,4,4,2,9,0,0,2,0,0,0,0,1,1,1,2,3,1,2,2,2,2,9,9,9,2,0,0,
1065317,1,2,2,1,7,2,7,0,0,1,1,1,1,1,0,0,0,0,0,0,1,2,2,1,2,2,2,2,2,1,2,2,2,2,1,1,2,1,2,2,1,9,1,2,9,1,0,0,0,0,0,0,0,0,0,2,9,0,0,1,0,0,0,0,0,0,1,2,3,2,1,2,9,9,2,9,9,9,0,0,
7189135,1,3,3,1,3,3,3,0,0,2,1,1,1,1,0,0,0,0,0,0,1,2,2,1,2,2,2,2,2,1,2,2,2,3,1,1,2,1,1,1,1,9,1,2,9,1,0,0,0,0,0,0,0,0,0,1,9,4,0,2,0,0,0,0,0,0,1,2,3,2,1,2,9,9,2,9,9,9,0,0,
9481674,2,2,2,1,18,11,18,0,0,1,3,3,4,4,0,0,0,0,0,0,1,2,1,1,2,2,2,2,1,1,2,2,2,1,1,1,2,1,1,1,1,9,1,2,9,1,0,0,0,0,0,0,0,0,0,1,9,0,0,18,0,10,0,5,2,4,1,2,1,2,1,2,2,2,2,9,2,9,0,0,
2320958,1,1,1,6,2,4,2,0,0,1,1,1,1,1,0,0,0,0,0,0,1,2,2,1,2,2,2,2,2,1,2,2,2,2,1,1,2,1,1,1,1,9,1,2,9,2,0,0,0,0,0,0,0,0,0,2,9,0,0,1,0,0,0,0,0,0,1,2,3,2,2,2,9,9,2,9,9,9,0,0,
6447367,1,2,2,1,6,3,6,0,0,1,2,2,2,2,0,0,0,0,2,2,1,2,2,1,2,2,2,2,2,1,2,2,2,2,1,1,2,1,1,1,1,9,1,2,9,1,0,0,0,0,0,0,0,0,0,1,9,0,0,10,0,0,1,1,1,1,1,1,3,2,1,1,9,9,2,9,9,9,0,0,
6264175,1,2,2,1,9,4,9,0,0,1,1,1,1,1,0,0,0,0,0,0,1,2,2,1,2,2,2,2,2,1,2,2,2,1,1,1,2,1,1,1,1,9,1,2,9,1,0,0,0,0,0,0,0,0,0,2,9,0,0,2,0,0,0,0,0,1,1,1,3,2,2,2,9,9,2,9,9,9,0,0,
6749423,1,4,1,1,5,6,5,0,0,1,2,2,2,2,0,0,0,0,0,0,1,2,2,1,2,2,2,2,2,1,2,2,2,1,1,1,1,1,1,1,1,9,1,1,1,1,0,0,0,0,0,0,0,0,0,1,9,0,0,1,0,0,0,0,0,1,1,1,3,2,2,1,9,9,2,9,9,9,0,0,
1851020,1,1,1,1,6,6,6,0,0,1,1,1,1,1,0,0,0,0,1,1,1,2,2,1,2,2,2,2,2,1,2,2,2,2,1,1,2,1,1,1,1,9,1,2,9,1,0,0,0,0,0,0,0,0,0,1,9,0,0,10,0,1,0,0,1,1,1,1,3,2,1,1,9,9,9,9,9,9,0,0,
5109580,1,1,1,1,11,20,11,0,0,1,2,2,2,2,0,0,0,0,0,0,1,2,2,1,2,2,2,2,2,1,2,2,2,2,1,1,2,1,1,2,1,9,1,2,9,1,0,0,0,0,0,0,0,0,0,1,9,0,0,6,0,2,0,0,1,1,1,2,3,2,2,2,9,9,2,9,9,9,0,0,
9045310,1,1,1,7,3,0,3,0,0,2,3,3,3,3,0,0,0,0,0,0,1,2,1,1,2,2,2,2,1,1,2,2,2,2,1,1,2,1,1,1,1,9,1,1,1,1,0,0,0,0,0,0,0,0,0,1,9,0,0,4,0,0,0,0,0,1,1,2,3,2,1,1,9,9,9,9,9,9,0,0,
9645975,1,1,1,1,4,3,4,0,0,1,3,3,3,3,0,0,0,0,0,0,1,2,1,1,2,2,2,2,1,1,2,2,2,2,1,1,2,1,1,1,1,9,1,1,2,1,2,2,2,2,2,1,2,4,2,1,9,0,0,4,0,0,0,0,0,1,1,2,3,2,1,2,2,2,9,9,9,2,0,0,
