facility_id,facility_display_name,pseudocode,state,district,block,rural_urban,lgd_urban_local_body_name,lgd_ward_name,lgd_vill_name,lgd_vill_panchayat_name,lgd_block_name,latitude,longitude,coordinate_source,coordinate_confidence
FACILITY_4410844,4,4410844,UTTARAKHAND,CHAMOLI,NANDANAGAR,1,,,Mokhtalla,Mokh Talla,Ghat,,,MISSING,MISSING
FACILITY_4086306,1,4086306,UTTARAKHAND,CHAMOLI,DASHOLI,1,,,Majyu Lagga Bemru,Syuna,Dasholi,,,MISSING,MISSING
FACILITY_9202177,1,9202177,UTTARAKHAND,CHAMOLI,KARANPRAYAG,1,,,Kolson,Kolson,Karnaprayag,,,MISSING,MISSING
FACILITY_5973404,1,5973404,UTTARAKHAND,CHAMOLI,KARANPRAYAG,1,,,Purna,Bagoli,Karnaprayag,,,MISSING,MISSING
FACILITY_6628377,1,6628377,UTTARAKHAND,CHAMOLI,GAIRSAIN,1,,,Panchali,Panchali,Gairsain,,,MISSING,MISSING
FACILITY_1780963,1,1780963,UTTARAKHAND,CHAMOLI,NARAYANBAGAR,1,,,Kot,Kot,Narayanbagar,,,MISSING,MISSING
FACILITY_4744953,4,4744953,UTTARAKHAND,CHAMOLI,NANDANAGAR,1,,,Ala Chak Bura,Aala Jokhana,Ghat,,,MISSING,MISSING
FACILITY_6566940,1,6566940,UTTARAKHAND,CHAMOLI,THARALI,1,,,Kuni,Kuni Partha,Tharali,,,MISSING,MISSING
FACILITY_5829185,1,5829185,UTTARAKHAND,CHAMOLI,KARANPRAYAG,1,,,Sidoli,Sidoli,Karnaprayag,,,MISSING,MISSING
FACILITY_5188887,1,5188887,UTTARAKHAND,CHAMOLI,NANDANAGAR,1,,,Manakhi,Manakhi,Ghat,,,MISSING,MISSING
FACILITY_6881233,1,6881233,UTTARAKHAND,CHAMOLI,DASHOLI,1,,,Math Jhadeta,Math Jhadeta,Dasholi,,,MISSING,MISSING
FACILITY_7454087,7,7454087,UTTARAKHAND,CHAMOLI,GAIRSAIN,1,,,Pyura,Pyura,Gairsain,,,MISSING,MISSING
FACILITY_4325108,1,4325108,UTTARAKHAND,CHAMOLI,POKHARI,1,,,Bingar,Bingarh,Pokhari,,,MISSING,MISSING
FACILITY_9657695,1,9657695,UTTARAKHAND,CHAMOLI,THARALI,1,,,Harchan,Tungeshwar,Tharali,,,MISSING,MISSING
FACILITY_3090189,5,3090189,UTTARAKHAND,CHAMOLI,GAIRSAIN,1,,,Bhatmwali,Batagwali,Gairsain,,,MISSING,MISSING
FACILITY_9853968,1,9853968,UTTARAKHAND,CHAMOLI,Jyotirmath,1,,,Topovan,Tapovan,Joshimath,,,MISSING,MISSING
FACILITY_6514824,4,6514824,UTTARAKHAND,CHAMOLI,NANDANAGAR,1,,,Luntara,Luntara,Ghat,,,MISSING,MISSING
FACILITY_7835805,7,7835805,UTTARAKHAND,CHAMOLI,NANDANAGAR,1,,,Kumjug,Kumjug,Ghat,,,MISSING,MISSING
FACILITY_6410195,1,6410195,UTTARAKHAND,CHAMOLI,POKHARI,1,,,Kwithi,Kwinthi,Pokhari,,,MISSING,MISSING
FACILITY_4252507,1,4252507,UTTARAKHAND,CHAMOLI,GAIRSAIN,1,,,Kaira,Dairha,Gairsain,,,MISSING,MISSING
FACILITY_5187269,4,5187269,UTTARAKHAND,CHAMOLI,KARANPRAYAG,1,,,Jasyara,Jasyara,Karnaprayag,,,MISSING,MISSING
FACILITY_8856964,1,8856964,UTTARAKHAND,CHAMOLI,DEWAL,1,,,Padmalla,Padmala,Dewal,,,MISSING,MISSING
FACILITY_9012679,1,9012679,UTTARAKHAND,CHAMOLI,THARALI,1,,,Kurad,Kurad,Tharali,,,MISSING,MISSING
FACILITY_9815463,1,9815463,UTTARAKHAND,CHAMOLI,DASHOLI,1,,,Gawar,Gwad,Dasholi,,,MISSING,MISSING
FACILITY_1009881,1,1009881,UTTARAKHAND,CHAMOLI,DEWAL,1,,,Ghes,Ghes,Dewal,,,MISSING,MISSING
FACILITY_1822939,1,1822939,UTTARAKHAND,CHAMOLI,DEWAL,1,,,Torati,Torti,Dewal,,,MISSING,MISSING
FACILITY_9122080,7,9122080,UTTARAKHAND,CHAMOLI,Jyotirmath,1,,,Raigari,Regdi,Joshimath,,,MISSING,MISSING
FACILITY_9987436,1,9987436,UTTARAKHAND,CHAMOLI,POKHARI,1,,,Bhikauna,Bhikona,Pokhari,,,MISSING,MISSING
FACILITY_8980249,4,8980249,UTTARAKHAND,CHAMOLI,DASHOLI,1,,,Salaraitoli,Salla Retoli,Dasholi,,,MISSING,MISSING
FACILITY_7052231,1,7052231,UTTARAKHAND,CHAMOLI,GAIRSAIN,1,,,Kulagar,Andrapa,Gairsain,,,MISSING,MISSING
FACILITY_8150328,5,8150328,UTTARAKHAND,CHAMOLI,DASHOLI,1,,,Bairagana,Bairagana,Dasholi,,,MISSING,MISSING
FACILITY_7934238,7,7934238,UTTARAKHAND,CHAMOLI,NARAYANBAGAR,1,,,Kandwal Gaon,Kandwal Gaon,Narayanbagar,,,MISSING,MISSING
FACILITY_5296571,3,5296571,UTTARAKHAND,CHAMOLI,Jyotirmath,2,Joshimath-Municipality,Joshimath (MB) - Gaandhinagar Ward No.1,,,,,,MISSING,MISSING
FACILITY_9624332,7,9624332,UTTARAKHAND,CHAMOLI,NANDANAGAR,1,,,Nagbugar Urf Farkhet,Nagbagar(Farkhet),Ghat,,,MISSING,MISSING
FACILITY_3750340,5,3750340,UTTARAKHAND,CHAMOLI,Jyotirmath,2,Joshimath-Municipality,Joshimath (MB) - Uper Bazaar-Daando Ward No.6,,,,,,MISSING,MISSING
FACILITY_6570989,1,6570989,UTTARAKHAND,CHAMOLI,THARALI,2,Tharali-Town Panchayat,Tharali (NP) - Uper Bazaar Tharali Ward No. 3,,,,,,MISSING,MISSING
FACILITY_5597551,5,5597551,UTTARAKHAND,CHAMOLI,KARANPRAYAG,1,,,Kanda Maikhura,Kanda Maikhura,Karnaprayag,,,MISSING,MISSING
FACILITY_9508807,1,9508807,UTTARAKHAND,CHAMOLI,DASHOLI,2,Chamoli Gopeshwar-Municipality,Chamoli Gopeshwar (MB) -Sagar Gangol Gaon Ward No.1,,,,,,MISSING,MISSING
FACILITY_3683502,1,3683502,UTTARAKHAND,CHAMOLI,THARALI,1,,,Bursol,Bursol,Tharali,,,MISSING,MISSING
FACILITY_2684268,1,2684268,UTTARAKHAND,CHAMOLI,KARANPRAYAG,1,,,Gairoli,Chamola,Karnaprayag,,,MISSING,MISSING
FACILITY_3199471,1,3199471,UTTARAKHAND,CHAMOLI,DEWAL,1,,,Sawad,Sawad,Dewal,,,MISSING,MISSING
FACILITY_7607543,1,7607543,UTTARAKHAND,CHAMOLI,KARANPRAYAG,1,,,Padli,Khatyari,Karnaprayag,,,MISSING,MISSING
FACILITY_7857221,1,7857221,UTTARAKHAND,CHAMOLI,POKHARI,1,,,Gudam,Gudam,Pokhari,,,MISSING,MISSING
FACILITY_1700764,1,1700764,UTTARAKHAND,CHAMOLI,THARALI,1,,,Chaunda,Chounda,Tharali,,,MISSING,MISSING
FACILITY_1386632,1,1386632,UTTARAKHAND,CHAMOLI,DEWAL,1,,,Kandai,Kandai,Dewal,,,MISSING,MISSING
FACILITY_6338137,1,6338137,UTTARAKHAND,CHAMOLI,DASHOLI,1,,,Sonala,Sonla,Dasholi,,,MISSING,MISSING
FACILITY_8710201,7,8710201,UTTARAKHAND,CHAMOLI,GAIRSAIN,1,,,Pungaon,Pungaon,Gairsain,,,MISSING,MISSING
FACILITY_4133676,5,4133676,UTTARAKHAND,CHAMOLI,POKHARI,1,,,Sinau Palla,Sinau Palla,Pokhari,,,MISSING,MISSING
FACILITY_8618165,5,8618165,UTTARAKHAND,CHAMOLI,NARAYANBAGAR,1,,,Gadkot,Garhkot,Narayanbagar,,,MISSING,MISSING
FACILITY_3251176,5,3251176,UTTARAKHAND,CHAMOLI,POKHARI,1,,,Dhamak,Dhamak,Pokhari,,,MISSING,MISSING
FACILITY_8643742,4,8643742,UTTARAKHAND,CHAMOLI,NARAYANBAGAR,1,,,Nakholi,Nakholi,Narayanbagar,,,MISSING,MISSING
FACILITY_5247968,1,5247968,UTTARAKHAND,CHAMOLI,DEWAL,1,,,Himani Chack Bahantara,Himani,Dewal,,,MISSING,MISSING
FACILITY_9869269,4,9869269,UTTARAKHAND,CHAMOLI,KARANPRAYAG,1,,,Ganoli,Ganoli,Karnaprayag,,,MISSING,MISSING
FACILITY_3478590,4,3478590,UTTARAKHAND,CHAMOLI,Jyotirmath,1,,,Hailang,Helang,Joshimath,,,MISSING,MISSING
FACILITY_3237711,5,3237711,UTTARAKHAND,CHAMOLI,NANDANAGAR,1,,,Kurar Gunth,Kurud Goonth,Ghat,,,MISSING,MISSING
FACILITY_7476487,5,7476487,UTTARAKHAND,CHAMOLI,POKHARI,1,,,Sarmola,Sarmola,Pokhari,,,MISSING,MISSING
FACILITY_5170371,4,5170371,UTTARAKHAND,CHAMOLI,GAIRSAIN,1,,,Badiya Sem,Silanga,Gairsain,,,MISSING,MISSING
FACILITY_9576433,2,9576433,UTTARAKHAND,CHAMOLI,DASHOLI,2,PIPALKOTI-Town Panchayat,Peepalkoti (NP)- Naurakh Peepalkoti Ward No.1,,,,,,MISSING,MISSING
FACILITY_3133689,6,3133689,UTTARAKHAND,CHAMOLI,POKHARI,2,POKHRI-Town Panchayat,Pokhri (NP) -Guniyala Ward No. 4,,,,,,MISSING,MISSING
FACILITY_1391137,3,1391137,UTTARAKHAND,CHAMOLI,Jyotirmath,2,Joshimath-Municipality,Joshimath (MB) - Painka-Maarwaadi Ward No.2,,,,,,MISSING,MISSING
FACILITY_2870641,1,2870641,UTTARAKHAND,CHAMOLI,NANDANAGAR,1,,,Motha,Chaka,Ghat,,,MISSING,MISSING
FACILITY_4857405,1,4857405,UTTARAKHAND,CHAMOLI,Jyotirmath,1,,,Ringi,Ringi,Joshimath,,,MISSING,MISSING
FACILITY_8057750,1,8057750,UTTARAKHAND,CHAMOLI,DEWAL,1,,,Harani Chak Mundoli,Harni,Dewal,,,MISSING,MISSING
FACILITY_9420024,1,9420024,UTTARAKHAND,CHAMOLI,KARANPRAYAG,1,,,Jaikandi,Jaikandi (Barsoli),Karnaprayag,,,MISSING,MISSING
FACILITY_3943524,1,3943524,UTTARAKHAND,CHAMOLI,GAIRSAIN,1,,,Naugaon Malla,Moonson,Gairsain,,,MISSING,MISSING
FACILITY_4389030,1,4389030,UTTARAKHAND,CHAMOLI,DASHOLI,1,,,Nijmola,Nijmula,Dasholi,,,MISSING,MISSING
FACILITY_3522632,1,3522632,UTTARAKHAND,CHAMOLI,DEWAL,1,,,Kheta Manvati,Kheta Manmati,Dewal,,,MISSING,MISSING
FACILITY_3600118,1,3600118,UTTARAKHAND,CHAMOLI,NANDANAGAR,1,,,Kumartoli,Kumjug,Ghat,,,MISSING,MISSING
FACILITY_9735821,1,9735821,UTTARAKHAND,CHAMOLI,DASHOLI,1,,,Mahargaon,Lwanh,Dasholi,,,MISSING,MISSING
FACILITY_3907543,1,3907543,UTTARAKHAND,CHAMOLI,THARALI,1,,,Dhungakholi,Dungakholi,Tharali,,,MISSING,MISSING
FACILITY_2546919,1,2546919,UTTARAKHAND,CHAMOLI,KARANPRAYAG,1,,,Swarka,Chulakot,Karnaprayag,,,MISSING,MISSING
FACILITY_3740033,1,3740033,UTTARAKHAND,CHAMOLI,DEWAL,1,,,Ulangra,Ulangra,Dewal,,,MISSING,MISSING
FACILITY_7315174,1,7315174,UTTARAKHAND,CHAMOLI,KARANPRAYAG,1,,,Kandara,Kandara,Karnaprayag,,,MISSING,MISSING
FACILITY_2198987,1,2198987,UTTARAKHAND,CHAMOLI,Jyotirmath,1,,,Pokhani Urf Pokhari,Pokhani,Joshimath,,,MISSING,MISSING
FACILITY_8873227,1,8873227,UTTARAKHAND,CHAMOLI,Jyotirmath,1,,,Tugasi,Regdi,Joshimath,,,MISSING,MISSING
FACILITY_8436626,1,8436626,UTTARAKHAND,CHAMOLI,NANDANAGAR,1,,,Bhairni,Bherni,Ghat,,,MISSING,MISSING
FACILITY_8467816,4,8467816,UTTARAKHAND,CHAMOLI,NARAYANBAGAR,1,,,Ased,Aser,Narayanbagar,,,MISSING,MISSING
FACILITY_5670829,4,5670829,UTTARAKHAND,CHAMOLI,POKHARI,1,,,Nail,Nel,Pokhari,,,MISSING,MISSING
FACILITY_2555804,5,2555804,UTTARAKHAND,CHAMOLI,GAIRSAIN,1,,,Kushrani Talli,Kusrani Talli,Gairsain,,,MISSING,MISSING
FACILITY_3840891,4,3840891,UTTARAKHAND,CHAMOLI,NARAYANBAGAR,1,,,Harmani Talli,Harmani Talli,Narayanbagar,,,MISSING,MISSING
FACILITY_6235394,4,6235394,UTTARAKHAND,CHAMOLI,NARAYANBAGAR,1,,,Gadseer,Garhasera,Narayanbagar,,,MISSING,MISSING
FACILITY_7705468,7,7705468,UTTARAKHAND,CHAMOLI,THARALI,1,,,Kakhda,Kakhada,Tharali,,,MISSING,MISSING
FACILITY_7863935,7,7863935,UTTARAKHAND,CHAMOLI,KARANPRAYAG,1,,,Pudiyani,Pudiyani,Karnaprayag,,,MISSING,MISSING
FACILITY_9242415,5,9242415,UTTARAKHAND,CHAMOLI,DASHOLI,1,,,Nagartangsa,Tangsa,Dasholi,,,MISSING,MISSING
FACILITY_1890783,5,1890783,UTTARAKHAND,CHAMOLI,THARALI,2,Tharali-Town Panchayat,Tharali (NP) - Uper Bazaar Tharali Ward No. 3,,,,,,MISSING,MISSING
FACILITY_2965943,2,2965943,UTTARAKHAND,CHAMOLI,GAIRSAIN,1,,,Khal Kumkhori,Khal (Kumkholi),Gairsain,,,MISSING,MISSING
FACILITY_6154957,1,6154957,UTTARAKHAND,CHAMOLI,NANDANAGAR,1,,,Jokhana,Aala Jokhana,Ghat,,,MISSING,MISSING
FACILITY_6824113,1,6824113,UTTARAKHAND,CHAMOLI,POKHARI,1,,,Tunji,Tonaji,Pokhari,,,MISSING,MISSING
FACILITY_1767209,1,1767209,UTTARAKHAND,CHAMOLI,KARANPRAYAG,1,,,Aind,End,Karnaprayag,,,MISSING,MISSING
FACILITY_3874880,1,3874880,UTTARAKHAND,CHAMOLI,POKHARI,1,,,Kandei,Kandai,Pokhari,,,MISSING,MISSING
FACILITY_8712680,1,8712680,UTTARAKHAND,CHAMOLI,GAIRSAIN,1,,,Chhimatha,Chhimta,Gairsain,,,MISSING,MISSING
FACILITY_8741847,1,8741847,UTTARAKHAND,CHAMOLI,Jyotirmath,2,Joshimath-Municipality,Joshimath (MB) - Ravigram Ward No.9,,,,,,MISSING,MISSING
FACILITY_3087264,1,3087264,UTTARAKHAND,CHAMOLI,DASHOLI,1,,,Lwanh,Lwanh,Dasholi,,,MISSING,MISSING
FACILITY_2979472,1,2979472,UTTARAKHAND,CHAMOLI,THARALI,1,,,Kakhda,Kakhada,Tharali,,,MISSING,MISSING
FACILITY_5096815,1,5096815,UTTARAKHAND,CHAMOLI,GAIRSAIN,1,,,Sumerpur,Sumerpur,Gairsain,,,MISSING,MISSING
FACILITY_5704036,1,5704036,UTTARAKHAND,CHAMOLI,GAIRSAIN,1,,,Dungri,Dungri,Gairsain,,,MISSING,MISSING
FACILITY_1294087,1,1294087,UTTARAKHAND,CHAMOLI,KARANPRAYAG,1,,,Kola Dungari,Kola Dungri,Karnaprayag,,,MISSING,MISSING
FACILITY_2592242,1,2592242,UTTARAKHAND,CHAMOLI,POKHARI,2,POKHRI-Town Panchayat,Pokhri (NP) -Pokhri Lower Ward No. 2,,,,,,MISSING,MISSING
FACILITY_9711359,1,9711359,UTTARAKHAND,CHAMOLI,GAIRSAIN,1,,,Pindawali,Pindwali,Gairsain,,,MISSING,MISSING
FACILITY_7016854,1,7016854,UTTARAKHAND,CHAMOLI,Jyotirmath,1,,,Dumak,Dumak,Joshimath,,,MISSING,MISSING
FACILITY_1054871,1,1054871,UTTARAKHAND,CHAMOLI,THARALI,1,,,Main,Main,Tharali,,,MISSING,MISSING
FACILITY_8867722,1,8867722,UTTARAKHAND,CHAMOLI,GAIRSAIN,1,,,Kali Mati,Kalimati,Gairsain,,,MISSING,MISSING
FACILITY_7405441,1,7405441,UTTARAKHAND,CHAMOLI,POKHARI,1,,,Valli,Valli,Pokhari,,,MISSING,MISSING
FACILITY_7841035,1,7841035,UTTARAKHAND,CHAMOLI,POKHARI,1,,,Toli Laaga Gailung,Toli,Pokhari,,,MISSING,MISSING
FACILITY_8086157,1,8086157,UTTARAKHAND,CHAMOLI,POKHARI,1,,,Trishula,Trishula,Pokhari,,,MISSING,MISSING
FACILITY_7055128,1,7055128,UTTARAKHAND,CHAMOLI,DEWAL,1,,,Udaypur Laga Choting,Udaypur,Dewal,,,MISSING,MISSING
FACILITY_7524390,1,7524390,UTTARAKHAND,CHAMOLI,KARANPRAYAG,1,,,Thirpak,Thirpak,Karnaprayag,,,MISSING,MISSING
FACILITY_1026198,1,1026198,UTTARAKHAND,CHAMOLI,KARANPRAYAG,1,,,Chamola,Chamola,Karnaprayag,,,MISSING,MISSING
FACILITY_9650468,1,9650468,UTTARAKHAND,CHAMOLI,KARANPRAYAG,1,,,Bangaon Malla,Banagoan,Karnaprayag,,,MISSING,MISSING
FACILITY_8486188,4,8486188,UTTARAKHAND,CHAMOLI,DASHOLI,1,,,Pana,Pana,Dasholi,,,MISSING,MISSING
FACILITY_7245067,1,7245067,UTTARAKHAND,CHAMOLI,Jyotirmath,1,,,Tapon,Dwing Tapaun,Joshimath,,,MISSING,MISSING
FACILITY_6298139,7,6298139,UTTARAKHAND,CHAMOLI,POKHARI,1,,,Sarna,Sharana,Pokhari,,,MISSING,MISSING
FACILITY_4957986,5,4957986,UTTARAKHAND,CHAMOLI,KARANPRAYAG,2,Gochar-Municipality,Gochar (NP) -Rawalnagar Talla Ward No.2,,,,,,MISSING,MISSING
FACILITY_1953530,4,1953530,UTTARAKHAND,CHAMOLI,KARANPRAYAG,1,,,Ghatuda,Ghatora,Karnaprayag,,,MISSING,MISSING
FACILITY_3480324,5,3480324,UTTARAKHAND,CHAMOLI,GAIRSAIN,1,,,Malai,Malai,Gairsain,,,MISSING,MISSING
FACILITY_6238303,5,6238303,UTTARAKHAND,CHAMOLI,Jyotirmath,1,,,Urgam,Urgam,Joshimath,,,MISSING,MISSING
FACILITY_3752308,1,3752308,UTTARAKHAND,CHAMOLI,DEWAL,1,,,Silkhola Laga Ichchholi,Dewal (Selkhola),Dewal,,,MISSING,MISSING
FACILITY_1610172,1,1610172,UTTARAKHAND,CHAMOLI,DEWAL,1,,,Palwara Laga Odar,Palwara,Dewal,,,MISSING,MISSING
FACILITY_4844563,1,4844563,UTTARAKHAND,CHAMOLI,GAIRSAIN,1,,,Gadauta,Malkot,Gairsain,,,MISSING,MISSING
FACILITY_2680102,1,2680102,UTTARAKHAND,CHAMOLI,GAIRSAIN,1,,,Uttari Jhuma Khet,Jhumakhet Uttari,Gairsain,,,MISSING,MISSING
FACILITY_1746209,2,1746209,UTTARAKHAND,CHAMOLI,DASHOLI,2,Chamoli Gopeshwar-Municipality,Chamoli Gopeshwar (MB) -Subhash Nagar Shivaji Ward No.7,,,,,,MISSING,MISSING
FACILITY_9974473,1,9974473,UTTARAKHAND,CHAMOLI,NANDANAGAR,1,,,Bhainti,Bhenti,Ghat,,,MISSING,MISSING
FACILITY_3752644,2,3752644,UTTARAKHAND,CHAMOLI,KARANPRAYAG,2,Karnaprayag-Municipality,Karnaprayag (NP) -Gaandhinagar Ward No.1,,,,,,MISSING,MISSING
FACILITY_2052302,1,2052302,UTTARAKHAND,CHAMOLI,DASHOLI,1,,,Harmani,Harmani,Dasholi,,,MISSING,MISSING
FACILITY_3009090,1,3009090,UTTARAKHAND,CHAMOLI,DASHOLI,1,,,Bemru,Bemaru,Dasholi,,,MISSING,MISSING
FACILITY_8789511,1,8789511,UTTARAKHAND,CHAMOLI,THARALI,1,,,Lolti,Lolti,Tharali,,,MISSING,MISSING
FACILITY_8078626,1,8078626,UTTARAKHAND,CHAMOLI,KARANPRAYAG,1,,,Galnau,Siran,Karnaprayag,,,MISSING,MISSING
FACILITY_7045934,1,7045934,UTTARAKHAND,CHAMOLI,GAIRSAIN,1,,,Kunigar Malli,Kunigad Malli,Gairsain,,,MISSING,MISSING
FACILITY_3858382,1,3858382,UTTARAKHAND,CHAMOLI,GAIRSAIN,1,,,Ramara Talla,Ramda Talla,Gairsain,,,MISSING,MISSING
FACILITY_8664836,1,8664836,UTTARAKHAND,CHAMOLI,GAIRSAIN,1,,,Majyari Malli,Majiyari Malli,Gairsain,,,MISSING,MISSING
FACILITY_8435333,1,8435333,UTTARAKHAND,CHAMOLI,Jyotirmath,1,,,Bhangyul,Bhangyul,Joshimath,,,MISSING,MISSING
FACILITY_9873238,1,9873238,UTTARAKHAND,CHAMOLI,POKHARI,1,,,Airas,Airas,Pokhari,,,MISSING,MISSING
FACILITY_8393279,1,8393279,UTTARAKHAND,CHAMOLI,POKHARI,1,,,Kandai Khola,Kandai Khola,Pokhari,,,MISSING,MISSING
FACILITY_3766396,1,3766396,UTTARAKHAND,CHAMOLI,POKHARI,1,,,Sauda Mangara,Soda Mangra,Pokhari,,,MISSING,MISSING
FACILITY_3693905,1,3693905,UTTARAKHAND,CHAMOLI,KARANPRAYAG,1,,,Bainoli,Benoli,Karnaprayag,,,MISSING,MISSING
FACILITY_7994409,1,7994409,UTTARAKHAND,CHAMOLI,NARAYANBAGAR,1,,,Gandik Talla,Gandik Talla,Narayanbagar,,,MISSING,MISSING
FACILITY_7446525,1,7446525,UTTARAKHAND,CHAMOLI,POKHARI,1,,,Birsansera,Birsan Sera,Pokhari,,,MISSING,MISSING
FACILITY_1123322,1,1123322,UTTARAKHAND,CHAMOLI,Jyotirmath,1,,,Salud,Salud Dungra,Joshimath,,,MISSING,MISSING
FACILITY_6764906,4,6764906,UTTARAKHAND,CHAMOLI,DEWAL,1,,,Deosari,Devsari,Dewal,,,MISSING,MISSING
FACILITY_3830086,1,3830086,UTTARAKHAND,CHAMOLI,GAIRSAIN,1,,,Hali Sera Urf Adibadari,Bainithal (Adibadri),Gairsain,,,MISSING,MISSING
FACILITY_3777185,1,3777185,UTTARAKHAND,CHAMOLI,THARALI,1,,,Thala,Thala,Tharali,,,MISSING,MISSING
FACILITY_2605737,1,2605737,UTTARAKHAND,CHAMOLI,NANDANAGAR,1,,,Luntara,Luntara,Ghat,,,MISSING,MISSING
FACILITY_3741264,5,3741264,UTTARAKHAND,CHAMOLI,DASHOLI,1,,,Khainuri,Khainuri,Dasholi,,,MISSING,MISSING
FACILITY_5984060,8,5984060,UTTARAKHAND,CHAMOLI,KARANPRAYAG,1,,,Sunai,Sunai,Karnaprayag,,,MISSING,MISSING
FACILITY_9081602,7,9081602,UTTARAKHAND,CHAMOLI,NANDANAGAR,1,,,Lankhee,Lankhi,Ghat,,,MISSING,MISSING
FACILITY_6560324,7,6560324,UTTARAKHAND,CHAMOLI,KARANPRAYAG,1,,,Kimoli Malli,Kimoli,Karnaprayag,,,MISSING,MISSING
FACILITY_6129327,2,6129327,UTTARAKHAND,CHAMOLI,DASHOLI,1,,,Saikot,Saikot,Dasholi,,,MISSING,MISSING
FACILITY_7315523,4,7315523,UTTARAKHAND,CHAMOLI,KARANPRAYAG,1,,,Airwadi,Aeirwadi,Karnaprayag,,,MISSING,MISSING
FACILITY_6079038,5,6079038,UTTARAKHAND,CHAMOLI,KARANPRAYAG,1,,,Kolson,Kolson,Karnaprayag,,,MISSING,MISSING
FACILITY_7665792,4,7665792,UTTARAKHAND,CHAMOLI,POKHARI,1,,,Thalabair,Thala Beind,Pokhari,,,MISSING,MISSING
FACILITY_5256087,1,5256087,UTTARAKHAND,CHAMOLI,DASHOLI,2,Chamoli Gopeshwar-Municipality,Chamoli Gopeshwar (MB) -Uper Bazaar Ward No.4,,,,,,MISSING,MISSING
FACILITY_5657371,1,5657371,UTTARAKHAND,CHAMOLI,Jyotirmath,2,Joshimath-Municipality,Joshimath (MB) - Ravigram Ward No.9,,,,,,MISSING,MISSING
FACILITY_4609997,1,4609997,UTTARAKHAND,CHAMOLI,Jyotirmath,1,,,Hailang,Helang,Joshimath,,,MISSING,MISSING
FACILITY_5176135,1,5176135,UTTARAKHAND,CHAMOLI,NARAYANBAGAR,1,,,Harmani Talli,Harmani Talli,Narayanbagar,,,MISSING,MISSING
FACILITY_7760997,1,7760997,UTTARAKHAND,CHAMOLI,GAIRSAIN,1,,,Naugaon Talla,Kolani,Gairsain,,,MISSING,MISSING
FACILITY_5388146,1,5388146,UTTARAKHAND,CHAMOLI,Jyotirmath,1,,,Devgram,Devgram,Joshimath,,,MISSING,MISSING
FACILITY_7002696,1,7002696,UTTARAKHAND,CHAMOLI,Jyotirmath,2,Joshimath-Municipality,Joshimath (MB) - Ravigram Ward No.9,,,,,,MISSING,MISSING
FACILITY_3268756,6,3268756,UTTARAKHAND,CHAMOLI,THARALI,2,Tharali-Town Panchayat,Tharali (NP) - Bhainta Ward No. 1,,,,,,MISSING,MISSING
FACILITY_6505914,1,6505914,UTTARAKHAND,CHAMOLI,THARALI,1,,,Talwari Khalsa,Talwadi Khalsa,Tharali,,,MISSING,MISSING
FACILITY_7189135,1,7189135,UTTARAKHAND,CHAMOLI,NANDANAGAR,1,,,Kurar Gunth,Kurud Goonth,Ghat,,,MISSING,MISSING
FACILITY_2978417,1,2978417,UTTARAKHAND,CHAMOLI,Jyotirmath,2,Joshimath-Municipality,Joshimath (MB) - Sunil Ward No.7,,,,,,MISSING,MISSING
FACILITY_2834626,1,2834626,UTTARAKHAND,CHAMOLI,NANDANAGAR,1,,,Ramani,Ramani,Ghat,,,MISSING,MISSING
FACILITY_6052160,1,6052160,UTTARAKHAND,CHAMOLI,THARALI,1,,,Ruisan,Rui Sana,Tharali,,,MISSING,MISSING
FACILITY_7586831,1,7586831,UTTARAKHAND,CHAMOLI,NANDANAGAR,1,,,Nagbugar Urf Farkhet,Nagbagar(Farkhet),Ghat,,,MISSING,MISSING
FACILITY_2443292,1,2443292,UTTARAKHAND,CHAMOLI,DASHOLI,1,,,Nagartangsa,Tangsa,Dasholi,,,MISSING,MISSING
FACILITY_4839267,5,4839267,UTTARAKHAND,CHAMOLI,THARALI,1,,,Dungri,Dungri,Tharali,,,MISSING,MISSING
FACILITY_8056489,1,8056489,UTTARAKHAND,CHAMOLI,DEWAL,1,,,Deosari,Devsari,Dewal,,,MISSING,MISSING
FACILITY_5244079,1,5244079,UTTARAKHAND,CHAMOLI,KARANPRAYAG,1,,,Ganoli,Ganoli,Karnaprayag,,,MISSING,MISSING
FACILITY_5338900,2,5338900,UTTARAKHAND,CHAMOLI,GAIRSAIN,2,Gairsain-Town Panchayat,Gairsain (NP) -Gairsain Pashchimi Bhaag Ward No. 4,,,,,,MISSING,MISSING
FACILITY_5952462,1,5952462,UTTARAKHAND,CHAMOLI,NARAYANBAGAR,1,,,Silodi,Mauna,Narayanbagar,,,MISSING,MISSING
FACILITY_5820108,1,5820108,UTTARAKHAND,CHAMOLI,KARANPRAYAG,1,,,Agontha,Duwa,Karnaprayag,,,MISSING,MISSING
FACILITY_8176661,1,8176661,UTTARAKHAND,CHAMOLI,KARANPRAYAG,1,,,Kandara,Kandara,Karnaprayag,,,MISSING,MISSING
FACILITY_2563691,2,2563691,UTTARAKHAND,CHAMOLI,NANDANAGAR,1,,,Banswara Chak Sainti,Sainti,Ghat,,,MISSING,MISSING
FACILITY_2008193,1,2008193,UTTARAKHAND,CHAMOLI,Jyotirmath,1,,,Dungra Barosi,Dugra Barosi,Joshimath,,,MISSING,MISSING
FACILITY_4783419,1,4783419,UTTARAKHAND,CHAMOLI,POKHARI,2,POKHRI-Town Panchayat,Pokhri (NP) -Pokhri Lower Ward No. 2,,,,,,MISSING,MISSING
FACILITY_6338583,1,6338583,UTTARAKHAND,CHAMOLI,DASHOLI,1,,,Kathur,Kathud,Dasholi,,,MISSING,MISSING
FACILITY_7554424,1,7554424,UTTARAKHAND,CHAMOLI,DEWAL,1,,,Tajpur Laga Kandai,Tajpur,Dewal,,,MISSING,MISSING
FACILITY_5798541,2,5798541,UTTARAKHAND,CHAMOLI,DASHOLI,2,Chamoli Gopeshwar-Municipality,Chamoli Gopeshwar (MB) -Naigwaad Ward No.8,,,,,,MISSING,MISSING
FACILITY_5298970,1,5298970,UTTARAKHAND,CHAMOLI,KARANPRAYAG,1,,,Dhar Dungri,Dimmar,Karnaprayag,,,MISSING,MISSING
FACILITY_9828408,1,9828408,UTTARAKHAND,CHAMOLI,Jyotirmath,1,,,Jakhola,Jakhola,Joshimath,,,MISSING,MISSING
FACILITY_7418666,4,7418666,UTTARAKHAND,CHAMOLI,DASHOLI,2,Chamoli Gopeshwar-Municipality,Chamoli Gopeshwar (MB) -Subhash Nagar Shivaji Ward No.7,,,,,,MISSING,MISSING
FACILITY_9839827,1,9839827,UTTARAKHAND,CHAMOLI,DEWAL,1,,,Suiyya,Suieya,Dewal,,,MISSING,MISSING
FACILITY_3680229,1,3680229,UTTARAKHAND,CHAMOLI,KARANPRAYAG,1,,,Niwadi,Langasu,Karnaprayag,,,MISSING,MISSING
FACILITY_4170046,1,4170046,UTTARAKHAND,CHAMOLI,DASHOLI,1,,,Baindu,Ghudshal,Dasholi,,,MISSING,MISSING
FACILITY_4671683,1,4671683,UTTARAKHAND,CHAMOLI,THARALI,1,,,Chidanga State,Chidinga Malla,Tharali,,,MISSING,MISSING
FACILITY_5412299,1,5412299,UTTARAKHAND,CHAMOLI,NANDANAGAR,1,,,Tangala,Tangla,Ghat,,,MISSING,MISSING
FACILITY_1812555,1,1812555,UTTARAKHAND,CHAMOLI,Jyotirmath,1,,,Niti,Neeti,Joshimath,,,MISSING,MISSING
FACILITY_2694686,1,2694686,UTTARAKHAND,CHAMOLI,KARANPRAYAG,1,,,Chulakot,Chulakot,Karnaprayag,,,MISSING,MISSING
FACILITY_7755020,1,7755020,UTTARAKHAND,CHAMOLI,KARANPRAYAG,1,,,Kamera,Kameda(Choki),Karnaprayag,,,MISSING,MISSING
FACILITY_7037659,1,7037659,UTTARAKHAND,CHAMOLI,NANDANAGAR,1,,,Sitel,Gulari,Ghat,,,MISSING,MISSING
FACILITY_4858615,1,4858615,UTTARAKHAND,CHAMOLI,KARANPRAYAG,1,,,Uttaraun,Uttraon,Karnaprayag,,,MISSING,MISSING
FACILITY_7997760,1,7997760,UTTARAKHAND,CHAMOLI,Jyotirmath,1,,,Pokhani Urf Pokhari,Pokhani,Joshimath,,,MISSING,MISSING
FACILITY_5061929,1,5061929,UTTARAKHAND,CHAMOLI,THARALI,1,,,Bajwar,Bajwad,Tharali,,,MISSING,MISSING
FACILITY_1455735,1,1455735,UTTARAKHAND,CHAMOLI,DASHOLI,1,,,Ropachalthar,Ropa Semdugra,Dasholi,,,MISSING,MISSING
FACILITY_4476556,3,4476556,UTTARAKHAND,CHAMOLI,KARANPRAYAG,1,,,Jaikandi,Jaikandi (Barsoli),Karnaprayag,,,MISSING,MISSING
FACILITY_5154502,2,5154502,UTTARAKHAND,CHAMOLI,GAIRSAIN,1,,,Kirasal,Kirsal,Gairsain,,,MISSING,MISSING
FACILITY_4925564,1,4925564,UTTARAKHAND,CHAMOLI,DASHOLI,1,,,Lasiyari,Lasee,Dasholi,,,MISSING,MISSING
FACILITY_6989139,1,6989139,UTTARAKHAND,CHAMOLI,KARANPRAYAG,1,,,Ritholi,Kimoli,Karnaprayag,,,MISSING,MISSING
FACILITY_2449088,1,2449088,UTTARAKHAND,CHAMOLI,NANDANAGAR,1,,,Maharbagti,Maharbagthi,Ghat,,,MISSING,MISSING
FACILITY_4881186,1,4881186,UTTARAKHAND,CHAMOLI,Jyotirmath,1,,,Lyari Thana,Lyari Theina,Joshimath,,,MISSING,MISSING
FACILITY_3691807,1,3691807,UTTARAKHAND,CHAMOLI,GAIRSAIN,1,,,Pajyana,Panjyana,Gairsain,,,MISSING,MISSING
FACILITY_5587433,1,5587433,UTTARAKHAND,CHAMOLI,DASHOLI,1,,,Ropa,Ropa,Dasholi,,,MISSING,MISSING
FACILITY_1171873,11,1171873,UTTARAKHAND,CHAMOLI,NARAYANBAGAR,1,,,Kafoli Malli,Kafoli,Narayanbagar,,,MISSING,MISSING
FACILITY_8711174,4,8711174,UTTARAKHAND,CHAMOLI,KARANPRAYAG,1,,,Bansoli Walli,Banasoli,Karnaprayag,,,MISSING,MISSING
FACILITY_4513176,5,4513176,UTTARAKHAND,CHAMOLI,KARANPRAYAG,1,,,Koti,Koti,Karnaprayag,,,MISSING,MISSING
FACILITY_4286711,4,4286711,UTTARAKHAND,CHAMOLI,THARALI,1,,,Bunga,Kuridhar,Sult,,,MISSING,MISSING
FACILITY_7237477,5,7237477,UTTARAKHAND,CHAMOLI,Jyotirmath,2,Joshimath-Municipality,Joshimath (MB) - Singhdhaar Ward No.4,,,,,,MISSING,MISSING
FACILITY_9287557,1,9287557,UTTARAKHAND,CHAMOLI,DASHOLI,1,,,Tairakhansal,Teda Khansal,Dasholi,,,MISSING,MISSING
FACILITY_7483795,4,7483795,UTTARAKHAND,CHAMOLI,KARANPRAYAG,1,,,Dada Dhamdhama,Dhamdhama,Karnaprayag,,,MISSING,MISSING
FACILITY_2169790,1,2169790,UTTARAKHAND,CHAMOLI,DASHOLI,1,,,Pilang Chatoli,Pilang,Dasholi,,,MISSING,MISSING
FACILITY_5673460,1,5673460,UTTARAKHAND,CHAMOLI,THARALI,1,,,Sonala,Sunla,Tharali,,,MISSING,MISSING
FACILITY_9598690,1,9598690,UTTARAKHAND,CHAMOLI,KARANPRAYAG,1,,,Majkhola,Majhkhola,Karnaprayag,,,MISSING,MISSING
FACILITY_6838625,1,6838625,UTTARAKHAND,CHAMOLI,DEWAL,1,,,Nand Keshari,Kothi,Dewal,,,MISSING,MISSING
FACILITY_9161466,1,9161466,UTTARAKHAND,CHAMOLI,GAIRSAIN,1,,,Langtai,Langtain (Silpata),Gairsain,,,MISSING,MISSING
FACILITY_3207223,1,3207223,UTTARAKHAND,CHAMOLI,NARAYANBAGAR,1,,,Rains,Rains,Narayanbagar,,,MISSING,MISSING
FACILITY_4961217,1,4961217,UTTARAKHAND,CHAMOLI,DEWAL,1,,,Kotera,Koteda,Dewal,,,MISSING,MISSING
FACILITY_4535130,1,4535130,UTTARAKHAND,CHAMOLI,THARALI,1,,,Paingadh,Pengarh,Tharali,,,MISSING,MISSING
FACILITY_1597799,1,1597799,UTTARAKHAND,CHAMOLI,THARALI,1,,,Bunga,Kuridhar,Sult,,,MISSING,MISSING
FACILITY_8047055,1,8047055,UTTARAKHAND,CHAMOLI,NANDANAGAR,1,,,Dhar Gaon,Kumjug,Ghat,,,MISSING,MISSING
FACILITY_3852723,1,3852723,UTTARAKHAND,CHAMOLI,Jyotirmath,1,,,Topovan,Tapovan,Joshimath,,,MISSING,MISSING
FACILITY_1514659,7,1514659,UTTARAKHAND,CHAMOLI,GAIRSAIN,1,,,Mehal Chauri,Mehal Chauri,Gairsain,,,MISSING,MISSING
FACILITY_7372694,1,7372694,UTTARAKHAND,CHAMOLI,THARALI,1,,,Dewal Gwar,Dewalgwad,Tharali,,,MISSING,MISSING
FACILITY_3365245,1,3365245,UTTARAKHAND,CHAMOLI,NARAYANBAGAR,1,,,Ased,Aser,Narayanbagar,,,MISSING,MISSING
FACILITY_5673695,5,5673695,UTTARAKHAND,CHAMOLI,POKHARI,2,POKHRI-Town Panchayat,Pokhri (NP) -Guniyala Ward No. 4,,,,,,MISSING,MISSING
FACILITY_4212264,1,4212264,UTTARAKHAND,CHAMOLI,POKHARI,1,,,Nail,Nel,Pokhari,,,MISSING,MISSING
FACILITY_1971048,1,1971048,UTTARAKHAND,CHAMOLI,THARALI,2,Tharali-Town Panchayat,Tharali (NP) - Bhainta Ward No. 1,,,,,,MISSING,MISSING
FACILITY_2754226,5,2754226,UTTARAKHAND,CHAMOLI,DEWAL,1,,,Lingadi,Lingari,Dewal,,,MISSING,MISSING
FACILITY_5517584,4,5517584,UTTARAKHAND,CHAMOLI,Jyotirmath,1,,,Karachhon,Karchhon,Joshimath,,,MISSING,MISSING
FACILITY_6535201,4,6535201,UTTARAKHAND,CHAMOLI,GAIRSAIN,1,,,Kunakhet,Kunkhet,Gairsain,,,MISSING,MISSING
FACILITY_7736458,4,7736458,UTTARAKHAND,CHAMOLI,THARALI,1,,,Dharwaram,Dharbaram,Tharali,,,MISSING,MISSING
FACILITY_9464867,4,9464867,UTTARAKHAND,CHAMOLI,DASHOLI,1,,,Syuna,Syuna,Dasholi,,,MISSING,MISSING
FACILITY_4617546,1,4617546,UTTARAKHAND,CHAMOLI,DASHOLI,2,Chamoli Gopeshwar-Municipality,Chamoli Gopeshwar (MB) -Kothiyaal Gaon Ward No.10,,,,,,MISSING,MISSING
FACILITY_3372868,1,3372868,UTTARAKHAND,CHAMOLI,POKHARI,1,,,Bangthal,Bangthal,Pokhari,,,MISSING,MISSING
FACILITY_6679895,1,6679895,UTTARAKHAND,CHAMOLI,KARANPRAYAG,1,,,Simalt,Kanoth,Karnaprayag,,,MISSING,MISSING
FACILITY_2924137,1,2924137,UTTARAKHAND,CHAMOLI,KARANPRAYAG,1,,,Duwa,Duwa,Karnaprayag,,,MISSING,MISSING
FACILITY_6267198,1,6267198,UTTARAKHAND,CHAMOLI,GAIRSAIN,1,,,Malasi,Malsi,Gairsain,,,MISSING,MISSING
FACILITY_5628777,1,5628777,UTTARAKHAND,CHAMOLI,KARANPRAYAG,1,,,Matiyala,Matiyala,Karnaprayag,,,MISSING,MISSING
FACILITY_3543596,1,3543596,UTTARAKHAND,CHAMOLI,GAIRSAIN,1,,,Kandari Khor,Kandari Khor,Gairsain,,,MISSING,MISSING
FACILITY_7166331,1,7166331,UTTARAKHAND,CHAMOLI,DASHOLI,1,,,Kunjpothani,Konj Pothani,Dasholi,,,MISSING,MISSING
FACILITY_7734944,2,7734944,UTTARAKHAND,CHAMOLI,GAIRSAIN,2,Gairsain-Town Panchayat,Gairsain (NP) -Saliyana Ward No. 1,,,,,,MISSING,MISSING
FACILITY_1853022,1,1853022,UTTARAKHAND,CHAMOLI,KARANPRAYAG,2,Karnaprayag-Municipality,Karnaprayag (NP) -Bus Station Semi Ward No.6,,,,,,MISSING,MISSING
FACILITY_9615461,1,9615461,UTTARAKHAND,CHAMOLI,NANDANAGAR,1,,,Mathkot,Mathkot,Ghat,,,MISSING,MISSING
FACILITY_6996508,3,6996508,UTTARAKHAND,CHAMOLI,DEHRADUN REGION,2,Chamoli Gopeshwar-Municipality,Chamoli Gopeshwar (MB) -Paduli Papdiyana Ward No.9,,,,,,MISSING,MISSING
FACILITY_2111520,7,2111520,UTTARAKHAND,CHAMOLI,NANDANAGAR,1,,,Pairi,Peri,Ghat,,,MISSING,MISSING
FACILITY_8740550,7,8740550,UTTARAKHAND,CHAMOLI,GAIRSAIN,1,,,Mehargaon,Ramra Malla,Gairsain,,,MISSING,MISSING
FACILITY_9571818,4,9571818,UTTARAKHAND,CHAMOLI,GAIRSAIN,1,,,Sirana,Sirana,Gairsain,,,MISSING,MISSING
FACILITY_9737414,5,9737414,UTTARAKHAND,CHAMOLI,KARANPRAYAG,1,,,Kandara,Kandara,Karnaprayag,,,MISSING,MISSING
FACILITY_3322563,5,3322563,UTTARAKHAND,CHAMOLI,DASHOLI,2,Chamoli Gopeshwar-Municipality,Chamoli Gopeshwar (MB) -Kund Colony Ward No.3,,,,,,MISSING,MISSING
FACILITY_3988289,4,3988289,UTTARAKHAND,CHAMOLI,GAIRSAIN,1,,,Beri Talli,Beditalli,Gairsain,,,MISSING,MISSING
FACILITY_1965730,5,1965730,UTTARAKHAND,CHAMOLI,POKHARI,2,POKHRI-Town Panchayat,Pokhri (NP) -Pokhri Lower Ward No. 2,,,,,,MISSING,MISSING
FACILITY_2908120,1,2908120,UTTARAKHAND,CHAMOLI,NANDANAGAR,1,,,Bhainti,Bhenti,Ghat,,,MISSING,MISSING
FACILITY_7696625,1,7696625,UTTARAKHAND,CHAMOLI,NARAYANBAGAR,1,,,Kaub,Kaub,Narayanbagar,,,MISSING,MISSING
FACILITY_9435204,1,9435204,UTTARAKHAND,CHAMOLI,GAIRSAIN,1,,,Bisauna,Bisona,Gairsain,,,MISSING,MISSING
FACILITY_2195700,1,2195700,UTTARAKHAND,CHAMOLI,DASHOLI,1,,,Irani,Irani,Dasholi,,,MISSING,MISSING
FACILITY_4268777,1,4268777,UTTARAKHAND,CHAMOLI,DEWAL,1,,,Atthu,Atthu,Dewal,,,MISSING,MISSING
FACILITY_3261200,1,3261200,UTTARAKHAND,CHAMOLI,DEWAL,1,,,Odar,Odar,Dewal,,,MISSING,MISSING
FACILITY_4537849,1,4537849,UTTARAKHAND,CHAMOLI,NARAYANBAGAR,1,,,Budera,Budera,Narayanbagar,,,MISSING,MISSING
FACILITY_8007809,1,8007809,UTTARAKHAND,CHAMOLI,NARAYANBAGAR,1,,,Angtoli,Angtoli,Narayanbagar,,,MISSING,MISSING
FACILITY_5366325,1,5366325,UTTARAKHAND,CHAMOLI,NANDANAGAR,1,,,Rajbagti,Rajwagati,Ghat,,,MISSING,MISSING
FACILITY_9147253,1,9147253,UTTARAKHAND,CHAMOLI,DASHOLI,1,,,Bhatingyala,Bhatingyala,Dasholi,,,MISSING,MISSING
FACILITY_9922630,1,9922630,UTTARAKHAND,CHAMOLI,NARAYANBAGAR,1,,,Kevar Malla,Kewar Malla,Narayanbagar,,,MISSING,MISSING
FACILITY_4195500,1,4195500,UTTARAKHAND,CHAMOLI,KARANPRAYAG,2,Gochar-Municipality,Gochar (NP) -Panaai Malli Ward No.1,,,,,,MISSING,MISSING
FACILITY_4900601,1,4900601,UTTARAKHAND,CHAMOLI,NARAYANBAGAR,1,,,Sainj,Jakh Patyun,Narayanbagar,,,MISSING,MISSING
FACILITY_8425690,1,8425690,UTTARAKHAND,CHAMOLI,Jyotirmath,1,,,Subhai,Subhai,Joshimath,,,MISSING,MISSING
FACILITY_1503606,1,1503606,UTTARAKHAND,CHAMOLI,GAIRSAIN,2,Gairsain-Town Panchayat,Gairsain (NP) -Saliyana Ward No. 1,,,,,,MISSING,MISSING
FACILITY_2976903,1,2976903,UTTARAKHAND,CHAMOLI,NARAYANBAGAR,1,,,Jhijhoni,Jhinjhoni,Narayanbagar,,,MISSING,MISSING
FACILITY_8851472,2,8851472,UTTARAKHAND,CHAMOLI,GAIRSAIN,2,Gairsain-Town Panchayat,Gairsain (NP) -Gaid Ward No. 2,,,,,,MISSING,MISSING
FACILITY_4389180,1,4389180,UTTARAKHAND,CHAMOLI,GAIRSAIN,1,,,Malethi,Malethi,Gairsain,,,MISSING,MISSING
FACILITY_9355814,1,9355814,UTTARAKHAND,CHAMOLI,DASHOLI,1,,,Nijmola,Nijmula,Dasholi,,,MISSING,MISSING
FACILITY_3970909,1,3970909,UTTARAKHAND,CHAMOLI,Jyotirmath,1,,,Mirg,Merag,Joshimath,,,MISSING,MISSING
FACILITY_2070151,1,2070151,UTTARAKHAND,CHAMOLI,KARANPRAYAG,1,,,Baniyas,Dharkot,Karnaprayag,,,MISSING,MISSING
FACILITY_2096227,1,2096227,UTTARAKHAND,CHAMOLI,Jyotirmath,1,,,Molta,Molta,Joshimath,,,MISSING,MISSING
FACILITY_8680977,7,8680977,UTTARAKHAND,CHAMOLI,DEWAL,1,,,Chaud,Chaud,Dewal,,,MISSING,MISSING
FACILITY_1662456,4,1662456,UTTARAKHAND,CHAMOLI,DASHOLI,1,,,Kunjpothani,Konj Pothani,Dasholi,,,MISSING,MISSING
FACILITY_1919604,5,1919604,UTTARAKHAND,CHAMOLI,THARALI,1,,,Gudam State,Talwadi State,Tharali,,,MISSING,MISSING
FACILITY_6411912,5,6411912,UTTARAKHAND,CHAMOLI,NARAYANBAGAR,1,,,Narayan Bagad,Narayan Bagar,Narayanbagar,,,MISSING,MISSING
FACILITY_8554234,5,8554234,UTTARAKHAND,CHAMOLI,GAIRSAIN,1,,,Nail,Nail,Gairsain,,,MISSING,MISSING
FACILITY_9084831,4,9084831,UTTARAKHAND,CHAMOLI,POKHARI,1,,,Simkholi,Simkholi,Pokhari,,,MISSING,MISSING
FACILITY_2337541,4,2337541,UTTARAKHAND,CHAMOLI,NARAYANBAGAR,1,,,Bedula,Bedula,Narayanbagar,,,MISSING,MISSING
FACILITY_2638021,7,2638021,UTTARAKHAND,CHAMOLI,POKHARI,1,,,Bamoth,Bamoth,Pokhari,,,MISSING,MISSING
FACILITY_2207350,4,2207350,UTTARAKHAND,CHAMOLI,DEWAL,1,,,Silkhola Laga Ichchholi,Dewal (Selkhola),Dewal,,,MISSING,MISSING
FACILITY_9182712,1,9182712,UTTARAKHAND,CHAMOLI,GAIRSAIN,1,,,Malkot,Malkot,Gairsain,,,MISSING,MISSING
FACILITY_6848647,1,6848647,UTTARAKHAND,CHAMOLI,DASHOLI,2,Nandprayag-Town Panchayat,Nandprayag (NP) -Muniyaali Ward No.1,,,,,,MISSING,MISSING
FACILITY_8097552,1,8097552,UTTARAKHAND,CHAMOLI,POKHARI,1,,,Kimoda,Kimotha,Pokhari,,,MISSING,MISSING
FACILITY_6078619,1,6078619,UTTARAKHAND,CHAMOLI,Jyotirmath,1,,,Thaing,Theing,Joshimath,,,MISSING,MISSING
FACILITY_4406165,1,4406165,UTTARAKHAND,CHAMOLI,DEWAL,1,,,Deosari,Devsari,Dewal,,,MISSING,MISSING
FACILITY_5834356,4,5834356,UTTARAKHAND,CHAMOLI,DASHOLI,1,,,Chatolikiroli,Kiruli,Dasholi,,,MISSING,MISSING
FACILITY_3720184,1,3720184,UTTARAKHAND,CHAMOLI,THARALI,1,,,Ratgaon Chak,Ratgaon,Tharali,,,MISSING,MISSING
FACILITY_8495932,4,8495932,UTTARAKHAND,CHAMOLI,NARAYANBAGAR,1,,,Junair,Juner,Narayanbagar,,,MISSING,MISSING
FACILITY_9613164,5,9613164,UTTARAKHAND,CHAMOLI,NANDANAGAR,1,,,Ghuni,Ghuni,Ghat,,,MISSING,MISSING
FACILITY_4364996,7,4364996,UTTARAKHAND,CHAMOLI,POKHARI,1,,,Jhiloti,Jhiloti,Pokhari,,,MISSING,MISSING
FACILITY_6917863,7,6917863,UTTARAKHAND,CHAMOLI,DEWAL,1,,,Choting,Choting,Dewal,,,MISSING,MISSING
FACILITY_1666093,4,1666093,UTTARAKHAND,CHAMOLI,GAIRSAIN,1,,,Naugaon Talla,Kolani,Gairsain,,,MISSING,MISSING
FACILITY_9156747,5,9156747,UTTARAKHAND,CHAMOLI,Jyotirmath,1,,,Langsi,Langasi,Joshimath,,,MISSING,MISSING
FACILITY_2541416,1,2541416,UTTARAKHAND,CHAMOLI,GAIRSAIN,1,,,Rohira,Rohida,Gairsain,,,MISSING,MISSING
FACILITY_6007434,1,6007434,UTTARAKHAND,CHAMOLI,GAIRSAIN,1,,,Sirana,Sirana,Gairsain,,,MISSING,MISSING
FACILITY_5886051,1,5886051,UTTARAKHAND,CHAMOLI,GAIRSAIN,1,,,Bukhara Kheta,Bhandari Khor,Gairsain,,,MISSING,MISSING
FACILITY_2465427,1,2465427,UTTARAKHAND,CHAMOLI,Jyotirmath,2,Joshimath-Municipality,Joshimath (MB) - Persaari Ward No.8,,,,,,MISSING,MISSING
FACILITY_1962668,1,1962668,UTTARAKHAND,CHAMOLI,GAIRSAIN,1,,,Dobiya Tal,Sera,Gairsain,,,MISSING,MISSING
FACILITY_3491243,1,3491243,UTTARAKHAND,CHAMOLI,DEWAL,1,,,Tajpur Laga Kandai,Tajpur,Dewal,,,MISSING,MISSING
FACILITY_6436584,1,6436584,UTTARAKHAND,CHAMOLI,DASHOLI,1,,,Malanachaknail,Nail Kurao,Dasholi,,,MISSING,MISSING
FACILITY_9864733,1,9864733,UTTARAKHAND,CHAMOLI,DASHOLI,1,,,Khala,Khalla,Dasholi,,,MISSING,MISSING
FACILITY_9079353,1,9079353,UTTARAKHAND,CHAMOLI,DASHOLI,1,,,Dewaldhar,Dewaldhar,Dasholi,,,MISSING,MISSING
FACILITY_8599510,1,8599510,UTTARAKHAND,CHAMOLI,DEWAL,1,,,Talor,Padmala,Dewal,,,MISSING,MISSING
FACILITY_5044658,1,5044658,UTTARAKHAND,CHAMOLI,POKHARI,1,,,Khas Khal,Khal,Pokhari,,,MISSING,MISSING
FACILITY_2112714,1,2112714,UTTARAKHAND,CHAMOLI,POKHARI,2,POKHRI-Town Panchayat,Pokhri (NP) -Pokhri Lower Ward No. 2,,,,,,MISSING,MISSING
FACILITY_7070729,1,7070729,UTTARAKHAND,CHAMOLI,Jyotirmath,1,,,Langsi,Langasi,Joshimath,,,MISSING,MISSING
FACILITY_5255136,1,5255136,UTTARAKHAND,CHAMOLI,THARALI,1,,,Gothinda,Gothinda,Tharali,,,MISSING,MISSING
FACILITY_5050781,1,5050781,UTTARAKHAND,CHAMOLI,Jyotirmath,1,,,Thaing,Theing,Joshimath,,,MISSING,MISSING
FACILITY_6501651,1,6501651,UTTARAKHAND,CHAMOLI,DASHOLI,1,,,Dewar Khandora,Dewar Khadora,Dasholi,,,MISSING,MISSING
FACILITY_1539119,1,1539119,UTTARAKHAND,CHAMOLI,POKHARI,1,,,Dungar,Dungar,Pokhari,,,MISSING,MISSING
FACILITY_2583233,1,2583233,UTTARAKHAND,CHAMOLI,Jyotirmath,1,,,Paini,Paini,Joshimath,,,MISSING,MISSING
FACILITY_8982591,5,8982591,UTTARAKHAND,CHAMOLI,NARAYANBAGAR,1,,,Kothali,Kothuli,Narayanbagar,,,MISSING,MISSING
FACILITY_6794612,4,6794612,UTTARAKHAND,CHAMOLI,NANDANAGAR,1,,,Mokhmalla,Mokh Malla,Ghat,,,MISSING,MISSING
FACILITY_3153961,4,3153961,UTTARAKHAND,CHAMOLI,POKHARI,1,,,Rano,Ranau,Pokhari,,,MISSING,MISSING
FACILITY_9352792,5,9352792,UTTARAKHAND,CHAMOLI,KARANPRAYAG,1,,,Ghandiyal,Ghandiyal,Karnaprayag,,,MISSING,MISSING
FACILITY_2868710,5,2868710,UTTARAKHAND,CHAMOLI,NARAYANBAGAR,1,,,Bunga,Boonga,Narayanbagar,,,MISSING,MISSING
FACILITY_8183729,1,8183729,UTTARAKHAND,CHAMOLI,NARAYANBAGAR,1,,,Ased,Aser,Narayanbagar,,,MISSING,MISSING
FACILITY_7369964,1,7369964,UTTARAKHAND,CHAMOLI,GAIRSAIN,1,,,Devpuri,Devpuri,Gairsain,,,MISSING,MISSING
FACILITY_9579461,1,9579461,UTTARAKHAND,CHAMOLI,KARANPRAYAG,1,,,Koti,Koti,Karnaprayag,,,MISSING,MISSING
FACILITY_8061388,1,8061388,UTTARAKHAND,CHAMOLI,DASHOLI,1,,,Sainji,Siron,Dasholi,,,MISSING,MISSING
FACILITY_6834886,1,6834886,UTTARAKHAND,CHAMOLI,GAIRSAIN,1,,,Mehargaon,Ramra Malla,Gairsain,,,MISSING,MISSING
FACILITY_4219861,1,4219861,UTTARAKHAND,CHAMOLI,GAIRSAIN,1,,,Ghandiyal Lagga Chhapali,Ghandiyal,Gairsain,,,MISSING,MISSING
FACILITY_8286901,1,8286901,UTTARAKHAND,CHAMOLI,GAIRSAIN,1,,,Ramara Malla,Ramra Malla,Gairsain,,,MISSING,MISSING
FACILITY_7415694,1,7415694,UTTARAKHAND,CHAMOLI,POKHARI,1,,,Malkoti,Sera,Pokhari,,,MISSING,MISSING
FACILITY_9469456,1,9469456,UTTARAKHAND,CHAMOLI,GAIRSAIN,1,,,Badiya Sem,Silanga,Gairsain,,,MISSING,MISSING
FACILITY_4766578,1,4766578,UTTARAKHAND,CHAMOLI,DASHOLI,1,,,Jainsal,Jaisal,Dasholi,,,MISSING,MISSING
FACILITY_7844943,3,7844943,UTTARAKHAND,CHAMOLI,KARANPRAYAG,2,Karnaprayag-Municipality,Karnaprayag (NP) -Eda Badhaani Ward No.2,,,,,,MISSING,MISSING
FACILITY_1649026,1,1649026,UTTARAKHAND,CHAMOLI,DASHOLI,1,,,Birhi,Digoli,Dasholi,,,MISSING,MISSING
FACILITY_6264175,2,6264175,UTTARAKHAND,CHAMOLI,KARANPRAYAG,2,Gochar-Municipality,Gochar (NP) - Mukhya Bazaar Chok Ward No.6,,,,,,MISSING,MISSING
FACILITY_6422839,1,6422839,UTTARAKHAND,CHAMOLI,POKHARI,1,,,Jaurasi,Jaurasi,Pokhari,,,MISSING,MISSING
FACILITY_4684735,5,4684735,UTTARAKHAND,CHAMOLI,GAIRSAIN,1,,,Mehal Chauri,Mehal Chauri,Gairsain,,,MISSING,MISSING
FACILITY_3808140,1,3808140,UTTARAKHAND,CHAMOLI,GAIRSAIN,1,,,Bacchuwa Ban Talla,Vachuwawan Talla,Gairsain,,,MISSING,MISSING
FACILITY_3052345,4,3052345,UTTARAKHAND,CHAMOLI,POKHARI,1,,,Siwae,Siwai,Pokhari,,,MISSING,MISSING
FACILITY_1150580,4,1150580,UTTARAKHAND,CHAMOLI,NARAYANBAGAR,1,,,Gairwaram,Gair Baram,Narayanbagar,,,MISSING,MISSING
FACILITY_1665303,7,1665303,UTTARAKHAND,CHAMOLI,DASHOLI,1,,,Dhogarikandai,Dogdi Kandaie,Dasholi,,,MISSING,MISSING
FACILITY_7869076,8,7869076,UTTARAKHAND,CHAMOLI,Jyotirmath,1,,,Dumak,Dumak,Joshimath,,,MISSING,MISSING
FACILITY_8912255,4,8912255,UTTARAKHAND,CHAMOLI,THARALI,1,,,Trikot,Trikot,Tharali,,,MISSING,MISSING
FACILITY_4736572,1,4736572,UTTARAKHAND,CHAMOLI,THARALI,1,,,Tundari,Chepron,Tharali,,,MISSING,MISSING
FACILITY_7446516,1,7446516,UTTARAKHAND,CHAMOLI,DASHOLI,2,Chamoli Gopeshwar-Municipality,Chamoli Gopeshwar (MB) -Basant Bihaar Ward No.6,,,,,,MISSING,MISSING
FACILITY_8903752,1,8903752,UTTARAKHAND,CHAMOLI,DASHOLI,1,,,Amkheth,Saikot,Dasholi,,,MISSING,MISSING
FACILITY_2409133,1,2409133,UTTARAKHAND,CHAMOLI,DASHOLI,1,,,Math Jhadeta,Math Jhadeta,Dasholi,,,MISSING,MISSING
FACILITY_6205371,1,6205371,UTTARAKHAND,CHAMOLI,GAIRSAIN,2,Gairsain-Town Panchayat,Gairsain (NP) -Ganwali Ward No. 6,,,,,,MISSING,MISSING
FACILITY_1621489,1,1621489,UTTARAKHAND,CHAMOLI,DASHOLI,1,,,Chhinka,Chhinaka,Dasholi,,,MISSING,MISSING
FACILITY_1117407,1,1117407,UTTARAKHAND,CHAMOLI,GAIRSAIN,1,,,Jinagor,Jingore,Gairsain,,,MISSING,MISSING
FACILITY_1545165,1,1545165,UTTARAKHAND,CHAMOLI,Jyotirmath,1,,,Salud,Salud Dungra,Joshimath,,,MISSING,MISSING
FACILITY_7152550,1,7152550,UTTARAKHAND,CHAMOLI,KARANPRAYAG,1,,,Nauti,Nauti,Karnaprayag,,,MISSING,MISSING
FACILITY_2316744,1,2316744,UTTARAKHAND,CHAMOLI,GAIRSAIN,1,,,Lakheri,Lakheri,Gairsain,,,MISSING,MISSING
FACILITY_6784230,1,6784230,UTTARAKHAND,CHAMOLI,NANDANAGAR,1,,,Sarpani,Sarpani,Ghat,,,MISSING,MISSING
FACILITY_2685323,1,2685323,UTTARAKHAND,CHAMOLI,THARALI,1,,,Pastoli,Pastoli,Tharali,,,MISSING,MISSING
FACILITY_6471188,1,6471188,UTTARAKHAND,CHAMOLI,DASHOLI,1,,,Kunkuli,Bairagana,Dasholi,,,MISSING,MISSING
FACILITY_8277447,1,8277447,UTTARAKHAND,CHAMOLI,POKHARI,1,,,Thalabair,Thala Beind,Pokhari,,,MISSING,MISSING
FACILITY_4834610,1,4834610,UTTARAKHAND,CHAMOLI,NANDANAGAR,1,,,Pagna,Pagna,Ghat,,,MISSING,MISSING
FACILITY_1488472,1,1488472,UTTARAKHAND,CHAMOLI,KARANPRAYAG,1,,,Chula,Chula,Karnaprayag,,,MISSING,MISSING
FACILITY_9909530,1,9909530,UTTARAKHAND,CHAMOLI,Jyotirmath,1,,,Urgam,Urgam,Joshimath,,,MISSING,MISSING
FACILITY_9229795,1,9229795,UTTARAKHAND,CHAMOLI,DEWAL,1,,,Vaan Madhye Kuling,Kuling,Dewal,,,MISSING,MISSING
FACILITY_5679677,2,5679677,UTTARAKHAND,CHAMOLI,DASHOLI,2,Nandprayag-Town Panchayat,Nandprayag (NP) -Chandika Mohalla Ward No.4,,,,,,MISSING,MISSING
FACILITY_9954276,1,9954276,UTTARAKHAND,CHAMOLI,DEWAL,1,,,Mundoli,Mundoli,Dewal,,,MISSING,MISSING
FACILITY_2338338,1,2338338,UTTARAKHAND,CHAMOLI,GAIRSAIN,1,,,Marora,Maroda,Gairsain,,,MISSING,MISSING
FACILITY_9998762,7,9998762,UTTARAKHAND,CHAMOLI,DEWAL,1,,,Balan,Balan,Dewal,,,MISSING,MISSING
FACILITY_4379556,1,4379556,UTTARAKHAND,CHAMOLI,DASHOLI,2,Chamoli Gopeshwar-Municipality,Chamoli Gopeshwar (MB) -Gopeshwer Gaon Ward No.2,,,,,,MISSING,MISSING
FACILITY_9373133,4,9373133,UTTARAKHAND,CHAMOLI,DEWAL,1,,,Kotera,Koteda,Dewal,,,MISSING,MISSING
FACILITY_6207244,4,6207244,UTTARAKHAND,CHAMOLI,Jyotirmath,1,,,Sailang,Selang,Joshimath,,,MISSING,MISSING
FACILITY_1008957,5,1008957,UTTARAKHAND,CHAMOLI,DEWAL,1,,,Mundoli,Mundoli,Dewal,,,MISSING,MISSING
FACILITY_2290287,5,2290287,UTTARAKHAND,CHAMOLI,NARAYANBAGAR,1,,,Bhagoti,Bhagoti,Narayanbagar,,,MISSING,MISSING
FACILITY_5878403,5,5878403,UTTARAKHAND,CHAMOLI,KARANPRAYAG,1,,,Silangi,Silangi,Karnaprayag,,,MISSING,MISSING
FACILITY_9234396,5,9234396,UTTARAKHAND,CHAMOLI,THARALI,1,,,Chepadon,Chepron,Tharali,,,MISSING,MISSING
FACILITY_9096520,4,9096520,UTTARAKHAND,CHAMOLI,GAIRSAIN,1,,,Kushrani Malli,Kusrani,Gairsain,,,MISSING,MISSING
FACILITY_5043146,1,5043146,UTTARAKHAND,CHAMOLI,DEWAL,1,,,Kheta Manvati,Kheta Manmati,Dewal,,,MISSING,MISSING
FACILITY_2811932,1,2811932,UTTARAKHAND,CHAMOLI,THARALI,1,,,Kasbi Nagar,Kasvinagar,Tharali,,,MISSING,MISSING
FACILITY_5136338,1,5136338,UTTARAKHAND,CHAMOLI,NARAYANBAGAR,1,,,Mauna,Mauna,Narayanbagar,,,MISSING,MISSING
FACILITY_3788266,1,3788266,UTTARAKHAND,CHAMOLI,KARANPRAYAG,1,,,Sunai,Sunai,Karnaprayag,,,MISSING,MISSING
FACILITY_8272271,1,8272271,UTTARAKHAND,CHAMOLI,DEWAL,1,,,Dhara Talla,Dhara Talla,Dewal,,,MISSING,MISSING
FACILITY_7265734,1,7265734,UTTARAKHAND,CHAMOLI,DEWAL,1,,,Ghes,Ghes,Dewal,,,MISSING,MISSING
FACILITY_8611034,1,8611034,UTTARAKHAND,CHAMOLI,Jyotirmath,1,,,Farkiagaon,Farkiya,Joshimath,,,MISSING,MISSING
FACILITY_6675372,1,6675372,UTTARAKHAND,CHAMOLI,DASHOLI,1,,,Dewar,Dewar Kaneri,Dasholi,,,MISSING,MISSING
FACILITY_8698265,1,8698265,UTTARAKHAND,CHAMOLI,DEWAL,1,,,Odar,Odar,Dewal,,,MISSING,MISSING
FACILITY_3377935,1,3377935,UTTARAKHAND,CHAMOLI,GAIRSAIN,1,,,Jalchaura,Saringgaon,Gairsain,,,MISSING,MISSING
FACILITY_3647109,1,3647109,UTTARAKHAND,CHAMOLI,GAIRSAIN,1,,,Kot,Kot,Gairsain,,,MISSING,MISSING
FACILITY_3237207,1,3237207,UTTARAKHAND,CHAMOLI,DASHOLI,1,,,Sonala,Sonla,Dasholi,,,MISSING,MISSING
FACILITY_2320958,1,2320958,UTTARAKHAND,CHAMOLI,NARAYANBAGAR,1,,,Dungri,Dungri,Narayanbagar,,,MISSING,MISSING
FACILITY_8825327,1,8825327,UTTARAKHAND,CHAMOLI,GAIRSAIN,1,,,Kansuwa,Kansuwa,Gairsain,,,MISSING,MISSING
FACILITY_8168460,2,8168460,UTTARAKHAND,CHAMOLI,GAIRSAIN,1,,,Majyari Malli,Majiyari Malli,Gairsain,,,MISSING,MISSING
FACILITY_9666477,4,9666477,UTTARAKHAND,CHAMOLI,THARALI,1,,,Ruisan,Rui Sana,Tharali,,,MISSING,MISSING
FACILITY_7351224,11,7351224,UTTARAKHAND,CHAMOLI,POKHARI,1,,,Siwae,Siwai,Pokhari,,,MISSING,MISSING
FACILITY_1777377,5,1777377,UTTARAKHAND,CHAMOLI,GAIRSAIN,1,,,Hali Sera Urf Adibadari,Bainithal (Adibadri),Gairsain,,,MISSING,MISSING
FACILITY_9695667,4,9695667,UTTARAKHAND,CHAMOLI,DASHOLI,1,,,Nailmalana,Nail Kurao,Dasholi,,,MISSING,MISSING
FACILITY_3217406,5,3217406,UTTARAKHAND,CHAMOLI,NANDANAGAR,1,,,Sitel,Gulari,Ghat,,,MISSING,MISSING
FACILITY_1963162,5,1963162,UTTARAKHAND,CHAMOLI,THARALI,1,,,Gerur,Gerud,Tharali,,,MISSING,MISSING
FACILITY_3332607,4,3332607,UTTARAKHAND,CHAMOLI,DEWAL,1,,,Beradhar,Beradhar,Dewal,,,MISSING,MISSING
FACILITY_9922661,4,9922661,UTTARAKHAND,CHAMOLI,Jyotirmath,1,,,Gulabkoti,Gulab Koti,Joshimath,,,MISSING,MISSING
FACILITY_5714447,4,5714447,UTTARAKHAND,CHAMOLI,DASHOLI,2,Chamoli Gopeshwar-Municipality,Chamoli Gopeshwar (MB) -Kothiyaal Gaon Ward No.10,,,,,,MISSING,MISSING
FACILITY_9045310,4,9045310,UTTARAKHAND,CHAMOLI,NARAYANBAGAR,1,,,Jhijhoni,Jhinjhoni,Narayanbagar,,,MISSING,MISSING
FACILITY_3812448,1,3812448,UTTARAKHAND,CHAMOLI,DEWAL,1,,,Beradhar,Beradhar,Dewal,,,MISSING,MISSING
FACILITY_5660195,1,5660195,UTTARAKHAND,CHAMOLI,Jyotirmath,1,,,Karachhon,Karchhon,Joshimath,,,MISSING,MISSING
FACILITY_3959720,5,3959720,UTTARAKHAND,CHAMOLI,POKHARI,1,,,Sankari,Sinau Talla Malla,Pokhari,,,MISSING,MISSING
FACILITY_1702614,1,1702614,UTTARAKHAND,CHAMOLI,NARAYANBAGAR,1,,,Gadseer,Garhasera,Narayanbagar,,,MISSING,MISSING
FACILITY_5288107,1,5288107,UTTARAKHAND,CHAMOLI,KARANPRAYAG,1,,,Suktoli,Sukhtoli,Karnaprayag,,,MISSING,MISSING
FACILITY_8577942,1,8577942,UTTARAKHAND,CHAMOLI,POKHARI,1,,,Rauta,Routa,Pokhari,,,MISSING,MISSING
FACILITY_7134226,1,7134226,UTTARAKHAND,CHAMOLI,KARANPRAYAG,1,,,Silangi,Chaundali,Karnaprayag,,,MISSING,MISSING
FACILITY_9331816,1,9331816,UTTARAKHAND,CHAMOLI,POKHARI,1,,,Thalabair,Thala Beind,Pokhari,,,MISSING,MISSING
FACILITY_4689869,1,4689869,UTTARAKHAND,CHAMOLI,NARAYANBAGAR,1,,,Khainoli,Khainoli,Narayanbagar,,,MISSING,MISSING
FACILITY_3018999,1,3018999,UTTARAKHAND,CHAMOLI,NARAYANBAGAR,1,,,Nakholi,Nakholi,Narayanbagar,,,MISSING,MISSING
FACILITY_9337622,1,9337622,UTTARAKHAND,CHAMOLI,KARANPRAYAG,1,,,Kanda Maikhura,Kanda Maikhura,Karnaprayag,,,MISSING,MISSING
FACILITY_3716848,1,3716848,UTTARAKHAND,CHAMOLI,Jyotirmath,1,,,Gulabkoti,Gulab Koti,Joshimath,,,MISSING,MISSING
FACILITY_8613289,1,8613289,UTTARAKHAND,CHAMOLI,DASHOLI,2,Chamoli Gopeshwar-Municipality,Chamoli Gopeshwar (MB) -Uper Bazaar Ward No.4,,,,,,MISSING,MISSING
FACILITY_1569378,1,1569378,UTTARAKHAND,CHAMOLI,KARANPRAYAG,1,,,Sem,Sem,Karnaprayag,,,MISSING,MISSING
FACILITY_2427206,1,2427206,UTTARAKHAND,CHAMOLI,DASHOLI,1,,,Chatolikiroli,Kiruli,Dasholi,,,MISSING,MISSING
FACILITY_6027495,1,6027495,UTTARAKHAND,CHAMOLI,NANDANAGAR,1,,,Mokhmalla,Mokh Malla,Ghat,,,MISSING,MISSING
FACILITY_8589499,1,8589499,UTTARAKHAND,CHAMOLI,KARANPRAYAG,1,,,Kankhul Malla,Kankhul Malla,Karnaprayag,,,MISSING,MISSING
FACILITY_5407797,1,5407797,UTTARAKHAND,CHAMOLI,NANDANAGAR,1,,,Gandasu,Gandasu,Ghat,,,MISSING,MISSING
FACILITY_8829909,1,8829909,UTTARAKHAND,CHAMOLI,NARAYANBAGAR,1,,,Kothara,Kothra,Narayanbagar,,,MISSING,MISSING
FACILITY_9373558,1,9373558,UTTARAKHAND,CHAMOLI,POKHARI,1,,,Raduva,Raduwa,Pokhari,,,MISSING,MISSING
FACILITY_3977269,4,3977269,UTTARAKHAND,CHAMOLI,DEWAL,1,,,Silkhola Laga Ichchholi,Dewal (Selkhola),Dewal,,,MISSING,MISSING
FACILITY_3624270,2,3624270,UTTARAKHAND,CHAMOLI,DASHOLI,2,Chamoli Gopeshwar-Municipality,Chamoli Gopeshwar (MB) -Uper Bazaar Ward No.4,,,,,,MISSING,MISSING
FACILITY_9645975,11,9645975,UTTARAKHAND,CHAMOLI,NARAYANBAGAR,1,,,Jhijhoni,Jhinjhoni,Narayanbagar,,,MISSING,MISSING
FACILITY_5977023,2,5977023,UTTARAKHAND,CHAMOLI,GAIRSAIN,2,Gairsain-Town Panchayat,Gairsain (NP) -Gaid Ward No. 2,,,,,,MISSING,MISSING
FACILITY_9710689,7,9710689,UTTARAKHAND,CHAMOLI,DEWAL,1,,,Torati,Torti,Dewal,,,MISSING,MISSING
FACILITY_3130485,7,3130485,UTTARAKHAND,CHAMOLI,NANDANAGAR,1,,,Sutol,Sutol,Ghat,,,MISSING,MISSING
FACILITY_5066749,4,5066749,UTTARAKHAND,CHAMOLI,THARALI,1,,,Meltha,Dewalkot,Tharali,,,MISSING,MISSING
FACILITY_3919315,4,3919315,UTTARAKHAND,CHAMOLI,THARALI,1,,,Chaunda,Chounda,Tharali,,,MISSING,MISSING
FACILITY_3873987,4,3873987,UTTARAKHAND,CHAMOLI,NARAYANBAGAR,1,,,Manoor,Bedgaon,Narayanbagar,,,MISSING,MISSING
FACILITY_7947029,4,7947029,UTTARAKHAND,CHAMOLI,Jyotirmath,1,,,Jalam,Jelam,Joshimath,,,MISSING,MISSING
FACILITY_8624798,4,8624798,UTTARAKHAND,CHAMOLI,DASHOLI,2,Nandprayag-Town Panchayat,Nandprayag (NP) -Chandika Mohalla Ward No.4,,,,,,MISSING,MISSING
FACILITY_9748066,4,9748066,UTTARAKHAND,CHAMOLI,KARANPRAYAG,1,,,Simalt,Kanoth,Karnaprayag,,,MISSING,MISSING
FACILITY_5825885,5,5825885,UTTARAKHAND,CHAMOLI,DASHOLI,1,,,Nijmola,Nijmula,Dasholi,,,MISSING,MISSING
FACILITY_2237467,5,2237467,UTTARAKHAND,CHAMOLI,POKHARI,1,,,Jakhmala,Pati Jakhmala,Pokhari,,,MISSING,MISSING
FACILITY_3641789,4,3641789,UTTARAKHAND,CHAMOLI,KARANPRAYAG,1,,,Sem,Sem,Karnaprayag,,,MISSING,MISSING
FACILITY_1131695,4,1131695,UTTARAKHAND,CHAMOLI,GAIRSAIN,1,,,Lam Bagar,Lambagar,Gairsain,,,MISSING,MISSING
FACILITY_8323561,1,8323561,UTTARAKHAND,CHAMOLI,DASHOLI,1,,,Golim,Golim,Dasholi,,,MISSING,MISSING
FACILITY_5155588,1,5155588,UTTARAKHAND,CHAMOLI,NARAYANBAGAR,1,,,Meeng,Meeng,Narayanbagar,,,MISSING,MISSING
FACILITY_6357264,1,6357264,UTTARAKHAND,CHAMOLI,DEWAL,1,,,Balan,Balan,Dewal,,,MISSING,MISSING
FACILITY_8124908,1,8124908,UTTARAKHAND,CHAMOLI,POKHARI,1,,,Girsa,Girasa,Pokhari,,,MISSING,MISSING
FACILITY_8364113,1,8364113,UTTARAKHAND,CHAMOLI,GAIRSAIN,1,,,Dham Dev,Kot,Gairsain,,,MISSING,MISSING
FACILITY_3356920,1,3356920,UTTARAKHAND,CHAMOLI,DASHOLI,1,,,Gadi,Gadi,Dasholi,,,MISSING,MISSING
FACILITY_2648158,1,2648158,UTTARAKHAND,CHAMOLI,KARANPRAYAG,1,,,Koti,Koti,Karnaprayag,,,MISSING,MISSING
FACILITY_1408165,1,1408165,UTTARAKHAND,CHAMOLI,DEWAL,1,,,Kandai,Kandai,Dewal,,,MISSING,MISSING
FACILITY_4973120,1,4973120,UTTARAKHAND,CHAMOLI,KARANPRAYAG,1,,,Thapli,Thapli,Karnaprayag,,,MISSING,MISSING
FACILITY_8768069,1,8768069,UTTARAKHAND,CHAMOLI,NARAYANBAGAR,1,,,Nam Tol,Namtol,Narayanbagar,,,MISSING,MISSING
FACILITY_2464694,1,2464694,UTTARAKHAND,CHAMOLI,NANDANAGAR,1,,,Mokhtalla,Mokh Talla,Ghat,,,MISSING,MISSING
FACILITY_3516379,1,3516379,UTTARAKHAND,CHAMOLI,DASHOLI,1,,,Saudiyani,Salla Retoli,Dasholi,,,MISSING,MISSING
FACILITY_8790015,1,8790015,UTTARAKHAND,CHAMOLI,GAIRSAIN,1,,,Simliya Lagga Kunigar,Kunigad Malli,Gairsain,,,MISSING,MISSING
FACILITY_9717717,1,9717717,UTTARAKHAND,CHAMOLI,DEWAL,1,,,Silkhola Laga Ichchholi,Dewal (Selkhola),Dewal,,,MISSING,MISSING
FACILITY_6777703,1,6777703,UTTARAKHAND,CHAMOLI,POKHARI,2,POKHRI-Town Panchayat,Pokhri (NP) -Vinayakdhaar Ward No. 3,,,,,,MISSING,MISSING
FACILITY_7980396,1,7980396,UTTARAKHAND,CHAMOLI,THARALI,1,,,Kulsari,Kulsari,Tharali,,,MISSING,MISSING
FACILITY_5266420,4,5266420,UTTARAKHAND,CHAMOLI,Jyotirmath,1,,,Topovan,Tapovan,Joshimath,,,MISSING,MISSING
FACILITY_6854860,3,6854860,UTTARAKHAND,CHAMOLI,DASHOLI,2,Chamoli Gopeshwar-Municipality,Chamoli Gopeshwar (MB) -Kothiyaal Gaon Ward No.10,,,,,,MISSING,MISSING
FACILITY_5388462,4,5388462,UTTARAKHAND,CHAMOLI,DEWAL,1,,,Purna,Purna,Dewal,,,MISSING,MISSING
FACILITY_6295565,5,6295565,UTTARAKHAND,CHAMOLI,GAIRSAIN,1,,,Marora,Maroda,Gairsain,,,MISSING,MISSING
FACILITY_6251578,5,6251578,UTTARAKHAND,CHAMOLI,KARANPRAYAG,1,,,Baratoli,Bartoli,Karnaprayag,,,MISSING,MISSING
FACILITY_3470600,7,3470600,UTTARAKHAND,CHAMOLI,Jyotirmath,1,,,Molta,Molta,Joshimath,,,MISSING,MISSING
FACILITY_4548253,5,4548253,UTTARAKHAND,CHAMOLI,THARALI,1,,,Lolti,Lolti,Tharali,,,MISSING,MISSING
FACILITY_9256831,6,9256831,UTTARAKHAND,CHAMOLI,Jyotirmath,2,Joshimath-Municipality,Joshimath (MB) - Singhdhaar Ward No.4,,,,,,MISSING,MISSING
FACILITY_7358147,1,7358147,UTTARAKHAND,CHAMOLI,Jyotirmath,1,,,Bheta Chak Urgam,Bhenta,Joshimath,,,MISSING,MISSING
FACILITY_6248121,7,6248121,UTTARAKHAND,CHAMOLI,DEWAL,1,,,Sarkot,Sarkot,Dewal,,,MISSING,MISSING
FACILITY_1636112,1,1636112,UTTARAKHAND,CHAMOLI,NANDANAGAR,1,,,Suniti,Gandasu,Ghat,,,MISSING,MISSING
FACILITY_8765150,1,8765150,UTTARAKHAND,CHAMOLI,Jyotirmath,1,,,Fagti,Tolma,Joshimath,,,MISSING,MISSING
FACILITY_7662061,1,7662061,UTTARAKHAND,CHAMOLI,DASHOLI,1,,,Bamiyala,Bamiyala,Dasholi,,,MISSING,MISSING
FACILITY_9618602,1,9618602,UTTARAKHAND,CHAMOLI,DEWAL,1,,,Pinau Laga Balan,Pinau,Dewal,,,MISSING,MISSING
FACILITY_5902945,1,5902945,UTTARAKHAND,CHAMOLI,DEWAL,1,,,Harmal,Harmal,Dewal,,,MISSING,MISSING
FACILITY_7566724,1,7566724,UTTARAKHAND,CHAMOLI,POKHARI,1,,,Sera,Sera,Syaldey,,,MISSING,MISSING
FACILITY_6405113,1,6405113,UTTARAKHAND,CHAMOLI,NARAYANBAGAR,1,,,Nam Tol,Namtol,Narayanbagar,,,MISSING,MISSING
FACILITY_3293480,1,3293480,UTTARAKHAND,CHAMOLI,NARAYANBAGAR,1,,,Nand Gaon,Raigaon,Narayanbagar,,,MISSING,MISSING
FACILITY_8962105,1,8962105,UTTARAKHAND,CHAMOLI,NARAYANBAGAR,1,,,Kei Painti,Kein Penti,Narayanbagar,,,MISSING,MISSING
FACILITY_2044567,1,2044567,UTTARAKHAND,CHAMOLI,KARANPRAYAG,1,,,Gwad,Jaikandi (Barsoli),Karnaprayag,,,MISSING,MISSING
FACILITY_4792808,1,4792808,UTTARAKHAND,CHAMOLI,GAIRSAIN,1,,,Rohira,Rohida,Gairsain,,,MISSING,MISSING
FACILITY_5109580,2,5109580,UTTARAKHAND,CHAMOLI,DASHOLI,2,Chamoli Gopeshwar-Municipality,Chamoli Gopeshwar (MB) -Naigwaad Ward No.8,,,,,,MISSING,MISSING
FACILITY_3194216,1,3194216,UTTARAKHAND,CHAMOLI,DEWAL,1,,,Suiyya,Suieya,Dewal,,,MISSING,MISSING
FACILITY_4394718,7,4394718,UTTARAKHAND,CHAMOLI,DEWAL,1,,,Silkhola Laga Ichchholi,Dewal (Selkhola),Dewal,,,MISSING,MISSING
FACILITY_6853273,2,6853273,UTTARAKHAND,CHAMOLI,KARANPRAYAG,2,Gochar-Municipality,Gochar (NP) - Mukhya Bazaar Chok Ward No.6,,,,,,MISSING,MISSING
FACILITY_5120704,7,5120704,UTTARAKHAND,CHAMOLI,DASHOLI,1,,,Sartoli,Sartoli,Dasholi,,,MISSING,MISSING
FACILITY_6356014,5,6356014,UTTARAKHAND,CHAMOLI,POKHARI,1,,,Chaundi,Gajera,Ekeshwar,,,MISSING,MISSING
FACILITY_3300306,5,3300306,UTTARAKHAND,CHAMOLI,NANDANAGAR,1,,,Pagna,Pagna,Ghat,,,MISSING,MISSING
FACILITY_4406408,1,4406408,UTTARAKHAND,CHAMOLI,DEWAL,1,,,Beradhar,Beradhar,Dewal,,,MISSING,MISSING
FACILITY_6698380,8,6698380,UTTARAKHAND,CHAMOLI,NARAYANBAGAR,1,,,Kimoli,Kimoli,Narayanbagar,,,MISSING,MISSING
FACILITY_9864240,1,9864240,UTTARAKHAND,CHAMOLI,DASHOLI,2,Chamoli Gopeshwar-Municipality,Chamoli Gopeshwar (MB) -Paduli Papdiyana Ward No.9,,,,,,MISSING,MISSING
FACILITY_9618808,1,9618808,UTTARAKHAND,CHAMOLI,KARANPRAYAG,2,Karnaprayag-Municipality,Karnaprayag (NP) -Eda Badhaani Ward No.2,,,,,,MISSING,MISSING
FACILITY_9623218,1,9623218,UTTARAKHAND,CHAMOLI,NANDANAGAR,1,,,Kanol,Kanol,Ghat,,,MISSING,MISSING
FACILITY_3196183,1,3196183,UTTARAKHAND,CHAMOLI,KARANPRAYAG,1,,,Bagoli,Bagoli,Karnaprayag,,,MISSING,MISSING
FACILITY_8619003,1,8619003,UTTARAKHAND,CHAMOLI,NANDANAGAR,1,,,Dhurma,Dhurma,Ghat,,,MISSING,MISSING
FACILITY_3887364,1,3887364,UTTARAKHAND,CHAMOLI,THARALI,1,,,Jola,Joula Budjola,Tharali,,,MISSING,MISSING
FACILITY_5176825,1,5176825,UTTARAKHAND,CHAMOLI,POKHARI,1,,,Jilasu,Jilasu,Pokhari,,,MISSING,MISSING
FACILITY_6060158,1,6060158,UTTARAKHAND,CHAMOLI,KARANPRAYAG,2,Gochar-Municipality,"Gochar (NP) - Banderkhand, Dronagiri Ward No.7",,,,,,MISSING,MISSING
FACILITY_9223249,1,9223249,UTTARAKHAND,CHAMOLI,THARALI,1,,,Gudam State,Talwadi State,Tharali,,,MISSING,MISSING
FACILITY_5410985,1,5410985,UTTARAKHAND,CHAMOLI,DASHOLI,1,,,Ropa,Ropa,Dasholi,,,MISSING,MISSING
FACILITY_5699421,1,5699421,UTTARAKHAND,CHAMOLI,POKHARI,1,,,Sinau Talla Malla,Sinau Talla Malla,Pokhari,,,MISSING,MISSING
FACILITY_3657739,1,3657739,UTTARAKHAND,CHAMOLI,NARAYANBAGAR,1,,,Bamiyala,Bamiyala,Narayanbagar,,,MISSING,MISSING
FACILITY_7613926,7,7613926,UTTARAKHAND,CHAMOLI,POKHARI,1,,,Shrigadh,Srigarh,Pokhari,,,MISSING,MISSING
FACILITY_5416741,3,5416741,UTTARAKHAND,CHAMOLI,DASHOLI,2,Chamoli Gopeshwar-Municipality,Chamoli Gopeshwar (MB) -Uper Bazaar Ward No.4,,,,,,MISSING,MISSING
FACILITY_4735670,4,4735670,UTTARAKHAND,CHAMOLI,DEWAL,1,,,Mundoli,Mundoli,Dewal,,,MISSING,MISSING
FACILITY_7961392,5,7961392,UTTARAKHAND,CHAMOLI,KARANPRAYAG,1,,,Sidoli,Sidoli,Karnaprayag,,,MISSING,MISSING
FACILITY_4382759,1,4382759,UTTARAKHAND,CHAMOLI,NARAYANBAGAR,1,,,Sankot,Sankot,Narayanbagar,,,MISSING,MISSING
FACILITY_5952379,5,5952379,UTTARAKHAND,CHAMOLI,KARANPRAYAG,1,,,Saliyana Talla,Saliyana Malla,Karnaprayag,,,MISSING,MISSING
FACILITY_7493822,5,7493822,UTTARAKHAND,CHAMOLI,Jyotirmath,2,Joshimath-Municipality,Joshimath (MB) - Ravigram Ward No.9,,,,,,MISSING,MISSING
FACILITY_4836894,7,4836894,UTTARAKHAND,CHAMOLI,DEWAL,1,,,Rain Laga Odar,Palwara,Dewal,,,MISSING,MISSING
FACILITY_9761773,4,9761773,UTTARAKHAND,CHAMOLI,DASHOLI,1,,,Lasi,Lasee,Dasholi,,,MISSING,MISSING
FACILITY_4935027,4,4935027,UTTARAKHAND,CHAMOLI,THARALI,1,,,Lolti,Lolti,Tharali,,,MISSING,MISSING
FACILITY_9481674,6,9481674,UTTARAKHAND,CHAMOLI,KARANPRAYAG,2,Gochar-Municipality,"Gochar (NP) -Panaai Talli, Palsaari Ward No.4",,,,,,MISSING,MISSING
FACILITY_1380151,5,1380151,UTTARAKHAND,CHAMOLI,DASHOLI,1,,,Dewar Khandora,Dewar Khadora,Dasholi,,,MISSING,MISSING
FACILITY_1303265,1,1303265,UTTARAKHAND,CHAMOLI,GAIRSAIN,1,,,Nauna,Aason (Aali Majyadi),Gairsain,,,MISSING,MISSING
FACILITY_6190652,1,6190652,UTTARAKHAND,CHAMOLI,Jyotirmath,1,,,Bara Gaon,Baragaon,Joshimath,,,MISSING,MISSING
FACILITY_5677075,1,5677075,UTTARAKHAND,CHAMOLI,GAIRSAIN,1,,,Bhatmwali,Batagwali,Gairsain,,,MISSING,MISSING
FACILITY_1839225,1,1839225,UTTARAKHAND,CHAMOLI,NARAYANBAGAR,1,,,Hans Koti,Hanskoti,Narayanbagar,,,MISSING,MISSING
FACILITY_7215420,1,7215420,UTTARAKHAND,CHAMOLI,THARALI,2,Tharali-Town Panchayat,Tharali (NP) - Uper Bazaar Tharali Ward No. 3,,,,,,MISSING,MISSING
FACILITY_4483317,1,4483317,UTTARAKHAND,CHAMOLI,DASHOLI,2,PIPALKOTI-Town Panchayat,Peepalkoti (NP)- Augthala Ward No.2,,,,,,MISSING,MISSING
FACILITY_6499318,1,6499318,UTTARAKHAND,CHAMOLI,DASHOLI,1,,,Palethi,Palethi,Dasholi,,,MISSING,MISSING
FACILITY_3477859,1,3477859,UTTARAKHAND,CHAMOLI,DEWAL,1,,,Kheta Manvati,Kheta Manmati,Dewal,,,MISSING,MISSING
FACILITY_1335032,1,1335032,UTTARAKHAND,CHAMOLI,KARANPRAYAG,1,,,Charkhilgwar,Sunak,Karnaprayag,,,MISSING,MISSING
FACILITY_4545387,1,4545387,UTTARAKHAND,CHAMOLI,DASHOLI,1,,,Sainjilagga Maikot,Kujoun Maikot,Dasholi,,,MISSING,MISSING
FACILITY_1239699,1,1239699,UTTARAKHAND,CHAMOLI,Jyotirmath,1,,,Devgram,Devgram,Joshimath,,,MISSING,MISSING
FACILITY_3090902,1,3090902,UTTARAKHAND,CHAMOLI,THARALI,1,,,Gumad Laga Gerud,Gudam,Tharali,,,MISSING,MISSING
FACILITY_9390870,1,9390870,UTTARAKHAND,CHAMOLI,NARAYANBAGAR,1,,,Jyuda,Mal,Narayanbagar,,,MISSING,MISSING
FACILITY_7401661,1,7401661,UTTARAKHAND,CHAMOLI,GAIRSAIN,1,,,Pandav,Dairha,Gairsain,,,MISSING,MISSING
FACILITY_8025892,1,8025892,UTTARAKHAND,CHAMOLI,NARAYANBAGAR,1,,,Ghatiyana Laga Dungri,Dungri,Narayanbagar,,,MISSING,MISSING
FACILITY_7353199,1,7353199,UTTARAKHAND,CHAMOLI,KARANPRAYAG,1,,,Nauli Gunth,Thapli,Karnaprayag,,,MISSING,MISSING
FACILITY_8834066,1,8834066,UTTARAKHAND,CHAMOLI,GAIRSAIN,1,,,Jhuma Khet Talla,Jhumakhet,Gairsain,,,MISSING,MISSING
FACILITY_2899047,1,2899047,UTTARAKHAND,CHAMOLI,GAIRSAIN,1,,,Nail,Nail,Gairsain,,,MISSING,MISSING
FACILITY_1025755,1,1025755,UTTARAKHAND,CHAMOLI,Jyotirmath,1,,,Raini Chak Lata,Reini,Joshimath,,,MISSING,MISSING
FACILITY_2014543,1,2014543,UTTARAKHAND,CHAMOLI,NARAYANBAGAR,1,,,Kaub,Kaub,Narayanbagar,,,MISSING,MISSING
FACILITY_2911184,1,2911184,UTTARAKHAND,CHAMOLI,KARANPRAYAG,1,,,Kaldu (Kaleshwar),Kaleshwar,Karnaprayag,,,MISSING,MISSING
FACILITY_7657896,1,7657896,UTTARAKHAND,CHAMOLI,KARANPRAYAG,1,,,Kukdai,Kukdai,Karnaprayag,,,MISSING,MISSING
FACILITY_3728795,4,3728795,UTTARAKHAND,CHAMOLI,GAIRSAIN,1,,,Lakheri,Lakheri,Gairsain,,,MISSING,MISSING
FACILITY_4739988,7,4739988,UTTARAKHAND,CHAMOLI,NARAYANBAGAR,1,,,Silodi,Mauna,Narayanbagar,,,MISSING,MISSING
FACILITY_5869425,5,5869425,UTTARAKHAND,CHAMOLI,NANDANAGAR,1,,,Kandai,Kandai,Ghat,,,MISSING,MISSING
FACILITY_1036502,1,1036502,UTTARAKHAND,CHAMOLI,THARALI,1,,,Menta Talla,Maita Malla,Tharali,,,MISSING,MISSING
FACILITY_3159643,4,3159643,UTTARAKHAND,CHAMOLI,POKHARI,1,,,Harishankar,Harishankar,Pokhari,,,MISSING,MISSING
FACILITY_3215691,4,3215691,UTTARAKHAND,CHAMOLI,POKHARI,1,,,Girsa,Girasa,Pokhari,,,MISSING,MISSING
FACILITY_5407053,1,5407053,UTTARAKHAND,CHAMOLI,DASHOLI,1,,,Dewar Khandora,Dewar Khadora,Dasholi,,,MISSING,MISSING
FACILITY_7697563,1,7697563,UTTARAKHAND,CHAMOLI,NARAYANBAGAR,1,,,Raigaon,Raigaon,Narayanbagar,,,MISSING,MISSING
FACILITY_8971691,1,8971691,UTTARAKHAND,CHAMOLI,Jyotirmath,1,,,Paini,Paini,Joshimath,,,MISSING,MISSING
FACILITY_4926504,1,4926504,UTTARAKHAND,CHAMOLI,THARALI,1,,,Talwari State,Talwadi State,Tharali,,,MISSING,MISSING
FACILITY_3695930,1,3695930,UTTARAKHAND,CHAMOLI,DASHOLI,1,,,Palethi,Palethi,Dasholi,,,MISSING,MISSING
FACILITY_3835456,1,3835456,UTTARAKHAND,CHAMOLI,DEWAL,1,,,Vaan,Van,Dewal,,,MISSING,MISSING
FACILITY_2248420,1,2248420,UTTARAKHAND,CHAMOLI,POKHARI,1,,,Karchhuna Malla,Karchhuna,Pokhari,,,MISSING,MISSING
FACILITY_9288210,1,9288210,UTTARAKHAND,CHAMOLI,DASHOLI,1,,,Gauna Chak Dhar Kumala,Dharkumala,Dasholi,,,MISSING,MISSING
FACILITY_6950140,1,6950140,UTTARAKHAND,CHAMOLI,DASHOLI,1,,,Sainjilagga Maikot,Kujoun Maikot,Dasholi,,,MISSING,MISSING
FACILITY_7405069,1,7405069,UTTARAKHAND,CHAMOLI,THARALI,1,,,Sahu Gaon Laga Junidhar,Gothinda,Tharali,,,MISSING,MISSING
FACILITY_7428004,4,7428004,UTTARAKHAND,CHAMOLI,GAIRSAIN,1,,,Syuni Talli,Syuni Talli,Gairsain,,,MISSING,MISSING
FACILITY_4066649,7,4066649,UTTARAKHAND,CHAMOLI,NANDANAGAR,1,,,Bhainti,Bhenti,Ghat,,,MISSING,MISSING
FACILITY_8333592,5,8333592,UTTARAKHAND,CHAMOLI,DASHOLI,1,,,Tairakhansal,Teda Khansal,Dasholi,,,MISSING,MISSING
FACILITY_1793795,5,1793795,UTTARAKHAND,CHAMOLI,DASHOLI,1,,,Bachher,Bachher,Dasholi,,,MISSING,MISSING
FACILITY_3932871,2,3932871,UTTARAKHAND,CHAMOLI,DASHOLI,1,,,Chhinka,Chhinaka,Dasholi,,,MISSING,MISSING
FACILITY_9046962,2,9046962,UTTARAKHAND,CHAMOLI,GAIRSAIN,1,,,Bhandari Khor,Bhandari Khor,Gairsain,,,MISSING,MISSING
FACILITY_4311597,4,4311597,UTTARAKHAND,CHAMOLI,POKHARI,1,,,Bingar,Bingarh,Pokhari,,,MISSING,MISSING
FACILITY_1728778,4,1728778,UTTARAKHAND,CHAMOLI,DASHOLI,2,Chamoli Gopeshwar-Municipality,Chamoli Gopeshwar (MB) -Subhash Nagar Shivaji Ward No.7,,,,,,MISSING,MISSING
FACILITY_9577185,1,9577185,UTTARAKHAND,CHAMOLI,THARALI,1,,,Lolti,Lolti,Tharali,,,MISSING,MISSING
FACILITY_7266099,1,7266099,UTTARAKHAND,CHAMOLI,POKHARI,1,,,Khori Lagga Rana,Dhamak,Pokhari,,,MISSING,MISSING
FACILITY_7721728,5,7721728,UTTARAKHAND,CHAMOLI,DASHOLI,1,,,Maithana,Maithana,Dasholi,,,MISSING,MISSING
FACILITY_8236113,1,8236113,UTTARAKHAND,CHAMOLI,KARANPRAYAG,1,,,Nausari,Nausari Barmoli,Karnaprayag,,,MISSING,MISSING
FACILITY_4814877,1,4814877,UTTARAKHAND,CHAMOLI,NARAYANBAGAR,1,,,Dungri,Dungri,Narayanbagar,,,MISSING,MISSING
FACILITY_2840715,1,2840715,UTTARAKHAND,CHAMOLI,DASHOLI,2,Chamoli Gopeshwar-Municipality,Chamoli Gopeshwar (MB) -Chamoli Chetrapaal Ward No.11,,,,,,MISSING,MISSING
FACILITY_4631759,1,4631759,UTTARAKHAND,CHAMOLI,Jyotirmath,1,,,Thaing,Theing,Joshimath,,,MISSING,MISSING
FACILITY_3664994,1,3664994,UTTARAKHAND,CHAMOLI,GAIRSAIN,1,,,Kandari Khor,Kandari Khor,Gairsain,,,MISSING,MISSING
FACILITY_1248124,1,1248124,UTTARAKHAND,CHAMOLI,POKHARI,1,,,Nauli,Nauli,Pokhari,,,MISSING,MISSING
FACILITY_4682524,1,4682524,UTTARAKHAND,CHAMOLI,Jyotirmath,1,,,Devgram,Devgram,Joshimath,,,MISSING,MISSING
FACILITY_5551105,1,5551105,UTTARAKHAND,CHAMOLI,POKHARI,1,,,Raduva,Raduwa,Pokhari,,,MISSING,MISSING
FACILITY_1398545,1,1398545,UTTARAKHAND,CHAMOLI,NANDANAGAR,1,,,Bhatiyana Lagga Lakhi,Bhatiyana,Ghat,,,MISSING,MISSING
FACILITY_9975470,1,9975470,UTTARAKHAND,CHAMOLI,NANDANAGAR,1,,,Pairi,Peri,Ghat,,,MISSING,MISSING
FACILITY_2241555,1,2241555,UTTARAKHAND,CHAMOLI,DEWAL,1,,,Torati,Torti,Dewal,,,MISSING,MISSING
FACILITY_3249769,1,3249769,UTTARAKHAND,CHAMOLI,GAIRSAIN,1,,,Jakhet,Jakhet,Gairsain,,,MISSING,MISSING
FACILITY_2502710,5,2502710,UTTARAKHAND,CHAMOLI,KARANPRAYAG,2,Karnaprayag-Municipality,Karnaprayag (NP) -Tehseel Colony Ward No.4,,,,,,MISSING,MISSING
FACILITY_2392310,4,2392310,UTTARAKHAND,CHAMOLI,NARAYANBAGAR,1,,,Kei Painti,Kein Penti,Narayanbagar,,,MISSING,MISSING
FACILITY_8091122,1,8091122,UTTARAKHAND,CHAMOLI,Jyotirmath,1,,,Hailang,Helang,Joshimath,,,MISSING,MISSING
FACILITY_5052642,4,5052642,UTTARAKHAND,CHAMOLI,Jyotirmath,1,,,Tangni Talli,Tangani Talli,Joshimath,,,MISSING,MISSING
FACILITY_3643746,4,3643746,UTTARAKHAND,CHAMOLI,Jyotirmath,1,,,Dumak,Dumak,Joshimath,,,MISSING,MISSING
FACILITY_5802231,1,5802231,UTTARAKHAND,CHAMOLI,GAIRSAIN,1,,,Kotha,Kota,Gairsain,,,MISSING,MISSING
FACILITY_7667720,4,7667720,UTTARAKHAND,CHAMOLI,GAIRSAIN,1,,,Rohira,Rohida,Gairsain,,,MISSING,MISSING
FACILITY_6951069,8,6951069,UTTARAKHAND,CHAMOLI,POKHARI,1,,,Siwae,Siwai,Pokhari,,,MISSING,MISSING
FACILITY_6265154,7,6265154,UTTARAKHAND,CHAMOLI,KARANPRAYAG,2,Karnaprayag-Municipality,Karnaprayag (NP) - Uper Bazaar Ward No.7,,,,,,MISSING,MISSING
FACILITY_8716430,1,8716430,UTTARAKHAND,CHAMOLI,DEWAL,1,,,Phaldhiya Gaon,Faldiya Gaon,Dewal,,,MISSING,MISSING
FACILITY_5738978,1,5738978,UTTARAKHAND,CHAMOLI,NANDANAGAR,1,,,Ghuni,Ghuni,Ghat,,,MISSING,MISSING
FACILITY_5128919,1,5128919,UTTARAKHAND,CHAMOLI,DASHOLI,1,,,Kamyar,Salla Retoli,Dasholi,,,MISSING,MISSING
FACILITY_4022352,1,4022352,UTTARAKHAND,CHAMOLI,KARANPRAYAG,1,,,Ghandiyal,Ghandiyal,Karnaprayag,,,MISSING,MISSING
FACILITY_6267319,1,6267319,UTTARAKHAND,CHAMOLI,Jyotirmath,1,,,Bharkichak-Urgam,Bharki,Joshimath,,,MISSING,MISSING
FACILITY_3424304,1,3424304,UTTARAKHAND,CHAMOLI,THARALI,1,,,Meltha,Dewalkot,Tharali,,,MISSING,MISSING
FACILITY_5200959,1,5200959,UTTARAKHAND,CHAMOLI,NARAYANBAGAR,1,,,Hans Koti,Hanskoti,Narayanbagar,,,MISSING,MISSING
FACILITY_7381041,1,7381041,UTTARAKHAND,CHAMOLI,DASHOLI,2,Chamoli Gopeshwar-Municipality,Chamoli Gopeshwar (MB) -Sagar Gangol Gaon Ward No.1,,,,,,MISSING,MISSING
FACILITY_4991196,1,4991196,UTTARAKHAND,CHAMOLI,THARALI,1,,,Ruisan,Rui Sana,Tharali,,,MISSING,MISSING
FACILITY_2899393,1,2899393,UTTARAKHAND,CHAMOLI,POKHARI,2,POKHRI-Town Panchayat,Pokhri (NP) -Dever Ward No. 7,,,,,,MISSING,MISSING
FACILITY_2234513,4,2234513,UTTARAKHAND,CHAMOLI,KARANPRAYAG,1,,,Tefna,Tefna,Karnaprayag,,,MISSING,MISSING
FACILITY_8189274,1,8189274,UTTARAKHAND,CHAMOLI,NANDANAGAR,1,,,Parnmati,Kanol,Ghat,,,MISSING,MISSING
FACILITY_4306891,1,4306891,UTTARAKHAND,CHAMOLI,NANDANAGAR,1,,,Lankhee,Lankhi,Ghat,,,MISSING,MISSING
FACILITY_9745975,5,9745975,UTTARAKHAND,CHAMOLI,POKHARI,1,,,Pogatha,Pogtha,Pokhari,,,MISSING,MISSING
FACILITY_5842103,4,5842103,UTTARAKHAND,CHAMOLI,Jyotirmath,2,Joshimath-Municipality,Joshimath (MB) - Sunil Ward No.7,,,,,,MISSING,MISSING
FACILITY_7378947,4,7378947,UTTARAKHAND,CHAMOLI,POKHARI,2,POKHRI-Town Panchayat,Pokhri (NP) -Pokhri Uper Ward No. 1,,,,,,MISSING,MISSING
FACILITY_2653092,1,2653092,UTTARAKHAND,CHAMOLI,GAIRSAIN,1,,,Kalchunda,Kalchunda,Gairsain,,,MISSING,MISSING
FACILITY_5873668,1,5873668,UTTARAKHAND,CHAMOLI,KARANPRAYAG,1,,,Kimoli Talli,Kimoli,Karnaprayag,,,MISSING,MISSING
FACILITY_1764382,1,1764382,UTTARAKHAND,CHAMOLI,NARAYANBAGAR,1,,,Neeladi,Niladi,Narayanbagar,,,MISSING,MISSING
FACILITY_7079597,4,7079597,UTTARAKHAND,CHAMOLI,DEWAL,1,,,Vaan Madhye Kuling,Kuling,Dewal,,,MISSING,MISSING
FACILITY_2201850,1,2201850,UTTARAKHAND,CHAMOLI,THARALI,1,,,Trikot,Trikot,Tharali,,,MISSING,MISSING
FACILITY_5167900,5,5167900,UTTARAKHAND,CHAMOLI,KARANPRAYAG,1,,,Kankhul Talla,Kankhul Talla,Karnaprayag,,,MISSING,MISSING
FACILITY_2175501,1,2175501,UTTARAKHAND,CHAMOLI,NARAYANBAGAR,1,,,Bhagoti,Bhagoti,Narayanbagar,,,MISSING,MISSING
FACILITY_2216471,1,2216471,UTTARAKHAND,CHAMOLI,NANDANAGAR,1,,,Kundi,Kundi,Ghat,,,MISSING,MISSING
FACILITY_6823028,1,6823028,UTTARAKHAND,CHAMOLI,DEWAL,1,,,Losari,Lousari,Dewal,,,MISSING,MISSING
FACILITY_5335363,1,5335363,UTTARAKHAND,CHAMOLI,DASHOLI,2,Chamoli Gopeshwar-Municipality,Chamoli Gopeshwar (MB) -Chamoli Chetrapaal Ward No.11,,,,,,MISSING,MISSING
FACILITY_6702421,1,6702421,UTTARAKHAND,CHAMOLI,KARANPRAYAG,1,,,Dimar,Dimmar,Karnaprayag,,,MISSING,MISSING
FACILITY_4740697,1,4740697,UTTARAKHAND,CHAMOLI,POKHARI,1,,,Salna,Salna,Pokhari,,,MISSING,MISSING
FACILITY_4144569,4,4144569,UTTARAKHAND,CHAMOLI,KARANPRAYAG,1,,,Dungri,Dungri Jaspur,Karnaprayag,,,MISSING,MISSING
FACILITY_6713997,5,6713997,UTTARAKHAND,CHAMOLI,GAIRSAIN,1,,,Latu Gair,Malkot,Gairsain,,,MISSING,MISSING
FACILITY_8996501,1,8996501,UTTARAKHAND,CHAMOLI,Jyotirmath,2,Joshimath-Municipality,Joshimath (MB) - Painka-Maarwaadi Ward No.2,,,,,,MISSING,MISSING
FACILITY_7496140,4,7496140,UTTARAKHAND,CHAMOLI,GAIRSAIN,1,,,Nagali,Nagali,Gairsain,,,MISSING,MISSING
FACILITY_6638579,5,6638579,UTTARAKHAND,CHAMOLI,DASHOLI,2,PIPALKOTI-Town Panchayat,Peepalkoti (NP)- Gadora Ward No.3,,,,,,MISSING,MISSING
FACILITY_8064538,4,8064538,UTTARAKHAND,CHAMOLI,NANDANAGAR,1,,,Vaduk,Vaduk,Ghat,,,MISSING,MISSING
FACILITY_6063757,4,6063757,UTTARAKHAND,CHAMOLI,KARANPRAYAG,1,,,Kamera,Kameda(Choki),Karnaprayag,,,MISSING,MISSING
FACILITY_4241087,5,4241087,UTTARAKHAND,CHAMOLI,KARANPRAYAG,1,,,Simli,Majyadi,Karnaprayag,,,MISSING,MISSING
FACILITY_6504365,1,6504365,UTTARAKHAND,CHAMOLI,GAIRSAIN,1,,,Sarkot,Sarkot,Gairsain,,,MISSING,MISSING
FACILITY_7629310,1,7629310,UTTARAKHAND,CHAMOLI,KARANPRAYAG,1,,,Nakot Malla,Nakot,Karnaprayag,,,MISSING,MISSING
FACILITY_2402098,1,2402098,UTTARAKHAND,CHAMOLI,DEWAL,1,,,Bahantara,Himani,Dewal,,,MISSING,MISSING
FACILITY_4417988,1,4417988,UTTARAKHAND,CHAMOLI,NANDANAGAR,1,,,Matai,Matai,Ghat,,,MISSING,MISSING
FACILITY_5809092,1,5809092,UTTARAKHAND,CHAMOLI,GAIRSAIN,1,,,Rohira,Rohida,Gairsain,,,MISSING,MISSING
FACILITY_7726241,1,7726241,UTTARAKHAND,CHAMOLI,POKHARI,1,,,Sarnachai,Sharana Chai,Pokhari,,,MISSING,MISSING
FACILITY_3711887,1,3711887,UTTARAKHAND,CHAMOLI,DEWAL,1,,,Vaan,Van,Dewal,,,MISSING,MISSING
FACILITY_5589046,1,5589046,UTTARAKHAND,CHAMOLI,KARANPRAYAG,1,,,Ali Chak Dimar,Dimmar,Karnaprayag,,,MISSING,MISSING
FACILITY_7518365,4,7518365,UTTARAKHAND,CHAMOLI,GAIRSAIN,1,,,Nauna,Aason (Aali Majyadi),Gairsain,,,MISSING,MISSING
FACILITY_3950955,1,3950955,UTTARAKHAND,CHAMOLI,KARANPRAYAG,1,,,Sirpa,Aeirwadi,Karnaprayag,,,MISSING,MISSING
FACILITY_2431097,3,2431097,UTTARAKHAND,CHAMOLI,DASHOLI,2,Chamoli Gopeshwar-Municipality,Chamoli Gopeshwar (MB) -Kund Colony Ward No.3,,,,,,MISSING,MISSING
FACILITY_8440380,5,8440380,UTTARAKHAND,CHAMOLI,NANDANAGAR,1,,,Matai,Matai,Ghat,,,MISSING,MISSING
FACILITY_5245612,1,5245612,UTTARAKHAND,CHAMOLI,GAIRSAIN,2,Gairsain-Town Panchayat,Gairsain (NP) -Gairsain Purvi Bhaag Ward No. 3,,,,,,MISSING,MISSING
FACILITY_2054044,4,2054044,UTTARAKHAND,CHAMOLI,POKHARI,1,,,Tali,Gumsaani,Bajpur,,,MISSING,MISSING
FACILITY_2468744,7,2468744,UTTARAKHAND,CHAMOLI,NARAYANBAGAR,1,,,Khainoli,Khainoli,Narayanbagar,,,MISSING,MISSING
FACILITY_1711624,5,1711624,UTTARAKHAND,CHAMOLI,THARALI,1,,,Alkot,Aalkot,Tharali,,,MISSING,MISSING
FACILITY_9321500,7,9321500,UTTARAKHAND,CHAMOLI,POKHARI,1,,,Uttaraun,Uttraon,Pokhari,,,MISSING,MISSING
FACILITY_6569349,4,6569349,UTTARAKHAND,CHAMOLI,GAIRSAIN,2,Gairsain-Town Panchayat,Gairsain (NP) -Saliyana Ward No. 1,,,,,,MISSING,MISSING
FACILITY_7044732,1,7044732,UTTARAKHAND,CHAMOLI,DASHOLI,1,,,Saikot,Saikot,Dasholi,,,MISSING,MISSING
FACILITY_5045214,1,5045214,UTTARAKHAND,CHAMOLI,THARALI,1,,,Menta Malla,Maita Malla,Tharali,,,MISSING,MISSING
FACILITY_6217618,6,6217618,UTTARAKHAND,CHAMOLI,DASHOLI,2,Chamoli Gopeshwar-Municipality,Chamoli Gopeshwar (MB) -Lower Bazaar Ward No.5,,,,,,MISSING,MISSING
FACILITY_7521870,1,7521870,UTTARAKHAND,CHAMOLI,GAIRSAIN,1,,,Mathakot,Mathkot,Gairsain,,,MISSING,MISSING
FACILITY_9864627,2,9864627,UTTARAKHAND,CHAMOLI,THARALI,1,,,Lolti,Lolti,Tharali,,,MISSING,MISSING
FACILITY_7161773,4,7161773,UTTARAKHAND,CHAMOLI,GAIRSAIN,1,,,Kalyana Malla (Lali Kalyani),Kalyani Talli,Gairsain,,,MISSING,MISSING
FACILITY_1594739,7,1594739,UTTARAKHAND,CHAMOLI,Jyotirmath,1,,,Raini Chak Lata,Reini,Joshimath,,,MISSING,MISSING
FACILITY_5974853,4,5974853,UTTARAKHAND,CHAMOLI,DEWAL,1,,,Mopata,Mopata,Dewal,,,MISSING,MISSING
FACILITY_4935436,5,4935436,UTTARAKHAND,CHAMOLI,GAIRSAIN,1,,,Parawari,Parwari,Gairsain,,,MISSING,MISSING
FACILITY_4285839,4,4285839,UTTARAKHAND,CHAMOLI,DEWAL,1,,,Bahantara,Himani,Dewal,,,MISSING,MISSING
FACILITY_6002127,4,6002127,UTTARAKHAND,CHAMOLI,DASHOLI,1,,,Pilang Chatoli,Pilang,Dasholi,,,MISSING,MISSING
FACILITY_1330330,4,1330330,UTTARAKHAND,CHAMOLI,KARANPRAYAG,1,,,Langasu,Langasu,Karnaprayag,,,MISSING,MISSING
FACILITY_9735640,4,9735640,UTTARAKHAND,CHAMOLI,GAIRSAIN,1,,,Jakhet,Jakhet,Gairsain,,,MISSING,MISSING
FACILITY_4831032,1,4831032,UTTARAKHAND,CHAMOLI,NARAYANBAGAR,1,,,Pali Malli,Rithiya Malla,Narayanbagar,,,MISSING,MISSING
FACILITY_7508105,5,7508105,UTTARAKHAND,CHAMOLI,KARANPRAYAG,1,,,Bhatoli Lagga Top,Bhatoli Ujjwalpur,Karnaprayag,,,MISSING,MISSING
FACILITY_4275052,1,4275052,UTTARAKHAND,CHAMOLI,DEWAL,1,,,Sawad,Sawad,Dewal,,,MISSING,MISSING
FACILITY_2359564,1,2359564,UTTARAKHAND,CHAMOLI,KARANPRAYAG,1,,,Tefna,Tefna,Karnaprayag,,,MISSING,MISSING
FACILITY_5261071,1,5261071,UTTARAKHAND,CHAMOLI,NARAYANBAGAR,1,,,Manoor,Bedgaon,Narayanbagar,,,MISSING,MISSING
FACILITY_1014582,1,1014582,UTTARAKHAND,CHAMOLI,DEWAL,1,,,Melkhet,Mel Khet,Dewal,,,MISSING,MISSING
FACILITY_4998196,1,4998196,UTTARAKHAND,CHAMOLI,DEWAL,1,,,Naldhura,Naldhura,Dewal,,,MISSING,MISSING
FACILITY_2090125,5,2090125,UTTARAKHAND,CHAMOLI,DASHOLI,1,,,Irani,Irani,Dasholi,,,MISSING,MISSING
FACILITY_3346392,1,3346392,UTTARAKHAND,CHAMOLI,NANDANAGAR,1,,,Mokhtalla,Mokh Talla,Ghat,,,MISSING,MISSING
FACILITY_2853788,4,2853788,UTTARAKHAND,CHAMOLI,NARAYANBAGAR,1,,,Bamiyala,Bamiyala,Narayanbagar,,,MISSING,MISSING
FACILITY_4407423,4,4407423,UTTARAKHAND,CHAMOLI,KARANPRAYAG,1,,,Baula,Baula,Karnaprayag,,,MISSING,MISSING
FACILITY_1953133,4,1953133,UTTARAKHAND,CHAMOLI,Jyotirmath,2,Joshimath-Municipality,Joshimath (MB) - Persaari Ward No.8,,,,,,MISSING,MISSING
FACILITY_8992893,4,8992893,UTTARAKHAND,CHAMOLI,KARANPRAYAG,1,,,Dimar,Dimmar,Karnaprayag,,,MISSING,MISSING
FACILITY_5466335,4,5466335,UTTARAKHAND,CHAMOLI,Jyotirmath,1,,,Chaien,Chain,Joshimath,,,MISSING,MISSING
FACILITY_2610272,1,2610272,UTTARAKHAND,CHAMOLI,DASHOLI,1,,,Dewaldhar,Dewaldhar,Dasholi,,,MISSING,MISSING
FACILITY_8596614,1,8596614,UTTARAKHAND,CHAMOLI,GAIRSAIN,1,,,Khal Kumkhori,Khal (Kumkholi),Gairsain,,,MISSING,MISSING
FACILITY_3604656,1,3604656,UTTARAKHAND,CHAMOLI,Jyotirmath,1,,,Palla,Jakhola,Joshimath,,,MISSING,MISSING
FACILITY_9503893,1,9503893,UTTARAKHAND,CHAMOLI,DASHOLI,1,,,Semdugara,Semdungra,Dasholi,,,MISSING,MISSING
FACILITY_8955921,1,8955921,UTTARAKHAND,CHAMOLI,NANDANAGAR,1,,,Pairi,Peri,Ghat,,,MISSING,MISSING
FACILITY_8411910,1,8411910,UTTARAKHAND,CHAMOLI,Jyotirmath,1,,,Bhalgaon,Bhalagaon,Joshimath,,,MISSING,MISSING
FACILITY_7370903,1,7370903,UTTARAKHAND,CHAMOLI,NANDANAGAR,1,,,Ustoli,Ustoli,Ghat,,,MISSING,MISSING
FACILITY_1542129,1,1542129,UTTARAKHAND,CHAMOLI,KARANPRAYAG,1,,,Baula,Baula,Karnaprayag,,,MISSING,MISSING
FACILITY_2704485,2,2704485,UTTARAKHAND,CHAMOLI,DASHOLI,2,Chamoli Gopeshwar-Municipality,Chamoli Gopeshwar (MB) -Kothiyaal Gaon Ward No.10,,,,,,MISSING,MISSING
FACILITY_8301306,1,8301306,UTTARAKHAND,CHAMOLI,GAIRSAIN,1,,,Parawari,Parwari,Gairsain,,,MISSING,MISSING
FACILITY_2652381,1,2652381,UTTARAKHAND,CHAMOLI,POKHARI,1,,,Sem,Sem,Pokhari,,,MISSING,MISSING
FACILITY_5391905,4,5391905,UTTARAKHAND,CHAMOLI,DASHOLI,1,,,Palethi,Palethi,Dasholi,,,MISSING,MISSING
FACILITY_4623426,4,4623426,UTTARAKHAND,CHAMOLI,GAIRSAIN,1,,,Mehal Chauri,Mehal Chauri,Gairsain,,,MISSING,MISSING
FACILITY_3552851,5,3552851,UTTARAKHAND,CHAMOLI,NARAYANBAGAR,1,,,Kevar Talla,Kewar Malla,Narayanbagar,,,MISSING,MISSING
FACILITY_4083996,1,4083996,UTTARAKHAND,CHAMOLI,THARALI,1,,,Dhalu,Dhalu,Tharali,,,MISSING,MISSING
FACILITY_7737837,4,7737837,UTTARAKHAND,CHAMOLI,NANDANAGAR,1,,,Syari Lagga Bangali,Syari Bangali,Ghat,,,MISSING,MISSING
FACILITY_4943381,4,4943381,UTTARAKHAND,CHAMOLI,NARAYANBAGAR,1,,,Paithani,Paithani,Narayanbagar,,,MISSING,MISSING
FACILITY_5139919,4,5139919,UTTARAKHAND,CHAMOLI,KARANPRAYAG,2,Karnaprayag-Municipality,Karnaprayag (NP) -Eda Badhaani Ward No.2,,,,,,MISSING,MISSING
FACILITY_9143797,4,9143797,UTTARAKHAND,CHAMOLI,NANDANAGAR,1,,,Bhainti,Bhenti,Ghat,,,MISSING,MISSING
FACILITY_9428079,1,9428079,UTTARAKHAND,CHAMOLI,GAIRSAIN,1,,,Latu Gair,Malkot,Gairsain,,,MISSING,MISSING
FACILITY_6157965,1,6157965,UTTARAKHAND,CHAMOLI,POKHARI,1,,,Karchhuna Malla,Karchhuna,Pokhari,,,MISSING,MISSING
FACILITY_1319434,5,1319434,UTTARAKHAND,CHAMOLI,DASHOLI,1,,,Sainjilagga Maikot,Kujoun Maikot,Dasholi,,,MISSING,MISSING
FACILITY_4278100,1,4278100,UTTARAKHAND,CHAMOLI,DASHOLI,1,,,Mathlaggapilng,Pilang,Dasholi,,,MISSING,MISSING
FACILITY_5020304,1,5020304,UTTARAKHAND,CHAMOLI,NANDANAGAR,1,,,Syari Lagga Bangali,Syari Bangali,Ghat,,,MISSING,MISSING
FACILITY_5280974,1,5280974,UTTARAKHAND,CHAMOLI,GAIRSAIN,1,,,Chorda,Chorda,Gairsain,,,MISSING,MISSING
FACILITY_8228712,1,8228712,UTTARAKHAND,CHAMOLI,GAIRSAIN,1,,,Saring Gaon,Diwadhar,Gairsain,,,MISSING,MISSING
FACILITY_5831905,1,5831905,UTTARAKHAND,CHAMOLI,GAIRSAIN,1,,,Syunimalli,Syuni Malli,Gairsain,,,MISSING,MISSING
FACILITY_9250615,1,9250615,UTTARAKHAND,CHAMOLI,POKHARI,1,,,Tali,Gumsaani,Bajpur,,,MISSING,MISSING
FACILITY_6747446,1,6747446,UTTARAKHAND,CHAMOLI,THARALI,1,,,Ruisan,Rui Sana,Tharali,,,MISSING,MISSING
FACILITY_6609509,1,6609509,UTTARAKHAND,CHAMOLI,GAIRSAIN,1,,,Haragarh,Hargarh,Gairsain,,,MISSING,MISSING
FACILITY_3665483,1,3665483,UTTARAKHAND,CHAMOLI,KARANPRAYAG,1,,,Nail,Thapli,Karnaprayag,,,MISSING,MISSING
FACILITY_5433088,1,5433088,UTTARAKHAND,CHAMOLI,DEWAL,1,,,Udaypur Laga Choting,Udaypur,Dewal,,,MISSING,MISSING
FACILITY_6618957,1,6618957,UTTARAKHAND,CHAMOLI,THARALI,1,,,Partha Chak Kuni,Kuni Partha,Tharali,,,MISSING,MISSING
FACILITY_6364064,1,6364064,UTTARAKHAND,CHAMOLI,POKHARI,1,,,Beena,Beena,Dhauladevi,,,MISSING,MISSING
FACILITY_3696848,2,3696848,UTTARAKHAND,CHAMOLI,KARANPRAYAG,1,,,Langasu,Langasu,Karnaprayag,,,MISSING,MISSING
FACILITY_7862210,1,7862210,UTTARAKHAND,CHAMOLI,NANDANAGAR,1,,,Ghuni,Ghuni,Ghat,,,MISSING,MISSING
FACILITY_3856092,1,3856092,UTTARAKHAND,CHAMOLI,Jyotirmath,1,,,Bara Gaon,Baragaon,Joshimath,,,MISSING,MISSING
FACILITY_7713457,4,7713457,UTTARAKHAND,CHAMOLI,NARAYANBAGAR,1,,,Raigaon,Raigaon,Narayanbagar,,,MISSING,MISSING
FACILITY_5786865,4,5786865,UTTARAKHAND,CHAMOLI,POKHARI,1,,,Kalsir,Kalsir,Pokhari,,,MISSING,MISSING
FACILITY_2234683,2,2234683,UTTARAKHAND,CHAMOLI,THARALI,1,,,Kulsari,Kulsari,Tharali,,,MISSING,MISSING
FACILITY_8751967,4,8751967,UTTARAKHAND,CHAMOLI,GAIRSAIN,1,,,Majyari Malli,Majiyari Malli,Gairsain,,,MISSING,MISSING
FACILITY_3103421,1,3103421,UTTARAKHAND,CHAMOLI,KARANPRAYAG,1,,,Chula,Chula,Karnaprayag,,,MISSING,MISSING
FACILITY_2578775,4,2578775,UTTARAKHAND,CHAMOLI,GAIRSAIN,1,,,Nail Laga Farakande,Nail Lagga Farkande,Gairsain,,,MISSING,MISSING
FACILITY_8085991,1,8085991,UTTARAKHAND,CHAMOLI,DASHOLI,1,,,Pana,Pana,Dasholi,,,MISSING,MISSING
FACILITY_9477191,1,9477191,UTTARAKHAND,CHAMOLI,Jyotirmath,1,,,Noligwar,Ganai,Joshimath,,,MISSING,MISSING
FACILITY_2666540,1,2666540,UTTARAKHAND,CHAMOLI,POKHARI,1,,,Sankari,Sinau Talla Malla,Pokhari,,,MISSING,MISSING
FACILITY_2200629,1,2200629,UTTARAKHAND,CHAMOLI,GAIRSAIN,1,,,Syuni Talli,Syuni Talli,Gairsain,,,MISSING,MISSING
FACILITY_8948297,1,8948297,UTTARAKHAND,CHAMOLI,NANDANAGAR,1,,,Banj Bagar,Ropa Semdugra,Dasholi,,,MISSING,MISSING
FACILITY_2087252,1,2087252,UTTARAKHAND,CHAMOLI,Jyotirmath,1,,,Langsi,Langasi,Joshimath,,,MISSING,MISSING
FACILITY_4507547,1,4507547,UTTARAKHAND,CHAMOLI,POKHARI,1,,,Ali,Aali,Pokhari,,,MISSING,MISSING
FACILITY_5832730,1,5832730,UTTARAKHAND,CHAMOLI,POKHARI,1,,,Harishankar,Harishankar,Pokhari,,,MISSING,MISSING
FACILITY_5236843,1,5236843,UTTARAKHAND,CHAMOLI,DASHOLI,1,,,Nailmalana,Nail Kurao,Dasholi,,,MISSING,MISSING
FACILITY_3400241,1,3400241,UTTARAKHAND,CHAMOLI,POKHARI,1,,,Gugali,Gugali,Augustmuni,,,MISSING,MISSING
FACILITY_3038593,1,3038593,UTTARAKHAND,CHAMOLI,Jyotirmath,1,,,Bampa,Bampa,Joshimath,,,MISSING,MISSING
FACILITY_9293283,1,9293283,UTTARAKHAND,CHAMOLI,NANDANAGAR,1,,,Matai,Matai,Ghat,,,MISSING,MISSING
FACILITY_6983936,2,6983936,UTTARAKHAND,CHAMOLI,DEWAL,1,,,Mela Chak Mundoli,Mundoli,Dewal,,,MISSING,MISSING
FACILITY_5292610,3,5292610,UTTARAKHAND,CHAMOLI,DEHRADUN REGION,2,Gochar-Municipality,"Gochar (NP) -Shail, Basantpur Ghali Ward No.3",,,,,,MISSING,MISSING
FACILITY_8248982,1,8248982,UTTARAKHAND,CHAMOLI,DASHOLI,2,Chamoli Gopeshwar-Municipality,Chamoli Gopeshwar (MB) -Kothiyaal Gaon Ward No.10,,,,,,MISSING,MISSING
FACILITY_4283719,2,4283719,UTTARAKHAND,CHAMOLI,Jyotirmath,1,,,Urgam,Urgam,Joshimath,,,MISSING,MISSING
FACILITY_9017941,1,9017941,UTTARAKHAND,CHAMOLI,THARALI,1,,,Partha Chak Kuni,Kuni Partha,Tharali,,,MISSING,MISSING
FACILITY_4848037,1,4848037,UTTARAKHAND,CHAMOLI,DEWAL,1,,,Kotera,Koteda,Dewal,,,MISSING,MISSING
FACILITY_2049602,4,2049602,UTTARAKHAND,CHAMOLI,GAIRSAIN,2,Gairsain-Town Panchayat,Gairsain (NP) -Ganwali Ward No. 6,,,,,,MISSING,MISSING
FACILITY_8527431,5,8527431,UTTARAKHAND,CHAMOLI,KARANPRAYAG,1,,,Kandara,Kandara (Kot),Karnaprayag,,,MISSING,MISSING
FACILITY_9866933,5,9866933,UTTARAKHAND,CHAMOLI,NANDANAGAR,1,,,Bura,Bura,Ghat,,,MISSING,MISSING
FACILITY_3118552,5,3118552,UTTARAKHAND,CHAMOLI,NANDANAGAR,1,,,Ustoli,Ustoli,Ghat,,,MISSING,MISSING
FACILITY_8291456,4,8291456,UTTARAKHAND,CHAMOLI,DEWAL,1,,,Bank,Bank,Dewal,,,MISSING,MISSING
FACILITY_8888966,4,8888966,UTTARAKHAND,CHAMOLI,NANDANAGAR,1,,,Sainti Gunth,Sainti,Ghat,,,MISSING,MISSING
FACILITY_8292857,7,8292857,UTTARAKHAND,CHAMOLI,GAIRSAIN,1,,,Kotha,Kota,Gairsain,,,MISSING,MISSING
FACILITY_1533876,1,1533876,UTTARAKHAND,CHAMOLI,DASHOLI,1,,,Siroli,Siroli,Dasholi,,,MISSING,MISSING
FACILITY_7340942,1,7340942,UTTARAKHAND,CHAMOLI,DASHOLI,2,PIPALKOTI-Town Panchayat,Peepalkoti (NP)- Gadora Ward No.3,,,,,,MISSING,MISSING
FACILITY_2454844,1,2454844,UTTARAKHAND,CHAMOLI,POKHARI,1,,,Pogatha,Pogtha,Pokhari,,,MISSING,MISSING
FACILITY_2090595,1,2090595,UTTARAKHAND,CHAMOLI,KARANPRAYAG,1,,,Sundar Gaon,Sundergaon,Karnaprayag,,,MISSING,MISSING
FACILITY_1136747,1,1136747,UTTARAKHAND,CHAMOLI,NANDANAGAR,1,,,Mokhtalla,Mokh Talla,Ghat,,,MISSING,MISSING
FACILITY_2600357,1,2600357,UTTARAKHAND,CHAMOLI,NANDANAGAR,1,,,Sakand,Sakand,Ghat,,,MISSING,MISSING
FACILITY_7636370,1,7636370,UTTARAKHAND,CHAMOLI,POKHARI,1,,,Gudam,Gudam,Pokhari,,,MISSING,MISSING
FACILITY_1736186,1,1736186,UTTARAKHAND,CHAMOLI,POKHARI,1,,,Kandai,Kandai Chadrashila,Pokhari,,,MISSING,MISSING
FACILITY_6317584,1,6317584,UTTARAKHAND,CHAMOLI,NANDANAGAR,1,,,Pagna,Pagna,Ghat,,,MISSING,MISSING
FACILITY_4937163,5,4937163,UTTARAKHAND,CHAMOLI,KARANPRAYAG,1,,,Dimar,Dimmar,Karnaprayag,,,MISSING,MISSING
FACILITY_1185540,4,1185540,UTTARAKHAND,CHAMOLI,KARANPRAYAG,1,,,Dugalwali,Dhungalwali,Karnaprayag,,,MISSING,MISSING
FACILITY_6180717,4,6180717,UTTARAKHAND,CHAMOLI,KARANPRAYAG,1,,,Sainu,Seinu,Karnaprayag,,,MISSING,MISSING
FACILITY_2598645,7,2598645,UTTARAKHAND,CHAMOLI,POKHARI,1,,,Rauta,Routa,Pokhari,,,MISSING,MISSING
FACILITY_5698156,1,5698156,UTTARAKHAND,CHAMOLI,NARAYANBAGAR,1,,,Junair,Juner,Narayanbagar,,,MISSING,MISSING
FACILITY_8618675,1,8618675,UTTARAKHAND,CHAMOLI,KARANPRAYAG,1,,,Simli,Majyadi,Karnaprayag,,,MISSING,MISSING
FACILITY_5221661,1,5221661,UTTARAKHAND,CHAMOLI,NANDANAGAR,1,,,Panigair,Bherni,Ghat,,,MISSING,MISSING
FACILITY_2974480,1,2974480,UTTARAKHAND,CHAMOLI,KARANPRAYAG,1,,,Kaldu (Kaleshwar),Kaleshwar,Karnaprayag,,,MISSING,MISSING
FACILITY_1344179,1,1344179,UTTARAKHAND,CHAMOLI,DASHOLI,1,,,Irani,Irani,Dasholi,,,MISSING,MISSING
FACILITY_4100211,1,4100211,UTTARAKHAND,CHAMOLI,DASHOLI,1,,,Khainuri,Khainuri,Dasholi,,,MISSING,MISSING
FACILITY_3668593,1,3668593,UTTARAKHAND,CHAMOLI,POKHARI,1,,,Nail Khalwadi,Nail Aetha,Pokhari,,,MISSING,MISSING
FACILITY_4221027,1,4221027,UTTARAKHAND,CHAMOLI,NANDANAGAR,1,,,Gulari,Gulari,Ghat,,,MISSING,MISSING
FACILITY_2526297,1,2526297,UTTARAKHAND,CHAMOLI,POKHARI,1,,,Chaundi,Gajera,Ekeshwar,,,MISSING,MISSING
FACILITY_1133263,1,1133263,UTTARAKHAND,CHAMOLI,GAIRSAIN,1,,,Kushrani Talli,Kusrani Talli,Gairsain,,,MISSING,MISSING
FACILITY_8331701,1,8331701,UTTARAKHAND,CHAMOLI,POKHARI,1,,,Girsa,Girasa,Pokhari,,,MISSING,MISSING
FACILITY_7073310,1,7073310,UTTARAKHAND,CHAMOLI,Jyotirmath,1,,,Pakhi,Pakhi,Joshimath,,,MISSING,MISSING
FACILITY_4570859,1,4570859,UTTARAKHAND,CHAMOLI,GAIRSAIN,1,,,Naini,Naini,Gairsain,,,MISSING,MISSING
FACILITY_9846087,1,9846087,UTTARAKHAND,CHAMOLI,NARAYANBAGAR,1,,,Harmani Malli,Harmani Malli,Narayanbagar,,,MISSING,MISSING
FACILITY_9115870,5,9115870,UTTARAKHAND,CHAMOLI,GAIRSAIN,2,Gairsain-Town Panchayat,Gairsain (NP) -Gairsain Purvi Bhaag Ward No. 3,,,,,,MISSING,MISSING
FACILITY_5770464,7,5770464,UTTARAKHAND,CHAMOLI,GAIRSAIN,1,,,Kheti,Kheti,Gairsain,,,MISSING,MISSING
FACILITY_1723636,1,1723636,UTTARAKHAND,CHAMOLI,NANDANAGAR,1,,,Bhainti,Bhenti,Ghat,,,MISSING,MISSING
FACILITY_8998698,2,8998698,UTTARAKHAND,CHAMOLI,GAIRSAIN,1,,,Mehal Chauri,Mehal Chauri,Gairsain,,,MISSING,MISSING
FACILITY_8945384,1,8945384,UTTARAKHAND,CHAMOLI,KARANPRAYAG,2,Gochar-Municipality,"Gochar (NP) -Shail, Basantpur Ghali Ward No.3",,,,,,MISSING,MISSING
FACILITY_5185989,7,5185989,UTTARAKHAND,CHAMOLI,POKHARI,1,,,Salna,Salna,Pokhari,,,MISSING,MISSING
FACILITY_3354483,4,3354483,UTTARAKHAND,CHAMOLI,THARALI,1,,,Bunga,Kuridhar,Sult,,,MISSING,MISSING
FACILITY_6629926,1,6629926,UTTARAKHAND,CHAMOLI,KARANPRAYAG,1,,,Siroli,Baskwali,Karnaprayag,,,MISSING,MISSING
FACILITY_8836745,10,8836745,UTTARAKHAND,CHAMOLI,DASHOLI,1,,,Harmani,Harmani,Dasholi,,,MISSING,MISSING
FACILITY_6313024,1,6313024,UTTARAKHAND,CHAMOLI,DEWAL,1,,,Rain Laga Odar,Palwara,Dewal,,,MISSING,MISSING
FACILITY_9859864,5,9859864,UTTARAKHAND,CHAMOLI,Jyotirmath,1,,,Bara Gaon,Baragaon,Joshimath,,,MISSING,MISSING
FACILITY_9507709,1,9507709,UTTARAKHAND,CHAMOLI,POKHARI,1,,,Bamoth,Bamoth,Pokhari,,,MISSING,MISSING
FACILITY_2677403,7,2677403,UTTARAKHAND,CHAMOLI,Jyotirmath,2,Joshimath-Municipality,Joshimath (MB) - Ravigram Ward No.9,,,,,,MISSING,MISSING
FACILITY_4876427,5,4876427,UTTARAKHAND,CHAMOLI,GAIRSAIN,2,Gairsain-Town Panchayat,Gairsain (NP) -Koliyana Ward No. 5,,,,,,MISSING,MISSING
FACILITY_4712803,5,4712803,UTTARAKHAND,CHAMOLI,GAIRSAIN,2,Gairsain-Town Panchayat,Gairsain (NP) -Koliyana Ward No. 5,,,,,,MISSING,MISSING
FACILITY_8488245,6,8488245,UTTARAKHAND,CHAMOLI,Jyotirmath,2,Joshimath-Municipality,Joshimath (MB) - Manoharvaag Ward No.5,,,,,,MISSING,MISSING
FACILITY_8127154,2,8127154,UTTARAKHAND,CHAMOLI,KARANPRAYAG,2,Gochar-Municipality,"Gochar (NP) -Panaai Talli, Palsaari Ward No.4",,,,,,MISSING,MISSING
FACILITY_1768655,1,1768655,UTTARAKHAND,CHAMOLI,DEWAL,1,,,Purna,Purna,Dewal,,,MISSING,MISSING
FACILITY_4119608,1,4119608,UTTARAKHAND,CHAMOLI,GAIRSAIN,1,,,Sarkot,Sarkot,Gairsain,,,MISSING,MISSING
FACILITY_5472174,1,5472174,UTTARAKHAND,CHAMOLI,THARALI,1,,,Alkot,Aalkot,Tharali,,,MISSING,MISSING
FACILITY_4767357,1,4767357,UTTARAKHAND,CHAMOLI,Jyotirmath,1,,,Tangni Talli,Tangani Talli,Joshimath,,,MISSING,MISSING
FACILITY_6630562,4,6630562,UTTARAKHAND,CHAMOLI,NARAYANBAGAR,1,,,Bhatiyana,Bhatiyana,Tharali,,,MISSING,MISSING
FACILITY_7869347,1,7869347,UTTARAKHAND,CHAMOLI,KARANPRAYAG,1,,,Kharsain,Kharsain,Karnaprayag,,,MISSING,MISSING
FACILITY_9700057,1,9700057,UTTARAKHAND,CHAMOLI,KARANPRAYAG,1,,,Jaiti Bhatkoti,Jaiti Bhatkoti,Karnaprayag,,,MISSING,MISSING
FACILITY_3753644,1,3753644,UTTARAKHAND,CHAMOLI,DASHOLI,1,,,Bachher,Bachher,Dasholi,,,MISSING,MISSING
FACILITY_3198053,7,3198053,UTTARAKHAND,CHAMOLI,DASHOLI,1,,,Gadi,Gadi,Dasholi,,,MISSING,MISSING
FACILITY_6253828,7,6253828,UTTARAKHAND,CHAMOLI,GAIRSAIN,1,,,Pindawali,Pindwali,Gairsain,,,MISSING,MISSING
FACILITY_1326250,7,1326250,UTTARAKHAND,CHAMOLI,GAIRSAIN,1,,,Farakande Talli,Farkande,Gairsain,,,MISSING,MISSING
FACILITY_2769459,5,2769459,UTTARAKHAND,CHAMOLI,THARALI,1,,,Kurad,Kurad,Tharali,,,MISSING,MISSING
FACILITY_3600749,7,3600749,UTTARAKHAND,CHAMOLI,NARAYANBAGAR,1,,,Neeladi,Niladi,Narayanbagar,,,MISSING,MISSING
FACILITY_4763761,5,4763761,UTTARAKHAND,CHAMOLI,THARALI,1,,,Gwaldam State,Gwaldam,Tharali,,,MISSING,MISSING
FACILITY_9989722,7,9989722,UTTARAKHAND,CHAMOLI,KARANPRAYAG,1,,,Umatta,Ummtta,Karnaprayag,,,MISSING,MISSING
FACILITY_9485041,4,9485041,UTTARAKHAND,CHAMOLI,NANDANAGAR,1,,,Ramani,Ramani,Ghat,,,MISSING,MISSING
FACILITY_3472550,5,3472550,UTTARAKHAND,CHAMOLI,DASHOLI,2,Chamoli Gopeshwar-Municipality,Chamoli Gopeshwar (MB) -Kothiyaal Gaon Ward No.10,,,,,,MISSING,MISSING
FACILITY_3480391,5,3480391,UTTARAKHAND,CHAMOLI,DASHOLI,1,,,Chhinka,Chhinaka,Dasholi,,,MISSING,MISSING
FACILITY_8352916,1,8352916,UTTARAKHAND,CHAMOLI,POKHARI,1,,,Shrigadh,Srigarh,Pokhari,,,MISSING,MISSING
FACILITY_9145173,1,9145173,UTTARAKHAND,CHAMOLI,KARANPRAYAG,1,,,Uttaraun,Uttraon,Karnaprayag,,,MISSING,MISSING
FACILITY_2249495,1,2249495,UTTARAKHAND,CHAMOLI,DEWAL,1,,,Deosari,Devsari,Dewal,,,MISSING,MISSING
FACILITY_8837613,1,8837613,UTTARAKHAND,CHAMOLI,DASHOLI,1,,,Bachher,Bachher,Dasholi,,,MISSING,MISSING
FACILITY_7880080,1,7880080,UTTARAKHAND,CHAMOLI,KARANPRAYAG,1,,,Dada Dhamdhama,Dhamdhama,Karnaprayag,,,MISSING,MISSING
FACILITY_4373938,1,4373938,UTTARAKHAND,CHAMOLI,DEWAL,1,,,Kandai,Kandai,Dewal,,,MISSING,MISSING
FACILITY_2554915,1,2554915,UTTARAKHAND,CHAMOLI,THARALI,1,,,Gerur,Gerud,Tharali,,,MISSING,MISSING
FACILITY_4739355,1,4739355,UTTARAKHAND,CHAMOLI,NANDANAGAR,1,,,Manakhi,Manakhi,Ghat,,,MISSING,MISSING
FACILITY_5619887,1,5619887,UTTARAKHAND,CHAMOLI,GAIRSAIN,1,,,Nagali,Nagali,Gairsain,,,MISSING,MISSING
FACILITY_2321745,1,2321745,UTTARAKHAND,CHAMOLI,NARAYANBAGAR,1,,,Palchhuni,Palchhuni,Narayanbagar,,,MISSING,MISSING
FACILITY_5552260,1,5552260,UTTARAKHAND,CHAMOLI,NARAYANBAGAR,1,,,Ghatiyana Laga Dungri,Dungri,Narayanbagar,,,MISSING,MISSING
FACILITY_7889047,1,7889047,UTTARAKHAND,CHAMOLI,DASHOLI,2,Chamoli Gopeshwar-Municipality,Chamoli Gopeshwar (MB) -Gopeshwer Gaon Ward No.2,,,,,,MISSING,MISSING
FACILITY_1217529,1,1217529,UTTARAKHAND,CHAMOLI,NANDANAGAR,1,,,Kurar Gunth,Kurud Goonth,Ghat,,,MISSING,MISSING
FACILITY_6655797,1,6655797,UTTARAKHAND,CHAMOLI,GAIRSAIN,1,,,Sare Gwar,Saregwad,Gairsain,,,MISSING,MISSING
FACILITY_4848964,1,4848964,UTTARAKHAND,CHAMOLI,THARALI,1,,,Sunaun,Sunau Talla,Tharali,,,MISSING,MISSING
FACILITY_8345788,1,8345788,UTTARAKHAND,CHAMOLI,KARANPRAYAG,1,,,Sundar Gaon,Sundergaon,Karnaprayag,,,MISSING,MISSING
FACILITY_1085623,1,1085623,UTTARAKHAND,CHAMOLI,KARANPRAYAG,2,Gochar-Municipality,"Gochar (NP) -Shail, Basantpur Ghali Ward No.3",,,,,,MISSING,MISSING
FACILITY_6630117,1,6630117,UTTARAKHAND,CHAMOLI,Jyotirmath,1,,,Pandukaswar,Pandukeshar,Joshimath,,,MISSING,MISSING
FACILITY_2172353,4,2172353,UTTARAKHAND,CHAMOLI,Jyotirmath,1,,,Bharkichak-Urgam,Bharki,Joshimath,,,MISSING,MISSING
FACILITY_2466408,4,2466408,UTTARAKHAND,CHAMOLI,POKHARI,1,,,Gudam,Gudam,Pokhari,,,MISSING,MISSING
FACILITY_9833812,1,9833812,UTTARAKHAND,CHAMOLI,DASHOLI,2,PIPALKOTI-Town Panchayat,Peepalkoti (NP)- Naurakh Peepalkoti Ward No.1,,,,,,MISSING,MISSING
FACILITY_6417473,2,6417473,UTTARAKHAND,CHAMOLI,GAIRSAIN,1,,,Farson,Aagar,Gairsain,,,MISSING,MISSING
FACILITY_1672150,8,1672150,UTTARAKHAND,CHAMOLI,NARAYANBAGAR,1,,,Jhijhoni,Jhinjhoni,Narayanbagar,,,MISSING,MISSING
FACILITY_4055824,4,4055824,UTTARAKHAND,CHAMOLI,KARANPRAYAG,1,,,Siran,Siran,Karnaprayag,,,MISSING,MISSING
FACILITY_8443575,4,8443575,UTTARAKHAND,CHAMOLI,POKHARI,1,,,Tamundi,Tamundi,Pokhari,,,MISSING,MISSING
FACILITY_2121748,5,2121748,UTTARAKHAND,CHAMOLI,THARALI,1,,,Ratgaon Chak,Ratgaon,Tharali,,,MISSING,MISSING
FACILITY_5625782,7,5625782,UTTARAKHAND,CHAMOLI,DASHOLI,1,,,Durmi,Durmi,Dasholi,,,MISSING,MISSING
FACILITY_4151851,7,4151851,UTTARAKHAND,CHAMOLI,NANDANAGAR,1,,,Sung,Sung,Ghat,,,MISSING,MISSING
FACILITY_9720014,1,9720014,UTTARAKHAND,CHAMOLI,DEWAL,1,,,Melkhet,Mel Khet,Dewal,,,MISSING,MISSING
FACILITY_2242928,1,2242928,UTTARAKHAND,CHAMOLI,NANDANAGAR,1,,,Sema,Sema,Ghat,,,MISSING,MISSING
FACILITY_8440012,1,8440012,UTTARAKHAND,CHAMOLI,POKHARI,1,,,Rauta,Routa,Pokhari,,,MISSING,MISSING
FACILITY_8409152,1,8409152,UTTARAKHAND,CHAMOLI,THARALI,1,,,Vijaypur,Sera Vijaypur,Tharali,,,MISSING,MISSING
FACILITY_5000058,1,5000058,UTTARAKHAND,CHAMOLI,POKHARI,1,,,Khanni,Khanni,Pokhari,,,MISSING,MISSING
FACILITY_7942658,1,7942658,UTTARAKHAND,CHAMOLI,THARALI,1,,,Sunaun,Sunau Malla,Tharali,,,MISSING,MISSING
FACILITY_3397100,1,3397100,UTTARAKHAND,CHAMOLI,KARANPRAYAG,1,,,Gunad Sera,Sera Gad,Karnaprayag,,,MISSING,MISSING
FACILITY_8874420,3,8874420,UTTARAKHAND,CHAMOLI,DEHRADUN REGION,2,Joshimath-Municipality,Joshimath (MB) - Sunil Ward No.7,,,,,,MISSING,MISSING
FACILITY_9389443,1,9389443,UTTARAKHAND,CHAMOLI,KARANPRAYAG,1,,,Sunali,Sunali,Karnaprayag,,,MISSING,MISSING
FACILITY_3254104,1,3254104,UTTARAKHAND,CHAMOLI,KARANPRAYAG,1,,,Jakh,Jakh,Karnaprayag,,,MISSING,MISSING
FACILITY_7747536,1,7747536,UTTARAKHAND,CHAMOLI,Jyotirmath,2,Joshimath-Municipality,Joshimath (MB) - Uper Bazaar-Daando Ward No.6,,,,,,MISSING,MISSING
FACILITY_1956564,1,1956564,UTTARAKHAND,CHAMOLI,GAIRSAIN,1,,,Silanga/Silangi,Silanga,Gairsain,,,MISSING,MISSING
FACILITY_9821694,1,9821694,UTTARAKHAND,CHAMOLI,KARANPRAYAG,2,Karnaprayag-Municipality,Karnaprayag (NP) -Gaandhinagar Ward No.1,,,,,,MISSING,MISSING
FACILITY_3867568,1,3867568,UTTARAKHAND,CHAMOLI,NANDANAGAR,1,,,Kanol,Kanol,Ghat,,,MISSING,MISSING
FACILITY_7285769,4,7285769,UTTARAKHAND,CHAMOLI,POKHARI,1,,,Valli,Valli,Pokhari,,,MISSING,MISSING
FACILITY_2677012,4,2677012,UTTARAKHAND,CHAMOLI,THARALI,1,,,Main,Main,Tharali,,,MISSING,MISSING
FACILITY_4054814,2,4054814,UTTARAKHAND,CHAMOLI,KARANPRAYAG,2,Karnaprayag-Municipality,Karnaprayag (NP) - Uper Bazaar Ward No.7,,,,,,MISSING,MISSING
FACILITY_4284851,7,4284851,UTTARAKHAND,CHAMOLI,NARAYANBAGAR,1,,,Nalgaon Sirgur,Nal Gaon,Narayanbagar,,,MISSING,MISSING
FACILITY_5689455,7,5689455,UTTARAKHAND,CHAMOLI,KARANPRAYAG,1,,,Umrakot Urf Baidanu,Umrakot (Baidana),Karnaprayag,,,MISSING,MISSING
FACILITY_7959420,4,7959420,UTTARAKHAND,CHAMOLI,THARALI,1,,,Gwaldam State,Gwaldam,Tharali,,,MISSING,MISSING
FACILITY_6749423,1,6749423,UTTARAKHAND,CHAMOLI,GAIRSAIN,1,,,Rohira,Rohida,Gairsain,,,MISSING,MISSING
FACILITY_1510896,6,1510896,UTTARAKHAND,CHAMOLI,NANDANAGAR,1,,,Kumartoli,Kumjug,Ghat,,,MISSING,MISSING
FACILITY_2746066,1,2746066,UTTARAKHAND,CHAMOLI,NANDANAGAR,1,,,Pairi,Peri,Ghat,,,MISSING,MISSING
FACILITY_3981966,1,3981966,UTTARAKHAND,CHAMOLI,GAIRSAIN,1,,,Jhuma Khet Talla,Jhumakhet,Gairsain,,,MISSING,MISSING
FACILITY_2717162,1,2717162,UTTARAKHAND,CHAMOLI,NARAYANBAGAR,1,,,Kei Painti,Kein Penti,Narayanbagar,,,MISSING,MISSING
FACILITY_8089344,1,8089344,UTTARAKHAND,CHAMOLI,THARALI,1,,,Gwaldam State,Gwaldam,Tharali,,,MISSING,MISSING
FACILITY_6399550,1,6399550,UTTARAKHAND,CHAMOLI,GAIRSAIN,1,,,Dhamkar,Dhamkar,Gairsain,,,MISSING,MISSING
FACILITY_2144909,1,2144909,UTTARAKHAND,CHAMOLI,THARALI,1,,,Ratgaon Goonth,Ratgaon,Tharali,,,MISSING,MISSING
FACILITY_1562926,1,1562926,UTTARAKHAND,CHAMOLI,POKHARI,1,,,Dungar,Dungar,Pokhari,,,MISSING,MISSING
FACILITY_6636658,1,6636658,UTTARAKHAND,CHAMOLI,NANDANAGAR,1,,,Pagna,Pagna,Ghat,,,MISSING,MISSING
FACILITY_8153338,1,8153338,UTTARAKHAND,CHAMOLI,NARAYANBAGAR,1,,,Maroda,Maroda,Narayanbagar,,,MISSING,MISSING
FACILITY_8440848,1,8440848,UTTARAKHAND,CHAMOLI,KARANPRAYAG,1,,,Baskwali,Baskwali,Karnaprayag,,,MISSING,MISSING
FACILITY_7502883,1,7502883,UTTARAKHAND,CHAMOLI,DEWAL,1,,,Hat Kalyani,Hat Kalyani,Dewal,,,MISSING,MISSING
FACILITY_1994896,1,1994896,UTTARAKHAND,CHAMOLI,GAIRSAIN,1,,,Parawari,Parwari,Gairsain,,,MISSING,MISSING
FACILITY_1187959,1,1187959,UTTARAKHAND,CHAMOLI,DEWAL,1,,,Vaan,Van,Dewal,,,MISSING,MISSING
FACILITY_2466565,1,2466565,UTTARAKHAND,CHAMOLI,NANDANAGAR,1,,,Banswara,Banswada,Ghat,,,MISSING,MISSING
FACILITY_8709546,1,8709546,UTTARAKHAND,CHAMOLI,POKHARI,1,,,Girsa,Girasa,Pokhari,,,MISSING,MISSING
FACILITY_8694733,1,8694733,UTTARAKHAND,CHAMOLI,POKHARI,2,POKHRI-Town Panchayat,Pokhri (NP) -Vishaal Ward No. 5,,,,,,MISSING,MISSING
FACILITY_1959556,1,1959556,UTTARAKHAND,CHAMOLI,POKHARI,1,,,Dhamak,Dhamak,Pokhari,,,MISSING,MISSING
FACILITY_7535241,1,7535241,UTTARAKHAND,CHAMOLI,GAIRSAIN,1,,,Lam Bagar,Lambagar,Gairsain,,,MISSING,MISSING
FACILITY_4846774,1,4846774,UTTARAKHAND,CHAMOLI,NARAYANBAGAR,1,,,Kimoli,Kimoli,Narayanbagar,,,MISSING,MISSING
FACILITY_1947871,1,1947871,UTTARAKHAND,CHAMOLI,POKHARI,1,,,Rano,Ranau,Pokhari,,,MISSING,MISSING
FACILITY_6188919,5,6188919,UTTARAKHAND,CHAMOLI,Jyotirmath,1,,,Pandukaswar,Pandukeshar,Joshimath,,,MISSING,MISSING
FACILITY_9285948,4,9285948,UTTARAKHAND,CHAMOLI,Jyotirmath,1,,,Bhalgaon,Bhalagaon,Joshimath,,,MISSING,MISSING
FACILITY_4213259,1,4213259,UTTARAKHAND,CHAMOLI,Jyotirmath,1,,,Pakhi,Pakhi,Joshimath,,,MISSING,MISSING
FACILITY_8055552,7,8055552,UTTARAKHAND,CHAMOLI,KARANPRAYAG,1,,,Duwa,Duwa,Karnaprayag,,,MISSING,MISSING
FACILITY_1624504,5,1624504,UTTARAKHAND,CHAMOLI,THARALI,1,,,Partha Chak Kuni,Kuni Partha,Tharali,,,MISSING,MISSING
FACILITY_9184139,5,9184139,UTTARAKHAND,CHAMOLI,GAIRSAIN,1,,,Haragarh,Hargarh,Gairsain,,,MISSING,MISSING
FACILITY_1162288,5,1162288,UTTARAKHAND,CHAMOLI,Jyotirmath,2,Joshimath-Municipality,Joshimath (MB) - Uper Bazaar-Daando Ward No.6,,,,,,MISSING,MISSING
FACILITY_2194448,5,2194448,UTTARAKHAND,CHAMOLI,NARAYANBAGAR,1,,,Chopata,Chopta,Narayanbagar,,,MISSING,MISSING
FACILITY_1301064,2,1301064,UTTARAKHAND,CHAMOLI,KARANPRAYAG,2,Gochar-Municipality,"Gochar (NP) - Banderkhand, Dronagiri Ward No.7",,,,,,MISSING,MISSING
FACILITY_5948233,5,5948233,UTTARAKHAND,CHAMOLI,Jyotirmath,1,,,Ganai,Ganai,Joshimath,,,MISSING,MISSING
FACILITY_6177610,2,6177610,UTTARAKHAND,CHAMOLI,KARANPRAYAG,1,,,Tefna,Tefna,Karnaprayag,,,MISSING,MISSING
FACILITY_8564460,1,8564460,UTTARAKHAND,CHAMOLI,Jyotirmath,1,,,Malari,Malari,Joshimath,,,MISSING,MISSING
FACILITY_8539397,2,8539397,UTTARAKHAND,CHAMOLI,KARANPRAYAG,2,Karnaprayag-Municipality,Karnaprayag (NP) - Uper Bazaar Ward No.7,,,,,,MISSING,MISSING
FACILITY_3818141,1,3818141,UTTARAKHAND,CHAMOLI,Jyotirmath,1,,,Malari,Malari,Joshimath,,,MISSING,MISSING
FACILITY_5446504,1,5446504,UTTARAKHAND,CHAMOLI,NARAYANBAGAR,1,,,Gadkot,Garhkot,Narayanbagar,,,MISSING,MISSING
FACILITY_5849766,1,5849766,UTTARAKHAND,CHAMOLI,Jyotirmath,1,,,Dhak,Dhak,Joshimath,,,MISSING,MISSING
FACILITY_6549334,1,6549334,UTTARAKHAND,CHAMOLI,NARAYANBAGAR,1,,,Lodhala,Lodla,Narayanbagar,,,MISSING,MISSING
FACILITY_1153140,4,1153140,UTTARAKHAND,CHAMOLI,THARALI,2,Tharali-Town Panchayat,Tharali (NP) - Uper Bazaar Tharali Ward No. 3,,,,,,MISSING,MISSING
FACILITY_1103512,1,1103512,UTTARAKHAND,CHAMOLI,KARANPRAYAG,1,,,Kankhul Talla,Kankhul Talla,Karnaprayag,,,MISSING,MISSING
FACILITY_5302343,1,5302343,UTTARAKHAND,CHAMOLI,KARANPRAYAG,1,,,Siran,Siran,Karnaprayag,,,MISSING,MISSING
FACILITY_2345125,1,2345125,UTTARAKHAND,CHAMOLI,THARALI,1,,,Gwaldam State,Gwaldam,Tharali,,,MISSING,MISSING
FACILITY_7265750,2,7265750,UTTARAKHAND,CHAMOLI,KARANPRAYAG,2,Karnaprayag-Municipality,Karnaprayag (NP) -Tehseel Colony Ward No.4,,,,,,MISSING,MISSING
FACILITY_1357302,1,1357302,UTTARAKHAND,CHAMOLI,GAIRSAIN,1,,,Ruriya Tal,Ghandiyal,Gairsain,,,MISSING,MISSING
FACILITY_1806167,1,1806167,UTTARAKHAND,CHAMOLI,NARAYANBAGAR,1,,,Hans Koti,Hanskoti,Narayanbagar,,,MISSING,MISSING
FACILITY_9412716,1,9412716,UTTARAKHAND,CHAMOLI,DEWAL,1,,,Chaud,Chaud,Dewal,,,MISSING,MISSING
FACILITY_3431355,1,3431355,UTTARAKHAND,CHAMOLI,DASHOLI,1,,,Koteshwar,Banadwara,Dasholi,,,MISSING,MISSING
FACILITY_1096015,1,1096015,UTTARAKHAND,CHAMOLI,DASHOLI,1,,,Dungari,Dungri,Dasholi,,,MISSING,MISSING
FACILITY_3045824,4,3045824,UTTARAKHAND,CHAMOLI,Jyotirmath,1,,,Pandukaswar,Pandukeshar,Joshimath,,,MISSING,MISSING
FACILITY_8997235,5,8997235,UTTARAKHAND,CHAMOLI,NARAYANBAGAR,1,,,Hans Koti,Hanskoti,Narayanbagar,,,MISSING,MISSING
FACILITY_1891167,1,1891167,UTTARAKHAND,CHAMOLI,NANDANAGAR,1,,,Kanol,Kanol,Ghat,,,MISSING,MISSING
FACILITY_5472996,7,5472996,UTTARAKHAND,CHAMOLI,DEWAL,1,,,Beradhar,Beradhar,Dewal,,,MISSING,MISSING
FACILITY_4673452,4,4673452,UTTARAKHAND,CHAMOLI,DASHOLI,1,,,Ghorsal,Ghudshal,Dasholi,,,MISSING,MISSING
FACILITY_8726252,4,8726252,UTTARAKHAND,CHAMOLI,DASHOLI,1,,,Gauna Chak Dhar Kumala,Dharkumala,Dasholi,,,MISSING,MISSING
FACILITY_1750713,1,1750713,UTTARAKHAND,CHAMOLI,THARALI,1,,,Chepadon,Chepron,Tharali,,,MISSING,MISSING
FACILITY_2766295,1,2766295,UTTARAKHAND,CHAMOLI,NANDANAGAR,1,,,Luntara,Luntara,Ghat,,,MISSING,MISSING
FACILITY_1492991,2,1492991,UTTARAKHAND,CHAMOLI,POKHARI,2,POKHRI-Town Panchayat,Pokhri (NP) -Pokhri Lower Ward No. 2,,,,,,MISSING,MISSING
FACILITY_2438363,1,2438363,UTTARAKHAND,CHAMOLI,DEWAL,1,,,Bank,Bank,Dewal,,,MISSING,MISSING
FACILITY_7920886,1,7920886,UTTARAKHAND,CHAMOLI,POKHARI,1,,,Gugali,Gugali,Augustmuni,,,MISSING,MISSING
FACILITY_2379525,1,2379525,UTTARAKHAND,CHAMOLI,DASHOLI,1,,,Durmi,Durmi,Dasholi,,,MISSING,MISSING
FACILITY_9815029,1,9815029,UTTARAKHAND,CHAMOLI,THARALI,2,Tharali-Town Panchayat,Tharali (NP) - Uper Bazaar Tharali Ward No. 3,,,,,,MISSING,MISSING
FACILITY_6655969,1,6655969,UTTARAKHAND,CHAMOLI,Jyotirmath,2,Joshimath-Municipality,Joshimath (MB) - Painka-Maarwaadi Ward No.2,,,,,,MISSING,MISSING
FACILITY_5067253,1,5067253,UTTARAKHAND,CHAMOLI,POKHARI,1,,,Sarmola,Sarmola,Pokhari,,,MISSING,MISSING
FACILITY_3828252,1,3828252,UTTARAKHAND,CHAMOLI,NANDANAGAR,1,,,Charbang,Charbang,Ghat,,,MISSING,MISSING
FACILITY_4782039,2,4782039,UTTARAKHAND,CHAMOLI,KARANPRAYAG,2,Karnaprayag-Municipality,Karnaprayag (NP) -Subhas Nagar Simli Ward No.5,,,,,,MISSING,MISSING
FACILITY_8300719,1,8300719,UTTARAKHAND,CHAMOLI,KARANPRAYAG,1,,,Kameda,Kameda,Karnaprayag,,,MISSING,MISSING
FACILITY_2797225,1,2797225,UTTARAKHAND,CHAMOLI,GAIRSAIN,1,,,Beri Talli,Beditalli,Gairsain,,,MISSING,MISSING
FACILITY_1394088,1,1394088,UTTARAKHAND,CHAMOLI,GAIRSAIN,1,,,Bareth,Badeith,Gairsain,,,MISSING,MISSING
FACILITY_3549544,1,3549544,UTTARAKHAND,CHAMOLI,DASHOLI,2,Nandprayag-Town Panchayat,Nandprayag (NP) -Chandika Mohalla Ward No.4,,,,,,MISSING,MISSING
FACILITY_4442398,1,4442398,UTTARAKHAND,CHAMOLI,NARAYANBAGAR,1,,,Rains,Rains,Narayanbagar,,,MISSING,MISSING
FACILITY_5097335,1,5097335,UTTARAKHAND,CHAMOLI,GAIRSAIN,2,Gairsain-Town Panchayat,Gairsain (NP) -Koliyana Ward No. 5,,,,,,MISSING,MISSING
FACILITY_8211316,1,8211316,UTTARAKHAND,CHAMOLI,GAIRSAIN,1,,,Mehal Chauri,Mehal Chauri,Gairsain,,,MISSING,MISSING
FACILITY_3740651,1,3740651,UTTARAKHAND,CHAMOLI,KARANPRAYAG,1,,,Partoli,Kimoli,Karnaprayag,,,MISSING,MISSING
FACILITY_5798696,4,5798696,UTTARAKHAND,CHAMOLI,POKHARI,1,,,Tunji,Tonaji,Pokhari,,,MISSING,MISSING
FACILITY_8536995,1,8536995,UTTARAKHAND,CHAMOLI,NANDANAGAR,1,,,Sutol,Sutol,Ghat,,,MISSING,MISSING
FACILITY_3968931,4,3968931,UTTARAKHAND,CHAMOLI,DEWAL,1,,,Udaypur Laga Choting,Udaypur,Dewal,,,MISSING,MISSING
FACILITY_4992651,5,4992651,UTTARAKHAND,CHAMOLI,DASHOLI,2,PIPALKOTI-Town Panchayat,Peepalkoti (NP)- Naurakh Peepalkoti Ward No.1,,,,,,MISSING,MISSING
FACILITY_5028975,5,5028975,UTTARAKHAND,CHAMOLI,DEWAL,1,,,Lwani,Lwani,Dewal,,,MISSING,MISSING
FACILITY_1694658,4,1694658,UTTARAKHAND,CHAMOLI,KARANPRAYAG,1,,,Sunai,Sunai,Karnaprayag,,,MISSING,MISSING
FACILITY_3797981,1,3797981,UTTARAKHAND,CHAMOLI,DEWAL,1,,,Lingadi,Lingari,Dewal,,,MISSING,MISSING
FACILITY_6323320,4,6323320,UTTARAKHAND,CHAMOLI,GAIRSAIN,1,,,Syunimalli,Syuni Malli,Gairsain,,,MISSING,MISSING
FACILITY_9478223,5,9478223,UTTARAKHAND,CHAMOLI,POKHARI,1,,,Thalabair,Thala Beind,Pokhari,,,MISSING,MISSING
FACILITY_1567262,1,1567262,UTTARAKHAND,CHAMOLI,POKHARI,1,,,Rauta,Routa,Pokhari,,,MISSING,MISSING
FACILITY_3655550,1,3655550,UTTARAKHAND,CHAMOLI,DASHOLI,1,,,Majothi,Majothi,Dasholi,,,MISSING,MISSING
FACILITY_8708892,1,8708892,UTTARAKHAND,CHAMOLI,KARANPRAYAG,1,,,Khalyugwar,Bartoli,Karnaprayag,,,MISSING,MISSING
FACILITY_4440613,1,4440613,UTTARAKHAND,CHAMOLI,NANDANAGAR,1,,,Hina,Naini (Chopra Kot),Ghat,,,MISSING,MISSING
FACILITY_7842817,1,7842817,UTTARAKHAND,CHAMOLI,KARANPRAYAG,1,,,Nauti,Nauti,Karnaprayag,,,MISSING,MISSING
FACILITY_7938003,1,7938003,UTTARAKHAND,CHAMOLI,GAIRSAIN,1,,,Kulagar,Andrapa,Gairsain,,,MISSING,MISSING
FACILITY_8346412,10,8346412,UTTARAKHAND,CHAMOLI,DASHOLI,2,Chamoli Gopeshwar-Municipality,Chamoli Gopeshwar (MB) -Lower Bazaar Ward No.5,,,,,,MISSING,MISSING
FACILITY_3178149,1,3178149,UTTARAKHAND,CHAMOLI,DEWAL,1,,,Kheta Manvati,Kheta Manmati,Dewal,,,MISSING,MISSING
FACILITY_5666922,1,5666922,UTTARAKHAND,CHAMOLI,NANDANAGAR,1,,,Sainti Gunth,Sainti,Ghat,,,MISSING,MISSING
FACILITY_5535317,1,5535317,UTTARAKHAND,CHAMOLI,KARANPRAYAG,2,Karnaprayag-Municipality,Karnaprayag (NP) -Tehseel Colony Ward No.4,,,,,,MISSING,MISSING
FACILITY_5873649,1,5873649,UTTARAKHAND,CHAMOLI,GAIRSAIN,1,,,Kushrani Bichali,Kusrani Talli,Gairsain,,,MISSING,MISSING
FACILITY_3775571,1,3775571,UTTARAKHAND,CHAMOLI,GAIRSAIN,1,,,Haragarh,Hargarh,Gairsain,,,MISSING,MISSING
FACILITY_7263438,5,7263438,UTTARAKHAND,CHAMOLI,GAIRSAIN,1,,,Bareth,Badeith,Gairsain,,,MISSING,MISSING
FACILITY_4145591,5,4145591,UTTARAKHAND,CHAMOLI,NANDANAGAR,1,,,Banj Bagar,Ropa Semdugra,Dasholi,,,MISSING,MISSING
FACILITY_3257960,4,3257960,UTTARAKHAND,CHAMOLI,KARANPRAYAG,1,,,Bainoli,Benoli,Karnaprayag,,,MISSING,MISSING
FACILITY_4501174,4,4501174,UTTARAKHAND,CHAMOLI,THARALI,1,,,Chidanga State,Chidinga Malla,Tharali,,,MISSING,MISSING
FACILITY_3313925,4,3313925,UTTARAKHAND,CHAMOLI,POKHARI,1,,,Sugi,Sugi,Pokhari,,,MISSING,MISSING
FACILITY_3479460,7,3479460,UTTARAKHAND,CHAMOLI,THARALI,1,,,Sunaun,Sunau Malla,Tharali,,,MISSING,MISSING
FACILITY_3978944,1,3978944,UTTARAKHAND,CHAMOLI,KARANPRAYAG,1,,,Kharkholi,Khadgoli,Karnaprayag,,,MISSING,MISSING
FACILITY_6106197,4,6106197,UTTARAKHAND,CHAMOLI,KARANPRAYAG,1,,,Nakot Malla,Nakot,Karnaprayag,,,MISSING,MISSING
FACILITY_9033786,1,9033786,UTTARAKHAND,CHAMOLI,NARAYANBAGAR,1,,,Bed Gaon,Bedgaon,Narayanbagar,,,MISSING,MISSING
FACILITY_3649482,1,3649482,UTTARAKHAND,CHAMOLI,POKHARI,1,,,Majyari,Manjiyari,Bhilangna,,,MISSING,MISSING
FACILITY_9285112,1,9285112,UTTARAKHAND,CHAMOLI,GAIRSAIN,1,,,Melbagar,Ghandiyal,Gairsain,,,MISSING,MISSING
FACILITY_7999511,1,7999511,UTTARAKHAND,CHAMOLI,THARALI,1,,,Dungri,Dungri,Tharali,,,MISSING,MISSING
FACILITY_1903161,1,1903161,UTTARAKHAND,CHAMOLI,DASHOLI,1,,,Baunla,Boala,Dasholi,,,MISSING,MISSING
FACILITY_1707678,1,1707678,UTTARAKHAND,CHAMOLI,KARANPRAYAG,1,,,Dimar,Dimmar,Karnaprayag,,,MISSING,MISSING
FACILITY_3009375,1,3009375,UTTARAKHAND,CHAMOLI,POKHARI,1,,,Jakhmala,Pati Jakhmala,Pokhari,,,MISSING,MISSING
FACILITY_7069451,1,7069451,UTTARAKHAND,CHAMOLI,KARANPRAYAG,1,,,Deyarkot,Diyar Kot,Karnaprayag,,,MISSING,MISSING
FACILITY_7713540,1,7713540,UTTARAKHAND,CHAMOLI,GAIRSAIN,1,,,Peb,Pev,Gairsain,,,MISSING,MISSING
FACILITY_6148161,1,6148161,UTTARAKHAND,CHAMOLI,POKHARI,1,,,Tali,Gumsaani,Bajpur,,,MISSING,MISSING
FACILITY_2153663,1,2153663,UTTARAKHAND,CHAMOLI,POKHARI,1,,,Siwae,Siwai,Pokhari,,,MISSING,MISSING
FACILITY_6794162,1,6794162,UTTARAKHAND,CHAMOLI,NARAYANBAGAR,1,,,Bedula,Bedula,Narayanbagar,,,MISSING,MISSING
FACILITY_7365222,1,7365222,UTTARAKHAND,CHAMOLI,GAIRSAIN,1,,,Bareth,Badeith,Gairsain,,,MISSING,MISSING
FACILITY_1742171,1,1742171,UTTARAKHAND,CHAMOLI,KARANPRAYAG,1,,,Baratoli,Bartoli,Karnaprayag,,,MISSING,MISSING
FACILITY_7874670,1,7874670,UTTARAKHAND,CHAMOLI,NANDANAGAR,1,,,Sung,Sung,Ghat,,,MISSING,MISSING
FACILITY_3629097,4,3629097,UTTARAKHAND,CHAMOLI,POKHARI,1,,,Sauda Mangara,Soda Mangra,Pokhari,,,MISSING,MISSING
FACILITY_7369635,1,7369635,UTTARAKHAND,CHAMOLI,KARANPRAYAG,1,,,Dhanpur Khas,Olyagwad,Karnaprayag,,,MISSING,MISSING
FACILITY_6495039,7,6495039,UTTARAKHAND,CHAMOLI,DEWAL,1,,,Kheta Manvati,Kheta Manmati,Dewal,,,MISSING,MISSING
FACILITY_2748292,5,2748292,UTTARAKHAND,CHAMOLI,GAIRSAIN,1,,,Jinagor,Jingore,Gairsain,,,MISSING,MISSING
FACILITY_2756592,4,2756592,UTTARAKHAND,CHAMOLI,THARALI,1,,,Talwari Khalsa,Talwadi Khalsa,Tharali,,,MISSING,MISSING
FACILITY_3602283,4,3602283,UTTARAKHAND,CHAMOLI,Jyotirmath,1,,,Dhak,Dhak,Joshimath,,,MISSING,MISSING
FACILITY_5313318,4,5313318,UTTARAKHAND,CHAMOLI,THARALI,1,,,Paingadh,Pengarh,Tharali,,,MISSING,MISSING
FACILITY_6454765,4,6454765,UTTARAKHAND,CHAMOLI,GAIRSAIN,1,,,Devpuri,Devpuri,Gairsain,,,MISSING,MISSING
FACILITY_1809263,1,1809263,UTTARAKHAND,CHAMOLI,DASHOLI,1,,,Kana,Konj Pothani,Dasholi,,,MISSING,MISSING
FACILITY_8621109,1,8621109,UTTARAKHAND,CHAMOLI,POKHARI,1,,,Paini,Paini,Pokhari,,,MISSING,MISSING
FACILITY_3939260,1,3939260,UTTARAKHAND,CHAMOLI,THARALI,1,,,Mal,Kothar,Dwarikhal,,,MISSING,MISSING
FACILITY_7134679,1,7134679,UTTARAKHAND,CHAMOLI,KARANPRAYAG,1,,,Dungri,Dungri Jaspur,Karnaprayag,,,MISSING,MISSING
FACILITY_7693688,1,7693688,UTTARAKHAND,CHAMOLI,NARAYANBAGAR,1,,,Silodi,Mauna,Narayanbagar,,,MISSING,MISSING
FACILITY_6937665,1,6937665,UTTARAKHAND,CHAMOLI,Jyotirmath,1,,,Kalgoth,Kalgoth,Joshimath,,,MISSING,MISSING
FACILITY_1461990,1,1461990,UTTARAKHAND,CHAMOLI,NANDANAGAR,1,,,Kandai,Kandai,Ghat,,,MISSING,MISSING
FACILITY_8054517,1,8054517,UTTARAKHAND,CHAMOLI,DASHOLI,2,Nandprayag-Town Panchayat,Nandprayag (NP) -Chandika Mohalla Ward No.4,,,,,,MISSING,MISSING
FACILITY_8491633,1,8491633,UTTARAKHAND,CHAMOLI,NARAYANBAGAR,1,,,Dungri,Dungri,Narayanbagar,,,MISSING,MISSING
FACILITY_8749184,4,8749184,UTTARAKHAND,CHAMOLI,POKHARI,1,,,Khas Khal,Khal,Pokhari,,,MISSING,MISSING
FACILITY_1989257,1,1989257,UTTARAKHAND,CHAMOLI,DASHOLI,2,Chamoli Gopeshwar-Municipality,Chamoli Gopeshwar (MB) -Chamoli Chetrapaal Ward No.11,,,,,,MISSING,MISSING
FACILITY_2183882,7,2183882,UTTARAKHAND,CHAMOLI,Jyotirmath,1,,,Lanji,Pokhani,Joshimath,,,MISSING,MISSING
FACILITY_8146543,1,8146543,UTTARAKHAND,CHAMOLI,GAIRSAIN,1,,,Farson,Aagar,Gairsain,,,MISSING,MISSING
FACILITY_4642091,5,4642091,UTTARAKHAND,CHAMOLI,POKHARI,1,,,Raduva,Raduwa,Pokhari,,,MISSING,MISSING
FACILITY_9096696,1,9096696,UTTARAKHAND,CHAMOLI,POKHARI,1,,,Ali,Aali,Pokhari,,,MISSING,MISSING
FACILITY_3044422,1,3044422,UTTARAKHAND,CHAMOLI,GAIRSAIN,1,,,Pindawali,Pindwali,Gairsain,,,MISSING,MISSING
FACILITY_2342567,1,2342567,UTTARAKHAND,CHAMOLI,KARANPRAYAG,2,Karnaprayag-Municipality,Karnaprayag (NP) -Eda Badhaani Ward No.2,,,,,,MISSING,MISSING
FACILITY_8794652,1,8794652,UTTARAKHAND,CHAMOLI,THARALI,1,,,Trikot,Trikot,Tharali,,,MISSING,MISSING
FACILITY_9220297,1,9220297,UTTARAKHAND,CHAMOLI,KARANPRAYAG,1,,,Airwadi,Aeirwadi,Karnaprayag,,,MISSING,MISSING
FACILITY_3944765,1,3944765,UTTARAKHAND,CHAMOLI,DEWAL,1,,,Malla,Banudi,Dewal,,,MISSING,MISSING
FACILITY_4541834,1,4541834,UTTARAKHAND,CHAMOLI,NARAYANBAGAR,1,,,Sunabhi,Sunbhi,Narayanbagar,,,MISSING,MISSING
FACILITY_3369220,1,3369220,UTTARAKHAND,CHAMOLI,DASHOLI,1,,,Kunjonmaikot,Kujoun Maikot,Dasholi,,,MISSING,MISSING
FACILITY_1488198,1,1488198,UTTARAKHAND,CHAMOLI,GAIRSAIN,1,,,Pindawali,Pindwali,Gairsain,,,MISSING,MISSING
FACILITY_3162920,1,3162920,UTTARAKHAND,CHAMOLI,GAIRSAIN,1,,,Giratoli,Kaflodi,Gairsain,,,MISSING,MISSING
FACILITY_1063259,1,1063259,UTTARAKHAND,CHAMOLI,KARANPRAYAG,1,,,Bantoli,Bantoli,Karnaprayag,,,MISSING,MISSING
FACILITY_2614536,1,2614536,UTTARAKHAND,CHAMOLI,POKHARI,1,,,Pogatha,Pogtha,Pokhari,,,MISSING,MISSING
FACILITY_2821614,1,2821614,UTTARAKHAND,CHAMOLI,THARALI,1,,,Gugawa,Kakhada,Tharali,,,MISSING,MISSING
FACILITY_8532489,1,8532489,UTTARAKHAND,CHAMOLI,DASHOLI,1,,,Maithana,Maithana,Dasholi,,,MISSING,MISSING
FACILITY_3292053,1,3292053,UTTARAKHAND,CHAMOLI,GAIRSAIN,1,,,Kotha,Kota,Gairsain,,,MISSING,MISSING
FACILITY_4000266,1,4000266,UTTARAKHAND,CHAMOLI,NANDANAGAR,1,,,Nauna,Nauna Banala,Ghat,,,MISSING,MISSING
FACILITY_1851020,4,1851020,UTTARAKHAND,CHAMOLI,KARANPRAYAG,1,,,Dimar,Dimmar,Karnaprayag,,,MISSING,MISSING
FACILITY_8480335,1,8480335,UTTARAKHAND,CHAMOLI,Jyotirmath,1,,,Bheta Chak Urgam,Bhenta,Joshimath,,,MISSING,MISSING
FACILITY_9259484,1,9259484,UTTARAKHAND,CHAMOLI,NARAYANBAGAR,1,,,Chirkhun,Chirkhun,Narayanbagar,,,MISSING,MISSING
FACILITY_2154740,5,2154740,UTTARAKHAND,CHAMOLI,DASHOLI,1,,,Gawar,Gwad,Dasholi,,,MISSING,MISSING
FACILITY_8560151,1,8560151,UTTARAKHAND,CHAMOLI,POKHARI,1,,,Danda,Danda Malla,Champawat,,,MISSING,MISSING
FACILITY_5586451,4,5586451,UTTARAKHAND,CHAMOLI,KARANPRAYAG,1,,,Bidoli,Kankhul Talla,Karnaprayag,,,MISSING,MISSING
FACILITY_1389802,4,1389802,UTTARAKHAND,CHAMOLI,KARANPRAYAG,1,,,Kaldu (Kaleshwar),Kaleshwar,Karnaprayag,,,MISSING,MISSING
FACILITY_3252030,4,3252030,UTTARAKHAND,CHAMOLI,GAIRSAIN,1,,,Gaul,Gol,Gairsain,,,MISSING,MISSING
FACILITY_5755365,5,5755365,UTTARAKHAND,CHAMOLI,GAIRSAIN,2,Gairsain-Town Panchayat,Gairsain (NP) -Gairsain Pashchimi Bhaag Ward No. 4,,,,,,MISSING,MISSING
FACILITY_7890253,4,7890253,UTTARAKHAND,CHAMOLI,NANDANAGAR,1,,,Khunana,Khunana,Ghat,,,MISSING,MISSING
FACILITY_2310885,7,2310885,UTTARAKHAND,CHAMOLI,NARAYANBAGAR,1,,,Sankot,Sankot,Narayanbagar,,,MISSING,MISSING
FACILITY_8498572,7,8498572,UTTARAKHAND,CHAMOLI,KARANPRAYAG,1,,,Nauti,Nauti,Karnaprayag,,,MISSING,MISSING
FACILITY_6719352,1,6719352,UTTARAKHAND,CHAMOLI,THARALI,1,,,Gerur,Gerud,Tharali,,,MISSING,MISSING
FACILITY_2247655,4,2247655,UTTARAKHAND,CHAMOLI,Jyotirmath,2,Joshimath-Municipality,Joshimath (MB) - Singhdhaar Ward No.4,,,,,,MISSING,MISSING
FACILITY_9102550,7,9102550,UTTARAKHAND,CHAMOLI,KARANPRAYAG,1,,,Jhirkoti,Jhirkoti,Karnaprayag,,,MISSING,MISSING
FACILITY_7869219,1,7869219,UTTARAKHAND,CHAMOLI,NARAYANBAGAR,1,,,Paithani,Paithani,Narayanbagar,,,MISSING,MISSING
FACILITY_4128417,1,4128417,UTTARAKHAND,CHAMOLI,KARANPRAYAG,1,,,Jhirkoti,Jhirkoti,Karnaprayag,,,MISSING,MISSING
FACILITY_4854129,1,4854129,UTTARAKHAND,CHAMOLI,THARALI,1,,,Jola,Joula Budjola,Tharali,,,MISSING,MISSING
FACILITY_4661408,1,4661408,UTTARAKHAND,CHAMOLI,THARALI,1,,,Bunga,Kuridhar,Sult,,,MISSING,MISSING
FACILITY_5406305,1,5406305,UTTARAKHAND,CHAMOLI,GAIRSAIN,1,,,Taituna,Teituda,Gairsain,,,MISSING,MISSING
FACILITY_9911458,1,9911458,UTTARAKHAND,CHAMOLI,Jyotirmath,1,,,Jalam,Jelam,Joshimath,,,MISSING,MISSING
FACILITY_4843996,1,4843996,UTTARAKHAND,CHAMOLI,DASHOLI,1,,,Khainuri,Khainuri,Dasholi,,,MISSING,MISSING
FACILITY_2258670,1,2258670,UTTARAKHAND,CHAMOLI,Jyotirmath,2,Joshimath-Municipality,Joshimath (MB) - Sunil Ward No.7,,,,,,MISSING,MISSING
FACILITY_5905077,1,5905077,UTTARAKHAND,CHAMOLI,KARANPRAYAG,1,,,Kanda Maikhura,Kanda Maikhura,Karnaprayag,,,MISSING,MISSING
FACILITY_1963130,1,1963130,UTTARAKHAND,CHAMOLI,KARANPRAYAG,1,,,Kwagar Lagga Top,Bhatoli Ujjwalpur,Karnaprayag,,,MISSING,MISSING
FACILITY_1738465,1,1738465,UTTARAKHAND,CHAMOLI,NARAYANBAGAR,1,,,Chhenkuda,Chhekura,Narayanbagar,,,MISSING,MISSING
FACILITY_6004269,1,6004269,UTTARAKHAND,CHAMOLI,POKHARI,1,,,Jhiloti,Jhiloti,Pokhari,,,MISSING,MISSING
FACILITY_3953329,1,3953329,UTTARAKHAND,CHAMOLI,KARANPRAYAG,2,Karnaprayag-Municipality,Karnaprayag (NP) -Eda Badhaani Ward No.2,,,,,,MISSING,MISSING
FACILITY_1758912,1,1758912,UTTARAKHAND,CHAMOLI,GAIRSAIN,1,,,Saring Gaon,Diwadhar,Gairsain,,,MISSING,MISSING
FACILITY_5274148,6,5274148,UTTARAKHAND,CHAMOLI,NARAYANBAGAR,1,,,Narayan Bagad,Narayan Bagar,Narayanbagar,,,MISSING,MISSING
FACILITY_6726230,2,6726230,UTTARAKHAND,CHAMOLI,DASHOLI,2,PIPALKOTI-Town Panchayat,Peepalkoti (NP)- Batula-Mayapur Ward No.4,,,,,,MISSING,MISSING
FACILITY_8326723,1,8326723,UTTARAKHAND,CHAMOLI,NARAYANBAGAR,1,,,Bunga,Boonga,Narayanbagar,,,MISSING,MISSING
FACILITY_7281157,1,7281157,UTTARAKHAND,CHAMOLI,NARAYANBAGAR,1,,,Kevar Talla,Kewar Malla,Narayanbagar,,,MISSING,MISSING
FACILITY_2118344,1,2118344,UTTARAKHAND,CHAMOLI,GAIRSAIN,1,,,Devpuri,Devpuri,Gairsain,,,MISSING,MISSING
FACILITY_2465804,7,2465804,UTTARAKHAND,CHAMOLI,NANDANAGAR,1,,,Sarpani,Sarpani,Ghat,,,MISSING,MISSING
FACILITY_2325909,2,2325909,UTTARAKHAND,CHAMOLI,THARALI,1,,,Kulsari,Kulsari,Tharali,,,MISSING,MISSING
FACILITY_2995074,4,2995074,UTTARAKHAND,CHAMOLI,DASHOLI,1,,,Kamyar,Salla Retoli,Dasholi,,,MISSING,MISSING
FACILITY_2548990,5,2548990,UTTARAKHAND,CHAMOLI,NARAYANBAGAR,1,,,Kaub,Kaub,Narayanbagar,,,MISSING,MISSING
FACILITY_8268540,4,8268540,UTTARAKHAND,CHAMOLI,DEWAL,1,,,Harmal,Harmal,Dewal,,,MISSING,MISSING
FACILITY_3412381,4,3412381,UTTARAKHAND,CHAMOLI,DEWAL,1,,,Suiyya,Suieya,Dewal,,,MISSING,MISSING
FACILITY_6894529,4,6894529,UTTARAKHAND,CHAMOLI,NANDANAGAR,1,,,Sema,Sema,Ghat,,,MISSING,MISSING
FACILITY_3848816,4,3848816,UTTARAKHAND,CHAMOLI,DASHOLI,1,,,Ropa,Ropa,Dasholi,,,MISSING,MISSING
FACILITY_7214177,1,7214177,UTTARAKHAND,CHAMOLI,KARANPRAYAG,1,,,Kharkholi,Khadgoli,Karnaprayag,,,MISSING,MISSING
FACILITY_3144363,1,3144363,UTTARAKHAND,CHAMOLI,DASHOLI,1,,,Syuna,Syuna,Dasholi,,,MISSING,MISSING
FACILITY_6429263,1,6429263,UTTARAKHAND,CHAMOLI,Jyotirmath,1,,,Payya Chormi,Baragaon,Joshimath,,,MISSING,MISSING
FACILITY_6814163,1,6814163,UTTARAKHAND,CHAMOLI,THARALI,1,,,Dharwaram,Dharbaram,Tharali,,,MISSING,MISSING
FACILITY_3323376,1,3323376,UTTARAKHAND,CHAMOLI,Jyotirmath,1,,,Lata,Lata,Joshimath,,,MISSING,MISSING
FACILITY_1126996,1,1126996,UTTARAKHAND,CHAMOLI,GAIRSAIN,1,,,Kotha,Kota,Gairsain,,,MISSING,MISSING
FACILITY_1797898,1,1797898,UTTARAKHAND,CHAMOLI,Jyotirmath,1,,,Dwing,Dwing Tapaun,Joshimath,,,MISSING,MISSING
FACILITY_7507974,1,7507974,UTTARAKHAND,CHAMOLI,DEWAL,1,,,Palwara Laga Odar,Palwara,Dewal,,,MISSING,MISSING
FACILITY_8296114,1,8296114,UTTARAKHAND,CHAMOLI,POKHARI,1,,,Kalsir,Kalsir,Pokhari,,,MISSING,MISSING
FACILITY_3413183,1,3413183,UTTARAKHAND,CHAMOLI,GAIRSAIN,1,,,Andrapa,Andrapa,Gairsain,,,MISSING,MISSING
FACILITY_2494514,1,2494514,UTTARAKHAND,CHAMOLI,Jyotirmath,1,,,Pagnau,Pagno,Joshimath,,,MISSING,MISSING
FACILITY_1659652,1,1659652,UTTARAKHAND,CHAMOLI,Jyotirmath,1,,,Salud,Salud Dungra,Joshimath,,,MISSING,MISSING
FACILITY_8402256,1,8402256,UTTARAKHAND,CHAMOLI,Jyotirmath,2,Joshimath-Municipality,Joshimath (MB) - Sunil Ward No.7,,,,,,MISSING,MISSING
FACILITY_6846802,1,6846802,UTTARAKHAND,CHAMOLI,DEWAL,1,,,Balan Chack Bhrikuti,Balan,Dewal,,,MISSING,MISSING
FACILITY_6351958,1,6351958,UTTARAKHAND,CHAMOLI,GAIRSAIN,2,Gairsain-Town Panchayat,Gairsain (NP) -Koliyana Ward No. 5,,,,,,MISSING,MISSING
FACILITY_7749304,1,7749304,UTTARAKHAND,CHAMOLI,GAIRSAIN,1,,,Malai,Malai,Gairsain,,,MISSING,MISSING
FACILITY_4760414,1,4760414,UTTARAKHAND,CHAMOLI,NANDANAGAR,1,,,Bura,Bura,Ghat,,,MISSING,MISSING
FACILITY_5669468,2,5669468,UTTARAKHAND,CHAMOLI,DEWAL,1,,,Silkhola Laga Ichchholi,Dewal (Selkhola),Dewal,,,MISSING,MISSING
FACILITY_7911226,4,7911226,UTTARAKHAND,CHAMOLI,DEWAL,1,,,Kandai,Kandai,Dewal,,,MISSING,MISSING
FACILITY_1569985,7,1569985,UTTARAKHAND,CHAMOLI,POKHARI,1,,,Beena,Beena,Dhauladevi,,,MISSING,MISSING
FACILITY_3567829,1,3567829,UTTARAKHAND,CHAMOLI,POKHARI,1,,,Raduva,Raduwa,Pokhari,,,MISSING,MISSING
FACILITY_8804136,1,8804136,UTTARAKHAND,CHAMOLI,THARALI,1,,,Suna,Soona,Tharali,,,MISSING,MISSING
FACILITY_7054889,4,7054889,UTTARAKHAND,CHAMOLI,KARANPRAYAG,1,,,Charkhilgwar,Sunak,Karnaprayag,,,MISSING,MISSING
FACILITY_4679673,4,4679673,UTTARAKHAND,CHAMOLI,GAIRSAIN,1,,,Kot,Kot,Gairsain,,,MISSING,MISSING
FACILITY_4116285,4,4116285,UTTARAKHAND,CHAMOLI,NARAYANBAGAR,1,,,Chopata,Chopta,Narayanbagar,,,MISSING,MISSING
FACILITY_9671263,5,9671263,UTTARAKHAND,CHAMOLI,KARANPRAYAG,1,,,Nauti,Nauti,Karnaprayag,,,MISSING,MISSING
FACILITY_5192250,7,5192250,UTTARAKHAND,CHAMOLI,NARAYANBAGAR,1,,,Jhijhoni,Jhinjhoni,Narayanbagar,,,MISSING,MISSING
FACILITY_4304615,4,4304615,UTTARAKHAND,CHAMOLI,POKHARI,1,,,Trishula,Trishula,Pokhari,,,MISSING,MISSING
FACILITY_9400910,4,9400910,UTTARAKHAND,CHAMOLI,DASHOLI,1,,,Kunkuli,Bairagana,Dasholi,,,MISSING,MISSING
FACILITY_1414405,5,1414405,UTTARAKHAND,CHAMOLI,GAIRSAIN,1,,,Silapata,Langtain (Silpata),Gairsain,,,MISSING,MISSING
FACILITY_1303435,4,1303435,UTTARAKHAND,CHAMOLI,THARALI,1,,,Gumad Laga Gerud,Gudam,Tharali,,,MISSING,MISSING
FACILITY_3416496,5,3416496,UTTARAKHAND,CHAMOLI,KARANPRAYAG,1,,,Kamera,Kameda(Choki),Karnaprayag,,,MISSING,MISSING
FACILITY_9792384,2,9792384,UTTARAKHAND,CHAMOLI,NARAYANBAGAR,1,,,Panti,Panti,Narayanbagar,,,MISSING,MISSING
FACILITY_3687401,1,3687401,UTTARAKHAND,CHAMOLI,DASHOLI,1,,,Kathur,Kathud,Dasholi,,,MISSING,MISSING
FACILITY_9525262,1,9525262,UTTARAKHAND,CHAMOLI,GAIRSAIN,1,,,Randoli,Randoli,Gairsain,,,MISSING,MISSING
FACILITY_9650827,1,9650827,UTTARAKHAND,CHAMOLI,KARANPRAYAG,1,,,Chaudali,Chaundali,Karnaprayag,,,MISSING,MISSING
FACILITY_7328915,1,7328915,UTTARAKHAND,CHAMOLI,GAIRSAIN,2,Gairsain-Town Panchayat,Gairsain (NP) -Senji Ward No. 7,,,,,,MISSING,MISSING
FACILITY_8355171,1,8355171,UTTARAKHAND,CHAMOLI,KARANPRAYAG,1,,,Dugalwali,Dhungalwali,Karnaprayag,,,MISSING,MISSING
FACILITY_9152790,1,9152790,UTTARAKHAND,CHAMOLI,Jyotirmath,1,,,Darmi,Ganai,Joshimath,,,MISSING,MISSING
FACILITY_7493766,1,7493766,UTTARAKHAND,CHAMOLI,DEWAL,1,,,Tajpur Laga Kandai,Tajpur,Dewal,,,MISSING,MISSING
FACILITY_9057715,2,9057715,UTTARAKHAND,CHAMOLI,DASHOLI,2,Chamoli Gopeshwar-Municipality,Chamoli Gopeshwar (MB) -Naigwaad Ward No.8,,,,,,MISSING,MISSING
FACILITY_3216315,1,3216315,UTTARAKHAND,CHAMOLI,NARAYANBAGAR,1,,,Nalgaon Sirgur,Nal Gaon,Narayanbagar,,,MISSING,MISSING
FACILITY_7480035,1,7480035,UTTARAKHAND,CHAMOLI,KARANPRAYAG,1,,,Dhanai Laga,Dhanai,Karnaprayag,,,MISSING,MISSING
FACILITY_2060347,1,2060347,UTTARAKHAND,CHAMOLI,POKHARI,1,,,Godi Giwala,Godi Giwala,Pokhari,,,MISSING,MISSING
FACILITY_7610348,1,7610348,UTTARAKHAND,CHAMOLI,POKHARI,1,,,Dhamak,Dhamak,Pokhari,,,MISSING,MISSING
FACILITY_3860816,1,3860816,UTTARAKHAND,CHAMOLI,THARALI,2,Tharali-Town Panchayat,Tharali (NP) - Devrada Ward No. 2,,,,,,MISSING,MISSING
FACILITY_8170979,2,8170979,UTTARAKHAND,CHAMOLI,GAIRSAIN,1,,,Mehal Chauri,Mehal Chauri,Gairsain,,,MISSING,MISSING
FACILITY_6130930,1,6130930,UTTARAKHAND,CHAMOLI,NARAYANBAGAR,1,,,Chopata,Chopta,Narayanbagar,,,MISSING,MISSING
FACILITY_6267208,1,6267208,UTTARAKHAND,CHAMOLI,POKHARI,1,,,Sarna,Sharana,Pokhari,,,MISSING,MISSING
FACILITY_9829271,1,9829271,UTTARAKHAND,CHAMOLI,Jyotirmath,1,,,Pandukaswar,Pandukeshar,Joshimath,,,MISSING,MISSING
FACILITY_2984786,1,2984786,UTTARAKHAND,CHAMOLI,DASHOLI,2,Chamoli Gopeshwar-Municipality,Chamoli Gopeshwar (MB) -Lower Bazaar Ward No.5,,,,,,MISSING,MISSING
FACILITY_1030091,1,1030091,UTTARAKHAND,CHAMOLI,NARAYANBAGAR,1,,,Sunabhi,Sunbhi,Narayanbagar,,,MISSING,MISSING
FACILITY_3625401,4,3625401,UTTARAKHAND,CHAMOLI,NARAYANBAGAR,1,,,Hans Koti,Hanskoti,Narayanbagar,,,MISSING,MISSING
FACILITY_1718762,7,1718762,UTTARAKHAND,CHAMOLI,Jyotirmath,1,,,Thaing,Theing,Joshimath,,,MISSING,MISSING
FACILITY_3092843,4,3092843,UTTARAKHAND,CHAMOLI,GAIRSAIN,1,,,Sarkot,Sarkot,Gairsain,,,MISSING,MISSING
FACILITY_3347368,4,3347368,UTTARAKHAND,CHAMOLI,NARAYANBAGAR,1,,,Angtoli,Angtoli,Narayanbagar,,,MISSING,MISSING
FACILITY_6979163,4,6979163,UTTARAKHAND,CHAMOLI,NANDANAGAR,1,,,Banswara,Banswada,Ghat,,,MISSING,MISSING
FACILITY_1933958,5,1933958,UTTARAKHAND,CHAMOLI,GAIRSAIN,1,,,Kunigar Malli,Kunigad Malli,Gairsain,,,MISSING,MISSING
FACILITY_8597625,4,8597625,UTTARAKHAND,CHAMOLI,POKHARI,1,,,Gugali,Gugali,Augustmuni,,,MISSING,MISSING
FACILITY_2808694,5,2808694,UTTARAKHAND,CHAMOLI,GAIRSAIN,1,,,Panchali,Panchali,Gairsain,,,MISSING,MISSING
FACILITY_9053056,1,9053056,UTTARAKHAND,CHAMOLI,DASHOLI,1,,,Lasi,Lasee,Dasholi,,,MISSING,MISSING
FACILITY_8578560,1,8578560,UTTARAKHAND,CHAMOLI,NANDANAGAR,1,,,Kanol,Kanol,Ghat,,,MISSING,MISSING
FACILITY_1022466,1,1022466,UTTARAKHAND,CHAMOLI,Jyotirmath,1,,,Dhak,Dhak,Joshimath,,,MISSING,MISSING
FACILITY_6263131,1,6263131,UTTARAKHAND,CHAMOLI,Jyotirmath,1,,,Tangni Malli,Tangani Malli,Joshimath,,,MISSING,MISSING
FACILITY_1489194,1,1489194,UTTARAKHAND,CHAMOLI,DEWAL,1,,,Dharkot Laga Suiyya,Dharkot Suiya,Dewal,,,MISSING,MISSING
FACILITY_5553910,1,5553910,UTTARAKHAND,CHAMOLI,Jyotirmath,1,,,Palla,Jakhola,Joshimath,,,MISSING,MISSING
FACILITY_7665940,1,7665940,UTTARAKHAND,CHAMOLI,NARAYANBAGAR,1,,,Seeri,Siri,Narayanbagar,,,MISSING,MISSING
FACILITY_3247776,1,3247776,UTTARAKHAND,CHAMOLI,GAIRSAIN,1,,,Maikholi,Maikholi,Gairsain,,,MISSING,MISSING
FACILITY_8383272,1,8383272,UTTARAKHAND,CHAMOLI,GAIRSAIN,1,,,Kandari Khor,Kandari Khor,Gairsain,,,MISSING,MISSING
FACILITY_2777635,1,2777635,UTTARAKHAND,CHAMOLI,NANDANAGAR,1,,,Sutol,Sutol,Ghat,,,MISSING,MISSING
FACILITY_6779996,1,6779996,UTTARAKHAND,CHAMOLI,Jyotirmath,1,,,Kalgoth,Kalgoth,Joshimath,,,MISSING,MISSING
FACILITY_1688315,1,1688315,UTTARAKHAND,CHAMOLI,NARAYANBAGAR,1,,,Chidanga Talla,Chidinga Talla,Narayanbagar,,,MISSING,MISSING
FACILITY_4352601,1,4352601,UTTARAKHAND,CHAMOLI,DASHOLI,1,,,Pilang Chatoli,Pilang,Dasholi,,,MISSING,MISSING
FACILITY_3079887,2,3079887,UTTARAKHAND,CHAMOLI,DEWAL,1,,,Silkhola Laga Ichchholi,Dewal (Selkhola),Dewal,,,MISSING,MISSING
FACILITY_2852155,2,2852155,UTTARAKHAND,CHAMOLI,GAIRSAIN,1,,,Kot,Kot,Gairsain,,,MISSING,MISSING
FACILITY_9905861,5,9905861,UTTARAKHAND,CHAMOLI,KARANPRAYAG,2,Gochar-Municipality,"Gochar (NP) -Shail, Basantpur Ghali Ward No.3",,,,,,MISSING,MISSING
FACILITY_5714816,1,5714816,UTTARAKHAND,CHAMOLI,Jyotirmath,1,,,Gulabkoti,Gulab Koti,Joshimath,,,MISSING,MISSING
FACILITY_1307651,1,1307651,UTTARAKHAND,CHAMOLI,DASHOLI,1,,,Mandal,Mandal,Dasholi,,,MISSING,MISSING
FACILITY_7970995,5,7970995,UTTARAKHAND,CHAMOLI,GAIRSAIN,1,,,Pajyana,Panjyana,Gairsain,,,MISSING,MISSING
FACILITY_3447894,4,3447894,UTTARAKHAND,CHAMOLI,DASHOLI,1,,,Semdugara,Semdungra,Dasholi,,,MISSING,MISSING
FACILITY_3783467,7,3783467,UTTARAKHAND,CHAMOLI,KARANPRAYAG,1,,,Chula,Chula,Karnaprayag,,,MISSING,MISSING
FACILITY_3499661,8,3499661,UTTARAKHAND,CHAMOLI,NARAYANBAGAR,1,,,Kafoli Malli,Kafoli,Narayanbagar,,,MISSING,MISSING
FACILITY_4855932,5,4855932,UTTARAKHAND,CHAMOLI,DASHOLI,1,,,Gauhana,Gauna,Dasholi,,,MISSING,MISSING
FACILITY_6479396,1,6479396,UTTARAKHAND,CHAMOLI,Jyotirmath,1,,,Langsi,Langasi,Joshimath,,,MISSING,MISSING
FACILITY_1606632,1,1606632,UTTARAKHAND,CHAMOLI,NANDANAGAR,1,,,Luntara,Luntara,Ghat,,,MISSING,MISSING
FACILITY_6407718,1,6407718,UTTARAKHAND,CHAMOLI,POKHARI,1,,,Kandalaga Kwidhi,Kanda,Pokhari,,,MISSING,MISSING
FACILITY_1943144,1,1943144,UTTARAKHAND,CHAMOLI,NARAYANBAGAR,1,,,Mona Gwar,Angtoli,Narayanbagar,,,MISSING,MISSING
FACILITY_9202938,1,9202938,UTTARAKHAND,CHAMOLI,DASHOLI,1,,,Pana,Pana,Dasholi,,,MISSING,MISSING
FACILITY_9089261,1,9089261,UTTARAKHAND,CHAMOLI,GAIRSAIN,1,,,Gogana Talla,Gogna Malla,Gairsain,,,MISSING,MISSING
FACILITY_7631149,8,7631149,UTTARAKHAND,CHAMOLI,NARAYANBAGAR,1,,,Gairwaram,Gair Baram,Narayanbagar,,,MISSING,MISSING
FACILITY_4427191,1,4427191,UTTARAKHAND,CHAMOLI,DASHOLI,2,Chamoli Gopeshwar-Municipality,Chamoli Gopeshwar (MB) -Chamoli Chetrapaal Ward No.11,,,,,,MISSING,MISSING
FACILITY_7118372,1,7118372,UTTARAKHAND,CHAMOLI,KARANPRAYAG,1,,,Sainu,Seinu,Karnaprayag,,,MISSING,MISSING
FACILITY_1772679,1,1772679,UTTARAKHAND,CHAMOLI,DASHOLI,1,,,Bandwara,Banadwara,Dasholi,,,MISSING,MISSING
FACILITY_1133942,1,1133942,UTTARAKHAND,CHAMOLI,THARALI,1,,,Gwaldam State,Gwaldam,Tharali,,,MISSING,MISSING
FACILITY_1267991,1,1267991,UTTARAKHAND,CHAMOLI,DASHOLI,1,,,Mason,Mason,Dasholi,,,MISSING,MISSING
FACILITY_1118379,1,1118379,UTTARAKHAND,CHAMOLI,Jyotirmath,1,,,Ganai,Ganai,Joshimath,,,MISSING,MISSING
FACILITY_9131596,1,9131596,UTTARAKHAND,CHAMOLI,NARAYANBAGAR,1,,,Kothara,Kothra,Narayanbagar,,,MISSING,MISSING
FACILITY_4206155,1,4206155,UTTARAKHAND,CHAMOLI,KARANPRAYAG,1,,,Dothla,Dothla,Karnaprayag,,,MISSING,MISSING
FACILITY_1116139,1,1116139,UTTARAKHAND,CHAMOLI,DASHOLI,1,,,Dhogarikandai,Dogdi Kandaie,Dasholi,,,MISSING,MISSING
FACILITY_1961414,1,1961414,UTTARAKHAND,CHAMOLI,Jyotirmath,2,Joshimath-Municipality,Joshimath (MB) - Ravigram Ward No.9,,,,,,MISSING,MISSING
FACILITY_4898449,2,4898449,UTTARAKHAND,CHAMOLI,NARAYANBAGAR,1,,,Narayan Bagad,Narayan Bagar,Narayanbagar,,,MISSING,MISSING
FACILITY_5582604,2,5582604,UTTARAKHAND,CHAMOLI,Jyotirmath,1,,,Pandukaswar,Pandukeshar,Joshimath,,,MISSING,MISSING
FACILITY_2917374,1,2917374,UTTARAKHAND,CHAMOLI,NARAYANBAGAR,1,,,Maltura,Maltura,Narayanbagar,,,MISSING,MISSING
FACILITY_6310921,1,6310921,UTTARAKHAND,CHAMOLI,DASHOLI,1,,,Hat,Hat,Dasholi,,,MISSING,MISSING
FACILITY_2915212,2,2915212,UTTARAKHAND,CHAMOLI,KARANPRAYAG,2,Gochar-Municipality,"Gochar (NP) -Panaai Talli, Palsaari Ward No.4",,,,,,MISSING,MISSING
FACILITY_5404364,4,5404364,UTTARAKHAND,CHAMOLI,POKHARI,2,POKHRI-Town Panchayat,Pokhri (NP) -Pokhri Lower Ward No. 2,,,,,,MISSING,MISSING
FACILITY_6117397,5,6117397,UTTARAKHAND,CHAMOLI,THARALI,1,,,Sunaun,Sunau Talla,Tharali,,,MISSING,MISSING
FACILITY_6777908,4,6777908,UTTARAKHAND,CHAMOLI,Jyotirmath,2,Joshimath-Municipality,Joshimath (MB) - Painka-Maarwaadi Ward No.2,,,,,,MISSING,MISSING
FACILITY_2194884,4,2194884,UTTARAKHAND,CHAMOLI,NANDANAGAR,1,,,Parnmati,Kanol,Ghat,,,MISSING,MISSING
FACILITY_9872013,4,9872013,UTTARAKHAND,CHAMOLI,GAIRSAIN,1,,,Giratoli,Kaflodi,Gairsain,,,MISSING,MISSING
FACILITY_3077101,7,3077101,UTTARAKHAND,CHAMOLI,GAIRSAIN,1,,,Ghuma Khet Malla,Jhumakhet,Gairsain,,,MISSING,MISSING
FACILITY_7185135,8,7185135,UTTARAKHAND,CHAMOLI,DASHOLI,1,,,Syuna,Syuna,Dasholi,,,MISSING,MISSING
FACILITY_1400756,1,1400756,UTTARAKHAND,CHAMOLI,GAIRSAIN,1,,,Pyura,Pyura,Gairsain,,,MISSING,MISSING
FACILITY_3559706,4,3559706,UTTARAKHAND,CHAMOLI,DASHOLI,1,,,Sainji,Siron,Dasholi,,,MISSING,MISSING
FACILITY_1198343,1,1198343,UTTARAKHAND,CHAMOLI,Jyotirmath,1,,,Salna Chak Urgam,Lyari Theina,Joshimath,,,MISSING,MISSING
FACILITY_2411900,1,2411900,UTTARAKHAND,CHAMOLI,NARAYANBAGAR,1,,,Swan Talla,Naini,Narayanbagar,,,MISSING,MISSING
FACILITY_3291016,1,3291016,UTTARAKHAND,CHAMOLI,DEWAL,1,,,Naldhura,Naldhura,Dewal,,,MISSING,MISSING
FACILITY_5963205,1,5963205,UTTARAKHAND,CHAMOLI,NARAYANBAGAR,1,,,Kevar Talla,Kewar Malla,Narayanbagar,,,MISSING,MISSING
FACILITY_4747136,1,4747136,UTTARAKHAND,CHAMOLI,DASHOLI,1,,,Math Jhadeta,Math Jhadeta,Dasholi,,,MISSING,MISSING
FACILITY_7486229,1,7486229,UTTARAKHAND,CHAMOLI,GAIRSAIN,1,,,Kuneli Laga Marora,Maroda,Gairsain,,,MISSING,MISSING
FACILITY_6004342,1,6004342,UTTARAKHAND,CHAMOLI,DASHOLI,1,,,Pagana,Pagna,Dasholi,,,MISSING,MISSING
FACILITY_9950226,1,9950226,UTTARAKHAND,CHAMOLI,Jyotirmath,1,,,Mana,Mana,Joshimath,,,MISSING,MISSING
FACILITY_7634909,1,7634909,UTTARAKHAND,CHAMOLI,NARAYANBAGAR,1,,,Panti,Panti,Narayanbagar,,,MISSING,MISSING
FACILITY_3909481,1,3909481,UTTARAKHAND,CHAMOLI,THARALI,1,,,Banoli,Banoli,Dwarahat,,,MISSING,MISSING
FACILITY_3528830,1,3528830,UTTARAKHAND,CHAMOLI,GAIRSAIN,1,,,Rohira,Rohida,Gairsain,,,MISSING,MISSING
FACILITY_5050864,1,5050864,UTTARAKHAND,CHAMOLI,POKHARI,1,,,Bhaduda,Bhaduda,Pokhari,,,MISSING,MISSING
FACILITY_5360420,1,5360420,UTTARAKHAND,CHAMOLI,DASHOLI,2,Chamoli Gopeshwar-Municipality,Chamoli Gopeshwar (MB) -Chamoli Chetrapaal Ward No.11,,,,,,MISSING,MISSING
FACILITY_5163264,1,5163264,UTTARAKHAND,CHAMOLI,GAIRSAIN,1,,,Kirasal,Kirsal,Gairsain,,,MISSING,MISSING
FACILITY_6215214,1,6215214,UTTARAKHAND,CHAMOLI,POKHARI,1,,,Kujasu,Kujasu,Pokhari,,,MISSING,MISSING
FACILITY_5517450,1,5517450,UTTARAKHAND,CHAMOLI,GAIRSAIN,1,,,Chhari Sain,Chhadisen,Gairsain,,,MISSING,MISSING
FACILITY_3914494,11,3914494,UTTARAKHAND,CHAMOLI,GAIRSAIN,1,,,Kheti,Kheti,Gairsain,,,MISSING,MISSING
FACILITY_6395467,4,6395467,UTTARAKHAND,CHAMOLI,KARANPRAYAG,1,,,Gwad,Jaikandi (Barsoli),Karnaprayag,,,MISSING,MISSING
FACILITY_4270841,4,4270841,UTTARAKHAND,CHAMOLI,Jyotirmath,1,,,Subhai,Subhai,Joshimath,,,MISSING,MISSING
FACILITY_8492355,7,8492355,UTTARAKHAND,CHAMOLI,DASHOLI,2,Chamoli Gopeshwar-Municipality,Chamoli Gopeshwar (MB) -Naigwaad Ward No.8,,,,,,MISSING,MISSING
FACILITY_3820617,4,3820617,UTTARAKHAND,CHAMOLI,GAIRSAIN,1,,,Rohira,Rohida,Gairsain,,,MISSING,MISSING
FACILITY_5571340,1,5571340,UTTARAKHAND,CHAMOLI,NANDANAGAR,1,,,Jakhni,Jakhani,Ghat,,,MISSING,MISSING
FACILITY_4180327,4,4180327,UTTARAKHAND,CHAMOLI,NARAYANBAGAR,1,,,Kimoli,Kimoli,Narayanbagar,,,MISSING,MISSING
FACILITY_5263671,7,5263671,UTTARAKHAND,CHAMOLI,NARAYANBAGAR,1,,,Sainj,Jakh Patyun,Narayanbagar,,,MISSING,MISSING
FACILITY_3706523,5,3706523,UTTARAKHAND,CHAMOLI,NANDANAGAR,1,,,Nagbugar Urf Farkhet,Nagbagar(Farkhet),Ghat,,,MISSING,MISSING
FACILITY_2854106,4,2854106,UTTARAKHAND,CHAMOLI,GAIRSAIN,1,,,Divadhar,Diwadhar,Gairsain,,,MISSING,MISSING
FACILITY_6148581,1,6148581,UTTARAKHAND,CHAMOLI,NANDANAGAR,1,,,Bijar,Bijar,Ghat,,,MISSING,MISSING
FACILITY_1576486,5,1576486,UTTARAKHAND,CHAMOLI,DASHOLI,1,,,Kunkuli,Bairagana,Dasholi,,,MISSING,MISSING
FACILITY_8338533,1,8338533,UTTARAKHAND,CHAMOLI,Jyotirmath,1,,,Chaien,Chain,Joshimath,,,MISSING,MISSING
FACILITY_6369990,1,6369990,UTTARAKHAND,CHAMOLI,GAIRSAIN,1,,,Rangchaura,Rangchauda,Gairsain,,,MISSING,MISSING
FACILITY_4293891,1,4293891,UTTARAKHAND,CHAMOLI,NANDANAGAR,1,,,Kanol,Kanol,Ghat,,,MISSING,MISSING
FACILITY_2553304,1,2553304,UTTARAKHAND,CHAMOLI,THARALI,1,,,Pastoli,Pastoli,Tharali,,,MISSING,MISSING
FACILITY_7979215,1,7979215,UTTARAKHAND,CHAMOLI,KARANPRAYAG,1,,,Nauti,Nauti,Karnaprayag,,,MISSING,MISSING
FACILITY_1865171,1,1865171,UTTARAKHAND,CHAMOLI,NARAYANBAGAR,1,,,Banela,Banela,Narayanbagar,,,MISSING,MISSING
FACILITY_1312028,1,1312028,UTTARAKHAND,CHAMOLI,KARANPRAYAG,1,,,Sera Pakhudi,Sera Gad,Karnaprayag,,,MISSING,MISSING
FACILITY_3951778,1,3951778,UTTARAKHAND,CHAMOLI,GAIRSAIN,1,,,Malasi,Malsi,Gairsain,,,MISSING,MISSING
FACILITY_6013211,1,6013211,UTTARAKHAND,CHAMOLI,POKHARI,1,,,Masauli,Masoli,Pokhari,,,MISSING,MISSING
FACILITY_7434876,1,7434876,UTTARAKHAND,CHAMOLI,THARALI,1,,,Jola,Joula Budjola,Tharali,,,MISSING,MISSING
FACILITY_3116746,1,3116746,UTTARAKHAND,CHAMOLI,NANDANAGAR,1,,,Banswara Chak Sainti,Sainti,Ghat,,,MISSING,MISSING
FACILITY_6249299,1,6249299,UTTARAKHAND,CHAMOLI,GAIRSAIN,1,,,Mehal Chauri,Mehal Chauri,Gairsain,,,MISSING,MISSING
FACILITY_4167646,1,4167646,UTTARAKHAND,CHAMOLI,THARALI,2,Tharali-Town Panchayat,Tharali (NP) - Uper Bazaar Tharali Ward No. 3,,,,,,MISSING,MISSING
FACILITY_9743673,1,9743673,UTTARAKHAND,CHAMOLI,POKHARI,1,,,Khalbajetha,Khal Bajetha,Pokhari,,,MISSING,MISSING
FACILITY_4948701,5,4948701,UTTARAKHAND,CHAMOLI,KARANPRAYAG,1,,,Ratura,Ratura,Karnaprayag,,,MISSING,MISSING
FACILITY_6447367,1,6447367,UTTARAKHAND,CHAMOLI,KARANPRAYAG,1,,,Dimar,Dimmar,Karnaprayag,,,MISSING,MISSING
FACILITY_1895174,4,1895174,UTTARAKHAND,CHAMOLI,DASHOLI,1,,,Golim,Golim,Dasholi,,,MISSING,MISSING
FACILITY_5988154,5,5988154,UTTARAKHAND,CHAMOLI,THARALI,2,Tharali-Town Panchayat,Tharali (NP) - Tharali Gaon Ward No. 4,,,,,,MISSING,MISSING
FACILITY_6943212,5,6943212,UTTARAKHAND,CHAMOLI,POKHARI,1,,,Thalabair,Thala Beind,Pokhari,,,MISSING,MISSING
FACILITY_1770554,1,1770554,UTTARAKHAND,CHAMOLI,THARALI,1,,,Chepadon,Chepron,Tharali,,,MISSING,MISSING
FACILITY_2454904,5,2454904,UTTARAKHAND,CHAMOLI,KARANPRAYAG,1,,,Jhirkoti,Jhirkoti,Karnaprayag,,,MISSING,MISSING
FACILITY_9782839,1,9782839,UTTARAKHAND,CHAMOLI,DEWAL,1,,,Mopata,Mopata,Dewal,,,MISSING,MISSING
FACILITY_3477708,1,3477708,UTTARAKHAND,CHAMOLI,DASHOLI,1,,,Hadung Lagga Sainji,Beda,Dasholi,,,MISSING,MISSING
FACILITY_5666487,1,5666487,UTTARAKHAND,CHAMOLI,DASHOLI,1,,,Dharkot,Dharkot,Dasholi,,,MISSING,MISSING
FACILITY_2328252,1,2328252,UTTARAKHAND,CHAMOLI,KARANPRAYAG,1,,,Jalgaon,Dewal,Karnaprayag,,,MISSING,MISSING
FACILITY_4117343,1,4117343,UTTARAKHAND,CHAMOLI,POKHARI,1,,,Jakhmala,Pati Jakhmala,Pokhari,,,MISSING,MISSING
FACILITY_7620821,1,7620821,UTTARAKHAND,CHAMOLI,THARALI,1,,,Kolpudi,Kolpuri,Tharali,,,MISSING,MISSING
FACILITY_5874935,1,5874935,UTTARAKHAND,CHAMOLI,DASHOLI,1,,,Maithana,Maithana,Dasholi,,,MISSING,MISSING
FACILITY_1296295,1,1296295,UTTARAKHAND,CHAMOLI,DEWAL,1,,,Ghes,Ghes,Dewal,,,MISSING,MISSING
FACILITY_7215442,1,7215442,UTTARAKHAND,CHAMOLI,THARALI,1,,,Thangira,Kurad,Tharali,,,MISSING,MISSING
FACILITY_9294358,1,9294358,UTTARAKHAND,CHAMOLI,KARANPRAYAG,1,,,Pudiyani,Pudiyani,Karnaprayag,,,MISSING,MISSING
FACILITY_5906372,1,5906372,UTTARAKHAND,CHAMOLI,DASHOLI,1,,,Salaraitoli,Salla Retoli,Dasholi,,,MISSING,MISSING
FACILITY_3449472,4,3449472,UTTARAKHAND,CHAMOLI,NARAYANBAGAR,1,,,Kafoli Malli,Kafoli,Narayanbagar,,,MISSING,MISSING
FACILITY_6166946,1,6166946,UTTARAKHAND,CHAMOLI,Jyotirmath,1,,,Kimana,Kimana,Joshimath,,,MISSING,MISSING
FACILITY_7283225,4,7283225,UTTARAKHAND,CHAMOLI,NANDANAGAR,1,,,Bhairni,Bherni,Ghat,,,MISSING,MISSING
FACILITY_8512727,5,8512727,UTTARAKHAND,CHAMOLI,THARALI,1,,,Jola,Joula Budjola,Tharali,,,MISSING,MISSING
FACILITY_3835285,4,3835285,UTTARAKHAND,CHAMOLI,THARALI,1,,,Kasbi Nagar,Kasvinagar,Tharali,,,MISSING,MISSING
FACILITY_4916180,4,4916180,UTTARAKHAND,CHAMOLI,GAIRSAIN,1,,,Kandari Khor,Kandari Khor,Gairsain,,,MISSING,MISSING
FACILITY_8221044,7,8221044,UTTARAKHAND,CHAMOLI,Jyotirmath,1,,,Kalgoth,Kalgoth,Joshimath,,,MISSING,MISSING
FACILITY_1398050,4,1398050,UTTARAKHAND,CHAMOLI,POKHARI,1,,,Simkholi,Simkholi,Pokhari,,,MISSING,MISSING
FACILITY_4925594,1,4925594,UTTARAKHAND,CHAMOLI,NANDANAGAR,1,,,Chari,Chari,Ghat,,,MISSING,MISSING
FACILITY_1627191,4,1627191,UTTARAKHAND,CHAMOLI,THARALI,2,Tharali-Town Panchayat,Tharali (NP) - Uper Bazaar Tharali Ward No. 3,,,,,,MISSING,MISSING
FACILITY_9472438,4,9472438,UTTARAKHAND,CHAMOLI,KARANPRAYAG,1,,,Kola Dungari,Kola Dungri,Karnaprayag,,,MISSING,MISSING
FACILITY_1233490,5,1233490,UTTARAKHAND,CHAMOLI,NARAYANBAGAR,1,,,Dungri,Dungri,Narayanbagar,,,MISSING,MISSING
FACILITY_8037245,5,8037245,UTTARAKHAND,CHAMOLI,POKHARI,2,POKHRI-Town Panchayat,Pokhri (NP) -Dever Ward No. 7,,,,,,MISSING,MISSING
FACILITY_2112739,1,2112739,UTTARAKHAND,CHAMOLI,DEWAL,1,,,Lingadi,Lingari,Dewal,,,MISSING,MISSING
FACILITY_5143372,1,5143372,UTTARAKHAND,CHAMOLI,GAIRSAIN,1,,,Bina,Veena,Gairsain,,,MISSING,MISSING
FACILITY_1179149,1,1179149,UTTARAKHAND,CHAMOLI,NANDANAGAR,1,,,Gairi,Geri,Ghat,,,MISSING,MISSING
FACILITY_6386163,1,6386163,UTTARAKHAND,CHAMOLI,NARAYANBAGAR,1,,,Kansola,Kansola,Narayanbagar,,,MISSING,MISSING
FACILITY_5933186,1,5933186,UTTARAKHAND,CHAMOLI,NARAYANBAGAR,1,,,Kaub,Kaub,Narayanbagar,,,MISSING,MISSING
FACILITY_3861306,1,3861306,UTTARAKHAND,CHAMOLI,GAIRSAIN,1,,,Kalyana Talla,Kalyani Talli,Gairsain,,,MISSING,MISSING
FACILITY_7785562,1,7785562,UTTARAKHAND,CHAMOLI,POKHARI,1,,,Kwithi,Kwinthi,Pokhari,,,MISSING,MISSING
FACILITY_8904970,1,8904970,UTTARAKHAND,CHAMOLI,NANDANAGAR,1,,,Phali,Fali,Ghat,,,MISSING,MISSING
FACILITY_3020821,1,3020821,UTTARAKHAND,CHAMOLI,THARALI,1,,,Bunga,Kuridhar,Sult,,,MISSING,MISSING
FACILITY_2612611,4,2612611,UTTARAKHAND,CHAMOLI,KARANPRAYAG,1,,,Sidoli,Sidoli,Karnaprayag,,,MISSING,MISSING
FACILITY_7886507,1,7886507,UTTARAKHAND,CHAMOLI,DASHOLI,1,,,Kathur,Kathud,Dasholi,,,MISSING,MISSING
FACILITY_2419734,1,2419734,UTTARAKHAND,CHAMOLI,KARANPRAYAG,1,,,Gain Saja Kata,Ganoli,Karnaprayag,,,MISSING,MISSING
FACILITY_7755644,1,7755644,UTTARAKHAND,CHAMOLI,DASHOLI,1,,,Mason,Mason,Dasholi,,,MISSING,MISSING
FACILITY_7370977,5,7370977,UTTARAKHAND,CHAMOLI,DASHOLI,2,Chamoli Gopeshwar-Municipality,Chamoli Gopeshwar (MB) -Lower Bazaar Ward No.5,,,,,,MISSING,MISSING
FACILITY_5661100,4,5661100,UTTARAKHAND,CHAMOLI,DASHOLI,1,,,Jainsal,Jaisal,Dasholi,,,MISSING,MISSING
FACILITY_5534969,5,5534969,UTTARAKHAND,CHAMOLI,GAIRSAIN,1,,,Malasi,Malsi,Gairsain,,,MISSING,MISSING
FACILITY_9661057,8,9661057,UTTARAKHAND,CHAMOLI,GAIRSAIN,1,,,Rohira,Rohida,Gairsain,,,MISSING,MISSING
FACILITY_2035746,4,2035746,UTTARAKHAND,CHAMOLI,DASHOLI,1,,,Bamiyala,Bamiyala,Dasholi,,,MISSING,MISSING
FACILITY_5568164,7,5568164,UTTARAKHAND,CHAMOLI,GAIRSAIN,1,,,Ghandiyal Lagga Chhapali,Ghandiyal,Gairsain,,,MISSING,MISSING
FACILITY_9035432,2,9035432,UTTARAKHAND,CHAMOLI,DASHOLI,2,Chamoli Gopeshwar-Municipality,Chamoli Gopeshwar (MB) -Naigwaad Ward No.8,,,,,,MISSING,MISSING
FACILITY_8114135,6,8114135,UTTARAKHAND,CHAMOLI,Jyotirmath,2,Joshimath-Municipality,Joshimath (MB) - Ravigram Ward No.9,,,,,,MISSING,MISSING
FACILITY_6678433,1,6678433,UTTARAKHAND,CHAMOLI,GAIRSAIN,1,,,Muson,Moonson,Gairsain,,,MISSING,MISSING
FACILITY_2321004,1,2321004,UTTARAKHAND,CHAMOLI,DASHOLI,2,Chamoli Gopeshwar-Municipality,Chamoli Gopeshwar (MB) -Subhash Nagar Shivaji Ward No.7,,,,,,MISSING,MISSING
FACILITY_7307032,1,7307032,UTTARAKHAND,CHAMOLI,THARALI,1,,,Ratgaon Chak,Ratgaon,Tharali,,,MISSING,MISSING
FACILITY_8644952,1,8644952,UTTARAKHAND,CHAMOLI,KARANPRAYAG,1,,,Jasyara,Jasyara,Karnaprayag,,,MISSING,MISSING
FACILITY_4419758,1,4419758,UTTARAKHAND,CHAMOLI,NANDANAGAR,1,,,Bhainswara Chak Vaduk,Vaduk,Ghat,,,MISSING,MISSING
FACILITY_5433605,1,5433605,UTTARAKHAND,CHAMOLI,KARANPRAYAG,1,,,Kanda,Kanda,Karnaprayag,,,MISSING,MISSING
FACILITY_1752592,1,1752592,UTTARAKHAND,CHAMOLI,GAIRSAIN,1,,,Dungri,Dungri,Gairsain,,,MISSING,MISSING
FACILITY_8990937,1,8990937,UTTARAKHAND,CHAMOLI,Jyotirmath,2,Joshimath-Municipality,Joshimath (MB) - Singhdhaar Ward No.4,,,,,,MISSING,MISSING
FACILITY_7292707,1,7292707,UTTARAKHAND,CHAMOLI,THARALI,1,,,Jabar Kot,Jabar Kot,Tharali,,,MISSING,MISSING
FACILITY_2464820,1,2464820,UTTARAKHAND,CHAMOLI,POKHARI,1,,,Simlasu,Simlasu,Pokhari,,,MISSING,MISSING
FACILITY_1685893,1,1685893,UTTARAKHAND,CHAMOLI,DASHOLI,1,,,Kunjpothani,Konj Pothani,Dasholi,,,MISSING,MISSING
FACILITY_4857165,1,4857165,UTTARAKHAND,CHAMOLI,NARAYANBAGAR,1,,,Angoth,Angoth,Narayanbagar,,,MISSING,MISSING
FACILITY_1352434,1,1352434,UTTARAKHAND,CHAMOLI,GAIRSAIN,2,Gairsain-Town Panchayat,Gairsain (NP) -Ganwali Ward No. 6,,,,,,MISSING,MISSING
FACILITY_4931706,1,4931706,UTTARAKHAND,CHAMOLI,NANDANAGAR,1,,,Huna Lagga Ramani,Ramani,Ghat,,,MISSING,MISSING
FACILITY_2218028,1,2218028,UTTARAKHAND,CHAMOLI,Jyotirmath,1,,,Raigari,Regdi,Joshimath,,,MISSING,MISSING
FACILITY_7332865,1,7332865,UTTARAKHAND,CHAMOLI,POKHARI,1,,,Kujni,Masoli,Pokhari,,,MISSING,MISSING
FACILITY_1838271,1,1838271,UTTARAKHAND,CHAMOLI,KARANPRAYAG,2,Karnaprayag-Municipality,Karnaprayag (NP) -Eda Badhaani Ward No.2,,,,,,MISSING,MISSING
FACILITY_2204860,7,2204860,UTTARAKHAND,CHAMOLI,DASHOLI,1,,,Pagana,Pagna,Dasholi,,,MISSING,MISSING
FACILITY_3837379,5,3837379,UTTARAKHAND,CHAMOLI,KARANPRAYAG,2,Gochar-Municipality,Gochar (NP) -Rawalnagar Talla Ward No.2,,,,,,MISSING,MISSING
FACILITY_2162195,4,2162195,UTTARAKHAND,CHAMOLI,DASHOLI,1,,,Bemru,Bemaru,Dasholi,,,MISSING,MISSING
FACILITY_5137553,5,5137553,UTTARAKHAND,CHAMOLI,Jyotirmath,1,,,Topovan,Tapovan,Joshimath,,,MISSING,MISSING
FACILITY_5742651,4,5742651,UTTARAKHAND,CHAMOLI,NANDANAGAR,1,,,Bijar,Bijar,Ghat,,,MISSING,MISSING
FACILITY_1456990,5,1456990,UTTARAKHAND,CHAMOLI,KARANPRAYAG,2,Karnaprayag-Municipality,Karnaprayag (NP) -Tehseel Colony Ward No.4,,,,,,MISSING,MISSING
FACILITY_7382632,4,7382632,UTTARAKHAND,CHAMOLI,GAIRSAIN,1,,,Sera,Sera,Gairsain,,,MISSING,MISSING
FACILITY_5492823,5,5492823,UTTARAKHAND,CHAMOLI,DASHOLI,2,Chamoli Gopeshwar-Municipality,Chamoli Gopeshwar (MB) -Gopeshwer Gaon Ward No.2,,,,,,MISSING,MISSING
FACILITY_3308633,1,3308633,UTTARAKHAND,CHAMOLI,POKHARI,1,,,Pogatha,Pogtha,Pokhari,,,MISSING,MISSING
FACILITY_3886177,3,3886177,UTTARAKHAND,CHAMOLI,DEHRADUN REGION,1,,,Gwaldam State,Gwaldam,Tharali,,,MISSING,MISSING
FACILITY_5613260,1,5613260,UTTARAKHAND,CHAMOLI,NANDANAGAR,1,,,Dhola Chak Ustoli,Ustoli,Ghat,,,MISSING,MISSING
FACILITY_8111315,1,8111315,UTTARAKHAND,CHAMOLI,GAIRSAIN,1,,,Pungaon,Pungaon,Gairsain,,,MISSING,MISSING
FACILITY_1666076,1,1666076,UTTARAKHAND,CHAMOLI,KARANPRAYAG,1,,,Bidoli,Kankhul Talla,Karnaprayag,,,MISSING,MISSING
FACILITY_5706625,1,5706625,UTTARAKHAND,CHAMOLI,GAIRSAIN,1,,,Airoli,Airoli,Gairsain,,,MISSING,MISSING
FACILITY_9389803,1,9389803,UTTARAKHAND,CHAMOLI,NANDANAGAR,1,,,Matai,Matai,Ghat,,,MISSING,MISSING
FACILITY_6382512,1,6382512,UTTARAKHAND,CHAMOLI,NANDANAGAR,1,,,Banj Bagar,Ropa Semdugra,Dasholi,,,MISSING,MISSING
FACILITY_2212645,1,2212645,UTTARAKHAND,CHAMOLI,NARAYANBAGAR,1,,,Bunga,Boonga,Narayanbagar,,,MISSING,MISSING
FACILITY_3712866,1,3712866,UTTARAKHAND,CHAMOLI,Jyotirmath,1,,,Mana,Mana,Joshimath,,,MISSING,MISSING
FACILITY_5792563,1,5792563,UTTARAKHAND,CHAMOLI,NARAYANBAGAR,1,,,Chirong Laga Bedula,Naini,Narayanbagar,,,MISSING,MISSING
FACILITY_1106047,1,1106047,UTTARAKHAND,CHAMOLI,DASHOLI,1,,,Gawar,Gwad,Dasholi,,,MISSING,MISSING
FACILITY_8523951,7,8523951,UTTARAKHAND,CHAMOLI,NANDANAGAR,1,,,Kanol,Kanol,Ghat,,,MISSING,MISSING
FACILITY_4396974,1,4396974,UTTARAKHAND,CHAMOLI,KARANPRAYAG,1,,,Khatyari,Khatyari,Karnaprayag,,,MISSING,MISSING
FACILITY_5722409,7,5722409,UTTARAKHAND,CHAMOLI,GAIRSAIN,1,,,Andrapa,Andrapa,Gairsain,,,MISSING,MISSING
FACILITY_7679563,5,7679563,UTTARAKHAND,CHAMOLI,DEWAL,1,,,Silkhola Laga Ichchholi,Dewal (Selkhola),Dewal,,,MISSING,MISSING
FACILITY_9107605,4,9107605,UTTARAKHAND,CHAMOLI,GAIRSAIN,1,,,Malethi,Malethi,Gairsain,,,MISSING,MISSING
FACILITY_1272782,5,1272782,UTTARAKHAND,CHAMOLI,NARAYANBAGAR,1,,,Harmani Malli,Harmani Malli,Narayanbagar,,,MISSING,MISSING
FACILITY_2635573,4,2635573,UTTARAKHAND,CHAMOLI,Jyotirmath,1,,,Dungra,Dungri,Joshimath,,,MISSING,MISSING
FACILITY_3646707,5,3646707,UTTARAKHAND,CHAMOLI,GAIRSAIN,1,,,Rohira,Rohida,Gairsain,,,MISSING,MISSING
FACILITY_5702508,7,5702508,UTTARAKHAND,CHAMOLI,POKHARI,1,,,Bhikauna,Bhikona,Pokhari,,,MISSING,MISSING
FACILITY_1498326,1,1498326,UTTARAKHAND,CHAMOLI,GAIRSAIN,1,,,Kwilakh,Koylakh,Gairsain,,,MISSING,MISSING
FACILITY_9995704,2,9995704,UTTARAKHAND,CHAMOLI,DASHOLI,2,Chamoli Gopeshwar-Municipality,Chamoli Gopeshwar (MB) -Kund Colony Ward No.3,,,,,,MISSING,MISSING
FACILITY_3098071,1,3098071,UTTARAKHAND,CHAMOLI,NANDANAGAR,1,,,Mokhmalla,Mokh Malla,Ghat,,,MISSING,MISSING
FACILITY_5214479,1,5214479,UTTARAKHAND,CHAMOLI,NARAYANBAGAR,1,,,Saned,Saned,Narayanbagar,,,MISSING,MISSING
FACILITY_5873009,1,5873009,UTTARAKHAND,CHAMOLI,THARALI,1,,,Gwaldam State,Gwaldam,Tharali,,,MISSING,MISSING
FACILITY_5410019,1,5410019,UTTARAKHAND,CHAMOLI,KARANPRAYAG,1,,,Dharkot,Dharkot,Karnaprayag,,,MISSING,MISSING
FACILITY_8182605,1,8182605,UTTARAKHAND,CHAMOLI,KARANPRAYAG,1,,,Khageli,Sem,Karnaprayag,,,MISSING,MISSING
FACILITY_4896199,1,4896199,UTTARAKHAND,CHAMOLI,GAIRSAIN,1,,,Aali Majyari,Aason (Aali Majyadi),Gairsain,,,MISSING,MISSING
FACILITY_1673628,1,1673628,UTTARAKHAND,CHAMOLI,GAIRSAIN,1,,,Bheriyana Laga Lakheri,Bhatiyana,Gairsain,,,MISSING,MISSING
FACILITY_3353046,1,3353046,UTTARAKHAND,CHAMOLI,DEWAL,1,,,Nand Keshari,Kothi,Dewal,,,MISSING,MISSING
FACILITY_8706216,1,8706216,UTTARAKHAND,CHAMOLI,DASHOLI,1,,,Kilondi,Kilondi,Dasholi,,,MISSING,MISSING
FACILITY_7878276,1,7878276,UTTARAKHAND,CHAMOLI,THARALI,1,,,Kimani,Kimani,Tharali,,,MISSING,MISSING
FACILITY_2818308,1,2818308,UTTARAKHAND,CHAMOLI,POKHARI,1,,,Kalsir,Kalsir,Pokhari,,,MISSING,MISSING
FACILITY_8394767,1,8394767,UTTARAKHAND,CHAMOLI,POKHARI,1,,,Thalabair,Thala Beind,Pokhari,,,MISSING,MISSING
FACILITY_2900490,1,2900490,UTTARAKHAND,CHAMOLI,KARANPRAYAG,1,,,Bansoli Walli,Banasoli,Karnaprayag,,,MISSING,MISSING
FACILITY_1917101,1,1917101,UTTARAKHAND,CHAMOLI,DEWAL,1,,,Odar,Odar,Dewal,,,MISSING,MISSING
FACILITY_8482618,1,8482618,UTTARAKHAND,CHAMOLI,DASHOLI,1,,,Bairagana,Bairagana,Dasholi,,,MISSING,MISSING
FACILITY_1296093,1,1296093,UTTARAKHAND,CHAMOLI,GAIRSAIN,1,,,Gaul,Gol,Gairsain,,,MISSING,MISSING
FACILITY_2981421,4,2981421,UTTARAKHAND,CHAMOLI,NARAYANBAGAR,1,,,Sainj,Jakh Patyun,Narayanbagar,,,MISSING,MISSING
FACILITY_2922615,4,2922615,UTTARAKHAND,CHAMOLI,KARANPRAYAG,1,,,Bangaon Talla,Banagoan,Karnaprayag,,,MISSING,MISSING
FACILITY_6544858,5,6544858,UTTARAKHAND,CHAMOLI,POKHARI,1,,,Ali,Aali,Pokhari,,,MISSING,MISSING
FACILITY_4274921,5,4274921,UTTARAKHAND,CHAMOLI,KARANPRAYAG,1,,,Thirpak,Thirpak,Karnaprayag,,,MISSING,MISSING
FACILITY_8178507,4,8178507,UTTARAKHAND,CHAMOLI,GAIRSAIN,1,,,Muson,Moonson,Gairsain,,,MISSING,MISSING
FACILITY_9516926,2,9516926,UTTARAKHAND,CHAMOLI,DASHOLI,2,PIPALKOTI-Town Panchayat,Peepalkoti (NP)- Naurakh Peepalkoti Ward No.1,,,,,,MISSING,MISSING
FACILITY_8187970,1,8187970,UTTARAKHAND,CHAMOLI,GAIRSAIN,1,,,Panchali,Panchali,Gairsain,,,MISSING,MISSING
FACILITY_4376869,3,4376869,UTTARAKHAND,CHAMOLI,DASHOLI,2,Chamoli Gopeshwar-Municipality,Chamoli Gopeshwar (MB) -Basant Bihaar Ward No.6,,,,,,MISSING,MISSING
FACILITY_3959767,1,3959767,UTTARAKHAND,CHAMOLI,THARALI,1,,,Hari Nagar Urf Laital,Harinagar ( Letal ),Tharali,,,MISSING,MISSING
FACILITY_3895183,10,3895183,UTTARAKHAND,CHAMOLI,GAIRSAIN,1,,,Melbagar,Ghandiyal,Gairsain,,,MISSING,MISSING
FACILITY_6016995,1,6016995,UTTARAKHAND,CHAMOLI,DASHOLI,1,,,Sartoli,Sartoli,Dasholi,,,MISSING,MISSING
FACILITY_6726226,1,6726226,UTTARAKHAND,CHAMOLI,KARANPRAYAG,1,,,Ghatuda,Ghatora,Karnaprayag,,,MISSING,MISSING
FACILITY_8006033,1,8006033,UTTARAKHAND,CHAMOLI,NANDANAGAR,1,,,Ghuni,Ghuni,Ghat,,,MISSING,MISSING
FACILITY_4248227,7,4248227,UTTARAKHAND,CHAMOLI,DEWAL,1,,,Losari,Lousari,Dewal,,,MISSING,MISSING
FACILITY_5216242,4,5216242,UTTARAKHAND,CHAMOLI,GAIRSAIN,1,,,Mathakot,Mathkot,Gairsain,,,MISSING,MISSING
FACILITY_3048866,4,3048866,UTTARAKHAND,CHAMOLI,THARALI,1,,,Sahu Gaon Laga Junidhar,Gothinda,Tharali,,,MISSING,MISSING
FACILITY_5437720,1,5437720,UTTARAKHAND,CHAMOLI,NANDANAGAR,1,,,Seek Chak Geri,Geri,Ghat,,,MISSING,MISSING
FACILITY_5261615,4,5261615,UTTARAKHAND,CHAMOLI,KARANPRAYAG,1,,,Aind,End,Karnaprayag,,,MISSING,MISSING
FACILITY_3001330,1,3001330,UTTARAKHAND,CHAMOLI,NANDANAGAR,1,,,Narangi,Narangi,Ghat,,,MISSING,MISSING
FACILITY_6344271,1,6344271,UTTARAKHAND,CHAMOLI,GAIRSAIN,1,,,Bisarakheta Palla,Mehal Chauri,Gairsain,,,MISSING,MISSING
FACILITY_6123823,1,6123823,UTTARAKHAND,CHAMOLI,DASHOLI,1,,,Ghorsal,Ghudshal,Dasholi,,,MISSING,MISSING
FACILITY_8793667,1,8793667,UTTARAKHAND,CHAMOLI,KARANPRAYAG,2,Gochar-Municipality,Gochar (NP) -Rawalnagar Talla Ward No.2,,,,,,MISSING,MISSING
FACILITY_9466793,7,9466793,UTTARAKHAND,CHAMOLI,Jyotirmath,2,Joshimath-Municipality,Joshimath (MB) - Uper Bazaar-Daando Ward No.6,,,,,,MISSING,MISSING
FACILITY_7881446,1,7881446,UTTARAKHAND,CHAMOLI,GAIRSAIN,1,,,Sarkot,Sarkot,Gairsain,,,MISSING,MISSING
FACILITY_6102244,1,6102244,UTTARAKHAND,CHAMOLI,DEWAL,1,,,Mundoli,Mundoli,Dewal,,,MISSING,MISSING
FACILITY_6637024,2,6637024,UTTARAKHAND,CHAMOLI,DASHOLI,2,Chamoli Gopeshwar-Municipality,Chamoli Gopeshwar (MB) -Paduli Papdiyana Ward No.9,,,,,,MISSING,MISSING
FACILITY_2553058,1,2553058,UTTARAKHAND,CHAMOLI,GAIRSAIN,2,Gairsain-Town Panchayat,Gairsain (NP) -Gairsain Purvi Bhaag Ward No. 3,,,,,,MISSING,MISSING
FACILITY_6824094,5,6824094,UTTARAKHAND,CHAMOLI,DASHOLI,2,Nandprayag-Town Panchayat,Nandprayag (NP) -Muniyaali Ward No.1,,,,,,MISSING,MISSING
FACILITY_6116666,3,6116666,UTTARAKHAND,CHAMOLI,Jyotirmath,2,Joshimath-Municipality,Joshimath (MB) - Singhdhaar Ward No.4,,,,,,MISSING,MISSING
FACILITY_9938605,1,9938605,UTTARAKHAND,CHAMOLI,NANDANAGAR,1,,,Bairau,Bairon,Ghat,,,MISSING,MISSING
FACILITY_7795583,1,7795583,UTTARAKHAND,CHAMOLI,NANDANAGAR,1,,,Ghuni,Ghuni,Ghat,,,MISSING,MISSING
FACILITY_3956203,1,3956203,UTTARAKHAND,CHAMOLI,NANDANAGAR,1,,,Vaduk,Vaduk,Ghat,,,MISSING,MISSING
FACILITY_5868048,1,5868048,UTTARAKHAND,CHAMOLI,DEWAL,1,,,Kheta Manvati,Kheta Manmati,Dewal,,,MISSING,MISSING
FACILITY_3179881,1,3179881,UTTARAKHAND,CHAMOLI,DASHOLI,1,,,Gairgunth,Tangsa,Dasholi,,,MISSING,MISSING
FACILITY_6561953,7,6561953,UTTARAKHAND,CHAMOLI,POKHARI,1,,,Kujasu,Kujasu,Pokhari,,,MISSING,MISSING
FACILITY_7806829,1,7806829,UTTARAKHAND,CHAMOLI,THARALI,1,,,Kurad,Kurad,Tharali,,,MISSING,MISSING
FACILITY_1354151,1,1354151,UTTARAKHAND,CHAMOLI,KARANPRAYAG,1,,,Gainthi,Gainthi,Karnaprayag,,,MISSING,MISSING
FACILITY_3157773,2,3157773,UTTARAKHAND,CHAMOLI,KARANPRAYAG,1,,,Dimar,Dimmar,Karnaprayag,,,MISSING,MISSING
FACILITY_1664430,2,1664430,UTTARAKHAND,CHAMOLI,DASHOLI,2,Chamoli Gopeshwar-Municipality,Chamoli Gopeshwar (MB) -Sagar Gangol Gaon Ward No.1,,,,,,MISSING,MISSING
FACILITY_6704392,4,6704392,UTTARAKHAND,CHAMOLI,NARAYANBAGAR,1,,,Chaliya Pani,Chaliyapani,Narayanbagar,,,MISSING,MISSING
FACILITY_4710764,4,4710764,UTTARAKHAND,CHAMOLI,GAIRSAIN,1,,,Rohira,Rohida,Gairsain,,,MISSING,MISSING
FACILITY_5586389,4,5586389,UTTARAKHAND,CHAMOLI,NARAYANBAGAR,1,,,Nam Tol,Namtol,Narayanbagar,,,MISSING,MISSING
FACILITY_2177407,4,2177407,UTTARAKHAND,CHAMOLI,THARALI,1,,,Suna,Soona,Tharali,,,MISSING,MISSING
FACILITY_3527434,7,3527434,UTTARAKHAND,CHAMOLI,GAIRSAIN,1,,,Gogana Talla,Gogna Malla,Gairsain,,,MISSING,MISSING
FACILITY_3668612,5,3668612,UTTARAKHAND,CHAMOLI,GAIRSAIN,1,,,Kansuwa,Kansuwa,Gairsain,,,MISSING,MISSING
FACILITY_9841424,1,9841424,UTTARAKHAND,CHAMOLI,GAIRSAIN,1,,,Farakande Talli,Farkande,Gairsain,,,MISSING,MISSING
FACILITY_7368502,1,7368502,UTTARAKHAND,CHAMOLI,NARAYANBAGAR,1,,,Kafoli Malli,Kafoli,Narayanbagar,,,MISSING,MISSING
FACILITY_4072337,1,4072337,UTTARAKHAND,CHAMOLI,GAIRSAIN,1,,,Chorda,Chorda,Gairsain,,,MISSING,MISSING
FACILITY_2510109,1,2510109,UTTARAKHAND,CHAMOLI,GAIRSAIN,1,,,Jakhet,Jakhet,Gairsain,,,MISSING,MISSING
FACILITY_6586562,1,6586562,UTTARAKHAND,CHAMOLI,THARALI,1,,,Kera,Main,Tharali,,,MISSING,MISSING
FACILITY_7270669,1,7270669,UTTARAKHAND,CHAMOLI,DASHOLI,1,,,Rauligwar,Roli,Dasholi,,,MISSING,MISSING
FACILITY_1201146,1,1201146,UTTARAKHAND,CHAMOLI,DEWAL,1,,,Kheta Manvati,Kheta Manmati,Dewal,,,MISSING,MISSING
FACILITY_7210665,1,7210665,UTTARAKHAND,CHAMOLI,POKHARI,1,,,Sugi,Sugi,Pokhari,,,MISSING,MISSING
FACILITY_4323376,1,4323376,UTTARAKHAND,CHAMOLI,DASHOLI,2,PIPALKOTI-Town Panchayat,Peepalkoti (NP)- Naurakh Peepalkoti Ward No.1,,,,,,MISSING,MISSING
FACILITY_1997968,1,1997968,UTTARAKHAND,CHAMOLI,DASHOLI,1,,,Gauna Chak Dhar Kumala,Dharkumala,Dasholi,,,MISSING,MISSING
FACILITY_9165827,1,9165827,UTTARAKHAND,CHAMOLI,NANDANAGAR,1,,,Bura,Bura,Ghat,,,MISSING,MISSING
FACILITY_3266720,1,3266720,UTTARAKHAND,CHAMOLI,DEWAL,1,,,Vaan,Van,Dewal,,,MISSING,MISSING
FACILITY_9350703,1,9350703,UTTARAKHAND,CHAMOLI,POKHARI,1,,,Sugi,Sugi,Pokhari,,,MISSING,MISSING
FACILITY_8219337,1,8219337,UTTARAKHAND,CHAMOLI,KARANPRAYAG,1,,,Chhatauli,Chhatoli,Karnaprayag,,,MISSING,MISSING
FACILITY_4642004,2,4642004,UTTARAKHAND,CHAMOLI,GAIRSAIN,2,Gairsain-Town Panchayat,Gairsain (NP) -Senji Ward No. 7,,,,,,MISSING,MISSING
FACILITY_3782091,1,3782091,UTTARAKHAND,CHAMOLI,THARALI,1,,,Gumad Laga Gerud,Gudam,Tharali,,,MISSING,MISSING
FACILITY_4674017,1,4674017,UTTARAKHAND,CHAMOLI,DASHOLI,1,,,Bachher,Bachher,Dasholi,,,MISSING,MISSING
FACILITY_5333490,7,5333490,UTTARAKHAND,CHAMOLI,GAIRSAIN,2,Gairsain-Town Panchayat,Gairsain (NP) -Koliyana Ward No. 5,,,,,,MISSING,MISSING
FACILITY_4603236,5,4603236,UTTARAKHAND,CHAMOLI,THARALI,1,,,Kulsari,Kulsari,Tharali,,,MISSING,MISSING
FACILITY_2344092,1,2344092,UTTARAKHAND,CHAMOLI,GAIRSAIN,1,,,Bina,Veena,Gairsain,,,MISSING,MISSING
FACILITY_6101635,5,6101635,UTTARAKHAND,CHAMOLI,DEWAL,1,,,Sawad,Sawad,Dewal,,,MISSING,MISSING
FACILITY_1269696,7,1269696,UTTARAKHAND,CHAMOLI,Jyotirmath,1,,,Pakhi,Pakhi,Joshimath,,,MISSING,MISSING
FACILITY_8203390,4,8203390,UTTARAKHAND,CHAMOLI,KARANPRAYAG,1,,,Sunali,Sunali,Karnaprayag,,,MISSING,MISSING
FACILITY_1081208,7,1081208,UTTARAKHAND,CHAMOLI,GAIRSAIN,1,,,Khet,Kheth,Gairsain,,,MISSING,MISSING
FACILITY_8188749,4,8188749,UTTARAKHAND,CHAMOLI,DEWAL,1,,,Kheta Manvati,Kheta Manmati,Dewal,,,MISSING,MISSING
FACILITY_4359757,4,4359757,UTTARAKHAND,CHAMOLI,DASHOLI,1,,,Harmani,Harmani,Dasholi,,,MISSING,MISSING
FACILITY_9943603,1,9943603,UTTARAKHAND,CHAMOLI,POKHARI,1,,,Uttaraun,Uttraon,Pokhari,,,MISSING,MISSING
FACILITY_1542986,10,1542986,UTTARAKHAND,CHAMOLI,Jyotirmath,1,,,Dungra,Dungri,Joshimath,,,MISSING,MISSING
FACILITY_2489372,1,2489372,UTTARAKHAND,CHAMOLI,NANDANAGAR,1,,,Lwani,Lwaani,Ghat,,,MISSING,MISSING
FACILITY_1371055,1,1371055,UTTARAKHAND,CHAMOLI,KARANPRAYAG,1,,,Simtoli,Aeirwadi,Karnaprayag,,,MISSING,MISSING
FACILITY_3928664,4,3928664,UTTARAKHAND,CHAMOLI,POKHARI,1,,,Jaurasi,Jaurasi,Pokhari,,,MISSING,MISSING
FACILITY_1294104,1,1294104,UTTARAKHAND,CHAMOLI,Jyotirmath,2,Joshimath-Municipality,Joshimath (MB) - Singhdhaar Ward No.4,,,,,,MISSING,MISSING
FACILITY_6002698,7,6002698,UTTARAKHAND,CHAMOLI,NARAYANBAGAR,1,,,Meeng,Meeng,Narayanbagar,,,MISSING,MISSING
FACILITY_3242467,1,3242467,UTTARAKHAND,CHAMOLI,KARANPRAYAG,1,,,Kankhul Malla,Kankhul Malla,Karnaprayag,,,MISSING,MISSING
FACILITY_1957630,1,1957630,UTTARAKHAND,CHAMOLI,Jyotirmath,1,,,Pandukaswar,Pandukeshar,Joshimath,,,MISSING,MISSING
FACILITY_5030756,1,5030756,UTTARAKHAND,CHAMOLI,THARALI,1,,,Kurad,Kurad,Tharali,,,MISSING,MISSING
FACILITY_5007593,1,5007593,UTTARAKHAND,CHAMOLI,NARAYANBAGAR,1,,,Kothali,Kothuli,Narayanbagar,,,MISSING,MISSING
FACILITY_5739919,1,5739919,UTTARAKHAND,CHAMOLI,NANDANAGAR,1,,,Khaltara,Khaltara,Ghat,,,MISSING,MISSING
FACILITY_3207494,1,3207494,UTTARAKHAND,CHAMOLI,KARANPRAYAG,1,,,Ratura,Ratura,Karnaprayag,,,MISSING,MISSING
FACILITY_9756818,1,9756818,UTTARAKHAND,CHAMOLI,DEWAL,1,,,Udaypur Laga Choting,Udaypur,Dewal,,,MISSING,MISSING
FACILITY_9252407,1,9252407,UTTARAKHAND,CHAMOLI,Jyotirmath,1,,,Thaing,Theing,Joshimath,,,MISSING,MISSING
FACILITY_6142185,1,6142185,UTTARAKHAND,CHAMOLI,KARANPRAYAG,2,Gochar-Municipality,"Gochar (NP) -Panaai Talli, Palsaari Ward No.4",,,,,,MISSING,MISSING
FACILITY_5643069,2,5643069,UTTARAKHAND,CHAMOLI,GAIRSAIN,1,,,Bina,Veena,Gairsain,,,MISSING,MISSING
FACILITY_4754230,1,4754230,UTTARAKHAND,CHAMOLI,POKHARI,1,,,Beena,Beena,Dhauladevi,,,MISSING,MISSING
FACILITY_5014435,4,5014435,UTTARAKHAND,CHAMOLI,THARALI,2,Tharali-Town Panchayat,Tharali (NP) - Tharali Gaon Ward No. 4,,,,,,MISSING,MISSING
FACILITY_3928543,5,3928543,UTTARAKHAND,CHAMOLI,LUCKNOW REGION,2,PIPALKOTI-Town Panchayat,Peepalkoti (NP)- Naurakh Peepalkoti Ward No.1,,,,,,MISSING,MISSING
FACILITY_6689838,5,6689838,UTTARAKHAND,CHAMOLI,DEWAL,1,,,Melkhet,Mel Khet,Dewal,,,MISSING,MISSING
FACILITY_8570899,1,8570899,UTTARAKHAND,CHAMOLI,KARANPRAYAG,1,,,Matholi,Chulakot,Karnaprayag,,,MISSING,MISSING
FACILITY_3251576,5,3251576,UTTARAKHAND,CHAMOLI,DASHOLI,1,,,Saikot,Saikot,Dasholi,,,MISSING,MISSING
FACILITY_1098336,5,1098336,UTTARAKHAND,CHAMOLI,DEWAL,1,,,Ghes,Ghes,Dewal,,,MISSING,MISSING
FACILITY_5590055,7,5590055,UTTARAKHAND,CHAMOLI,GAIRSAIN,1,,,Maikholi,Maikholi,Gairsain,,,MISSING,MISSING
FACILITY_2765006,5,2765006,UTTARAKHAND,CHAMOLI,POKHARI,1,,,Kimoda,Kimotha,Pokhari,,,MISSING,MISSING
FACILITY_2771212,4,2771212,UTTARAKHAND,CHAMOLI,Jyotirmath,1,,,Ringi,Ringi,Joshimath,,,MISSING,MISSING
FACILITY_3410544,1,3410544,UTTARAKHAND,CHAMOLI,NARAYANBAGAR,1,,,Raigaon,Raigaon,Narayanbagar,,,MISSING,MISSING
FACILITY_2862818,1,2862818,UTTARAKHAND,CHAMOLI,POKHARI,1,,,Simkholi,Simkholi,Pokhari,,,MISSING,MISSING
FACILITY_3041770,1,3041770,UTTARAKHAND,CHAMOLI,NARAYANBAGAR,1,,,Bhatiyana,Bhatiyana,Tharali,,,MISSING,MISSING
FACILITY_6981495,1,6981495,UTTARAKHAND,CHAMOLI,Jyotirmath,1,,,Jalgwar,Pakhi,Joshimath,,,MISSING,MISSING
FACILITY_4277654,1,4277654,UTTARAKHAND,CHAMOLI,DASHOLI,1,,,Maithana,Maithana,Dasholi,,,MISSING,MISSING
FACILITY_3099148,1,3099148,UTTARAKHAND,CHAMOLI,DASHOLI,2,PIPALKOTI-Town Panchayat,Peepalkoti (NP)- Batula-Mayapur Ward No.4,,,,,,MISSING,MISSING
FACILITY_3409343,1,3409343,UTTARAKHAND,CHAMOLI,KARANPRAYAG,2,Karnaprayag-Municipality,Karnaprayag (NP) - Uper Bazaar Ward No.7,,,,,,MISSING,MISSING
FACILITY_3082285,1,3082285,UTTARAKHAND,CHAMOLI,DASHOLI,1,,,Pana,Pana,Dasholi,,,MISSING,MISSING
FACILITY_8574309,1,8574309,UTTARAKHAND,CHAMOLI,GAIRSAIN,1,,,Mathar,Malethi,Gairsain,,,MISSING,MISSING
FACILITY_1999473,1,1999473,UTTARAKHAND,CHAMOLI,NARAYANBAGAR,1,,,Kimoli,Kimoli,Narayanbagar,,,MISSING,MISSING
FACILITY_9241834,1,9241834,UTTARAKHAND,CHAMOLI,NARAYANBAGAR,1,,,Gairwaram,Gair Baram,Narayanbagar,,,MISSING,MISSING
FACILITY_3693558,1,3693558,UTTARAKHAND,CHAMOLI,Jyotirmath,1,,,Karachhon,Karchhon,Joshimath,,,MISSING,MISSING
FACILITY_1566265,1,1566265,UTTARAKHAND,CHAMOLI,THARALI,1,,,Ruisan,Rui Sana,Tharali,,,MISSING,MISSING
FACILITY_6818519,1,6818519,UTTARAKHAND,CHAMOLI,Jyotirmath,2,Joshimath-Municipality,Joshimath (MB) - Gaandhinagar Ward No.1,,,,,,MISSING,MISSING
FACILITY_1274404,1,1274404,UTTARAKHAND,CHAMOLI,NANDANAGAR,1,,,Kandai,Kandai,Ghat,,,MISSING,MISSING
FACILITY_5947348,5,5947348,UTTARAKHAND,CHAMOLI,POKHARI,2,POKHRI-Town Panchayat,Pokhri (NP) -Vinayakdhaar Ward No. 3,,,,,,MISSING,MISSING
FACILITY_6480007,1,6480007,UTTARAKHAND,CHAMOLI,POKHARI,2,POKHRI-Town Panchayat,Pokhri (NP) -Guniyala Ward No. 4,,,,,,MISSING,MISSING
FACILITY_8544400,2,8544400,UTTARAKHAND,CHAMOLI,KARANPRAYAG,1,,,Nauti,Nauti,Karnaprayag,,,MISSING,MISSING
FACILITY_7476203,4,7476203,UTTARAKHAND,CHAMOLI,KARANPRAYAG,2,Gochar-Municipality,Gochar (NP) -Rawalnagar Talla Ward No.2,,,,,,MISSING,MISSING
FACILITY_1841916,4,1841916,UTTARAKHAND,CHAMOLI,GAIRSAIN,1,,,Matiyala Laga Kirsal,Kirsal,Gairsain,,,MISSING,MISSING
FACILITY_5435935,4,5435935,UTTARAKHAND,CHAMOLI,GAIRSAIN,1,,,Randoli,Randoli,Gairsain,,,MISSING,MISSING
FACILITY_4571575,5,4571575,UTTARAKHAND,CHAMOLI,KARANPRAYAG,1,,,Uttaraun,Uttraon,Karnaprayag,,,MISSING,MISSING
FACILITY_6081954,5,6081954,UTTARAKHAND,CHAMOLI,KARANPRAYAG,1,,,Jakh,Jakh,Karnaprayag,,,MISSING,MISSING
FACILITY_2665309,7,2665309,UTTARAKHAND,CHAMOLI,POKHARI,1,,,Birsansera,Birsan Sera,Pokhari,,,MISSING,MISSING
FACILITY_1032195,1,1032195,UTTARAKHAND,CHAMOLI,GAIRSAIN,1,,,Kushrani Malli,Kusrani,Gairsain,,,MISSING,MISSING
FACILITY_1944047,1,1944047,UTTARAKHAND,CHAMOLI,NANDANAGAR,1,,,Ala Chak Bura,Aala Jokhana,Ghat,,,MISSING,MISSING
FACILITY_6694733,1,6694733,UTTARAKHAND,CHAMOLI,KARANPRAYAG,1,,,Sindwani Laga Jhirkoti,Sindrawani,Karnaprayag,,,MISSING,MISSING
FACILITY_8601160,1,8601160,UTTARAKHAND,CHAMOLI,KARANPRAYAG,1,,,Chatigyala,Bantoli,Karnaprayag,,,MISSING,MISSING
FACILITY_9402479,1,9402479,UTTARAKHAND,CHAMOLI,GAIRSAIN,1,,,Syalkot,Dhamkar,Gairsain,,,MISSING,MISSING
FACILITY_2392691,1,2392691,UTTARAKHAND,CHAMOLI,NARAYANBAGAR,1,,,Dewali Laga Chhenkuda,Chhekura,Narayanbagar,,,MISSING,MISSING
FACILITY_7713114,1,7713114,UTTARAKHAND,CHAMOLI,POKHARI,1,,,Dang Dhar,Ranau,Pokhari,,,MISSING,MISSING
FACILITY_6061799,1,6061799,UTTARAKHAND,CHAMOLI,DEWAL,1,,,Sarkot,Sarkot,Dewal,,,MISSING,MISSING
FACILITY_2319635,1,2319635,UTTARAKHAND,CHAMOLI,GAIRSAIN,1,,,Kheti,Kheti,Gairsain,,,MISSING,MISSING
FACILITY_4191050,1,4191050,UTTARAKHAND,CHAMOLI,KARANPRAYAG,1,,,Sunali,Sunali,Karnaprayag,,,MISSING,MISSING
FACILITY_9732052,1,9732052,UTTARAKHAND,CHAMOLI,KARANPRAYAG,1,,,Dewal,Dewal,Karnaprayag,,,MISSING,MISSING
FACILITY_8000013,1,8000013,UTTARAKHAND,CHAMOLI,NANDANAGAR,1,,,Syari Lagga Bangali,Syari Bangali,Ghat,,,MISSING,MISSING
FACILITY_6093651,1,6093651,UTTARAKHAND,CHAMOLI,DASHOLI,1,,,Baunla,Boala,Dasholi,,,MISSING,MISSING
FACILITY_5878162,1,5878162,UTTARAKHAND,CHAMOLI,DASHOLI,1,,,Lasi,Lasee,Dasholi,,,MISSING,MISSING
FACILITY_4548238,1,4548238,UTTARAKHAND,CHAMOLI,DASHOLI,1,,,Maithana,Maithana,Dasholi,,,MISSING,MISSING
FACILITY_4010873,1,4010873,UTTARAKHAND,CHAMOLI,GAIRSAIN,1,,,Bhalason Urf Jhurkande,Bhalson,Gairsain,,,MISSING,MISSING
FACILITY_6118955,1,6118955,UTTARAKHAND,CHAMOLI,GAIRSAIN,1,,,Khet,Kheth,Gairsain,,,MISSING,MISSING
FACILITY_3903328,1,3903328,UTTARAKHAND,CHAMOLI,DASHOLI,2,Chamoli Gopeshwar-Municipality,Chamoli Gopeshwar (MB) -Paduli Papdiyana Ward No.9,,,,,,MISSING,MISSING
FACILITY_8693316,1,8693316,UTTARAKHAND,CHAMOLI,THARALI,1,,,Gwaldam State,Gwaldam,Tharali,,,MISSING,MISSING
FACILITY_3706841,1,3706841,UTTARAKHAND,CHAMOLI,GAIRSAIN,1,,,Kunakhet,Kunkhet,Gairsain,,,MISSING,MISSING
FACILITY_6019751,1,6019751,UTTARAKHAND,CHAMOLI,GAIRSAIN,1,,,Bunga,Boonga,Gairsain,,,MISSING,MISSING
FACILITY_1065317,1,1065317,UTTARAKHAND,CHAMOLI,DASHOLI,2,Chamoli Gopeshwar-Municipality,Chamoli Gopeshwar (MB) -Kund Colony Ward No.3,,,,,,MISSING,MISSING
FACILITY_1328638,8,1328638,UTTARAKHAND,CHAMOLI,NARAYANBAGAR,1,,,Kei Painti,Kein Penti,Narayanbagar,,,MISSING,MISSING
FACILITY_7777595,4,7777595,UTTARAKHAND,CHAMOLI,THARALI,1,,,Ratgaon Chak,Ratgaon,Tharali,,,MISSING,MISSING
FACILITY_4797549,1,4797549,UTTARAKHAND,CHAMOLI,POKHARI,1,,,Ali,Aali,Pokhari,,,MISSING,MISSING
FACILITY_9849958,1,9849958,UTTARAKHAND,CHAMOLI,DEWAL,1,,,Choting,Choting,Dewal,,,MISSING,MISSING
FACILITY_4250527,1,4250527,UTTARAKHAND,CHAMOLI,KARANPRAYAG,1,,,Top,Top,Karnaprayag,,,MISSING,MISSING
FACILITY_4358574,2,4358574,UTTARAKHAND,CHAMOLI,GAIRSAIN,1,,,Kushrani Talli,Kusrani Talli,Gairsain,,,MISSING,MISSING
FACILITY_8386799,1,8386799,UTTARAKHAND,CHAMOLI,GAIRSAIN,1,,,Gogana Malla,Gogna Malla,Gairsain,,,MISSING,MISSING
FACILITY_3190968,1,3190968,UTTARAKHAND,CHAMOLI,NANDANAGAR,1,,,Kumjug,Kumjug,Ghat,,,MISSING,MISSING
FACILITY_7221134,1,7221134,UTTARAKHAND,CHAMOLI,Jyotirmath,1,,,Malari,Malari,Joshimath,,,MISSING,MISSING
FACILITY_2100955,5,2100955,UTTARAKHAND,CHAMOLI,NANDANAGAR,1,,,Moling Chak Dhurma,Dhurma,Ghat,,,MISSING,MISSING
FACILITY_4241182,1,4241182,UTTARAKHAND,CHAMOLI,DEWAL,1,,,Sawad,Sawad,Dewal,,,MISSING,MISSING
FACILITY_2437079,1,2437079,UTTARAKHAND,CHAMOLI,NARAYANBAGAR,1,,,Ratani,Kewar Malla,Narayanbagar,,,MISSING,MISSING
FACILITY_5368291,1,5368291,UTTARAKHAND,CHAMOLI,KARANPRAYAG,1,,,Siri,Siri,Karnaprayag,,,MISSING,MISSING
FACILITY_6156417,1,6156417,UTTARAKHAND,CHAMOLI,Jyotirmath,1,,,Sailang,Selang,Joshimath,,,MISSING,MISSING
FACILITY_9019297,1,9019297,UTTARAKHAND,CHAMOLI,KARANPRAYAG,1,,,Saij,Silangi,Karnaprayag,,,MISSING,MISSING
FACILITY_9182131,1,9182131,UTTARAKHAND,CHAMOLI,POKHARI,1,,,Kandai,Kandai Chadrashila,Pokhari,,,MISSING,MISSING
FACILITY_9706513,1,9706513,UTTARAKHAND,CHAMOLI,GAIRSAIN,1,,,Burakholi,Kheth,Gairsain,,,MISSING,MISSING
FACILITY_9523556,1,9523556,UTTARAKHAND,CHAMOLI,POKHARI,1,,,Sinau Palla,Sinau Palla,Pokhari,,,MISSING,MISSING
FACILITY_7334278,1,7334278,UTTARAKHAND,CHAMOLI,THARALI,1,,,Chidanga Khalsa,Chidinga Malla,Tharali,,,MISSING,MISSING
FACILITY_6194176,1,6194176,UTTARAKHAND,CHAMOLI,POKHARI,1,,,Tamundi,Tamundi,Pokhari,,,MISSING,MISSING
FACILITY_9408040,1,9408040,UTTARAKHAND,CHAMOLI,DASHOLI,1,,,Gauhana,Gauna,Dasholi,,,MISSING,MISSING
FACILITY_5948665,1,5948665,UTTARAKHAND,CHAMOLI,NANDANAGAR,1,,,Padairgaon,Padergaon,Ghat,,,MISSING,MISSING
FACILITY_1163274,1,1163274,UTTARAKHAND,CHAMOLI,Jyotirmath,1,,,Pagnau,Pagno,Joshimath,,,MISSING,MISSING
FACILITY_7420987,5,7420987,UTTARAKHAND,CHAMOLI,DEWAL,1,,,Vaan,Van,Dewal,,,MISSING,MISSING
FACILITY_7967841,1,7967841,UTTARAKHAND,CHAMOLI,NARAYANBAGAR,1,,,Jakh,Jakh Patyun,Narayanbagar,,,MISSING,MISSING
FACILITY_2094465,1,2094465,UTTARAKHAND,CHAMOLI,NANDANAGAR,1,,,Khunana,Khunana,Ghat,,,MISSING,MISSING
FACILITY_3432159,10,3432159,UTTARAKHAND,CHAMOLI,NANDANAGAR,1,,,Banswara,Banswada,Ghat,,,MISSING,MISSING
FACILITY_5327638,2,5327638,UTTARAKHAND,CHAMOLI,GAIRSAIN,1,,,Bhandari Khor,Bhandari Khor,Gairsain,,,MISSING,MISSING
FACILITY_5443985,7,5443985,UTTARAKHAND,CHAMOLI,Jyotirmath,1,,,Paini,Paini,Joshimath,,,MISSING,MISSING
FACILITY_3144528,7,3144528,UTTARAKHAND,CHAMOLI,POKHARI,1,,,Masauli,Masoli,Pokhari,,,MISSING,MISSING
FACILITY_5994124,4,5994124,UTTARAKHAND,CHAMOLI,POKHARI,1,,,Nauli,Nauli,Pokhari,,,MISSING,MISSING
FACILITY_1374922,4,1374922,UTTARAKHAND,CHAMOLI,THARALI,1,,,Banoli,Banoli,Dwarahat,,,MISSING,MISSING
FACILITY_5998765,5,5998765,UTTARAKHAND,CHAMOLI,Jyotirmath,1,,,Jakhola,Jakhola,Joshimath,,,MISSING,MISSING
FACILITY_8496292,4,8496292,UTTARAKHAND,CHAMOLI,Jyotirmath,1,,,Pagnau,Pagno,Joshimath,,,MISSING,MISSING
FACILITY_8835224,7,8835224,UTTARAKHAND,CHAMOLI,POKHARI,1,,,Kwithi,Kwinthi,Pokhari,,,MISSING,MISSING
FACILITY_5764901,1,5764901,UTTARAKHAND,CHAMOLI,Jyotirmath,1,,,Dungra,Dungri,Joshimath,,,MISSING,MISSING
FACILITY_3834809,1,3834809,UTTARAKHAND,CHAMOLI,THARALI,1,,,Hari Nagar Urf Laital,Harinagar ( Letal ),Tharali,,,MISSING,MISSING
FACILITY_4322642,1,4322642,UTTARAKHAND,CHAMOLI,NARAYANBAGAR,1,,,Bainoli Talli,Beinauli,Narayanbagar,,,MISSING,MISSING
FACILITY_1758479,1,1758479,UTTARAKHAND,CHAMOLI,GAIRSAIN,1,,,Pajyana Malla,Pyura,Gairsain,,,MISSING,MISSING
FACILITY_6549090,1,6549090,UTTARAKHAND,CHAMOLI,KARANPRAYAG,1,,,Kuneth,Kuneth,Karnaprayag,,,MISSING,MISSING
FACILITY_3104308,4,3104308,UTTARAKHAND,CHAMOLI,NANDANAGAR,1,,,Kanol,Kanol,Ghat,,,MISSING,MISSING
FACILITY_1129430,5,1129430,UTTARAKHAND,CHAMOLI,NARAYANBAGAR,1,,,Ased,Aser,Narayanbagar,,,MISSING,MISSING
FACILITY_9509485,1,9509485,UTTARAKHAND,CHAMOLI,GAIRSAIN,1,,,Sugar,Bhalson,Gairsain,,,MISSING,MISSING
FACILITY_8459755,1,8459755,UTTARAKHAND,CHAMOLI,DASHOLI,1,,,Hat,Hat,Dasholi,,,MISSING,MISSING
FACILITY_5957597,1,5957597,UTTARAKHAND,CHAMOLI,NARAYANBAGAR,1,,,Kandwal Gaon,Kandwal Gaon,Narayanbagar,,,MISSING,MISSING
FACILITY_8427150,1,8427150,UTTARAKHAND,CHAMOLI,POKHARI,1,,,Sangud,Sagud,Pokhari,,,MISSING,MISSING
FACILITY_8603308,2,8603308,UTTARAKHAND,CHAMOLI,DASHOLI,2,Chamoli Gopeshwar-Municipality,Chamoli Gopeshwar (MB) -Chamoli Chetrapaal Ward No.11,,,,,,MISSING,MISSING
FACILITY_3073542,4,3073542,UTTARAKHAND,CHAMOLI,DASHOLI,2,Chamoli Gopeshwar-Municipality,Chamoli Gopeshwar (MB) -Lower Bazaar Ward No.5,,,,,,MISSING,MISSING
FACILITY_9784401,2,9784401,UTTARAKHAND,CHAMOLI,POKHARI,1,,,Jilasu,Jilasu,Pokhari,,,MISSING,MISSING
FACILITY_4176349,3,4176349,UTTARAKHAND,CHAMOLI,GAIRSAIN,2,Gairsain-Town Panchayat,Gairsain (NP) -Koliyana Ward No. 5,,,,,,MISSING,MISSING
