pseudocode,state,district,block,rural_urban,lgd_urban_local_body_name,lgd_ward_name,lgd_vill_name,lgd_vill_panchayat_name,lgd_block_name,school_category,school_type,lowclass,highclass,managment,pincode,special_school_for_cwsn,shift_school,resi_school,resi_type,minority_school,medium_instr1,medium_of_instr2,medium_of_instr3,medium_of_instr4,aff_board_sec,aff_board_hsec,approachable_road,pre_primary,anganwadi_yn,avg_instr_days,cce_yn,same_sch_b,same_sch_g,other_sch_b,other_sch_g,anganwadi_ecce_b,anganwadi_ecce_g,cwsn_sch_type,rte_25p_admission_yn,estd_year,certified_fit_india_yn,is_nsqf,prevoc_yn,stc_yn,smdc_pta_yn,smdc_pta_meeting,remedial_tch_enrol,learner_holistic_rptcard_yn,facility_building_status,facility_no_building_blocks,facility_pucca_building_blocks,facility_boundary_wall,facility_total_class_rooms,facility_other_rooms,facility_classrooms_in_good_condition,facility_classrooms_needs_minor_repair,facility_classrooms_needs_major_repair,facility_separate_room_for_hm,facility_total_boys_toilet,facility_total_boys_func_toilet,facility_total_girls_toilet,facility_total_girls_func_toilet,facility_total_boys_cwsn_toilet,facility_func_boys_cwsn_friendly,facility_total_girls_cwsn_toilet,facility_func_girls_cwsn_friendly,facility_urinal_boys,facility_urinal_girls,facility_handwash_near_toilet,facility_hand_pump_yn,facility_well_prot_yn,facility_tap_yn,facility_othsrc_yn,facility_well_unprot_yn,facility_pack_water_yn,facility_hand_pump_fun_yn,facility_well_prot_fun_yn,facility_tap_fun_yn,facility_othsrc_fun_yn,facility_well_unprot_fun_yn,facility_pack_water_fun_yn,facility_rain_water_harvesting,facility_handwash_facility_for_meal,facility_electricity_availability,facility_solar_panel,facility_library_availability,facility_book_bank,facility_reading_corner,facility_playground_available,facility_playground_alt_yn,facility_medical_checkups,facility_availability_ramps,facility_availability_of_handrails,facility_furniture_availability,facility_phy_lab_cond,facility_chem_lab_cond,facility_bio_lab_cond,facility_math_lab_cond,facility_lang_lab_cond,facility_geo_lab_cond,facility_home_sc_lab_cond,facility_psycho_lab_cond,facility_comp_lab_cond,facility_comp_ict_lab_yn,facility_ict_lab_yn,facility_laptop,facility_tablet,facility_desktop,facility_digiboard,facility_teachdev_tot,facility_server_tot,facility_smart_class_tv_tot,facility_projector,facility_printer,facility_internet,facility_dth,facility_spl_educator_yn,facility_librarian_yn,facility_land_avl_yn,facility_kitchen_garden_yn,facility_staff_qtr_yn,facility_tinkering_lab_yn,facility_boarding_pri_yn,facility_boarding_upr_yn,facility_boarding_sec_yn,facility_boarding_hsec_yn,facility_cyber_safety,facility_psycho_social,facility_enrichment_activities,safety_sdmp_plan_yn,safety_struct_safaud_yn,safety_nonstr_safaud_yn,safety_cctv_cam_yn,safety_fire_ext_yn,safety_nodal_tch_yn,safety_safty_trng_yn,safety_dismgmt_taug_yn,safety_slfdef_grt_yn,safety_slfdef_trained,safety_guide_display_yn,safety_tch_first_level_counsellor,safety_safe_sec_audit,safety_teacher_displaying_photo,safety_vidya_pravesh,safety_stu_atndnc_yn,safety_tch_atndnc_yn,safety_sch_youth_club_yn,safety_sch_eco_club_yn,safety_tch_icard_yn,safety_self_cert_obtained_yn
4410844,UTTARAKHAND,CHAMOLI,NANDANAGAR,1,,,Mokhtalla,Mokh Talla,Ghat,4,3,6,8,1,246449,2,2,3,0,2,4,19,14,0,0,0,2,9,9,224,1,0,0,0,0,0,0,9,9,2006,1,2,2,2,1,3,0,1,3,1,1,7,3,2,0,3,0,1,1,0,1,1,0,0,0,0,0,0,1,2,2,1,2,2,2,2,2,1,2,2,2,1,1,1,2,1,1,1,1,9,1,2,9,1,0,0,0,0,0,0,0,0,0,2,9,0,0,4,0,0,0,0,0,1,1,1,3,2,1,1,9,9,9,9,9,9,48,0,1.0,1,1,1,2,1,1,1,1,1,10,1,2,3,1,1,2,2,1,1,1,1
4086306,UTTARAKHAND,CHAMOLI,DASHOLI,1,,,Majyu Lagga Bemru,Syuna,Dasholi,1,3,1,5,1,246472,2,2,3,0,2,4,19,0,0,0,0,1,2,1,223,1,0,0,0,0,1,0,9,9,1984,1,2,9,2,2,0,0,1,3,1,0,2,2,2,2,0,0,1,1,1,1,1,0,0,0,0,1,1,1,2,2,1,2,2,1,2,2,1,2,2,1,2,1,1,2,1,2,2,1,9,1,2,9,1,0,0,0,0,0,0,0,0,0,2,9,0,2,1,0,0,0,0,0,0,1,2,1,1,1,1,9,9,2,9,9,9,0,0,1.0,1,1,1,2,1,1,1,1,9,0,1,1,4,1,1,2,2,1,1,1,1
9202177,UTTARAKHAND,CHAMOLI,KARANPRAYAG,1,,,Kolson,Kolson,Karnaprayag,1,3,1,5,1,246444,2,2,3,0,2,4,0,0,0,0,0,1,2,1,232,1,0,0,0,0,1,0,9,9,1940,1,2,9,2,2,0,1,1,3,2,2,1,3,2,2,1,0,1,1,1,1,1,1,1,0,0,0,0,1,2,2,1,2,2,2,2,2,1,2,2,2,2,1,1,2,1,1,1,1,9,1,1,1,1,0,0,0,0,0,0,0,0,0,2,9,0,2,1,0,0,0,0,0,0,1,2,3,2,2,1,9,9,2,9,9,9,13,0,1.0,1,1,1,2,1,1,1,1,9,0,1,1,1,1,1,2,2,1,1,1,1
5973404,UTTARAKHAND,CHAMOLI,KARANPRAYAG,1,,,Purna,Bagoli,Karnaprayag,1,3,1,5,1,246444,2,2,3,0,2,4,0,0,0,0,0,2,2,2,0,1,0,0,0,0,0,0,9,9,1998,1,2,9,2,2,0,0,1,3,1,1,5,2,1,0,0,2,1,1,1,1,1,0,0,0,0,0,0,1,2,2,1,2,2,2,2,2,1,2,2,2,2,1,1,2,1,1,1,1,9,1,1,1,1,0,0,0,0,0,0,0,0,0,2,9,0,1,0,0,0,0,0,0,0,1,2,3,2,1,1,9,9,2,9,9,9,0,0,2.0,1,1,1,2,1,1,1,1,9,0,1,1,2,1,1,2,2,1,1,1,1
6628377,UTTARAKHAND,CHAMOLI,GAIRSAIN,1,,,Panchali,Panchali,Gairsain,1,3,1,5,1,246428,2,2,3,0,2,4,19,14,0,0,0,2,2,2,227,1,0,0,0,0,0,0,9,9,1948,1,2,9,2,2,0,2,1,3,1,1,3,2,1,2,0,0,1,1,1,1,1,0,0,0,0,1,0,1,2,2,1,2,2,2,2,2,1,2,2,2,1,1,1,2,1,1,1,1,9,1,1,1,1,0,0,0,0,0,0,0,0,0,1,2,0,2,1,0,0,0,0,0,1,1,2,3,2,2,1,9,9,2,9,9,9,94,0,1.0,1,1,1,2,1,1,2,1,9,0,1,1,3,1,1,2,2,1,1,1,1
1780963,UTTARAKHAND,CHAMOLI,NARAYANBAGAR,1,,,Kot,Kot,Narayanbagar,1,3,1,5,1,246453,2,2,3,0,2,4,19,14,0,0,0,2,2,1,227,1,0,0,0,0,0,0,9,9,1992,1,2,9,2,2,0,1,1,3,2,0,1,2,1,2,0,0,1,1,1,1,1,0,0,0,0,0,0,1,2,2,1,2,2,2,2,2,1,2,2,2,2,1,1,2,1,1,1,1,9,1,1,1,1,0,0,0,0,0,0,0,0,0,2,9,0,1,0,0,0,0,0,0,0,1,2,3,2,1,1,9,9,2,9,9,9,1,0,1.0,1,1,1,2,1,1,1,1,9,0,1,1,2,1,1,2,2,1,1,1,2
4744953,UTTARAKHAND,CHAMOLI,NANDANAGAR,1,,,Ala Chak Bura,Aala Jokhana,Ghat,4,3,6,8,1,246435,2,2,3,0,2,4,19,14,0,0,0,2,9,9,226,1,0,0,0,0,0,0,9,9,2009,2,2,2,2,2,0,2,1,3,1,1,1,3,2,0,3,0,1,1,1,1,1,0,0,0,0,0,0,1,2,2,1,2,2,2,2,2,1,2,2,2,2,1,1,1,1,2,1,1,9,1,1,1,2,0,0,0,0,0,0,0,0,0,2,9,0,0,1,0,0,0,0,0,0,1,2,3,2,1,1,9,9,9,9,9,9,18,18,1.0,1,1,1,2,1,1,1,1,2,17,1,1,2,1,1,2,2,1,1,1,1
6566940,UTTARAKHAND,CHAMOLI,THARALI,1,,,Kuni,Kuni Partha,Tharali,1,3,1,5,1,246481,2,2,3,0,2,4,0,0,0,0,0,2,2,1,225,1,0,0,0,0,2,1,9,9,1985,1,2,9,2,2,0,3,1,3,1,0,5,1,0,1,0,0,2,0,0,1,0,0,0,0,0,0,0,1,2,2,1,2,2,2,2,2,1,2,2,2,2,1,1,1,1,1,1,1,9,1,2,9,1,0,0,0,0,0,0,0,0,0,2,9,0,1,2,0,0,0,0,0,0,1,1,3,2,2,1,9,9,2,9,9,9,0,0,1.0,1,2,1,2,1,1,1,1,9,0,1,1,1,1,1,2,2,1,1,1,1
5829185,UTTARAKHAND,CHAMOLI,KARANPRAYAG,1,,,Sidoli,Sidoli,Karnaprayag,1,3,1,5,5,246429,2,2,3,0,2,4,14,19,0,0,0,2,1,9,0,1,3,0,0,0,0,0,9,9,2006,9,2,9,2,9,0,0,9,1,1,1,1,5,6,5,0,0,1,1,1,1,1,1,0,0,0,1,1,1,2,2,1,2,2,2,2,2,1,2,2,2,2,1,1,2,1,1,1,1,9,1,2,9,1,0,0,0,0,0,0,0,0,0,2,9,0,0,5,0,0,0,0,0,1,2,2,3,2,1,1,9,9,1,9,9,9,0,0,,2,2,1,1,1,1,1,1,9,0,1,2,1,1,2,1,1,2,2,1,1
5188887,UTTARAKHAND,CHAMOLI,NANDANAGAR,1,,,Manakhi,Manakhi,Ghat,1,3,1,5,1,246435,2,2,3,0,2,4,19,14,0,0,0,2,2,2,226,1,0,0,0,0,0,0,9,9,1993,1,2,9,2,1,0,0,1,3,1,1,2,2,1,2,0,0,1,1,1,1,1,0,0,0,0,0,0,1,2,2,1,2,2,2,2,2,1,2,2,2,2,1,1,2,1,1,1,1,9,1,1,2,2,0,0,0,0,0,0,0,0,0,2,9,0,2,2,0,0,0,0,0,0,1,2,1,2,1,1,9,9,2,9,9,9,5,0,1.0,1,1,1,2,1,1,1,1,9,0,1,1,1,1,1,2,2,1,1,1,1
6881233,UTTARAKHAND,CHAMOLI,DASHOLI,1,,,Math Jhadeta,Math Jhadeta,Dasholi,1,3,1,5,1,246472,2,2,3,0,2,4,0,0,0,0,0,1,2,2,224,1,0,0,0,0,1,0,9,9,1974,1,2,9,2,2,0,1,1,3,1,1,2,2,1,0,2,0,1,1,1,1,1,0,0,0,0,0,0,1,2,2,1,2,2,2,2,2,1,2,2,2,2,1,1,2,1,1,1,1,9,1,1,1,1,0,0,0,0,0,0,0,0,0,2,9,0,2,2,0,0,0,0,0,0,1,2,3,2,2,1,9,9,2,9,9,9,0,0,2.0,1,1,1,2,1,1,1,1,9,0,1,2,6,1,1,2,2,2,1,1,1
7454087,UTTARAKHAND,CHAMOLI,GAIRSAIN,1,,,Pyura,Pyura,Gairsain,7,3,6,10,4,246440,2,2,3,0,2,4,0,0,0,2,0,2,9,9,0,1,0,0,0,0,0,0,9,9,1997,1,2,2,2,1,5,0,1,1,7,4,5,7,4,0,0,7,1,1,1,1,1,0,0,0,0,1,1,1,2,2,1,2,2,2,2,2,1,2,2,2,2,1,1,1,1,2,1,1,9,1,1,1,1,0,0,0,0,0,0,0,0,0,1,2,0,0,1,0,0,0,0,0,0,1,2,3,2,1,1,2,1,9,9,2,9,0,0,1.0,1,1,2,2,1,1,1,1,2,0,1,1,1,1,1,2,2,1,1,1,1
4325108,UTTARAKHAND,CHAMOLI,POKHARI,1,,,Bingar,Bingarh,Pokhari,1,3,1,5,1,246473,2,2,3,0,2,4,0,0,0,0,0,2,2,2,230,1,0,0,0,0,0,3,9,9,1975,1,2,9,2,2,0,0,1,3,1,1,2,2,1,2,0,0,1,1,1,1,1,0,0,0,0,0,0,1,2,2,1,2,2,2,2,2,1,2,2,2,2,1,1,2,1,1,1,1,9,1,1,1,1,0,0,0,0,0,0,0,0,0,2,9,0,1,1,0,0,0,0,0,0,1,2,3,2,2,1,9,9,2,9,9,9,0,0,1.0,1,1,1,2,1,1,1,1,9,0,1,1,2,1,1,2,2,2,1,1,1
9657695,UTTARAKHAND,CHAMOLI,THARALI,1,,,Harchan,Tungeshwar,Tharali,1,3,1,5,1,246482,2,2,3,0,2,4,19,14,0,0,0,1,2,2,225,1,0,0,0,0,0,0,9,9,1993,1,2,9,2,1,5,3,1,3,1,1,2,2,3,1,1,0,1,1,1,1,1,0,0,0,0,0,0,1,2,2,1,2,2,2,2,2,1,2,2,2,1,1,1,2,1,1,1,1,9,1,1,2,2,0,0,0,0,0,0,0,0,0,2,9,0,1,1,0,0,0,0,0,0,1,2,3,2,2,1,9,9,2,9,9,9,0,0,1.0,1,2,1,2,1,1,1,1,9,0,1,1,1,1,1,2,2,1,1,1,1
3090189,UTTARAKHAND,CHAMOLI,GAIRSAIN,1,,,Bhatmwali,Batagwali,Gairsain,5,3,6,12,1,246487,2,2,3,0,2,4,14,19,0,2,2,2,9,9,0,1,0,0,0,0,0,0,9,9,1991,1,2,2,2,1,5,0,1,3,6,6,1,6,2,6,0,0,2,2,2,2,2,0,0,0,0,0,0,1,2,2,1,2,1,2,2,2,1,2,1,2,1,1,1,2,1,1,1,1,9,1,2,9,1,4,4,4,4,4,4,4,4,4,1,2,0,0,6,0,0,0,1,1,2,1,2,3,2,1,1,2,2,9,9,2,2,12,0,1.0,1,1,1,1,1,1,1,1,1,0,1,1,3,1,1,2,2,1,1,1,1
9853968,UTTARAKHAND,CHAMOLI,Jyotirmath,1,,,Topovan,Tapovan,Joshimath,1,3,1,5,1,246483,2,2,3,0,2,4,19,14,0,0,0,1,2,1,225,1,0,0,0,0,2,0,9,9,1927,1,2,9,2,1,8,0,1,3,1,1,1,2,2,2,0,0,1,1,1,1,1,0,0,0,0,0,0,1,2,2,1,2,2,2,2,2,1,2,2,2,2,1,1,2,1,1,1,1,9,1,1,1,1,0,0,0,0,0,0,0,0,0,2,9,0,1,1,0,0,0,0,0,0,1,2,3,1,1,1,9,9,2,9,9,9,0,0,1.0,1,1,1,2,1,1,1,1,9,0,1,2,6,1,1,2,2,1,1,1,1
6514824,UTTARAKHAND,CHAMOLI,NANDANAGAR,1,,,Luntara,Luntara,Ghat,4,3,6,8,1,246435,2,2,3,0,2,4,14,19,0,0,0,2,9,9,229,1,0,0,0,0,0,0,9,9,2007,1,2,2,2,1,5,10,1,3,1,1,1,3,2,0,1,2,1,0,0,1,1,0,0,0,0,0,2,1,2,2,1,2,2,2,2,2,1,2,2,2,2,1,1,3,1,1,1,1,9,1,1,1,2,0,0,0,0,0,0,0,0,0,1,2,1,0,5,0,0,0,0,1,3,1,1,3,2,1,1,9,9,9,9,9,9,0,0,1.0,1,1,1,2,1,1,1,1,1,17,1,1,4,1,1,2,2,1,1,1,1
7835805,UTTARAKHAND,CHAMOLI,NANDANAGAR,1,,,Kumjug,Kumjug,Ghat,7,3,6,10,1,246435,2,2,3,0,2,4,0,0,0,2,0,1,9,9,220,1,0,0,0,0,0,0,9,9,2005,1,2,2,2,1,4,0,1,3,2,1,2,5,7,2,3,0,1,1,1,1,1,0,0,0,0,1,1,1,2,2,1,2,2,2,2,2,1,2,2,2,2,1,1,2,1,1,1,1,9,1,1,1,1,0,0,0,0,0,0,0,0,0,1,1,0,0,3,0,0,0,1,1,1,1,2,3,2,1,1,2,1,9,9,2,9,95,95,1.0,1,1,1,1,1,1,1,1,1,35,1,1,1,1,2,2,2,1,1,1,1
6410195,UTTARAKHAND,CHAMOLI,POKHARI,1,,,Kwithi,Kwinthi,Pokhari,1,3,1,5,1,246429,2,2,3,0,2,4,14,19,0,0,0,2,2,2,223,1,1,0,0,0,0,0,9,9,1963,1,2,9,2,2,0,3,1,3,1,1,5,2,3,2,0,0,1,1,1,1,1,0,0,0,0,0,0,1,2,2,1,1,2,2,2,2,1,1,2,2,2,1,1,2,1,1,1,2,1,1,1,1,1,0,0,0,0,0,0,0,0,0,2,9,0,2,1,0,0,0,0,0,0,1,2,3,2,2,1,9,9,2,9,9,9,70,0,1.0,1,1,1,2,1,1,1,1,9,0,1,2,2,1,1,2,2,2,1,1,1
4252507,UTTARAKHAND,CHAMOLI,GAIRSAIN,1,,,Kaira,Dairha,Gairsain,1,3,1,5,1,246440,2,2,3,0,2,4,19,14,0,0,0,2,2,1,227,1,0,0,0,0,0,0,9,9,1997,1,2,9,2,1,0,0,1,3,3,3,2,3,3,0,0,3,1,1,1,1,1,0,0,0,0,0,0,1,2,2,1,2,2,2,2,2,1,2,2,2,1,1,1,2,1,1,1,1,9,1,1,1,1,0,0,0,0,0,0,0,0,0,1,2,0,2,1,0,0,0,0,0,0,1,2,3,2,1,1,9,9,2,9,9,9,0,0,1.0,1,1,1,2,1,1,1,1,9,0,1,1,2,1,1,2,2,1,1,1,1
5187269,UTTARAKHAND,CHAMOLI,KARANPRAYAG,1,,,Jasyara,Jasyara,Karnaprayag,4,3,6,8,1,246488,2,2,3,0,2,4,0,0,0,0,0,1,9,9,238,1,0,0,0,0,0,0,9,9,2004,1,2,2,2,2,0,0,1,3,1,0,7,3,1,0,3,0,1,1,1,1,1,0,0,0,0,0,0,1,2,2,1,2,2,2,2,2,1,2,2,2,1,1,1,2,1,1,1,1,9,1,1,1,1,0,0,0,0,0,0,0,0,0,2,9,0,0,3,0,0,0,0,0,1,1,2,3,2,1,1,9,9,9,9,9,9,0,0,2.0,1,1,1,2,1,1,1,1,1,12,1,1,2,1,1,2,2,1,1,1,1
8856964,UTTARAKHAND,CHAMOLI,DEWAL,1,,,Padmalla,Padmala,Dewal,1,3,1,5,1,246427,2,2,3,0,2,4,19,14,0,0,0,1,2,1,225,1,0,1,0,0,0,0,9,9,1963,2,2,9,2,1,2,0,1,3,1,1,1,3,1,3,0,0,2,1,1,1,1,0,0,0,0,0,0,1,2,2,1,2,2,2,2,2,1,2,2,2,2,1,1,2,1,2,2,1,9,1,1,1,1,0,0,0,0,0,0,0,0,0,2,9,0,1,1,0,0,0,0,0,0,1,2,3,2,1,1,9,9,2,9,9,9,0,0,2.0,1,1,1,1,1,1,1,1,9,0,1,1,2,1,1,2,2,1,1,1,1
9012679,UTTARAKHAND,CHAMOLI,THARALI,1,,,Kurad,Kurad,Tharali,1,3,1,5,5,246481,2,2,3,0,2,4,0,0,0,0,0,1,2,9,227,1,2,2,0,0,0,0,9,9,2009,9,2,9,2,9,0,0,9,2,1,1,1,3,1,3,0,0,1,1,1,1,1,0,0,0,0,1,1,1,2,2,1,2,2,2,2,2,1,2,2,2,2,1,1,2,1,2,1,1,9,1,2,9,1,0,0,0,0,0,0,0,0,0,2,9,1,0,0,0,0,0,0,0,0,1,2,3,2,2,2,9,9,2,9,9,9,0,0,,1,2,2,1,1,1,1,1,9,0,1,1,2,1,1,2,2,2,1,1,2
9815463,UTTARAKHAND,CHAMOLI,DASHOLI,1,,,Gawar,Gwad,Dasholi,1,3,1,5,5,246401,2,2,3,0,2,4,0,0,0,0,0,1,1,9,210,1,1,1,0,0,0,0,9,9,1996,9,2,9,2,9,0,0,9,1,1,1,2,3,1,3,0,0,1,1,1,1,1,1,1,1,1,1,1,1,2,2,1,2,2,2,2,2,1,2,2,2,2,1,1,3,1,2,2,1,9,1,2,9,1,0,0,0,0,0,0,0,0,0,2,9,0,0,0,0,0,0,0,0,0,1,2,3,2,2,2,9,9,2,9,9,9,0,0,,1,1,1,2,1,1,1,1,9,0,1,2,3,1,1,1,1,2,1,1,1
1009881,UTTARAKHAND,CHAMOLI,DEWAL,1,,,Ghes,Ghes,Dewal,1,3,1,5,1,246427,2,2,3,0,2,4,19,0,0,0,0,2,2,2,225,1,0,0,0,0,0,0,9,9,1991,2,2,9,2,1,0,0,1,3,1,1,1,2,3,2,0,0,1,1,1,1,1,0,0,0,0,1,1,1,2,2,1,2,2,2,2,2,1,2,2,2,1,1,1,2,1,2,2,1,9,1,1,1,1,0,0,0,0,0,0,0,0,0,2,9,0,1,0,0,0,0,0,0,0,2,2,3,2,1,1,9,9,2,9,9,9,5,5,1.0,1,1,1,2,1,1,2,1,9,0,1,1,6,1,1,2,2,1,1,1,1
1822939,UTTARAKHAND,CHAMOLI,DEWAL,1,,,Torati,Torti,Dewal,1,3,1,5,1,246427,2,2,3,0,2,4,19,14,0,0,0,2,2,2,0,1,0,0,0,0,3,0,9,9,1952,1,2,9,2,1,0,3,1,3,1,1,2,2,1,2,0,0,1,1,1,1,1,0,0,0,0,0,0,1,2,2,1,2,2,2,2,2,1,2,2,2,1,1,1,1,1,2,2,1,9,1,1,1,2,0,0,0,0,0,0,0,0,0,2,9,0,1,0,0,0,0,0,0,0,1,1,3,2,1,1,9,9,2,9,9,9,8,0,1.0,1,1,1,2,1,2,2,1,9,0,1,2,6,1,1,1,1,2,1,1,2
9122080,UTTARAKHAND,CHAMOLI,Jyotirmath,1,,,Raigari,Regdi,Joshimath,7,3,6,10,1,246483,2,2,3,0,2,4,14,19,0,2,0,1,9,9,204,1,0,0,0,0,0,0,9,9,2015,1,2,2,2,1,4,4,1,3,6,6,5,6,1,6,0,0,1,3,3,2,2,0,0,0,0,3,2,1,2,2,1,2,2,2,2,2,1,2,2,2,2,1,1,1,1,1,1,1,9,1,1,2,1,0,0,0,0,0,0,0,0,0,1,2,0,0,5,0,0,0,0,0,1,2,1,3,2,1,1,2,2,9,9,2,9,58,0,1.0,1,1,1,2,1,1,2,1,1,14,1,1,2,1,1,2,2,1,1,1,1
9987436,UTTARAKHAND,CHAMOLI,POKHARI,1,,,Bhikauna,Bhikona,Pokhari,1,3,1,5,1,246473,2,2,3,0,2,4,19,14,0,0,0,2,2,2,230,1,0,0,0,0,0,0,9,9,1952,1,2,9,2,2,0,0,1,3,1,0,2,2,2,2,0,0,1,1,1,1,0,0,0,0,0,0,1,1,2,2,1,2,2,2,2,2,1,2,2,2,2,1,1,2,1,1,1,1,9,1,1,1,1,0,0,0,0,0,0,0,0,0,2,9,0,2,1,0,0,0,0,0,0,1,2,3,2,1,1,9,9,2,9,9,9,0,0,1.0,1,1,1,2,1,1,1,1,9,0,1,1,2,1,1,2,2,2,1,1,1
8980249,UTTARAKHAND,CHAMOLI,DASHOLI,1,,,Salaraitoli,Salla Retoli,Dasholi,4,3,6,8,1,246472,2,2,3,0,2,4,0,0,0,0,0,1,9,9,224,1,0,0,0,0,0,0,9,9,1997,1,2,2,2,2,0,0,1,3,1,1,1,3,2,3,0,0,1,1,1,1,1,0,0,0,0,0,0,1,2,2,1,2,2,2,2,2,1,2,2,2,2,1,1,2,1,2,2,1,9,1,1,1,1,0,0,0,0,0,0,0,0,0,2,9,0,0,1,0,0,0,0,0,0,1,2,2,2,1,1,9,9,9,9,9,9,6,7,1.0,1,1,1,2,1,1,1,1,2,0,1,1,1,1,1,2,2,1,1,1,1
7052231,UTTARAKHAND,CHAMOLI,GAIRSAIN,1,,,Kulagar,Andrapa,Gairsain,1,3,1,5,1,246428,2,2,3,0,2,4,19,14,0,0,0,2,2,2,224,1,0,0,0,0,0,0,9,9,1998,1,2,9,2,1,10,27,1,3,2,1,2,3,3,0,3,0,1,1,1,1,1,0,0,0,0,0,0,1,2,2,1,2,2,2,2,2,1,2,2,2,1,1,1,1,1,1,1,1,9,1,1,1,1,0,0,0,0,0,0,0,0,0,2,9,0,1,1,0,0,0,0,0,0,1,2,3,2,1,1,9,9,2,9,9,9,13,0,1.0,1,1,1,2,1,1,1,1,9,0,1,1,5,1,1,2,2,1,1,1,1
8150328,UTTARAKHAND,CHAMOLI,DASHOLI,1,,,Bairagana,Bairagana,Dasholi,5,3,6,12,1,246401,2,2,3,0,2,4,14,19,0,2,2,1,9,9,209,1,0,0,0,0,0,0,9,9,1976,2,1,2,2,1,4,35,2,3,2,2,2,9,7,5,3,1,1,2,2,2,2,0,0,0,0,0,0,1,2,2,1,2,2,2,2,2,1,2,2,2,2,1,1,1,1,1,1,1,9,1,2,9,1,2,2,2,4,4,4,4,4,4,1,2,0,0,5,0,0,0,1,3,2,1,2,3,2,1,1,2,2,9,9,2,2,205,0,1.0,1,1,1,1,1,1,1,1,1,80,1,1,2,1,2,2,3,1,1,1,1
7934238,UTTARAKHAND,CHAMOLI,NARAYANBAGAR,1,,,Kandwal Gaon,Kandwal Gaon,Narayanbagar,7,3,6,10,1,246455,2,2,3,0,2,4,19,0,0,2,0,1,9,9,225,1,0,0,0,0,0,0,9,9,1972,1,2,2,2,1,14,12,1,3,4,4,3,5,4,0,2,3,2,1,1,1,1,1,1,0,0,1,1,1,2,2,1,2,2,2,2,2,1,2,2,2,2,1,1,2,1,1,1,1,9,1,2,9,1,0,0,0,0,0,0,0,0,0,1,2,0,0,6,0,0,0,2,0,1,1,1,3,2,1,1,2,2,9,9,2,9,30,30,1.0,1,1,1,2,1,1,1,1,1,13,1,1,6,1,1,2,2,1,1,1,1
5296571,UTTARAKHAND,CHAMOLI,Jyotirmath,2,Joshimath-Municipality,Joshimath (MB) - Gaandhinagar Ward No.1,,,,3,3,1,12,5,246443,2,2,3,0,2,4,19,14,0,2,2,1,1,9,223,1,4,4,0,0,0,0,9,9,1997,9,2,2,2,9,0,0,9,1,1,1,1,18,18,18,0,0,1,2,2,4,2,2,2,2,2,2,2,1,2,1,1,2,2,2,2,1,1,2,2,2,2,1,1,2,1,1,1,1,9,1,1,1,1,2,2,1,2,1,3,1,3,1,1,9,10,0,5,0,0,0,0,0,3,1,2,1,1,1,1,2,2,2,9,2,2,0,0,,1,1,1,1,1,1,2,1,2,0,1,2,6,1,1,1,1,1,1,1,1
9624332,UTTARAKHAND,CHAMOLI,NANDANAGAR,1,,,Nagbugar Urf Farkhet,Nagbagar(Farkhet),Ghat,7,3,6,10,5,246435,2,2,1,3,2,4,19,14,0,2,0,2,9,9,210,1,0,0,0,0,0,0,9,9,2003,9,2,2,2,9,0,0,9,1,3,3,1,9,2,8,1,0,1,2,2,2,2,0,0,0,0,0,0,1,2,2,1,2,2,2,2,2,1,2,2,2,2,1,1,2,1,1,1,1,9,1,2,9,1,0,0,0,0,0,0,0,0,0,1,9,0,0,2,0,0,0,0,0,1,1,2,3,2,2,2,2,2,9,9,2,9,0,0,,1,1,2,1,1,1,1,1,2,4,1,1,6,1,2,1,1,1,1,1,1
3750340,UTTARAKHAND,CHAMOLI,Jyotirmath,2,Joshimath-Municipality,Joshimath (MB) - Uper Bazaar-Daando Ward No.6,,,,5,3,6,12,5,246443,2,2,3,0,2,19,4,14,0,2,2,1,9,9,223,1,0,0,0,0,0,0,9,9,1992,9,2,2,2,9,0,0,9,1,3,2,1,7,7,7,0,0,1,2,2,5,5,0,0,0,0,2,5,1,2,2,1,2,2,2,2,2,1,2,2,2,1,1,1,2,1,1,1,1,9,1,2,9,1,1,1,1,4,4,4,4,4,2,1,9,7,15,10,0,1,1,1,3,2,1,2,3,2,1,2,2,1,9,9,2,2,0,0,,1,2,2,1,1,1,2,1,2,0,1,2,6,2,2,2,2,1,1,1,1
6570989,UTTARAKHAND,CHAMOLI,THARALI,2,Tharali-Town Panchayat,Tharali (NP) - Uper Bazaar Tharali Ward No. 3,,,,1,3,1,5,5,246481,2,2,3,0,2,4,19,14,0,0,0,1,1,9,214,1,13,17,1,1,1,1,9,9,1988,9,2,9,2,9,0,0,9,1,2,2,1,5,2,5,0,0,1,2,2,2,2,0,0,0,0,0,0,1,2,2,1,2,2,2,2,2,1,2,2,2,2,1,1,2,1,1,1,1,9,1,1,2,1,0,0,0,0,0,0,0,0,0,1,9,0,0,4,0,0,0,1,2,1,1,2,3,2,1,2,9,9,2,9,9,9,0,0,,1,1,2,1,1,1,1,1,9,0,1,1,2,1,2,1,1,1,1,1,1
5597551,UTTARAKHAND,CHAMOLI,KARANPRAYAG,1,,,Kanda Maikhura,Kanda Maikhura,Karnaprayag,5,3,6,12,4,246446,2,2,3,0,2,4,19,14,0,2,2,2,9,9,225,1,0,0,0,0,0,0,9,9,1980,1,2,2,2,1,4,17,1,1,3,2,5,11,6,6,5,0,1,2,2,2,2,0,0,0,0,0,0,1,2,2,1,2,2,2,2,2,1,2,2,2,2,1,1,2,1,1,1,1,9,1,1,1,1,2,2,2,3,3,2,2,3,4,2,9,1,0,4,0,0,0,0,0,2,1,2,3,2,1,1,2,2,9,9,2,2,11,0,1.0,1,1,1,2,1,1,1,1,2,0,1,2,1,1,2,1,3,1,1,1,2
9508807,UTTARAKHAND,CHAMOLI,DASHOLI,2,Chamoli Gopeshwar-Municipality,Chamoli Gopeshwar (MB) -Sagar Gangol Gaon Ward No.1,,,,1,3,1,5,1,246401,2,2,3,0,2,4,19,14,0,0,0,1,2,1,225,1,2,1,0,0,0,0,9,9,1954,1,2,9,2,2,0,0,2,3,1,1,5,2,1,2,0,0,1,1,1,1,1,0,0,0,0,0,0,1,2,2,1,2,2,2,2,2,1,2,2,2,2,1,1,2,1,2,2,1,9,1,1,1,1,0,0,0,0,0,0,0,0,0,2,9,0,2,1,0,0,0,1,1,0,1,2,3,2,1,1,9,9,2,9,9,9,0,0,1.0,1,1,1,2,1,1,1,1,9,0,1,1,1,1,1,2,2,1,1,1,1
3683502,UTTARAKHAND,CHAMOLI,THARALI,1,,,Bursol,Bursol,Tharali,1,3,1,5,1,246481,2,2,3,0,2,4,19,14,0,0,0,2,2,2,221,1,0,0,0,0,0,0,9,9,1939,1,2,9,2,2,0,0,2,3,1,1,2,2,1,2,0,0,1,2,2,2,2,0,0,0,0,0,0,1,2,2,1,2,2,2,2,2,1,2,2,2,1,1,1,2,1,1,1,1,9,1,1,1,1,0,0,0,0,0,0,0,0,0,2,9,0,1,2,0,0,0,0,0,0,1,2,3,2,2,1,9,9,2,9,9,9,0,0,1.0,1,1,1,2,1,1,1,1,9,0,1,1,2,1,1,2,2,1,1,1,1
2684268,UTTARAKHAND,CHAMOLI,KARANPRAYAG,1,,,Gairoli,Chamola,Karnaprayag,1,3,1,5,1,246444,2,2,3,0,2,4,0,0,0,0,0,1,2,1,230,1,0,0,0,0,0,1,9,9,2008,1,2,9,2,2,0,1,1,3,2,2,2,2,1,0,0,2,1,1,0,1,1,0,0,0,0,0,0,1,2,2,1,2,2,2,2,2,1,2,2,2,2,1,1,2,1,1,1,1,9,1,1,1,1,0,0,0,0,0,0,0,0,0,2,9,0,0,0,0,0,0,0,0,0,1,2,3,2,2,1,9,9,2,9,9,9,2,0,1.0,1,1,1,2,1,1,1,1,9,0,1,1,1,1,1,2,2,1,1,1,1
3199471,UTTARAKHAND,CHAMOLI,DEWAL,1,,,Sawad,Sawad,Dewal,1,3,1,5,1,246427,2,2,3,0,2,4,19,0,0,0,0,2,2,2,232,1,0,0,0,0,1,0,9,9,1991,1,2,9,2,2,0,1,1,3,1,1,2,2,2,1,0,1,1,1,1,1,1,0,0,0,0,0,0,1,2,2,1,2,2,2,2,2,1,2,2,2,2,1,1,2,1,1,1,1,9,1,1,1,1,0,0,0,0,0,0,0,0,0,2,9,0,1,0,0,0,0,0,0,0,1,2,3,2,1,1,9,9,2,9,9,9,4,0,1.0,1,1,1,2,1,1,1,1,9,0,1,1,4,1,1,2,2,1,1,1,2
7607543,UTTARAKHAND,CHAMOLI,KARANPRAYAG,1,,,Padli,Khatyari,Karnaprayag,1,3,1,5,1,246488,2,2,3,0,2,4,19,14,0,0,0,2,2,1,230,1,0,0,0,0,1,0,9,9,1998,1,2,9,2,2,0,3,1,3,2,2,5,3,1,3,0,0,1,2,2,1,1,0,0,0,0,0,0,1,2,2,1,2,2,2,2,2,1,2,2,2,2,1,1,2,1,1,1,1,9,1,1,2,1,0,0,0,0,0,0,0,0,0,2,9,0,2,1,0,0,0,0,0,0,1,2,3,2,1,1,9,9,2,9,9,9,5,5,1.0,1,1,1,2,1,1,1,1,9,0,1,1,2,1,1,2,2,1,1,1,1
7857221,UTTARAKHAND,CHAMOLI,POKHARI,1,,,Gudam,Gudam,Pokhari,1,3,1,5,1,246473,2,2,3,0,2,4,19,14,0,0,0,2,2,1,227,1,0,0,0,0,1,1,9,9,1942,1,2,9,2,2,0,2,1,3,1,1,1,2,1,0,2,0,1,1,1,1,1,0,0,0,0,0,0,1,2,2,1,2,2,2,2,2,1,2,2,2,2,1,1,2,1,1,1,1,9,1,1,1,1,0,0,0,0,0,0,0,0,0,2,9,0,1,1,0,0,0,0,0,0,1,2,3,2,2,1,9,9,2,9,9,9,0,0,1.0,1,1,1,2,1,1,1,1,9,0,1,2,4,1,1,2,2,2,1,1,2
1700764,UTTARAKHAND,CHAMOLI,THARALI,1,,,Chaunda,Chounda,Tharali,1,3,1,5,1,246481,2,2,3,0,2,4,0,0,0,0,0,1,2,1,223,1,0,0,0,0,0,0,9,9,1997,1,2,9,2,2,0,0,1,3,1,1,1,2,1,2,0,0,1,1,1,1,1,0,0,0,0,0,0,1,2,2,1,2,2,2,2,2,1,2,2,2,2,1,1,2,1,1,1,1,9,1,1,2,1,0,0,0,0,0,0,0,0,0,2,9,0,0,1,0,0,0,0,0,0,1,2,3,2,2,1,9,9,2,9,9,9,6,4,1.0,1,1,2,2,1,1,1,1,9,0,1,1,2,1,1,2,2,1,1,1,1
1386632,UTTARAKHAND,CHAMOLI,DEWAL,1,,,Kandai,Kandai,Dewal,1,3,1,5,1,246427,2,2,3,0,2,4,0,0,0,0,0,2,2,2,225,1,0,0,0,0,0,0,9,9,2007,1,2,9,2,2,0,0,1,3,1,1,2,2,0,0,0,2,2,1,1,1,1,0,0,0,0,0,0,1,2,2,1,2,2,2,2,2,1,2,2,2,1,1,1,2,1,1,1,1,9,1,2,9,1,0,0,0,0,0,0,0,0,0,2,9,0,1,0,0,0,0,0,0,0,1,2,3,2,1,1,9,9,2,9,9,9,0,0,2.0,1,1,1,2,1,1,1,1,9,0,1,2,4,1,1,2,2,1,1,1,2
6338137,UTTARAKHAND,CHAMOLI,DASHOLI,1,,,Sonala,Sonla,Dasholi,1,3,1,5,1,246424,2,2,3,0,2,4,0,0,0,0,0,1,2,2,230,1,0,0,0,0,0,0,9,9,1978,1,2,9,2,2,0,0,2,3,1,1,2,2,1,0,2,0,1,1,1,1,1,1,1,0,0,0,0,1,2,2,1,2,2,2,2,2,1,2,2,2,1,1,1,2,1,1,2,1,9,1,1,2,1,0,0,0,0,0,0,0,0,0,2,9,0,1,1,0,0,0,0,0,0,1,2,3,2,2,1,9,9,2,9,9,9,0,0,1.0,1,1,1,2,1,1,1,1,9,0,1,1,1,1,1,2,2,1,1,1,1
8710201,UTTARAKHAND,CHAMOLI,GAIRSAIN,1,,,Pungaon,Pungaon,Gairsain,7,3,6,10,1,246440,2,2,3,0,2,4,19,0,0,2,0,1,9,9,212,1,0,0,0,0,0,0,9,9,1985,1,2,2,2,1,1,0,1,3,2,1,1,5,5,2,0,3,1,1,1,2,2,0,0,0,0,1,0,1,2,2,1,2,2,2,2,2,1,2,2,2,2,1,1,2,1,2,1,1,9,1,2,9,1,0,0,0,0,0,0,0,0,0,1,2,0,0,4,0,0,0,0,0,0,1,2,3,2,1,1,2,2,9,9,2,9,0,0,1.0,1,1,1,2,1,1,1,1,1,26,1,1,1,1,1,2,2,1,1,1,1
4133676,UTTARAKHAND,CHAMOLI,POKHARI,1,,,Sinau Palla,Sinau Palla,Pokhari,5,3,6,12,1,246473,2,2,3,0,2,4,14,19,0,2,2,1,9,9,200,1,0,0,0,0,0,0,9,9,1975,1,2,2,2,1,2,0,1,3,7,3,5,7,1,0,0,7,1,2,1,2,1,0,0,0,0,0,0,1,2,2,1,2,2,2,2,2,1,2,2,2,1,1,1,2,1,2,2,1,9,1,1,1,2,4,4,4,4,4,4,4,4,4,2,9,0,0,2,0,0,0,0,0,1,1,2,1,2,1,1,2,2,9,9,2,1,0,0,1.0,1,1,1,2,1,1,1,1,1,0,1,1,1,1,1,2,2,1,1,1,1
8618165,UTTARAKHAND,CHAMOLI,NARAYANBAGAR,1,,,Gadkot,Garhkot,Narayanbagar,5,3,6,12,1,246444,2,2,3,0,2,4,0,0,0,2,2,2,9,9,38,1,0,0,0,0,0,0,9,9,1975,1,1,2,2,1,4,15,1,3,10,10,5,10,1,4,3,3,2,1,1,1,1,0,0,0,0,0,0,1,2,2,1,2,2,2,2,2,1,2,2,2,1,1,1,2,1,1,2,1,9,1,1,2,1,2,2,2,2,4,4,4,4,4,1,1,0,0,5,0,0,0,1,1,3,1,2,3,2,1,1,2,2,9,9,2,2,46,0,1.0,1,1,2,1,1,1,2,1,1,60,2,2,6,1,2,2,2,1,1,1,2
3251176,UTTARAKHAND,CHAMOLI,POKHARI,1,,,Dhamak,Dhamak,Pokhari,5,3,6,12,1,246473,2,2,3,0,2,4,0,0,0,2,2,2,9,9,225,1,0,0,0,0,0,0,9,9,1982,1,2,2,2,1,0,0,1,3,4,1,5,7,7,4,3,0,1,1,1,1,1,0,0,0,0,0,0,1,2,2,1,2,2,2,2,2,1,2,2,2,1,1,1,3,1,1,1,1,9,1,1,1,1,2,2,2,2,2,2,2,2,4,2,9,0,0,5,0,0,0,1,1,2,1,2,3,2,1,1,2,2,9,9,2,2,0,0,1.0,1,1,1,2,1,1,1,1,1,20,1,1,5,1,1,2,2,1,1,1,1
8643742,UTTARAKHAND,CHAMOLI,NARAYANBAGAR,1,,,Nakholi,Nakholi,Narayanbagar,4,3,6,8,1,246455,2,2,3,0,2,4,19,14,0,0,0,2,9,9,224,1,0,0,0,0,0,0,9,9,1984,1,2,2,2,2,0,4,1,3,2,2,2,3,2,0,3,0,1,1,1,1,1,0,0,0,0,0,0,1,2,2,1,2,2,2,2,2,1,2,2,2,2,1,1,2,1,1,1,1,9,1,1,1,2,0,0,0,0,0,0,0,0,0,2,9,0,0,3,0,0,0,0,0,1,1,2,3,2,1,1,9,9,9,9,9,9,16,16,1.0,1,1,1,2,1,1,1,1,2,0,1,2,2,1,1,2,2,1,1,1,2
5247968,UTTARAKHAND,CHAMOLI,DEWAL,1,,,Himani Chack Bahantara,Himani,Dewal,1,3,1,5,1,246427,2,2,3,0,2,4,19,14,0,0,0,1,2,1,223,1,0,0,0,0,1,1,9,9,1997,1,2,9,2,1,5,0,1,3,1,1,2,2,1,2,0,0,1,1,1,1,1,0,0,0,0,1,1,1,2,2,1,2,2,2,2,2,1,2,2,2,2,1,2,1,1,1,1,1,9,1,1,1,1,0,0,0,0,0,0,0,0,0,1,2,0,1,2,0,0,0,0,0,0,1,2,3,2,2,1,9,9,2,9,9,9,6,2,1.0,1,1,1,2,1,1,1,1,9,0,1,1,4,1,1,2,2,1,1,1,1
9869269,UTTARAKHAND,CHAMOLI,KARANPRAYAG,1,,,Ganoli,Ganoli,Karnaprayag,4,3,6,8,1,246446,2,2,3,0,2,4,19,14,0,0,0,2,9,9,230,1,0,0,0,0,0,0,9,9,2006,1,2,2,2,2,0,4,1,3,1,1,2,3,1,0,0,3,1,1,1,1,1,0,0,0,0,0,0,1,2,2,1,2,2,2,2,2,1,2,2,2,2,1,1,2,1,1,1,1,9,1,1,2,1,0,0,0,0,0,0,0,0,0,2,9,0,0,2,0,0,0,0,0,0,1,2,3,2,2,1,9,9,9,9,9,9,8,0,1.0,1,1,1,2,1,1,1,1,2,0,1,1,2,1,1,2,2,1,1,1,1
3478590,UTTARAKHAND,CHAMOLI,Jyotirmath,1,,,Hailang,Helang,Joshimath,4,3,6,8,1,246443,2,2,3,0,2,4,19,14,0,0,0,2,9,9,225,1,0,0,0,0,0,0,9,9,1991,1,2,2,2,2,0,0,1,3,1,0,2,4,2,4,0,0,1,1,1,1,1,0,0,0,0,0,0,2,2,2,1,2,2,2,2,2,1,2,2,2,2,1,1,2,1,1,1,1,9,1,1,1,1,0,0,0,0,0,0,0,0,0,2,9,0,0,1,0,0,0,0,0,0,2,2,3,1,1,1,9,9,9,9,9,9,12,12,1.0,1,1,1,2,1,1,1,1,2,0,2,1,5,1,1,2,2,1,1,1,1
3237711,UTTARAKHAND,CHAMOLI,NANDANAGAR,1,,,Kurar Gunth,Kurud Goonth,Ghat,5,3,6,12,1,246435,2,2,3,0,2,4,14,19,0,2,2,1,9,9,227,1,0,0,0,0,0,0,9,9,1978,1,2,2,2,1,2,0,1,3,3,3,7,8,3,7,1,0,1,1,1,1,1,0,0,0,0,1,1,1,2,2,1,2,2,2,2,2,1,2,2,2,2,1,1,2,1,1,1,1,9,1,1,1,2,4,4,4,4,4,2,4,4,4,2,9,0,0,8,0,0,0,3,0,2,1,2,3,2,1,1,2,2,9,9,2,2,0,0,1.0,1,1,1,2,1,1,1,1,2,56,1,1,1,1,2,2,3,1,1,1,1
7476487,UTTARAKHAND,CHAMOLI,POKHARI,1,,,Sarmola,Sarmola,Pokhari,5,3,6,12,1,246429,2,2,3,0,2,4,0,0,0,2,2,1,9,9,230,1,0,0,0,0,0,0,9,9,1982,1,2,2,2,1,3,0,1,3,3,2,3,9,3,4,4,1,2,1,1,2,1,0,0,0,0,2,0,1,2,2,1,2,2,2,2,2,1,2,2,2,2,1,1,2,1,1,2,1,9,1,1,1,1,2,2,2,4,4,2,4,4,4,1,2,1,0,2,0,0,0,0,1,1,1,1,3,2,1,1,2,2,9,9,2,2,133,0,1.0,1,1,1,2,1,1,1,1,1,45,1,2,2,1,1,2,2,1,1,1,1
5170371,UTTARAKHAND,CHAMOLI,GAIRSAIN,1,,,Badiya Sem,Silanga,Gairsain,4,3,6,8,1,246431,2,2,3,0,2,4,0,0,0,0,0,2,9,9,230,1,0,0,0,0,0,0,9,9,2009,1,2,2,2,1,7,3,1,3,1,1,2,3,3,0,0,3,1,1,1,1,1,0,0,0,0,0,0,1,2,2,1,2,2,2,2,2,1,2,2,2,1,1,1,2,1,1,1,1,9,1,1,1,1,0,0,0,0,0,0,0,0,0,2,9,0,0,4,0,0,0,0,0,1,1,2,3,2,1,1,9,9,9,9,9,9,0,0,1.0,1,1,1,2,1,1,1,1,1,5,1,1,2,1,1,2,2,1,1,1,1
9576433,UTTARAKHAND,CHAMOLI,DASHOLI,2,PIPALKOTI-Town Panchayat,Peepalkoti (NP)- Naurakh Peepalkoti Ward No.1,,,,2,3,1,8,5,246472,2,2,3,0,2,4,19,0,0,0,0,1,2,9,204,1,4,10,0,0,0,0,9,9,1983,9,2,2,2,9,0,0,9,1,3,3,7,8,1,8,0,0,1,1,1,1,1,0,0,0,0,0,0,1,2,2,1,2,2,2,2,2,1,2,2,2,2,1,1,2,1,1,1,1,9,1,2,9,1,0,0,0,0,0,0,0,0,0,2,9,0,0,2,0,0,0,0,0,1,1,2,3,2,1,2,9,9,2,9,9,9,0,0,,1,1,1,1,1,1,1,1,2,0,1,1,2,1,1,1,1,2,1,1,1
3133689,UTTARAKHAND,CHAMOLI,POKHARI,2,POKHRI-Town Panchayat,Pokhri (NP) -Guniyala Ward No. 4,,,,6,3,1,10,5,246473,2,2,3,0,2,19,4,14,0,2,0,2,1,9,228,1,0,0,0,0,0,0,9,9,2012,9,2,2,2,9,0,0,9,1,1,1,1,13,7,13,0,0,1,4,4,4,4,0,0,0,0,0,0,1,2,2,1,2,2,2,2,2,1,2,2,2,2,1,1,2,1,1,1,1,9,1,1,1,1,0,0,0,0,0,0,0,0,0,1,9,0,0,6,0,0,0,0,0,3,1,2,3,2,1,2,2,2,2,9,2,9,0,0,,1,1,1,1,1,1,1,1,2,0,1,1,2,1,1,1,1,1,1,1,1
1391137,UTTARAKHAND,CHAMOLI,Jyotirmath,2,Joshimath-Municipality,Joshimath (MB) - Painka-Maarwaadi Ward No.2,,,,3,3,1,12,5,246443,2,2,3,0,2,19,4,14,0,1,1,1,1,9,0,1,12,11,7,1,0,0,9,9,2013,9,2,2,2,9,0,0,9,1,3,3,1,17,12,17,0,0,1,15,15,15,15,1,1,1,1,16,0,1,1,2,2,2,2,2,1,2,2,2,2,2,1,1,1,2,1,2,1,1,9,1,1,1,1,1,1,1,1,4,4,4,4,1,1,9,2,0,50,0,0,1,3,2,3,1,1,3,1,2,1,2,1,2,9,2,2,0,0,,1,1,1,1,1,1,1,1,2,0,1,2,1,1,2,2,2,1,1,1,1
2870641,UTTARAKHAND,CHAMOLI,NANDANAGAR,1,,,Motha,Chaka,Ghat,1,3,1,5,1,246449,2,2,3,0,2,4,19,14,0,0,0,2,2,1,224,1,1,2,0,0,0,0,9,9,1995,1,2,9,2,1,4,0,1,3,1,1,1,2,1,1,1,0,1,1,1,1,0,0,0,0,0,0,0,1,2,2,1,2,2,2,2,2,1,2,2,2,2,1,1,2,1,1,1,1,9,1,1,1,2,0,0,0,0,0,0,0,0,0,2,9,0,1,1,0,0,0,0,0,0,1,2,3,2,2,1,9,9,2,9,9,9,0,0,1.0,1,1,1,2,1,1,1,1,9,0,1,1,1,1,1,2,2,2,1,1,1
4857405,UTTARAKHAND,CHAMOLI,Jyotirmath,1,,,Ringi,Ringi,Joshimath,1,3,1,5,1,246483,2,2,3,0,2,4,19,0,0,0,0,2,2,1,226,1,0,0,0,0,0,0,9,9,1956,1,2,9,2,1,11,14,1,3,2,2,2,2,2,2,0,0,1,1,1,1,1,0,0,0,0,0,0,1,2,2,1,2,2,2,2,2,1,2,2,2,2,1,1,2,1,1,1,1,9,1,1,1,1,0,0,0,0,0,0,0,0,0,2,9,0,1,1,0,0,0,0,0,0,1,2,3,2,2,1,9,9,2,9,9,9,0,0,1.0,1,1,2,2,1,1,2,1,9,0,1,1,4,1,1,2,2,1,1,1,1
8057750,UTTARAKHAND,CHAMOLI,DEWAL,1,,,Harani Chak Mundoli,Harni,Dewal,1,3,1,5,1,246427,2,2,3,0,2,4,19,0,0,0,0,1,2,1,219,1,0,0,0,0,0,0,9,9,1973,1,2,9,2,2,0,3,1,3,1,1,2,2,2,2,0,0,1,1,1,1,1,0,0,0,0,0,0,1,2,2,1,2,2,2,2,2,1,2,2,2,1,1,1,1,1,2,1,1,9,1,1,1,1,0,0,0,0,0,0,0,0,0,1,1,0,2,2,0,2,0,0,0,0,1,2,3,2,1,1,9,9,2,9,9,9,36,35,1.0,1,1,2,2,1,1,1,1,9,0,1,2,1,1,1,2,2,1,1,1,1
9420024,UTTARAKHAND,CHAMOLI,KARANPRAYAG,1,,,Jaikandi,Jaikandi (Barsoli),Karnaprayag,1,3,1,5,1,246446,2,2,3,0,2,4,0,0,0,0,0,1,2,1,237,1,0,0,0,0,0,3,9,9,1995,1,2,9,2,2,0,4,1,3,1,1,2,3,1,1,2,0,1,1,1,1,1,0,0,0,0,0,0,1,2,2,1,2,2,2,2,2,1,2,2,2,2,1,1,2,1,1,1,1,9,1,1,1,1,0,0,0,0,0,0,0,0,0,2,9,0,2,1,0,0,0,0,0,0,1,2,3,2,2,1,9,9,2,9,9,9,0,0,1.0,1,1,1,2,1,1,1,1,9,0,1,2,2,1,1,2,2,1,1,1,1
3943524,UTTARAKHAND,CHAMOLI,GAIRSAIN,1,,,Naugaon Malla,Moonson,Gairsain,1,3,1,5,1,246428,2,2,3,0,2,4,19,14,0,0,0,2,2,2,0,1,0,0,0,0,0,0,9,9,2007,1,2,9,2,2,0,0,1,3,1,1,5,2,1,1,1,0,1,1,1,1,1,0,0,0,0,0,0,1,2,2,1,2,2,2,2,2,1,2,2,2,2,1,1,2,1,2,1,1,9,1,1,1,2,0,0,0,0,0,0,0,0,0,2,9,0,1,1,0,0,0,0,0,0,1,2,3,2,2,1,9,9,2,9,9,9,0,0,2.0,1,1,1,2,1,1,2,1,9,0,1,1,1,1,1,2,2,1,1,1,1
4389030,UTTARAKHAND,CHAMOLI,DASHOLI,1,,,Nijmola,Nijmula,Dasholi,1,3,1,5,1,246424,2,2,3,0,2,4,0,0,0,0,0,2,2,2,221,1,0,0,0,0,0,1,9,9,2005,1,2,9,2,2,0,0,1,3,1,1,2,3,1,2,0,1,1,1,1,1,1,0,0,0,0,0,0,1,2,2,1,2,2,2,2,2,1,2,2,2,2,1,1,2,1,1,2,1,9,1,1,1,2,0,0,0,0,0,0,0,0,0,2,9,0,2,1,0,0,0,0,0,0,1,2,3,2,2,1,9,9,2,9,9,9,0,0,1.0,1,1,1,2,1,1,1,1,9,0,1,2,2,1,1,2,2,1,1,1,1
3522632,UTTARAKHAND,CHAMOLI,DEWAL,1,,,Kheta Manvati,Kheta Manmati,Dewal,1,3,1,5,1,246427,2,2,3,0,2,4,19,14,0,0,0,2,2,2,226,1,0,0,0,0,2,2,9,9,1901,2,2,9,2,2,0,0,2,3,1,1,2,3,1,1,1,1,1,1,1,1,1,1,1,0,0,0,0,1,2,2,1,2,2,2,2,2,1,2,2,2,2,1,1,1,1,1,1,2,1,1,1,1,2,0,0,0,0,0,0,0,0,0,2,9,0,2,1,0,0,0,0,0,0,2,2,3,2,2,1,9,9,2,9,9,9,0,0,2.0,1,2,2,2,1,2,2,1,9,0,1,2,4,1,1,2,2,2,1,1,2
3600118,UTTARAKHAND,CHAMOLI,NANDANAGAR,1,,,Kumartoli,Kumjug,Ghat,1,3,1,5,5,246435,2,2,3,0,2,4,19,0,0,0,0,1,1,9,228,1,9,19,3,1,0,0,9,9,2007,9,2,9,2,9,0,0,9,2,1,1,1,7,2,7,0,0,1,1,1,1,1,0,0,0,0,0,0,1,2,2,1,2,2,2,2,2,1,2,2,2,2,1,1,2,1,1,1,1,9,1,2,9,2,0,0,0,0,0,0,0,0,0,2,9,1,0,2,0,0,0,0,0,0,1,2,3,2,2,2,9,9,2,9,9,9,0,0,,1,1,1,1,1,1,1,1,9,0,1,1,1,1,1,1,1,2,1,1,1
9735821,UTTARAKHAND,CHAMOLI,DASHOLI,1,,,Mahargaon,Lwanh,Dasholi,1,3,1,5,1,246472,2,2,3,0,2,4,0,0,0,0,0,1,2,1,222,1,0,0,0,0,0,1,9,9,1999,1,2,9,2,2,0,0,1,3,1,1,2,2,1,0,0,2,1,0,0,1,1,1,1,0,0,0,0,1,2,2,1,2,2,2,2,2,1,2,2,2,2,1,1,2,1,1,1,1,9,1,1,1,1,0,0,0,0,0,0,0,0,0,2,9,0,2,1,0,0,0,0,0,0,1,2,3,2,1,1,9,9,2,9,9,9,0,0,1.0,1,1,1,2,1,1,1,1,9,0,1,2,2,1,1,2,2,1,1,1,1
3907543,UTTARAKHAND,CHAMOLI,THARALI,1,,,Dhungakholi,Dungakholi,Tharali,1,3,1,5,1,246481,2,2,3,0,2,4,19,0,0,0,0,1,2,1,226,1,0,0,0,0,0,1,9,9,1960,1,2,9,2,2,0,0,1,3,1,1,5,2,1,2,0,0,1,2,2,2,2,0,0,0,0,0,0,1,2,2,1,2,2,2,2,2,1,2,2,2,2,1,1,2,1,1,1,1,9,1,1,1,1,0,0,0,0,0,0,0,0,0,2,9,0,1,1,0,0,0,0,0,0,1,1,3,2,1,1,9,9,2,9,9,9,0,0,1.0,1,2,1,2,1,1,1,1,9,0,1,1,3,1,1,2,2,1,1,1,1
2546919,UTTARAKHAND,CHAMOLI,KARANPRAYAG,1,,,Swarka,Chulakot,Karnaprayag,1,3,1,5,1,246474,2,2,3,0,2,4,19,14,0,0,0,1,2,1,230,1,0,0,0,0,0,0,9,9,2006,1,2,9,2,2,0,2,1,3,1,1,5,2,1,0,0,2,1,1,0,1,1,0,0,0,0,0,0,1,2,2,1,2,2,2,2,2,1,2,2,2,2,1,1,2,1,1,1,1,9,1,1,1,1,0,0,0,0,0,0,0,0,0,2,9,0,1,0,0,0,0,0,0,0,1,2,1,2,1,1,9,9,2,9,9,9,5,0,1.0,1,1,1,2,1,1,1,1,9,0,1,1,1,1,1,2,2,1,1,1,1
3740033,UTTARAKHAND,CHAMOLI,DEWAL,1,,,Ulangra,Ulangra,Dewal,1,3,1,5,1,246427,2,2,3,0,2,4,0,0,0,0,0,1,2,2,222,1,0,0,0,0,0,0,9,9,1940,1,2,9,2,2,0,0,1,3,1,1,2,2,1,0,2,0,1,1,1,1,1,0,0,0,0,0,0,2,2,2,1,2,2,2,2,2,1,2,2,2,2,1,1,1,1,1,1,1,9,1,1,1,1,0,0,0,0,0,0,0,0,0,2,9,0,1,2,0,0,0,0,0,0,1,2,3,2,1,1,9,9,2,9,9,9,0,0,1.0,1,2,1,2,1,1,1,1,9,0,1,2,4,1,1,2,2,2,1,1,1
7315174,UTTARAKHAND,CHAMOLI,KARANPRAYAG,1,,,Kandara,Kandara,Karnaprayag,1,3,1,5,1,246449,2,2,3,0,2,4,19,14,0,0,0,1,2,2,230,1,0,0,0,0,0,1,9,9,1902,1,2,9,2,2,0,2,1,3,1,0,1,2,1,2,0,0,1,1,0,1,1,0,0,0,0,0,0,1,2,2,1,2,2,2,2,2,1,2,2,2,2,1,1,2,1,1,1,1,9,1,1,2,1,0,0,0,0,0,0,0,0,0,2,9,0,2,1,0,0,0,1,0,0,1,2,3,2,2,1,9,9,2,9,9,9,8,0,1.0,1,1,1,2,1,1,1,1,9,0,1,1,2,1,1,2,2,1,1,1,1
2198987,UTTARAKHAND,CHAMOLI,Jyotirmath,1,,,Pokhani Urf Pokhari,Pokhani,Joshimath,1,3,1,5,1,246472,2,2,3,0,2,4,0,0,0,0,0,2,2,2,225,1,0,0,0,0,0,0,9,9,1990,1,2,9,2,1,6,0,1,3,1,1,7,2,1,1,0,1,2,1,1,1,1,0,0,0,0,0,0,1,2,2,1,2,2,2,2,2,1,2,2,2,2,1,1,2,1,1,1,1,9,1,1,1,1,0,0,0,0,0,0,0,0,0,2,9,0,1,1,0,0,0,0,0,0,1,2,3,2,1,1,9,9,2,9,9,9,0,0,1.0,1,1,2,2,1,1,1,1,9,0,1,1,2,1,1,2,2,1,1,1,1
8873227,UTTARAKHAND,CHAMOLI,Jyotirmath,1,,,Tugasi,Regdi,Joshimath,1,3,1,5,1,246483,2,2,3,0,2,4,14,19,0,0,0,1,2,2,227,1,0,0,0,0,2,0,9,9,1982,1,2,9,2,1,10,5,1,3,2,2,2,2,0,2,0,0,2,1,1,1,1,0,0,0,0,1,1,1,2,2,1,2,2,2,2,2,1,2,2,2,2,1,1,2,1,1,1,1,9,1,1,1,1,0,0,0,0,0,0,0,0,0,2,9,0,1,1,0,0,0,0,0,0,1,2,3,1,1,1,9,9,2,9,9,9,0,0,1.0,1,2,2,2,1,1,1,1,9,0,1,1,6,1,1,2,2,1,1,1,1
8436626,UTTARAKHAND,CHAMOLI,NANDANAGAR,1,,,Bhairni,Bherni,Ghat,1,3,1,5,1,246449,2,2,3,0,2,4,0,0,0,0,0,1,2,1,240,1,0,0,0,0,0,0,9,9,1948,1,2,9,2,1,2,0,1,3,1,0,2,3,1,0,0,3,1,1,0,1,1,0,0,0,0,0,0,1,2,2,1,2,2,2,2,2,1,2,2,2,2,1,1,2,1,1,1,1,9,1,1,1,1,0,0,0,0,0,0,0,0,0,2,9,0,2,1,0,0,0,0,0,0,1,2,3,2,2,1,9,9,2,9,9,9,14,14,1.0,1,1,1,2,1,1,1,1,9,0,1,1,1,1,1,2,2,2,1,1,1
8467816,UTTARAKHAND,CHAMOLI,NARAYANBAGAR,1,,,Ased,Aser,Narayanbagar,4,3,6,8,1,246455,2,2,3,0,2,4,14,19,0,0,0,2,9,9,226,1,0,0,0,0,0,0,9,9,2009,1,2,2,2,1,8,4,1,3,1,1,2,3,2,0,0,3,1,1,1,2,2,0,0,0,0,0,0,1,2,2,1,2,2,2,2,2,1,2,2,2,2,1,1,2,1,1,1,1,9,1,1,1,1,0,0,0,0,0,0,0,0,0,1,2,0,0,3,0,0,0,0,0,1,1,2,3,2,2,1,9,9,9,9,9,9,20,20,1.0,1,1,1,2,1,1,1,1,1,0,1,2,2,1,2,2,2,1,1,1,1
5670829,UTTARAKHAND,CHAMOLI,POKHARI,1,,,Nail,Nel,Pokhari,4,3,6,8,1,246473,2,2,3,0,2,4,14,19,0,0,0,2,9,9,226,1,0,0,0,0,0,0,9,9,2006,1,2,2,2,2,0,0,1,3,1,1,2,3,3,3,0,0,1,2,2,1,1,0,0,0,0,0,0,1,2,2,1,2,2,2,2,2,1,2,2,2,1,1,1,2,1,1,1,1,9,1,1,1,2,0,0,0,0,0,0,0,0,0,2,9,0,0,2,0,0,0,0,0,1,1,2,3,2,2,1,9,9,9,9,9,9,0,9,1.0,1,1,1,2,1,1,1,1,2,0,1,1,2,1,1,2,2,1,1,1,1
2555804,UTTARAKHAND,CHAMOLI,GAIRSAIN,1,,,Kushrani Talli,Kusrani Talli,Gairsain,5,3,6,12,1,246486,2,2,3,0,2,4,0,0,0,2,2,2,9,9,0,1,0,0,0,0,0,0,9,9,1971,1,1,2,2,1,0,0,1,3,7,6,5,7,5,6,0,1,2,4,4,3,3,0,0,0,0,4,2,1,2,2,1,2,2,2,2,2,1,2,2,2,1,1,1,2,1,1,1,1,9,1,1,1,1,2,2,2,2,2,2,2,2,4,1,2,1,0,5,0,0,0,1,1,1,1,2,3,2,1,1,2,2,9,9,2,2,0,0,1.0,1,1,1,2,1,1,1,1,1,35,1,1,6,1,1,2,2,1,1,1,1
3840891,UTTARAKHAND,CHAMOLI,NARAYANBAGAR,1,,,Harmani Talli,Harmani Talli,Narayanbagar,4,3,6,8,1,246481,2,2,3,0,2,4,14,19,0,0,0,1,9,9,0,1,0,0,0,0,0,0,9,9,2007,1,2,2,2,2,0,3,1,3,1,1,1,3,2,0,0,3,1,1,1,1,1,0,0,0,0,0,0,1,2,2,1,2,2,2,2,2,1,2,2,2,2,1,1,2,1,1,1,1,9,1,1,1,1,0,0,0,0,0,0,0,0,0,2,9,0,0,2,0,0,0,0,0,1,1,2,3,2,1,1,9,9,9,9,9,9,5,5,1.0,1,1,1,2,1,1,1,1,2,0,1,1,3,1,1,2,2,1,1,1,2
6235394,UTTARAKHAND,CHAMOLI,NARAYANBAGAR,1,,,Gadseer,Garhasera,Narayanbagar,4,3,6,8,1,246455,2,2,3,0,2,4,0,0,0,0,0,1,9,9,234,1,0,0,0,0,0,0,9,9,2007,1,2,2,2,2,0,8,1,3,1,0,7,3,2,2,0,1,1,2,2,2,2,0,0,0,0,0,0,1,2,2,1,2,2,2,2,2,1,2,2,2,2,1,1,3,1,1,1,1,9,1,1,1,2,0,0,0,0,0,0,0,0,0,2,9,0,0,2,0,0,0,0,0,1,1,2,3,2,1,1,9,9,9,9,9,9,15,15,1.0,1,1,1,2,1,1,1,1,2,0,1,1,6,1,1,2,2,1,1,1,2
7705468,UTTARAKHAND,CHAMOLI,THARALI,1,,,Kakhda,Kakhada,Tharali,7,3,6,10,1,246481,2,2,3,0,2,4,0,0,0,2,0,1,9,9,225,1,0,0,0,0,0,0,9,9,1989,1,2,2,2,1,10,0,1,3,1,1,5,5,4,5,0,0,1,2,2,1,1,0,0,0,0,2,1,1,2,2,1,2,2,2,2,2,1,2,2,2,1,1,1,1,1,1,1,1,9,1,1,2,1,0,0,0,0,0,0,0,0,0,1,1,0,0,3,0,0,0,2,0,1,1,2,3,2,1,1,2,2,9,9,2,9,41,0,1.0,1,2,1,2,1,1,1,1,1,25,1,1,2,1,1,2,3,1,1,1,1
7863935,UTTARAKHAND,CHAMOLI,KARANPRAYAG,1,,,Pudiyani,Pudiyani,Karnaprayag,7,3,6,10,1,246474,2,2,3,0,2,4,19,14,18,2,0,2,9,9,228,1,0,0,0,0,0,0,9,9,2006,1,2,2,2,1,6,0,1,3,3,3,5,6,6,6,0,0,1,2,2,2,2,0,0,0,0,0,0,1,2,2,1,2,2,2,2,2,1,2,2,2,2,1,1,1,1,1,1,1,9,1,1,1,1,0,0,0,0,0,0,0,0,0,1,2,0,0,3,0,0,0,0,0,2,1,1,3,2,1,1,2,2,9,9,2,9,0,0,1.0,1,1,1,2,1,1,1,1,1,20,1,1,2,1,1,2,2,1,1,1,1
9242415,UTTARAKHAND,CHAMOLI,DASHOLI,1,,,Nagartangsa,Tangsa,Dasholi,5,3,6,12,1,246401,2,2,3,0,2,4,0,0,0,2,2,1,9,9,215,1,0,0,0,0,0,0,9,9,1978,1,2,2,2,1,4,8,1,3,5,4,2,8,5,4,0,4,1,2,2,2,2,0,0,0,0,0,0,1,2,2,1,2,2,2,2,2,1,2,2,2,2,1,1,2,1,1,1,1,9,1,1,1,2,2,2,2,3,3,2,3,3,2,1,2,0,0,10,0,2,0,1,1,3,1,1,3,2,1,1,2,2,9,9,2,2,84,76,1.0,1,1,1,1,1,1,1,1,1,25,1,1,2,1,1,2,3,1,1,1,1
1890783,UTTARAKHAND,CHAMOLI,THARALI,2,Tharali-Town Panchayat,Tharali (NP) - Uper Bazaar Tharali Ward No. 3,,,,5,3,6,12,1,246481,2,2,3,0,2,4,19,14,0,2,2,2,9,9,234,1,0,0,0,0,0,0,9,9,1918,1,2,2,2,1,5,25,1,3,2,2,7,12,8,8,2,2,1,3,3,1,1,1,1,0,0,5,0,1,2,2,1,2,2,2,2,2,1,2,2,2,2,1,1,2,1,1,1,1,9,1,1,1,1,2,2,2,3,4,2,4,4,2,1,1,1,0,16,1,0,0,1,1,1,1,1,3,2,1,1,2,2,9,9,2,2,0,0,1.0,1,2,2,1,1,1,1,1,2,0,1,1,1,1,2,2,3,1,1,2,1
2965943,UTTARAKHAND,CHAMOLI,GAIRSAIN,1,,,Khal Kumkhori,Khal (Kumkholi),Gairsain,2,3,1,8,5,246440,2,2,3,0,2,19,0,0,0,0,0,1,1,9,201,1,12,7,0,0,1,0,9,9,2003,9,2,2,2,9,0,0,9,1,2,2,1,11,5,11,0,0,1,2,2,3,3,0,0,0,0,1,1,1,2,2,1,2,2,2,2,2,1,2,2,2,1,1,1,2,1,1,1,1,9,1,1,2,1,0,0,0,0,0,0,0,0,0,1,9,0,0,10,0,10,1,1,0,1,1,2,1,2,1,1,9,9,2,9,9,9,0,0,,1,1,2,1,1,1,1,1,2,0,1,2,2,1,1,1,1,1,1,1,1
6154957,UTTARAKHAND,CHAMOLI,NANDANAGAR,1,,,Jokhana,Aala Jokhana,Ghat,1,3,1,5,1,246435,2,2,3,0,2,4,19,14,0,0,0,2,2,2,226,1,0,0,0,0,0,0,9,9,1999,1,2,9,2,2,0,5,1,3,1,0,1,2,1,2,0,0,1,1,1,1,0,0,0,0,0,0,0,1,2,2,1,2,2,2,2,2,1,2,2,2,2,1,1,1,1,1,1,1,9,1,1,1,2,0,0,0,0,0,0,0,0,0,2,9,0,2,1,0,0,0,0,0,1,1,2,3,2,2,1,9,9,2,9,9,9,0,0,1.0,1,1,1,2,1,1,1,1,9,0,1,1,3,1,1,2,2,2,1,1,1
6824113,UTTARAKHAND,CHAMOLI,POKHARI,1,,,Tunji,Tonaji,Pokhari,1,3,1,5,1,246473,2,2,3,0,2,4,19,14,0,0,0,2,2,2,228,1,0,0,0,0,2,1,9,9,1954,1,2,9,2,2,0,0,1,3,1,0,1,2,3,2,0,0,1,1,1,1,1,0,0,0,0,0,0,1,2,2,1,2,2,2,2,2,1,2,2,2,2,1,1,2,1,1,1,1,9,1,1,1,1,0,0,0,0,0,0,0,0,0,2,9,0,2,1,0,0,0,0,0,0,1,2,3,2,2,1,9,9,2,9,9,9,0,0,1.0,1,1,1,2,1,1,1,1,9,0,1,1,1,1,1,2,2,2,1,1,1
1767209,UTTARAKHAND,CHAMOLI,KARANPRAYAG,1,,,Aind,End,Karnaprayag,1,3,1,5,1,246444,2,2,3,0,2,4,0,0,0,0,0,2,2,2,225,1,0,0,0,0,0,0,9,9,1962,1,2,9,2,2,0,6,1,3,1,0,5,2,1,0,0,2,1,1,0,1,1,0,0,0,0,1,1,1,2,2,1,2,2,2,2,2,1,2,2,2,2,1,1,2,1,1,1,1,9,1,1,1,1,0,0,0,0,0,0,0,0,0,2,9,0,2,1,0,0,0,0,0,0,1,2,2,2,2,1,9,9,2,9,9,9,30,30,1.0,1,1,1,2,1,1,1,1,9,0,1,1,2,1,1,2,2,1,1,1,1
3874880,UTTARAKHAND,CHAMOLI,POKHARI,1,,,Kandei,Kandai,Pokhari,1,3,1,5,1,246473,2,2,3,0,2,4,19,14,0,0,0,2,2,1,228,1,0,0,0,0,0,0,9,9,1990,1,2,9,2,2,0,0,1,3,1,1,2,2,2,2,0,0,1,2,2,2,2,0,0,0,0,0,0,1,2,2,1,2,2,2,2,2,1,2,2,2,1,1,1,2,1,1,1,1,9,1,1,1,1,0,0,0,0,0,0,0,0,0,2,9,0,0,1,0,0,0,0,0,0,1,2,3,2,1,1,9,9,2,9,9,9,0,0,1.0,1,1,1,2,1,1,1,1,9,0,1,1,2,1,1,2,2,1,1,1,1
8712680,UTTARAKHAND,CHAMOLI,GAIRSAIN,1,,,Chhimatha,Chhimta,Gairsain,1,3,1,5,1,246440,2,2,3,0,2,4,19,0,0,0,0,2,2,2,226,1,0,0,0,0,4,2,9,9,1980,1,2,9,2,2,0,0,1,3,1,0,2,2,4,0,0,2,1,2,2,1,1,0,0,0,0,0,0,1,2,1,1,2,2,2,2,1,1,2,2,2,1,1,1,2,1,2,1,1,9,1,1,1,2,0,0,0,0,0,0,0,0,0,2,9,0,2,1,0,0,0,0,0,0,1,2,3,2,1,1,9,9,2,9,9,9,36,36,1.0,1,1,1,2,1,1,2,1,9,0,1,2,2,1,1,2,2,1,1,1,1
8741847,UTTARAKHAND,CHAMOLI,Jyotirmath,2,Joshimath-Municipality,Joshimath (MB) - Ravigram Ward No.9,,,,1,3,1,5,5,246443,2,2,1,3,2,19,4,14,0,0,0,1,1,9,228,1,12,11,1,2,0,0,9,9,2016,9,2,9,2,9,0,0,9,1,12,12,1,12,12,12,0,0,1,2,2,3,3,2,2,3,3,2,2,1,2,1,1,2,2,1,2,1,1,2,2,1,1,1,1,2,1,1,1,1,9,1,1,1,1,0,0,0,0,0,0,0,0,0,1,9,0,0,11,0,0,1,4,8,2,1,1,1,1,1,1,9,9,2,9,9,9,0,0,,1,1,2,1,1,1,1,1,9,0,1,2,4,1,1,1,1,2,1,1,1
3087264,UTTARAKHAND,CHAMOLI,DASHOLI,1,,,Lwanh,Lwanh,Dasholi,1,3,1,5,1,246472,2,2,3,0,2,4,19,14,0,0,0,1,2,1,222,1,0,0,0,0,1,0,9,9,1979,1,2,9,2,2,0,6,1,3,1,1,1,2,1,2,0,0,1,1,1,1,1,0,0,0,0,0,0,1,2,2,1,2,2,2,2,2,1,2,2,2,2,1,1,2,1,2,1,1,9,1,1,1,1,0,0,0,0,0,0,0,0,0,2,9,0,1,1,0,1,0,0,1,1,1,2,3,2,2,1,9,9,2,9,9,9,0,0,1.0,1,1,1,2,1,1,1,1,9,0,1,2,1,1,1,2,2,1,1,1,1
2979472,UTTARAKHAND,CHAMOLI,THARALI,1,,,Kakhda,Kakhada,Tharali,1,3,1,5,1,246481,2,2,3,0,2,4,19,14,0,0,0,2,2,2,228,1,0,0,0,0,0,0,9,9,1947,2,2,9,2,2,0,1,1,3,1,1,2,2,1,0,0,2,1,1,1,1,1,0,0,0,0,0,0,1,2,2,1,2,2,2,2,2,1,2,2,2,1,1,1,2,1,1,1,1,9,1,1,1,1,0,0,0,0,0,0,0,0,0,2,9,0,1,0,0,0,0,0,0,0,1,2,3,2,1,1,9,9,2,9,9,9,0,0,1.0,1,2,1,2,1,1,1,1,9,0,1,1,2,1,1,2,2,1,1,1,1
5096815,UTTARAKHAND,CHAMOLI,GAIRSAIN,1,,,Sumerpur,Sumerpur,Gairsain,1,3,1,5,1,246428,2,2,3,0,2,4,0,0,0,0,0,2,2,1,230,1,0,0,0,0,0,0,9,9,1999,1,2,9,2,1,0,5,1,3,1,1,5,2,2,1,0,1,2,1,1,1,1,0,0,0,0,0,0,1,2,2,1,2,1,2,2,2,1,2,1,2,1,1,1,1,1,1,1,1,9,1,1,1,2,0,0,0,0,0,0,0,0,0,1,2,0,1,1,0,0,0,0,0,0,1,2,3,2,2,1,9,9,2,9,9,9,0,0,1.0,1,1,1,2,1,1,1,1,9,0,1,1,3,1,1,2,2,1,1,1,1
5704036,UTTARAKHAND,CHAMOLI,GAIRSAIN,1,,,Dungri,Dungri,Gairsain,1,3,1,5,1,246428,2,2,3,0,2,4,19,14,0,0,0,1,2,2,0,1,0,0,0,0,0,0,9,9,1995,1,2,9,2,1,0,0,1,3,1,1,7,2,1,1,0,1,1,1,1,1,1,0,0,0,0,0,0,1,2,2,1,2,2,2,2,2,1,2,2,2,1,1,3,3,1,2,1,1,9,1,1,1,1,0,0,0,0,0,0,0,0,0,1,2,0,2,1,0,0,0,0,0,0,1,2,3,2,1,1,9,9,2,9,9,9,0,0,2.0,1,1,1,2,1,1,2,1,9,0,1,1,1,1,1,2,2,1,1,1,1
1294087,UTTARAKHAND,CHAMOLI,KARANPRAYAG,1,,,Kola Dungari,Kola Dungri,Karnaprayag,1,3,1,5,1,246474,2,2,3,0,2,4,0,0,0,0,0,1,2,1,230,1,0,0,0,0,0,0,9,9,1949,1,2,9,2,2,0,1,1,3,1,1,2,2,1,2,0,0,1,1,1,1,1,0,0,0,0,0,0,1,2,2,1,2,2,2,2,2,1,2,2,2,1,1,1,2,1,1,1,1,9,1,1,1,1,0,0,0,0,0,0,0,0,0,2,9,0,2,0,0,0,0,0,0,0,1,2,3,2,1,1,9,9,2,9,9,9,1,0,1.0,1,1,1,2,1,1,1,1,9,0,1,1,2,1,1,2,2,1,1,1,1
2592242,UTTARAKHAND,CHAMOLI,POKHARI,2,POKHRI-Town Panchayat,Pokhri (NP) -Pokhri Lower Ward No. 2,,,,1,3,1,5,1,246473,2,2,3,0,2,4,19,14,0,0,0,1,2,1,230,1,0,0,0,0,0,0,9,9,1885,1,2,9,2,2,0,6,1,3,2,2,7,5,1,5,0,0,1,1,1,1,1,1,1,1,1,0,0,1,2,2,1,2,2,2,2,2,1,2,2,2,1,1,1,2,1,1,1,1,9,1,1,1,1,0,0,0,0,0,0,0,0,0,2,9,0,4,4,0,0,0,0,1,1,1,1,3,2,1,1,9,9,2,9,9,9,56,5,1.0,1,1,1,2,1,1,1,1,9,0,1,1,1,1,1,2,2,1,1,1,1
9711359,UTTARAKHAND,CHAMOLI,GAIRSAIN,1,,,Pindawali,Pindwali,Gairsain,1,3,1,5,1,246440,2,2,3,0,2,4,0,0,0,0,0,2,2,2,230,1,0,0,0,0,0,0,9,9,1995,1,2,9,2,2,0,4,1,3,1,1,1,3,3,3,0,0,1,1,1,1,1,0,0,0,0,0,0,1,2,2,1,2,2,2,2,2,1,2,2,2,2,1,1,2,1,1,1,1,9,1,1,1,1,0,0,0,0,0,0,0,0,0,1,2,0,1,1,0,0,0,0,0,0,1,1,3,2,1,1,9,9,2,9,9,9,0,0,1.0,1,1,1,2,1,1,2,1,9,0,1,1,2,1,1,2,2,1,1,1,1
7016854,UTTARAKHAND,CHAMOLI,Jyotirmath,1,,,Dumak,Dumak,Joshimath,1,3,1,5,1,246472,2,2,3,0,2,4,19,14,0,0,0,2,2,1,228,1,0,0,0,0,1,0,9,9,1968,1,2,9,2,2,0,21,2,3,1,1,5,3,1,2,0,1,1,1,1,1,1,0,0,0,0,0,0,1,2,2,1,2,2,2,2,2,1,2,2,2,2,1,1,2,1,1,2,1,9,1,1,1,1,0,0,0,0,0,0,0,0,0,2,9,0,1,1,0,0,0,0,0,1,2,2,3,2,1,1,9,9,2,9,9,9,0,0,1.0,1,1,2,2,1,1,1,1,9,0,1,2,1,1,2,2,2,1,1,2,1
1054871,UTTARAKHAND,CHAMOLI,THARALI,1,,,Main,Main,Tharali,1,3,1,5,1,246481,2,2,3,0,2,4,0,0,0,0,0,2,2,1,221,1,0,0,0,0,0,0,9,9,1952,1,2,9,2,2,0,0,1,3,1,1,2,2,1,1,0,1,1,1,1,1,1,0,0,0,0,0,0,1,2,2,1,2,2,2,2,2,1,2,2,2,1,1,1,2,1,1,1,1,9,1,1,2,1,0,0,0,0,0,0,0,0,0,2,9,0,1,2,0,0,0,0,0,0,1,2,3,2,1,1,9,9,2,9,9,9,0,0,1.0,1,2,1,2,1,1,1,1,9,0,1,1,2,1,1,2,2,1,1,1,1
8867722,UTTARAKHAND,CHAMOLI,GAIRSAIN,1,,,Kali Mati,Kalimati,Gairsain,1,3,1,5,1,246431,2,2,3,0,2,4,19,14,0,0,0,2,2,1,220,1,0,0,0,0,0,1,9,9,1960,1,2,9,2,1,4,0,1,3,2,2,7,2,1,0,0,2,1,1,1,1,1,0,0,0,0,0,0,1,2,2,1,2,2,2,2,2,1,2,2,2,2,1,1,2,1,1,1,1,9,1,1,1,1,0,0,0,0,0,0,0,0,0,1,1,0,2,1,0,0,0,0,0,0,1,2,3,2,1,1,9,9,2,9,9,9,7,0,1.0,1,1,1,2,1,1,2,1,9,0,1,2,2,1,1,2,2,1,1,1,1
7405441,UTTARAKHAND,CHAMOLI,POKHARI,1,,,Valli,Valli,Pokhari,1,3,1,5,1,246473,2,2,3,0,2,4,19,14,0,0,0,2,2,2,226,1,0,0,0,0,2,3,9,9,1963,1,2,9,2,1,5,0,1,3,1,0,1,3,3,3,0,0,1,1,1,1,1,1,1,1,1,0,0,1,2,2,1,2,2,2,2,2,1,2,2,2,1,1,1,2,1,2,1,1,9,1,1,2,1,0,0,0,0,0,0,0,0,0,1,2,0,2,1,0,0,0,0,0,1,1,1,3,2,1,1,9,9,2,9,9,9,36,0,1.0,1,1,1,2,1,2,1,1,9,0,1,2,2,1,1,2,2,1,1,1,1
7841035,UTTARAKHAND,CHAMOLI,POKHARI,1,,,Toli Laaga Gailung,Toli,Pokhari,1,3,1,5,1,246429,2,2,3,0,2,4,14,19,0,0,0,2,2,1,230,1,0,0,0,0,0,0,9,9,2005,1,2,9,2,1,6,0,1,3,1,1,1,2,1,2,0,0,1,1,1,1,1,0,0,0,0,0,0,1,2,2,1,2,2,2,2,2,1,2,2,2,2,1,1,2,1,1,1,1,9,1,1,1,1,0,0,0,0,0,0,0,0,0,2,9,0,1,0,0,0,0,0,0,0,1,2,3,2,1,1,9,9,2,9,9,9,0,0,1.0,1,1,1,2,1,1,1,1,9,0,1,1,2,1,1,2,2,1,1,1,1
8086157,UTTARAKHAND,CHAMOLI,POKHARI,1,,,Trishula,Trishula,Pokhari,1,3,1,5,1,246449,2,2,3,0,2,4,19,14,0,0,0,1,2,2,222,1,0,0,0,0,0,1,9,9,1929,1,2,9,2,1,0,4,1,3,1,1,1,3,2,3,0,0,1,1,1,1,1,0,0,0,0,0,0,1,2,2,1,2,2,2,2,2,1,2,2,2,2,1,1,2,1,1,1,2,1,1,1,1,2,0,0,0,0,0,0,0,0,0,2,9,0,2,1,0,0,0,0,0,0,1,2,3,2,2,1,9,9,2,9,9,9,11,14,1.0,1,1,1,2,1,1,1,1,9,0,1,1,1,1,1,2,2,1,1,1,1
7055128,UTTARAKHAND,CHAMOLI,DEWAL,1,,,Udaypur Laga Choting,Udaypur,Dewal,1,3,1,5,1,246427,2,2,3,0,2,4,19,0,0,0,0,2,2,2,0,1,0,0,0,0,0,0,9,9,1977,1,2,9,2,2,0,0,1,3,1,1,2,2,1,2,0,0,1,0,0,1,1,0,0,0,0,0,1,1,2,2,1,2,2,2,2,2,1,2,2,2,1,1,1,2,1,1,2,1,9,1,1,2,1,0,0,0,0,0,0,0,0,0,2,9,0,0,1,0,0,0,0,0,0,2,2,3,2,1,1,9,9,2,9,9,9,0,0,2.0,1,1,1,2,1,2,2,1,9,0,1,2,6,1,1,2,2,2,1,1,2
7524390,UTTARAKHAND,CHAMOLI,KARANPRAYAG,1,,,Thirpak,Thirpak,Karnaprayag,1,3,1,5,1,246449,2,2,3,0,2,4,0,0,0,0,0,1,2,2,222,1,0,0,0,0,0,0,9,9,1995,1,2,9,2,2,0,3,1,3,1,1,2,2,1,2,0,0,1,1,1,1,1,0,0,0,0,0,0,1,2,2,1,2,2,2,2,2,1,2,2,2,2,1,1,2,1,1,1,1,9,1,1,1,1,0,0,0,0,0,0,0,0,0,2,9,0,2,1,0,0,0,0,1,0,1,2,3,2,2,1,9,9,2,9,9,9,19,0,1.0,1,1,1,2,1,1,1,1,9,0,1,1,1,1,1,2,2,1,1,1,1
1026198,UTTARAKHAND,CHAMOLI,KARANPRAYAG,1,,,Chamola,Chamola,Karnaprayag,1,3,1,5,1,246444,2,2,3,0,2,4,0,0,0,0,0,1,2,1,230,1,0,0,0,0,0,0,9,9,1935,1,2,9,2,2,0,1,1,3,1,0,1,2,0,2,0,0,2,1,1,1,1,0,0,0,0,0,0,1,2,2,1,2,2,2,2,2,1,2,2,2,2,1,1,2,1,1,1,1,9,1,1,1,1,0,0,0,0,0,0,0,0,0,2,9,0,1,0,0,0,0,0,0,0,1,2,3,2,1,1,9,9,2,9,9,9,4,0,1.0,1,1,1,2,1,1,1,1,9,0,1,1,1,1,1,2,2,1,1,1,1
9650468,UTTARAKHAND,CHAMOLI,KARANPRAYAG,1,,,Bangaon Malla,Banagoan,Karnaprayag,1,3,1,5,1,246474,2,2,3,0,2,4,0,0,0,0,0,1,2,1,224,1,0,0,0,0,1,0,9,9,1958,1,2,9,2,1,11,0,1,3,1,1,2,2,2,2,0,0,1,1,0,1,1,0,0,0,0,0,0,1,2,2,1,2,2,2,2,2,1,2,2,2,2,1,1,2,1,1,1,1,9,1,1,2,1,0,0,0,0,0,0,0,0,0,2,9,0,1,1,0,0,0,0,0,0,1,2,3,2,2,1,9,9,2,9,9,9,1,0,1.0,1,1,1,2,1,1,1,1,9,0,1,1,2,1,1,2,2,1,1,1,1
8486188,UTTARAKHAND,CHAMOLI,DASHOLI,1,,,Pana,Pana,Dasholi,4,3,6,8,1,246424,2,2,3,0,2,4,14,19,0,0,0,2,9,9,220,1,0,0,0,0,0,0,9,9,1994,1,2,2,2,2,0,0,1,3,1,0,1,4,1,0,4,0,1,1,1,1,1,0,0,0,0,0,0,1,2,2,1,2,2,2,2,2,1,2,2,2,2,1,1,1,1,1,1,1,9,1,1,1,1,0,0,0,0,0,0,0,0,0,2,9,0,0,1,0,0,0,0,0,0,1,2,3,2,2,1,9,9,9,9,9,9,0,0,1.0,1,1,1,2,1,1,1,1,2,0,1,1,3,1,1,2,2,1,1,1,1
7245067,UTTARAKHAND,CHAMOLI,Jyotirmath,1,,,Tapon,Dwing Tapaun,Joshimath,1,3,1,5,1,246472,2,2,3,0,2,4,19,14,0,0,0,1,2,2,229,1,0,0,0,0,0,0,9,9,1960,1,2,9,2,2,0,0,1,3,1,1,5,2,2,2,0,0,1,1,1,1,1,0,0,0,0,0,0,1,2,2,1,2,2,2,2,2,1,2,2,2,2,1,1,2,1,1,1,1,9,1,1,1,1,0,0,0,0,0,0,0,0,0,2,9,0,1,0,0,0,0,0,0,0,1,2,1,1,1,1,9,9,2,9,9,9,0,0,1.0,1,1,2,2,1,1,1,1,9,0,1,1,4,1,1,2,2,1,1,1,1
6298139,UTTARAKHAND,CHAMOLI,POKHARI,1,,,Sarna,Sharana,Pokhari,7,3,6,10,1,246446,2,2,3,0,2,4,0,0,0,2,0,2,9,9,230,1,0,0,0,0,0,0,9,9,1981,1,2,2,2,1,2,0,1,3,2,2,1,3,4,3,0,0,1,1,1,1,1,0,0,0,0,0,0,1,2,2,1,1,2,2,2,2,1,1,2,2,1,1,1,2,1,1,1,1,9,1,1,1,2,0,0,0,0,0,0,0,0,0,2,9,0,0,2,0,0,0,0,0,2,1,2,3,2,2,1,2,2,9,9,2,9,54,0,1.0,1,1,1,2,1,1,1,1,2,0,1,1,4,1,1,2,2,1,1,1,1
4957986,UTTARAKHAND,CHAMOLI,KARANPRAYAG,2,Gochar-Municipality,Gochar (NP) -Rawalnagar Talla Ward No.2,,,,5,1,6,12,1,246429,2,2,3,0,2,4,19,0,0,2,2,1,9,9,190,1,0,0,0,0,0,0,9,9,1964,1,1,2,2,1,3,50,1,3,3,3,2,11,10,3,4,4,1,7,7,0,0,1,1,0,0,10,0,1,2,2,1,2,2,2,2,2,1,2,2,2,1,1,1,2,1,1,1,1,9,1,1,1,1,2,1,1,4,1,1,4,4,2,1,1,1,0,6,0,2,0,1,4,4,1,2,3,2,1,1,1,1,9,9,2,2,207,0,1.0,1,1,1,1,1,1,1,1,9,0,1,1,5,1,1,2,2,1,1,1,1
1953530,UTTARAKHAND,CHAMOLI,KARANPRAYAG,1,,,Ghatuda,Ghatora,Karnaprayag,4,3,6,8,1,246444,2,2,3,0,2,4,19,14,0,0,0,2,9,9,227,1,0,0,0,0,0,0,9,9,2006,1,2,2,2,2,0,0,1,3,2,2,2,3,2,0,0,3,1,1,1,1,1,1,1,0,0,0,1,1,2,2,1,2,2,2,2,2,1,2,2,2,2,1,1,2,1,1,1,1,9,1,1,1,1,0,0,0,0,0,0,0,0,0,2,9,0,0,1,0,0,0,0,0,0,1,2,3,2,1,1,9,9,9,9,9,9,16,16,1.0,1,1,1,2,1,1,1,1,1,10,1,1,2,1,1,2,2,1,1,1,1
3480324,UTTARAKHAND,CHAMOLI,GAIRSAIN,1,,,Malai,Malai,Gairsain,5,3,6,12,1,246487,2,2,3,0,2,4,19,0,0,1,1,2,9,9,245,1,0,0,0,0,0,0,9,9,1985,1,1,2,2,1,3,40,1,3,5,5,2,7,4,7,0,0,1,3,3,3,3,0,0,0,0,3,3,1,2,2,1,2,2,2,2,2,1,2,2,2,1,1,1,1,1,1,1,1,9,1,1,1,1,1,2,1,2,4,4,4,4,4,1,1,0,0,14,0,0,0,1,2,2,1,2,3,2,1,1,2,2,9,9,2,2,225,0,1.0,1,1,2,1,1,1,2,1,1,60,1,1,5,1,1,2,3,1,1,1,1
6238303,UTTARAKHAND,CHAMOLI,Jyotirmath,1,,,Urgam,Urgam,Joshimath,5,3,6,12,1,246443,2,2,3,0,2,4,19,14,0,1,1,2,9,9,190,1,0,0,0,0,0,0,9,9,1989,1,2,2,2,1,8,50,1,3,3,3,2,10,7,7,1,2,1,8,8,8,8,0,0,0,0,6,0,1,2,2,1,2,2,2,2,2,1,2,2,2,2,1,1,1,1,1,1,1,9,1,2,9,1,3,2,2,4,4,4,4,3,3,2,9,0,0,7,0,0,0,1,1,2,1,2,3,2,1,1,1,2,9,9,2,2,183,182,1.0,1,1,1,1,1,1,1,1,1,50,1,1,3,1,1,2,2,1,1,1,1
3752308,UTTARAKHAND,CHAMOLI,DEWAL,1,,,Silkhola Laga Ichchholi,Dewal (Selkhola),Dewal,1,3,1,5,5,246427,2,2,3,0,2,4,19,14,0,0,0,1,1,9,0,1,16,9,0,0,1,2,9,9,1984,9,2,9,2,9,0,0,9,1,1,1,1,5,1,5,0,0,1,2,2,2,2,0,0,0,0,0,0,1,2,2,1,2,2,2,2,2,1,2,2,2,2,1,1,2,1,2,1,1,9,1,2,9,1,0,0,0,0,0,0,0,0,0,2,9,1,0,2,0,0,0,0,0,1,1,2,3,1,1,2,9,9,2,9,9,9,0,0,,1,1,1,1,1,1,1,1,9,0,1,2,6,1,1,1,1,1,1,2,1
1610172,UTTARAKHAND,CHAMOLI,DEWAL,1,,,Palwara Laga Odar,Palwara,Dewal,1,3,1,5,1,246427,2,2,3,0,2,4,19,14,0,0,0,2,2,2,228,1,0,0,0,0,1,2,9,9,2008,1,2,9,2,2,0,5,1,3,1,1,1,2,1,2,0,0,1,1,1,1,1,0,0,0,0,1,1,1,2,2,1,2,2,2,2,2,1,2,2,2,2,1,1,1,1,2,1,1,9,1,1,1,2,0,0,0,0,0,0,0,0,0,2,9,0,2,1,0,0,0,0,0,0,1,1,3,2,2,1,9,9,2,9,9,9,0,0,1.0,1,1,1,2,1,1,1,2,9,0,1,1,2,1,1,2,2,1,1,1,2
4844563,UTTARAKHAND,CHAMOLI,GAIRSAIN,1,,,Gadauta,Malkot,Gairsain,1,3,1,5,1,246431,2,2,3,0,2,4,14,19,0,0,0,1,2,1,224,1,0,0,0,0,0,0,9,9,1976,1,2,9,2,2,0,10,1,3,1,1,5,3,3,3,0,0,1,1,1,1,1,0,0,0,0,1,0,1,2,2,1,2,2,2,2,2,1,2,2,2,1,1,1,2,1,1,1,1,9,1,1,1,1,0,0,0,0,0,0,0,0,0,1,2,0,1,1,0,0,0,0,0,0,1,2,3,2,2,1,9,9,2,9,9,9,14,0,1.0,1,1,2,2,1,1,2,1,9,0,1,1,5,1,1,2,2,1,1,1,1
2680102,UTTARAKHAND,CHAMOLI,GAIRSAIN,1,,,Uttari Jhuma Khet,Jhumakhet Uttari,Gairsain,1,3,1,5,1,246486,2,2,3,0,2,4,19,14,0,0,0,1,2,1,228,1,0,0,0,0,0,0,9,9,2006,1,2,9,2,2,0,10,1,3,1,1,2,2,3,2,0,0,1,1,1,1,1,0,0,0,0,0,0,1,2,2,1,2,2,2,2,2,1,2,2,2,2,1,1,2,1,2,1,1,9,1,1,1,2,0,0,0,0,0,0,0,0,0,1,2,0,1,1,0,0,0,0,0,0,1,1,3,2,1,1,9,9,2,9,9,9,18,0,1.0,1,1,2,2,1,1,1,1,9,0,1,1,5,1,1,2,2,1,1,1,1
1746209,UTTARAKHAND,CHAMOLI,DASHOLI,2,Chamoli Gopeshwar-Municipality,Chamoli Gopeshwar (MB) -Subhash Nagar Shivaji Ward No.7,,,,2,3,1,8,5,246401,2,2,3,0,2,4,19,14,0,0,0,2,1,9,230,1,5,7,1,0,0,0,9,9,2006,9,2,2,2,9,0,0,9,2,1,1,1,10,7,10,0,0,1,1,1,1,1,0,0,0,0,0,0,1,2,2,1,2,2,2,2,2,1,2,2,2,2,1,1,2,1,2,1,1,9,1,2,9,1,0,0,0,0,0,0,0,0,0,1,9,1,1,1,0,0,1,0,0,1,1,1,3,2,2,2,9,9,2,9,9,9,0,0,,1,1,1,1,1,1,1,1,2,0,1,1,2,1,1,1,1,1,1,1,1
9974473,UTTARAKHAND,CHAMOLI,NANDANAGAR,1,,,Bhainti,Bhenti,Ghat,1,3,1,5,1,246435,2,2,3,0,2,4,19,14,0,0,0,2,2,2,227,1,0,0,0,0,0,0,9,9,1997,1,2,9,2,1,10,0,1,3,2,2,2,3,1,3,0,0,1,2,1,1,0,1,0,0,0,0,0,1,2,2,1,2,2,2,2,2,1,2,2,2,2,1,1,3,1,1,1,1,9,1,1,1,1,0,0,0,0,0,0,0,0,0,2,9,0,2,1,0,0,0,0,0,1,1,2,3,2,1,1,9,9,2,9,9,9,0,0,1.0,1,1,1,2,1,1,1,1,9,0,1,1,2,1,1,2,2,2,1,1,1
3752644,UTTARAKHAND,CHAMOLI,KARANPRAYAG,2,Karnaprayag-Municipality,Karnaprayag (NP) -Gaandhinagar Ward No.1,,,,2,3,1,8,5,246444,2,2,3,0,2,4,0,0,0,0,0,1,1,9,230,1,15,5,3,0,0,0,9,9,1994,9,2,2,2,9,0,0,9,2,3,3,1,12,2,12,0,0,1,2,2,2,2,0,0,0,0,0,0,1,2,2,1,2,2,2,2,2,1,2,2,2,2,1,1,2,1,1,1,1,9,1,1,1,1,0,0,0,0,0,0,0,0,0,2,9,1,0,3,0,0,0,0,0,1,1,2,3,2,2,2,9,9,2,9,9,9,0,0,,1,1,1,1,1,1,1,1,2,0,1,2,1,1,1,2,2,1,1,1,1
2052302,UTTARAKHAND,CHAMOLI,DASHOLI,1,,,Harmani,Harmani,Dasholi,1,3,1,5,1,246424,2,2,3,0,2,4,0,0,0,0,0,1,2,2,227,1,0,0,0,0,0,0,9,9,1948,1,2,9,2,2,0,5,1,3,1,1,2,2,1,0,0,2,1,1,1,1,1,0,0,0,0,0,0,1,2,2,1,2,2,2,2,2,2,2,2,2,2,1,1,2,1,1,1,1,9,1,1,1,1,0,0,0,0,0,0,0,0,0,2,9,0,0,1,0,0,0,0,0,0,1,2,3,2,1,1,9,9,2,9,9,9,25,0,1.0,1,1,1,2,1,1,1,1,9,0,1,1,1,1,1,2,2,1,1,1,1
3009090,UTTARAKHAND,CHAMOLI,DASHOLI,1,,,Bemru,Bemaru,Dasholi,1,3,1,5,1,246472,2,2,3,0,2,4,0,0,0,0,0,2,2,1,224,1,0,0,0,0,1,2,9,9,1926,1,2,9,2,2,0,0,1,3,1,0,2,2,2,2,0,0,1,1,1,1,1,0,0,0,0,0,0,1,2,2,1,2,2,2,2,2,1,2,2,2,2,1,1,2,1,2,1,1,9,1,1,1,2,0,0,0,0,0,0,0,0,0,2,9,0,2,2,0,0,0,0,0,0,1,2,3,2,2,1,9,9,2,9,9,9,0,0,1.0,1,1,1,2,1,1,1,1,9,0,1,1,2,1,1,2,2,1,1,1,1
8789511,UTTARAKHAND,CHAMOLI,THARALI,1,,,Lolti,Lolti,Tharali,1,3,1,5,1,246482,2,2,3,0,2,4,0,0,0,0,0,1,2,2,225,1,0,0,1,0,0,0,9,9,1931,1,2,9,2,2,0,0,2,3,1,1,7,3,1,3,0,0,1,1,1,1,1,1,1,0,0,0,0,1,2,2,1,2,2,2,2,2,1,2,2,2,2,1,1,2,1,1,1,1,9,1,1,2,1,0,0,0,0,0,0,0,0,0,2,9,0,3,2,0,0,0,0,0,0,1,2,3,2,1,1,9,9,2,9,9,9,48,0,1.0,1,1,1,2,1,1,1,1,9,0,1,1,2,1,1,2,2,1,1,1,1
8078626,UTTARAKHAND,CHAMOLI,KARANPRAYAG,1,,,Galnau,Siran,Karnaprayag,1,3,1,5,1,246429,2,2,3,0,2,4,14,19,0,0,0,1,2,1,230,1,0,0,0,0,0,0,9,9,1997,1,2,9,2,2,0,1,1,3,2,2,5,2,1,1,1,0,1,1,0,1,1,0,0,0,0,0,0,1,2,2,1,2,2,2,2,2,1,2,2,2,2,1,1,2,1,1,1,1,9,1,1,1,1,0,0,0,0,0,0,0,0,0,2,9,0,0,0,0,0,0,0,0,0,1,2,3,2,1,1,9,9,2,9,9,9,2,0,1.0,1,1,1,2,1,1,1,1,9,0,1,1,1,1,1,2,2,1,1,1,1
7045934,UTTARAKHAND,CHAMOLI,GAIRSAIN,1,,,Kunigar Malli,Kunigad Malli,Gairsain,1,3,1,5,1,246431,2,2,3,0,2,4,19,0,0,0,0,2,2,1,0,1,2,0,0,0,0,0,9,9,1930,1,2,9,2,1,2,0,1,3,1,1,1,3,1,0,1,2,1,1,1,1,1,0,0,0,0,1,1,1,2,2,1,2,2,2,2,2,1,2,2,2,1,1,1,2,1,1,1,1,9,1,1,1,1,0,0,0,0,0,0,0,0,0,1,2,0,1,1,0,0,0,0,0,0,1,2,3,2,2,1,9,9,2,9,9,9,0,0,1.0,1,1,1,2,1,1,1,1,9,0,1,1,1,1,1,2,2,1,1,1,1
3858382,UTTARAKHAND,CHAMOLI,GAIRSAIN,1,,,Ramara Talla,Ramda Talla,Gairsain,1,3,1,5,1,246428,2,2,3,0,2,4,19,14,0,0,0,1,2,1,221,1,0,0,0,0,1,2,9,9,1973,1,2,9,2,2,0,0,1,3,3,3,5,3,1,2,1,0,2,1,1,1,1,0,0,1,1,0,0,1,2,2,1,2,2,2,2,2,1,2,2,2,2,1,1,2,1,1,1,1,9,1,1,1,2,0,0,0,0,0,0,0,0,0,1,2,0,2,1,0,0,0,0,0,0,1,2,3,2,1,1,9,9,2,9,9,9,31,31,2.0,1,1,2,2,1,1,1,1,9,0,1,1,2,1,1,2,2,1,1,1,1
8664836,UTTARAKHAND,CHAMOLI,GAIRSAIN,1,,,Majyari Malli,Majiyari Malli,Gairsain,1,3,1,5,1,246440,2,2,3,0,2,4,19,0,0,0,0,2,2,1,230,1,0,0,0,0,1,0,9,9,1945,1,2,9,2,1,12,2,1,3,2,1,2,2,3,2,0,0,1,2,2,2,1,0,0,0,0,0,0,1,2,2,1,2,2,2,2,2,1,2,2,2,2,1,1,2,1,2,1,1,9,1,1,1,1,0,0,0,0,0,0,0,0,0,2,9,0,2,1,0,0,0,0,0,0,1,2,3,2,1,1,9,9,2,9,9,9,18,15,1.0,1,1,1,2,1,1,2,1,9,0,1,1,4,1,1,2,2,1,1,1,1
8435333,UTTARAKHAND,CHAMOLI,Jyotirmath,1,,,Bhangyul,Bhangyul,Joshimath,1,3,1,5,1,246483,2,2,3,0,2,4,14,19,0,0,0,2,2,2,0,1,0,0,0,0,0,0,9,9,1959,2,2,9,2,1,8,20,1,3,1,1,2,4,1,3,0,1,1,2,2,2,2,0,0,0,0,0,0,1,2,1,1,2,2,2,2,1,1,2,2,2,2,1,1,2,1,1,1,1,9,1,1,1,1,0,0,0,0,0,0,0,0,0,2,9,0,2,1,0,0,0,0,0,0,1,2,3,2,1,1,9,9,2,9,9,9,17,17,1.0,1,1,1,2,1,1,1,1,9,0,1,1,5,1,1,2,2,1,1,1,1
9873238,UTTARAKHAND,CHAMOLI,POKHARI,1,,,Airas,Airas,Pokhari,1,3,1,5,1,246446,2,2,3,0,2,4,19,14,0,0,0,2,2,1,222,1,0,0,0,0,0,2,9,9,1975,1,2,9,2,2,0,0,2,3,1,1,2,2,1,2,0,0,1,1,1,1,1,0,0,0,0,0,0,1,2,2,1,2,2,2,2,2,1,2,2,2,2,1,1,2,1,1,1,1,9,1,1,1,1,0,0,0,0,0,0,0,0,0,2,9,0,1,1,0,0,0,0,0,0,1,2,3,2,1,1,9,9,2,9,9,9,0,0,1.0,1,1,1,2,1,1,1,1,9,0,1,1,1,1,1,2,2,2,1,1,1
8393279,UTTARAKHAND,CHAMOLI,POKHARI,1,,,Kandai Khola,Kandai Khola,Pokhari,1,3,1,5,1,246473,2,2,3,0,2,4,19,14,0,0,0,2,2,1,226,1,0,0,0,0,2,0,9,9,1962,1,2,9,2,2,0,0,1,3,1,1,2,2,2,2,0,0,1,1,1,1,1,0,0,0,0,0,0,1,2,2,1,2,2,2,2,2,1,2,2,2,1,1,1,2,1,1,1,1,9,1,1,1,1,0,0,0,0,0,0,0,0,0,2,9,0,2,1,0,0,0,0,0,0,1,2,3,2,1,1,9,9,2,9,9,9,11,11,1.0,1,1,1,2,1,1,1,1,9,0,1,1,4,1,1,2,2,2,1,1,1
3766396,UTTARAKHAND,CHAMOLI,POKHARI,1,,,Sauda Mangara,Soda Mangra,Pokhari,1,3,1,5,1,246473,2,2,3,0,2,4,19,14,0,0,0,2,2,1,223,1,0,0,0,0,3,1,9,9,1972,1,2,9,2,1,6,2,1,3,1,1,1,2,1,2,0,0,1,1,1,1,1,0,0,0,0,0,0,2,2,2,1,2,2,2,2,2,1,2,2,2,2,1,1,2,1,1,1,1,9,1,1,1,1,0,0,0,0,0,0,0,0,0,2,9,0,2,1,0,0,0,0,0,0,1,2,3,2,1,1,9,9,2,9,9,9,0,0,1.0,1,1,1,2,1,1,1,1,9,0,1,1,2,1,1,2,2,1,1,1,1
3693905,UTTARAKHAND,CHAMOLI,KARANPRAYAG,1,,,Bainoli,Benoli,Karnaprayag,1,3,1,5,1,246487,2,2,3,0,2,4,0,0,0,0,0,1,2,1,230,1,0,0,0,0,5,3,9,9,1957,1,2,9,2,2,0,7,1,3,1,1,2,2,1,2,0,0,1,1,1,2,2,1,1,0,0,0,0,1,2,2,1,2,2,2,2,2,1,2,2,2,2,1,1,2,1,1,1,1,9,1,1,2,1,0,0,0,0,0,0,0,0,0,2,9,0,2,1,0,0,0,0,0,0,1,2,3,2,1,1,9,9,2,9,9,9,37,37,1.0,1,1,1,2,1,1,1,1,9,0,1,1,1,1,1,2,2,1,1,1,1
7994409,UTTARAKHAND,CHAMOLI,NARAYANBAGAR,1,,,Gandik Talla,Gandik Talla,Narayanbagar,1,3,1,5,1,246453,2,2,3,0,2,4,0,0,0,0,0,2,2,1,225,1,0,0,0,0,0,0,9,9,1961,1,2,9,2,2,0,4,1,3,1,1,7,2,1,0,0,2,1,1,1,1,1,0,0,0,0,2,2,1,2,2,1,2,2,2,2,2,1,2,2,2,2,1,1,2,1,1,1,1,9,1,1,1,2,0,0,0,0,0,0,0,0,0,1,2,0,2,1,0,0,0,0,0,0,1,2,3,2,1,1,9,9,2,9,9,9,8,8,1.0,1,1,1,2,1,1,1,1,9,0,1,1,6,1,1,2,2,1,1,1,2
7446525,UTTARAKHAND,CHAMOLI,POKHARI,1,,,Birsansera,Birsan Sera,Pokhari,1,3,1,5,1,246473,2,2,3,0,2,4,0,0,0,0,0,2,2,1,0,1,0,0,0,0,1,0,9,9,1948,1,2,9,2,1,0,0,1,3,1,1,1,2,0,2,0,0,2,0,0,1,0,1,1,0,0,0,0,1,2,2,1,2,2,2,2,2,1,2,2,2,1,1,1,2,1,1,2,1,9,1,1,1,1,0,0,0,0,0,0,0,0,0,1,2,0,1,1,0,0,0,0,0,0,1,2,3,2,1,1,9,9,2,9,9,9,0,0,1.0,1,1,1,2,1,1,1,1,9,0,1,1,5,1,1,2,2,1,1,1,1
1123322,UTTARAKHAND,CHAMOLI,Jyotirmath,1,,,Salud,Salud Dungra,Joshimath,1,3,1,5,1,246443,2,2,3,0,2,4,0,0,0,0,0,2,2,1,226,1,0,0,0,0,0,0,9,9,2003,2,2,9,2,2,0,0,1,3,1,0,1,2,1,2,0,0,1,2,1,2,1,0,0,0,0,0,2,1,2,2,1,2,2,2,2,2,1,2,2,2,2,1,1,3,1,1,1,1,9,1,1,1,1,0,0,0,0,0,0,0,0,0,2,9,0,2,1,0,0,0,0,0,0,1,2,3,2,1,1,9,9,2,9,9,9,0,0,1.0,1,1,1,2,1,1,1,1,9,0,1,1,2,1,1,2,2,1,1,1,1
6764906,UTTARAKHAND,CHAMOLI,DEWAL,1,,,Deosari,Devsari,Dewal,4,3,6,8,1,246441,2,2,3,0,2,4,0,0,0,0,0,2,9,9,235,1,0,0,0,0,0,0,9,9,1985,1,2,2,2,2,0,1,2,3,1,1,1,3,3,0,3,0,1,1,1,1,1,0,0,0,0,0,0,1,2,2,1,2,2,2,2,2,1,2,2,2,1,1,1,2,1,2,2,1,9,1,1,2,2,0,0,0,0,0,0,0,0,0,2,9,0,0,1,0,0,0,0,0,1,1,2,3,2,1,1,9,9,9,9,9,9,0,0,1.0,1,2,2,2,1,1,1,1,2,0,2,1,6,1,1,2,2,1,1,2,1
3830086,UTTARAKHAND,CHAMOLI,GAIRSAIN,1,,,Hali Sera Urf Adibadari,Bainithal (Adibadri),Gairsain,1,3,1,5,1,246440,2,2,3,0,2,4,19,14,0,0,0,2,2,1,222,1,0,0,0,1,2,1,9,9,1935,1,2,9,2,2,0,0,1,3,1,1,1,2,2,2,0,0,1,1,1,1,1,0,0,0,0,0,0,1,2,2,1,2,2,2,2,2,1,2,2,2,1,1,1,2,1,2,1,1,9,1,1,1,1,0,0,0,0,0,0,0,0,0,2,9,0,2,1,0,0,0,0,0,0,1,2,3,2,1,1,9,9,2,9,9,9,0,0,1.0,1,1,2,2,1,1,2,1,9,0,1,1,2,1,1,2,2,1,1,1,1
3777185,UTTARAKHAND,CHAMOLI,THARALI,1,,,Thala,Thala,Tharali,1,3,1,5,1,246482,2,2,3,0,2,4,0,0,0,0,0,1,2,1,221,1,0,0,0,0,0,0,9,9,1978,2,2,9,2,2,0,0,1,3,2,2,2,2,1,2,0,0,1,1,1,1,1,0,0,0,0,0,0,1,2,2,1,2,2,2,2,2,1,2,2,2,2,1,1,2,1,1,1,1,9,1,1,1,1,0,0,0,0,0,0,0,0,0,1,2,0,2,1,0,0,0,0,0,0,1,2,3,2,2,1,9,9,2,9,9,9,12,0,1.0,1,2,1,2,1,1,1,1,9,0,1,1,2,1,1,2,2,2,1,1,1
2605737,UTTARAKHAND,CHAMOLI,NANDANAGAR,1,,,Luntara,Luntara,Ghat,1,3,1,5,1,246435,2,2,3,0,2,4,19,0,0,0,0,2,2,2,0,1,0,0,0,0,0,0,9,9,2006,1,2,9,2,1,0,0,1,3,1,1,2,2,1,1,1,0,1,1,1,1,1,0,0,0,0,1,1,1,2,2,1,2,2,2,2,2,1,2,2,2,2,1,1,3,1,1,1,1,9,1,2,9,1,0,0,0,0,0,0,0,0,0,2,9,0,1,1,0,0,0,0,1,1,1,2,3,2,2,1,9,9,2,9,9,9,0,0,1.0,1,1,2,2,1,1,1,1,9,0,1,1,4,1,1,2,2,1,1,1,1
3741264,UTTARAKHAND,CHAMOLI,DASHOLI,1,,,Khainuri,Khainuri,Dasholi,5,3,6,12,1,246424,2,2,3,0,2,4,0,0,0,2,2,2,9,9,0,1,0,0,0,0,0,0,9,9,2006,1,2,2,2,1,2,0,1,3,5,4,5,11,5,3,3,5,1,1,1,1,1,0,0,0,0,0,0,1,2,2,1,2,2,2,2,2,1,2,2,2,2,1,1,2,1,2,2,1,9,1,1,1,1,4,4,4,4,4,4,4,4,4,2,9,0,0,4,0,0,0,1,0,1,1,2,3,2,1,1,2,2,9,9,2,2,7,0,1.0,1,2,2,1,1,1,1,1,1,15,1,1,5,1,1,2,3,1,1,1,1
5984060,UTTARAKHAND,CHAMOLI,KARANPRAYAG,1,,,Sunai,Sunai,Karnaprayag,8,3,9,10,4,246488,2,2,3,0,2,4,19,14,0,2,0,2,9,9,0,1,0,0,0,0,0,0,9,9,2000,1,2,9,2,2,0,0,1,3,1,0,2,2,4,0,2,0,1,1,1,1,1,0,0,0,0,0,0,1,2,2,1,2,2,2,2,2,1,2,2,2,2,2,1,2,1,2,2,1,9,1,1,2,1,0,0,0,0,0,0,0,0,0,2,9,0,0,0,0,0,0,0,0,0,1,2,3,2,2,1,2,2,9,9,2,9,0,0,2.0,1,1,1,2,1,1,1,1,2,0,2,2,6,2,2,2,2,2,2,2,2
9081602,UTTARAKHAND,CHAMOLI,NANDANAGAR,1,,,Lankhee,Lankhi,Ghat,7,3,6,10,1,246435,2,2,3,0,2,4,0,0,0,2,0,2,9,9,228,1,0,0,0,0,0,0,9,9,1997,1,2,2,2,1,2,0,1,3,2,2,5,5,6,2,0,3,1,2,1,1,1,0,0,0,0,2,0,1,2,2,1,2,2,2,2,2,1,2,2,2,2,1,1,1,1,1,1,1,9,1,1,1,1,0,0,0,0,0,0,0,0,0,1,2,0,0,2,0,0,0,0,0,1,1,2,1,2,1,1,2,2,9,9,2,9,0,0,1.0,1,1,1,2,1,1,1,1,1,19,1,1,2,1,2,2,2,1,1,1,1
6560324,UTTARAKHAND,CHAMOLI,KARANPRAYAG,1,,,Kimoli Malli,Kimoli,Karnaprayag,7,3,6,10,1,246488,2,2,3,0,2,4,19,14,0,2,0,2,9,9,223,1,0,0,0,0,0,0,9,9,1984,1,2,2,2,1,4,7,1,3,2,0,5,2,3,0,0,2,1,1,1,1,1,0,0,0,0,0,0,1,2,2,1,2,2,2,2,2,1,2,2,2,2,1,1,2,1,1,2,1,9,1,2,9,1,0,0,0,0,0,0,0,0,0,2,9,0,0,4,0,0,0,0,0,2,1,2,3,2,1,1,2,2,9,9,2,9,33,33,1.0,1,1,1,2,1,1,1,1,1,15,1,1,2,1,1,2,2,1,1,1,1
6129327,UTTARAKHAND,CHAMOLI,DASHOLI,1,,,Saikot,Saikot,Dasholi,2,1,1,8,2,246424,2,2,1,1,2,4,19,14,0,0,0,1,2,2,230,1,0,0,0,0,0,0,9,9,1974,1,2,2,2,2,0,0,2,3,6,6,1,5,10,5,0,0,1,10,10,0,0,0,0,0,0,0,0,1,2,2,1,2,2,2,2,2,1,2,2,2,2,1,1,1,1,2,1,1,9,1,2,9,1,0,0,0,0,0,0,0,0,0,2,9,0,0,5,0,0,0,0,0,2,1,1,3,2,1,1,9,9,1,9,9,9,0,0,1.0,1,1,1,1,1,1,1,1,9,0,1,1,6,1,2,1,3,1,1,1,2
7315523,UTTARAKHAND,CHAMOLI,KARANPRAYAG,1,,,Airwadi,Aeirwadi,Karnaprayag,4,3,6,8,1,246444,2,2,3,0,2,4,0,0,0,0,0,2,9,9,225,1,0,0,0,0,0,0,9,9,2004,1,2,2,2,2,0,6,1,3,1,1,2,3,2,0,0,3,1,1,1,1,1,0,0,0,0,0,0,1,2,2,1,2,2,2,2,2,1,2,2,2,2,1,1,2,1,1,1,1,9,1,1,1,1,0,0,0,0,0,0,0,0,0,2,9,0,0,2,0,0,0,0,0,0,1,2,3,2,1,1,9,9,9,9,9,9,0,0,1.0,1,1,1,2,1,1,1,1,1,14,1,1,1,1,1,2,2,1,1,1,1
6079038,UTTARAKHAND,CHAMOLI,KARANPRAYAG,1,,,Kolson,Kolson,Karnaprayag,5,3,6,12,1,246444,2,2,3,0,2,4,19,14,0,2,2,1,9,9,212,1,0,0,0,0,0,0,9,9,1977,1,2,2,2,1,1,1,1,3,6,6,5,6,2,1,2,3,2,1,1,1,1,0,0,0,0,0,0,1,2,2,1,2,2,2,2,2,1,2,2,2,2,1,1,2,1,1,1,1,9,1,2,9,1,3,3,4,4,4,4,4,4,4,2,9,0,0,3,0,0,0,1,1,2,1,2,3,2,1,1,2,2,9,9,2,2,0,0,1.0,1,1,1,2,1,1,1,1,1,30,1,1,1,1,1,2,2,1,1,1,1
7665792,UTTARAKHAND,CHAMOLI,POKHARI,1,,,Thalabair,Thala Beind,Pokhari,4,3,6,8,1,246473,2,2,3,0,2,4,19,14,0,0,0,2,9,9,226,1,0,0,0,0,0,0,9,9,2009,1,2,2,2,2,0,0,1,3,1,1,2,3,2,3,0,0,1,1,1,1,1,0,0,0,0,0,0,1,2,2,1,2,2,2,2,2,1,2,2,2,1,1,1,2,1,1,1,1,9,1,2,9,1,0,0,0,0,0,0,0,0,0,2,9,0,0,2,0,0,0,0,0,1,1,2,3,2,1,1,9,9,9,9,9,9,6,6,1.0,1,1,1,2,1,1,1,1,2,0,1,1,2,1,1,2,2,1,1,1,1
5256087,UTTARAKHAND,CHAMOLI,DASHOLI,2,Chamoli Gopeshwar-Municipality,Chamoli Gopeshwar (MB) -Uper Bazaar Ward No.4,,,,1,3,1,5,1,246401,2,2,3,0,2,4,19,14,0,0,0,1,2,1,220,1,1,5,0,0,0,0,9,9,1979,1,2,9,2,1,0,6,1,3,1,1,7,2,2,0,0,2,1,1,1,1,1,0,0,1,1,0,0,1,2,2,1,2,2,2,2,2,1,2,2,2,1,1,1,2,1,2,1,1,9,1,1,1,2,0,0,0,0,0,0,0,0,0,2,9,0,2,2,0,0,0,0,0,0,1,2,3,2,1,1,9,9,2,9,9,9,19,19,1.0,1,1,1,2,1,1,1,1,9,0,1,1,2,1,1,2,2,1,1,1,1
5657371,UTTARAKHAND,CHAMOLI,Jyotirmath,2,Joshimath-Municipality,Joshimath (MB) - Ravigram Ward No.9,,,,1,3,1,5,1,246443,2,2,3,0,2,4,19,14,0,0,0,1,2,2,227,1,0,0,0,0,0,0,9,9,1976,1,2,9,2,1,10,0,1,3,1,1,1,2,3,0,0,2,1,1,1,1,1,0,0,0,0,0,0,1,2,2,1,2,2,2,2,2,1,2,2,2,2,1,1,2,1,1,1,1,9,1,1,1,1,0,0,0,0,0,0,0,0,0,2,9,0,1,1,0,0,0,0,0,0,1,2,3,1,1,1,9,9,2,9,9,9,0,0,1.0,1,1,1,2,1,1,1,1,9,0,1,2,1,1,2,2,2,2,1,1,1
4609997,UTTARAKHAND,CHAMOLI,Jyotirmath,1,,,Hailang,Helang,Joshimath,1,3,1,5,1,246443,2,2,3,0,2,4,19,14,0,0,0,2,2,2,226,1,0,0,0,0,0,0,9,9,1996,1,2,9,2,2,0,0,1,3,1,1,5,2,1,0,0,2,1,1,1,1,1,0,0,0,0,0,0,1,2,2,1,2,2,2,2,2,1,2,2,2,2,1,1,2,1,1,1,1,9,1,1,1,1,0,0,0,0,0,0,0,0,0,2,9,0,1,1,0,0,0,0,0,0,1,2,3,2,2,1,9,9,2,9,9,9,2,2,1.0,1,1,2,2,1,1,1,1,9,0,1,2,2,2,1,2,2,2,1,1,1
5176135,UTTARAKHAND,CHAMOLI,NARAYANBAGAR,1,,,Harmani Talli,Harmani Talli,Narayanbagar,1,3,1,5,1,246481,2,2,3,0,2,4,19,14,0,0,0,1,2,1,225,1,0,0,0,0,0,0,9,9,1991,1,2,9,2,2,0,2,1,3,1,1,2,3,1,3,0,0,1,1,1,1,1,0,0,0,0,0,0,1,2,2,1,2,2,2,2,2,1,2,2,2,2,1,1,2,1,1,1,1,9,1,1,1,2,0,0,0,0,0,0,0,0,0,2,9,0,1,1,0,0,0,0,0,0,1,2,3,2,1,1,9,9,2,9,9,9,0,0,1.0,1,1,2,2,1,1,1,1,9,0,1,1,2,1,1,2,2,1,1,1,1
7760997,UTTARAKHAND,CHAMOLI,GAIRSAIN,1,,,Naugaon Talla,Kolani,Gairsain,1,3,1,5,1,246486,2,2,3,0,2,4,19,14,0,0,0,1,2,1,224,1,0,0,0,0,0,0,9,9,1961,1,2,9,2,2,0,0,1,3,1,1,5,2,1,2,0,0,1,1,1,1,1,0,0,0,0,0,0,1,2,2,1,2,2,2,2,2,1,2,2,2,1,1,1,2,1,1,1,1,9,1,1,1,1,0,0,0,0,0,0,0,0,0,1,2,0,2,1,0,0,0,0,0,0,1,2,3,2,1,1,9,9,2,9,9,9,0,0,1.0,1,1,2,2,1,1,1,1,9,0,1,1,3,1,1,2,2,1,1,1,1
5388146,UTTARAKHAND,CHAMOLI,Jyotirmath,1,,,Devgram,Devgram,Joshimath,1,3,1,5,1,246443,2,2,3,0,2,4,19,14,0,0,0,2,2,1,230,1,0,0,0,0,0,0,9,9,1986,1,2,9,2,1,8,3,1,3,1,1,2,2,1,2,0,0,1,1,1,1,1,2,0,0,0,0,0,1,2,2,1,2,2,2,2,2,1,2,2,2,2,1,1,2,1,1,1,2,2,1,2,9,1,0,0,0,0,0,0,0,0,0,2,9,0,0,3,0,0,0,0,0,0,1,2,3,1,1,1,9,9,2,9,9,9,0,0,1.0,1,1,2,2,1,1,1,1,9,0,1,2,1,1,1,2,2,1,1,1,1
7002696,UTTARAKHAND,CHAMOLI,Jyotirmath,2,Joshimath-Municipality,Joshimath (MB) - Ravigram Ward No.9,,,,1,3,1,5,5,246443,2,2,3,0,2,4,19,14,0,0,0,1,1,9,222,1,9,7,1,0,0,0,9,9,1994,9,2,9,2,9,0,0,9,1,1,1,1,8,8,8,0,0,1,2,2,2,2,0,0,2,1,2,4,1,2,2,1,2,2,2,2,2,1,2,2,2,1,1,1,2,1,1,1,1,9,1,2,9,1,0,0,0,0,0,0,0,0,0,2,9,0,0,2,0,0,0,0,0,1,2,1,1,1,1,2,9,9,2,9,9,9,0,0,,1,2,2,1,1,1,1,1,9,0,2,2,1,1,1,2,2,1,1,1,1
3268756,UTTARAKHAND,CHAMOLI,THARALI,2,Tharali-Town Panchayat,Tharali (NP) - Bhainta Ward No. 1,,,,6,3,1,10,5,246481,2,2,3,0,2,19,4,0,0,2,0,1,1,9,230,1,5,3,0,0,0,0,9,9,2003,9,2,2,2,9,0,0,9,1,2,2,3,10,9,10,0,0,1,2,2,2,2,0,0,0,0,0,0,1,2,2,1,2,2,2,2,2,1,2,2,2,1,1,1,2,1,2,1,1,9,1,2,9,1,0,0,0,0,0,0,0,0,0,1,9,0,0,8,0,0,0,0,0,1,1,2,3,2,1,2,2,2,2,9,2,9,0,0,,1,1,1,1,1,1,1,1,2,0,1,2,2,1,2,1,1,2,1,2,2
6505914,UTTARAKHAND,CHAMOLI,THARALI,1,,,Talwari Khalsa,Talwadi Khalsa,Tharali,1,3,1,5,1,246482,2,2,3,0,2,4,19,14,0,0,0,1,2,2,224,1,0,0,0,0,4,3,9,9,1920,1,2,9,2,2,0,3,1,3,1,1,2,2,1,2,0,0,1,1,1,1,1,0,0,0,0,0,0,1,2,2,1,2,2,2,2,2,1,2,2,2,2,1,1,2,1,1,1,1,9,1,1,1,1,0,0,0,0,0,0,0,0,0,2,9,0,1,2,0,0,0,0,0,1,1,2,3,2,1,1,9,9,2,9,9,9,16,16,1.0,1,1,2,2,1,1,1,1,9,0,1,1,2,1,1,2,2,1,1,1,1
7189135,UTTARAKHAND,CHAMOLI,NANDANAGAR,1,,,Kurar Gunth,Kurud Goonth,Ghat,1,3,1,5,5,246435,2,2,3,0,2,4,0,0,0,0,0,2,2,9,226,1,0,0,0,0,1,0,9,9,2013,9,2,9,2,9,0,0,9,1,3,3,1,3,3,3,0,0,2,1,1,1,1,0,0,0,0,0,0,1,2,2,1,2,2,2,2,2,1,2,2,2,3,1,1,2,1,1,1,1,9,1,2,9,1,0,0,0,0,0,0,0,0,0,1,9,4,0,2,0,0,0,0,0,0,1,2,3,2,1,2,9,9,2,9,9,9,0,0,,1,1,1,1,1,1,1,1,9,0,1,1,6,1,1,1,1,2,1,1,1
2978417,UTTARAKHAND,CHAMOLI,Jyotirmath,2,Joshimath-Municipality,Joshimath (MB) - Sunil Ward No.7,,,,1,3,1,5,1,246443,2,2,3,0,2,4,19,0,0,0,0,2,2,1,225,1,0,0,0,0,0,0,9,9,2003,2,2,9,2,2,0,3,1,3,1,1,5,2,1,0,0,2,1,0,0,1,1,0,0,0,0,0,1,1,2,2,1,2,2,2,2,2,1,2,2,2,2,1,1,2,1,1,1,1,9,1,1,2,1,0,0,0,0,0,0,0,0,0,2,9,0,2,0,0,0,0,0,0,0,1,1,3,2,1,1,9,9,2,9,9,9,0,0,1.0,1,1,2,1,1,1,1,1,9,0,1,1,5,1,1,2,2,1,1,1,1
2834626,UTTARAKHAND,CHAMOLI,NANDANAGAR,1,,,Ramani,Ramani,Ghat,1,3,1,5,1,246435,2,2,3,0,2,4,19,14,0,0,0,1,2,2,223,1,0,0,0,0,3,1,9,9,1949,1,2,9,2,2,0,10,2,3,1,1,2,3,1,2,0,1,1,1,0,2,1,0,0,0,0,0,0,1,2,2,1,2,2,2,2,2,1,2,2,2,2,1,1,1,1,1,1,1,9,1,1,1,1,0,0,0,0,0,0,0,0,0,2,9,0,2,2,0,0,0,0,0,1,1,2,3,2,1,1,9,9,2,9,9,9,0,0,1.0,1,2,2,2,1,1,1,1,9,0,1,1,1,1,1,2,2,1,1,1,1
6052160,UTTARAKHAND,CHAMOLI,THARALI,1,,,Ruisan,Rui Sana,Tharali,1,3,1,5,1,246481,2,2,3,0,2,4,0,0,0,0,0,1,2,1,221,1,0,0,0,0,0,0,9,9,2008,1,2,9,2,2,0,0,1,3,1,1,5,2,1,2,0,0,1,1,1,1,1,0,0,0,0,0,0,1,2,2,1,2,2,2,2,2,1,2,2,2,2,1,1,1,1,1,1,1,9,1,1,1,2,0,0,0,0,0,0,0,0,0,2,9,0,1,1,0,0,0,0,0,0,1,2,3,2,1,1,9,9,2,9,9,9,0,0,1.0,1,2,1,2,1,1,1,1,9,0,1,1,2,1,1,2,2,1,1,1,1
7586831,UTTARAKHAND,CHAMOLI,NANDANAGAR,1,,,Nagbugar Urf Farkhet,Nagbagar(Farkhet),Ghat,1,3,1,5,1,246435,2,2,3,0,2,4,19,14,0,0,0,2,2,1,226,1,0,0,0,0,1,1,9,9,1948,1,2,9,2,2,0,0,1,3,1,1,1,3,1,2,1,0,2,1,1,1,1,0,0,0,0,0,0,1,2,2,1,2,2,2,2,2,1,2,2,2,2,1,1,2,1,1,1,1,9,1,1,1,1,0,0,0,0,0,0,0,0,0,1,2,0,1,1,0,0,0,0,0,0,1,2,3,2,2,1,9,9,2,9,9,9,0,0,1.0,1,1,2,2,1,1,1,1,9,0,1,1,1,1,1,2,2,2,1,1,1
2443292,UTTARAKHAND,CHAMOLI,DASHOLI,1,,,Nagartangsa,Tangsa,Dasholi,1,3,1,5,1,246401,2,2,3,0,2,4,19,14,0,0,0,1,2,1,226,1,0,0,0,0,0,1,9,9,1945,1,2,9,2,1,0,5,1,3,1,1,7,2,1,2,0,0,1,2,2,1,1,0,0,0,0,0,0,1,2,1,1,2,2,2,2,1,1,2,2,2,1,1,1,2,1,1,1,1,9,1,1,1,1,0,0,0,0,0,0,0,0,0,1,2,0,1,1,0,0,0,0,0,0,1,1,1,2,1,1,9,9,2,9,9,9,0,0,1.0,1,1,2,2,1,1,1,1,9,0,1,1,5,1,1,2,2,1,1,1,1
4839267,UTTARAKHAND,CHAMOLI,THARALI,1,,,Dungri,Dungri,Tharali,5,3,6,12,1,246481,2,2,3,0,2,4,19,14,0,1,1,2,9,9,202,1,0,0,0,0,0,0,9,9,1984,1,1,2,2,1,3,30,1,3,10,4,2,15,9,8,4,3,1,3,3,5,5,0,0,0,0,2,2,1,2,2,1,2,2,2,2,2,1,2,2,2,2,1,1,1,1,2,1,1,9,1,2,9,1,2,2,2,4,4,2,4,4,2,1,1,1,0,9,0,2,0,1,1,3,1,1,3,2,1,1,2,2,9,9,2,2,233,0,1.0,1,1,1,1,1,1,1,1,1,97,1,1,2,1,1,2,2,1,1,1,1
8056489,UTTARAKHAND,CHAMOLI,DEWAL,1,,,Deosari,Devsari,Dewal,1,3,1,5,1,246427,2,2,3,0,2,4,0,0,0,0,0,2,2,2,0,1,0,0,0,0,0,1,9,9,1993,1,2,9,2,2,0,0,1,3,2,1,2,2,0,1,1,0,2,1,1,1,1,0,0,0,0,0,0,1,2,2,1,2,2,2,2,2,1,2,2,2,2,1,1,3,1,2,1,1,9,1,1,1,1,0,0,0,0,0,0,0,0,0,2,9,0,1,0,0,0,0,0,0,0,1,2,3,2,1,1,9,9,2,9,9,9,0,0,2.0,1,1,1,2,1,1,1,1,9,0,1,2,2,1,1,2,2,1,1,1,2
5244079,UTTARAKHAND,CHAMOLI,KARANPRAYAG,1,,,Ganoli,Ganoli,Karnaprayag,1,3,1,5,1,246446,2,2,3,0,2,4,0,0,0,0,0,2,2,1,230,1,0,0,0,0,0,1,9,9,1989,1,2,9,2,2,0,3,1,3,1,0,2,2,1,2,0,0,1,1,1,1,1,0,0,0,0,0,0,1,2,2,1,2,2,2,2,2,1,2,2,2,2,1,1,2,1,1,1,1,9,1,1,1,1,0,0,0,0,0,0,0,0,0,2,9,0,1,1,0,0,0,0,0,0,1,2,3,2,2,1,9,9,2,9,9,9,8,0,1.0,1,1,1,2,1,1,1,1,9,0,1,1,2,1,1,2,2,1,1,1,1
5338900,UTTARAKHAND,CHAMOLI,GAIRSAIN,2,Gairsain-Town Panchayat,Gairsain (NP) -Gairsain Pashchimi Bhaag Ward No. 4,,,,2,3,1,8,5,246428,2,2,3,0,2,19,4,14,0,0,0,1,1,9,204,1,11,3,1,0,0,0,9,9,2003,9,2,2,2,9,0,0,9,1,1,1,3,21,10,21,0,0,1,5,5,5,5,0,0,0,0,4,0,1,2,2,1,2,2,2,2,2,1,2,2,2,2,1,1,2,1,1,1,1,9,1,1,1,1,0,0,0,0,0,0,0,0,0,1,9,0,0,18,0,0,1,1,0,1,1,1,3,1,1,1,9,9,2,9,9,9,0,0,,1,1,1,1,1,1,1,1,1,1,1,1,3,1,1,1,1,2,1,1,1
5952462,UTTARAKHAND,CHAMOLI,NARAYANBAGAR,1,,,Silodi,Mauna,Narayanbagar,1,3,1,5,1,246481,2,2,3,0,2,4,19,14,0,0,0,2,2,1,225,1,0,0,0,0,2,1,9,9,1944,1,2,9,2,2,0,13,1,3,1,1,5,2,1,2,0,0,1,1,1,1,1,0,0,0,0,0,0,1,2,2,1,2,2,2,2,2,1,2,2,2,2,1,1,2,1,1,1,1,9,1,1,2,2,0,0,0,0,0,0,0,0,0,2,9,0,2,2,0,0,0,0,0,0,1,2,3,2,2,1,9,9,2,9,9,9,19,19,1.0,1,1,1,2,1,1,1,1,9,0,1,1,6,1,1,2,2,1,1,1,2
5820108,UTTARAKHAND,CHAMOLI,KARANPRAYAG,1,,,Agontha,Duwa,Karnaprayag,1,3,1,5,1,246429,2,2,3,0,2,4,19,14,0,0,0,1,2,2,230,1,0,0,0,0,0,0,9,9,1987,1,2,9,2,2,0,1,1,3,1,1,1,1,0,1,0,0,2,1,1,1,1,0,0,0,0,0,0,1,2,2,1,2,2,2,2,2,1,2,2,2,2,1,1,2,1,1,1,1,9,1,1,1,1,0,0,0,0,0,0,0,0,0,2,9,0,1,0,0,0,0,0,0,0,1,2,3,2,1,1,9,9,2,9,9,9,1,0,1.0,1,1,1,2,1,1,1,1,9,0,1,1,1,1,1,2,2,1,1,1,1
8176661,UTTARAKHAND,CHAMOLI,KARANPRAYAG,1,,,Kandara,Kandara,Karnaprayag,1,3,1,5,1,246488,2,2,3,0,2,4,19,14,0,0,0,2,2,1,224,1,0,0,0,0,4,3,9,9,1957,1,2,9,1,2,0,0,1,3,2,2,1,4,2,4,0,0,2,0,0,1,1,0,0,0,0,0,0,1,2,2,1,2,2,2,2,2,1,2,2,2,2,1,1,2,1,1,1,1,9,1,1,1,1,0,0,0,0,0,0,0,0,0,2,9,0,2,3,0,2,0,2,0,1,1,1,3,2,1,1,9,9,2,9,9,9,0,0,1.0,1,1,1,2,1,1,1,1,9,0,1,1,2,1,1,2,2,1,1,1,1
2563691,UTTARAKHAND,CHAMOLI,NANDANAGAR,1,,,Banswara Chak Sainti,Sainti,Ghat,2,3,1,8,5,246435,2,2,3,0,2,4,0,0,0,0,0,1,1,9,226,1,2,3,3,2,7,5,9,9,2009,9,2,1,2,9,0,0,9,1,2,1,1,7,8,7,0,0,1,2,2,2,2,0,0,0,0,0,0,1,2,2,1,2,2,2,2,2,1,2,2,2,2,1,1,2,1,1,1,1,9,1,2,9,2,0,0,0,0,0,0,0,0,0,2,9,1,0,0,0,0,0,0,0,0,1,2,2,2,2,2,9,9,2,9,9,9,0,0,,1,1,2,1,1,1,1,1,2,0,1,2,2,1,1,2,2,2,1,1,1
2008193,UTTARAKHAND,CHAMOLI,Jyotirmath,1,,,Dungra Barosi,Dugra Barosi,Joshimath,1,3,1,5,1,246443,2,2,3,0,2,4,19,14,0,0,0,1,2,1,226,1,0,0,0,0,0,0,9,9,1985,1,2,9,2,1,10,11,1,3,1,0,2,2,2,1,1,0,1,1,1,1,1,0,0,0,0,0,0,1,2,2,1,2,2,2,2,2,1,2,2,2,2,1,1,2,1,1,1,1,9,1,1,1,1,0,0,0,0,0,0,0,0,0,2,9,0,1,1,0,0,0,0,0,0,1,2,3,1,1,1,9,9,2,9,9,9,0,0,1.0,1,1,1,2,1,1,1,1,9,0,1,1,6,1,1,2,2,1,1,1,1
4783419,UTTARAKHAND,CHAMOLI,POKHARI,2,POKHRI-Town Panchayat,Pokhri (NP) -Pokhri Lower Ward No. 2,,,,1,3,1,5,5,246473,2,2,3,0,2,4,19,0,0,0,0,2,2,9,0,1,0,0,0,0,0,0,9,9,1991,9,2,9,2,9,0,0,9,1,1,1,5,5,1,5,0,0,1,0,0,1,1,0,0,0,0,0,0,1,2,2,1,2,2,2,2,2,1,2,2,2,2,1,1,2,1,1,1,1,9,1,2,9,2,0,0,0,0,0,0,0,0,0,2,9,0,0,0,0,0,0,0,0,0,1,2,3,2,1,2,9,9,2,9,9,9,0,0,,1,1,2,1,1,1,1,1,9,0,1,1,6,1,1,1,1,1,1,2,2
6338583,UTTARAKHAND,CHAMOLI,DASHOLI,1,,,Kathur,Kathud,Dasholi,1,3,1,5,1,246449,2,2,3,0,2,4,19,14,0,0,0,1,2,1,224,1,0,0,0,0,0,0,9,9,2007,1,2,9,2,2,0,0,1,3,1,1,1,2,2,2,0,0,1,1,1,1,1,0,0,0,0,0,0,1,2,2,1,2,2,2,2,2,1,2,2,2,2,1,1,2,1,1,1,1,9,1,1,1,1,0,0,0,0,0,0,0,0,0,2,9,0,1,1,0,0,0,0,0,0,1,2,3,2,1,1,9,9,2,9,9,9,0,0,2.0,1,1,1,2,1,1,1,1,9,0,1,2,1,1,1,2,2,1,1,1,1
7554424,UTTARAKHAND,CHAMOLI,DEWAL,1,,,Tajpur Laga Kandai,Tajpur,Dewal,1,3,1,5,1,246427,2,2,3,0,2,19,0,0,0,0,0,2,2,1,4,1,0,0,0,0,0,0,9,9,1992,1,2,9,2,2,0,0,1,3,1,1,1,2,1,0,1,1,1,1,1,1,1,0,0,0,0,0,0,1,2,2,1,2,2,2,2,2,1,2,2,2,2,1,1,2,1,2,2,1,9,1,1,1,1,0,0,0,0,0,0,0,0,0,2,9,0,2,1,0,0,0,0,0,0,1,2,3,2,2,1,9,9,2,9,9,9,0,0,1.0,1,1,1,2,1,1,1,1,9,0,1,2,4,1,1,2,2,1,1,1,2
5798541,UTTARAKHAND,CHAMOLI,DASHOLI,2,Chamoli Gopeshwar-Municipality,Chamoli Gopeshwar (MB) -Naigwaad Ward No.8,,,,2,3,1,8,5,246401,2,2,3,0,2,19,14,4,0,0,0,1,1,9,214,1,11,14,3,0,0,0,9,9,2009,9,2,2,2,9,0,0,9,2,2,2,1,11,6,11,0,0,1,2,2,2,2,0,0,0,0,0,0,1,2,2,1,2,2,2,2,2,1,2,2,2,2,1,1,2,1,2,1,1,9,1,2,9,1,0,0,0,0,0,0,0,0,0,1,9,0,0,2,0,0,0,1,1,1,1,2,3,2,2,2,9,9,2,9,9,9,0,0,,1,1,1,1,1,1,1,1,2,0,1,2,1,1,2,1,1,1,1,1,1
5298970,UTTARAKHAND,CHAMOLI,KARANPRAYAG,1,,,Dhar Dungri,Dimmar,Karnaprayag,1,3,1,5,1,246474,2,2,3,0,2,4,0,0,0,0,0,1,2,2,230,1,0,0,0,0,2,0,9,9,1985,1,2,9,2,2,0,3,1,3,1,1,5,2,0,2,0,0,2,1,1,1,1,0,0,0,0,0,0,1,2,2,1,2,2,2,2,2,1,2,2,2,2,1,1,2,1,1,1,1,9,1,1,1,1,0,0,0,0,0,0,0,0,0,2,9,0,1,0,0,0,0,0,0,0,1,2,3,2,2,1,9,9,2,9,9,9,5,5,1.0,1,1,1,2,1,1,1,1,9,0,1,1,1,1,1,2,2,1,1,1,1
9828408,UTTARAKHAND,CHAMOLI,Jyotirmath,1,,,Jakhola,Jakhola,Joshimath,1,3,1,5,1,246472,2,2,3,0,2,4,19,0,0,0,0,2,2,1,224,1,0,0,0,0,1,2,9,9,1953,1,2,9,2,1,7,1,1,3,1,0,2,2,1,0,0,2,1,1,1,1,1,0,0,0,0,0,0,1,2,2,1,2,2,2,2,2,1,2,2,2,2,1,1,2,1,1,1,1,9,1,1,1,1,0,0,0,0,0,0,0,0,0,2,9,0,2,1,0,0,0,0,0,0,1,2,3,2,1,1,9,9,2,9,9,9,9,0,1.0,1,2,2,2,1,1,1,1,9,0,1,1,1,1,1,2,2,1,1,1,1
7418666,UTTARAKHAND,CHAMOLI,DASHOLI,2,Chamoli Gopeshwar-Municipality,Chamoli Gopeshwar (MB) -Subhash Nagar Shivaji Ward No.7,,,,4,3,6,8,1,246401,2,2,3,0,2,4,19,14,0,0,0,2,9,9,230,1,0,0,0,0,0,0,9,9,2006,1,2,2,2,2,0,0,1,3,1,1,2,3,4,2,1,0,1,1,1,1,1,0,0,0,0,0,0,1,2,2,1,2,2,2,2,2,1,2,2,2,2,1,1,2,1,1,1,1,9,1,1,1,1,0,0,0,0,0,0,0,0,0,2,9,0,0,2,0,0,0,0,1,1,1,1,3,2,2,1,9,9,9,9,9,9,0,0,1.0,1,1,1,2,1,1,1,1,2,0,1,1,1,1,1,2,2,1,1,1,1
9839827,UTTARAKHAND,CHAMOLI,DEWAL,1,,,Suiyya,Suieya,Dewal,1,3,1,5,1,246427,2,2,3,0,2,4,19,14,0,0,0,1,2,1,225,1,0,0,0,0,0,2,9,9,1956,1,2,9,2,1,3,0,1,3,2,2,2,2,2,2,0,0,2,1,1,1,1,0,0,0,0,0,0,1,2,2,1,2,2,2,2,2,1,2,2,2,1,1,1,2,1,1,1,1,9,1,1,2,1,0,0,0,0,0,0,0,0,0,2,9,0,1,1,0,0,0,0,0,0,1,2,3,2,1,1,9,9,2,9,9,9,3,3,1.0,1,1,1,2,1,1,1,1,9,0,1,1,3,1,1,2,2,1,1,1,1
3680229,UTTARAKHAND,CHAMOLI,KARANPRAYAG,1,,,Niwadi,Langasu,Karnaprayag,1,3,1,5,1,246446,2,2,3,0,2,4,19,14,0,0,0,2,2,1,221,1,0,0,0,0,1,0,9,9,1994,1,2,9,2,2,0,3,1,3,1,1,2,2,1,0,2,0,1,1,0,1,1,0,0,0,0,0,0,1,2,2,1,2,2,2,2,2,1,2,2,2,2,1,1,2,1,1,1,1,9,1,1,1,1,0,0,0,0,0,0,0,0,0,2,9,0,1,1,0,0,0,0,0,0,1,2,3,2,1,1,9,9,2,9,9,9,0,0,1.0,1,1,1,2,1,1,1,1,9,0,1,1,4,1,1,2,2,1,1,1,1
4170046,UTTARAKHAND,CHAMOLI,DASHOLI,1,,,Baindu,Ghudshal,Dasholi,1,3,1,5,1,246424,2,2,3,0,2,4,0,0,0,0,0,1,2,1,230,1,0,0,0,0,0,0,9,9,1993,1,2,9,2,2,0,0,1,3,1,1,2,2,2,0,2,0,1,2,0,1,1,0,0,0,0,0,0,1,2,2,1,2,2,2,2,2,1,2,2,2,2,1,1,2,1,1,1,1,9,1,1,1,1,0,0,0,0,0,0,0,0,0,2,9,0,2,1,0,0,0,0,0,0,1,2,3,2,1,1,9,9,2,9,9,9,0,0,1.0,1,1,1,2,1,1,1,1,9,0,1,1,1,1,1,2,2,2,1,1,1
4671683,UTTARAKHAND,CHAMOLI,THARALI,1,,,Chidanga State,Chidinga Malla,Tharali,1,3,1,5,1,246441,2,2,3,0,2,4,0,0,0,0,0,1,2,1,222,1,0,0,0,0,0,0,9,9,1986,1,2,9,2,2,0,0,1,3,1,1,1,2,1,2,0,0,1,1,1,1,1,0,0,0,0,1,1,1,2,2,1,2,2,2,2,2,1,2,2,2,1,1,1,2,1,1,1,1,9,1,1,1,1,0,0,0,0,0,0,0,0,0,1,2,0,1,1,0,0,0,0,0,0,1,2,3,1,2,1,9,9,2,9,9,9,6,0,1.0,1,1,2,2,1,1,1,1,9,0,1,1,3,1,1,2,2,1,1,1,1
5412299,UTTARAKHAND,CHAMOLI,NANDANAGAR,1,,,Tangala,Tangla,Ghat,1,3,1,5,1,246435,2,2,3,0,2,4,19,14,0,0,0,1,2,2,224,1,1,0,0,0,0,2,9,9,1984,1,2,9,2,2,0,0,2,3,1,1,1,2,0,2,0,0,2,1,1,1,1,0,0,0,0,0,0,1,2,2,1,2,2,2,2,2,1,2,2,2,2,1,1,3,1,1,1,1,9,1,1,1,1,0,0,0,0,0,0,0,0,0,2,9,0,2,2,0,0,0,0,0,1,1,2,3,2,2,1,9,9,2,9,9,9,0,0,1.0,1,1,2,1,1,1,1,1,9,0,1,1,2,1,1,2,2,1,1,1,1
1812555,UTTARAKHAND,CHAMOLI,Jyotirmath,1,,,Niti,Neeti,Joshimath,1,3,1,5,1,246443,2,2,3,0,2,4,19,0,0,0,0,1,2,1,225,1,0,0,0,0,0,1,9,9,1950,1,2,9,2,2,0,17,1,3,1,1,1,2,1,2,0,0,1,1,1,1,1,0,0,0,0,0,0,1,2,2,1,2,2,2,2,2,1,2,2,2,2,1,1,2,1,1,1,1,9,1,1,1,2,0,0,0,0,0,0,0,0,0,2,9,0,1,0,0,0,0,0,0,0,1,2,3,2,2,1,9,9,2,9,9,9,15,17,1.0,1,1,1,2,1,1,1,1,9,0,1,1,4,1,1,2,2,1,1,1,1
2694686,UTTARAKHAND,CHAMOLI,KARANPRAYAG,1,,,Chulakot,Chulakot,Karnaprayag,1,3,1,5,1,246474,2,2,3,0,2,4,19,14,0,0,0,2,2,2,230,1,1,1,0,0,0,0,9,9,1987,1,2,9,2,2,0,2,1,3,1,0,2,2,1,2,0,0,1,1,0,1,0,0,0,0,0,0,0,1,2,2,1,2,2,2,2,2,1,2,2,2,2,1,1,2,1,1,1,1,9,1,1,2,1,0,0,0,0,0,0,0,0,0,2,9,0,1,0,0,0,0,0,0,0,1,2,3,2,1,1,9,9,2,9,9,9,7,0,1.0,1,1,1,2,1,1,1,1,9,0,1,1,2,1,1,2,2,1,1,1,1
7755020,UTTARAKHAND,CHAMOLI,KARANPRAYAG,1,,,Kamera,Kameda(Choki),Karnaprayag,1,3,1,5,1,246449,2,2,3,0,2,4,0,0,0,0,0,1,2,1,232,1,0,0,0,0,0,0,9,9,1933,1,2,9,2,1,10,5,1,3,1,1,5,3,1,3,0,0,1,1,0,1,1,0,0,0,0,0,0,1,2,2,1,2,2,2,2,2,1,2,2,2,2,1,1,2,1,1,1,1,9,1,1,2,1,0,0,0,0,0,0,0,0,0,2,9,0,2,1,0,0,0,0,0,0,1,2,3,2,1,1,9,9,2,9,9,9,0,0,1.0,1,1,1,2,1,1,1,1,9,0,1,1,2,1,1,2,2,1,1,1,1
7037659,UTTARAKHAND,CHAMOLI,NANDANAGAR,1,,,Sitel,Gulari,Ghat,1,3,1,5,1,246435,2,2,3,0,2,4,19,14,0,0,0,2,2,2,226,1,0,0,0,0,0,1,9,9,1969,1,2,9,2,1,2,0,1,3,2,1,2,4,1,4,0,0,1,1,1,1,1,0,0,0,0,0,0,1,2,2,1,2,2,2,2,2,1,2,2,2,2,1,1,1,1,1,1,1,9,1,1,1,2,0,0,0,0,0,0,0,0,0,2,9,0,1,2,0,0,0,0,0,1,1,2,3,2,2,1,9,9,2,9,9,9,0,0,1.0,1,1,1,2,1,1,1,1,9,0,1,1,1,1,1,2,2,2,1,1,1
4858615,UTTARAKHAND,CHAMOLI,KARANPRAYAG,1,,,Uttaraun,Uttraon,Karnaprayag,1,3,1,5,1,246446,2,2,3,0,2,4,14,19,0,0,0,1,2,1,232,1,0,1,0,0,1,1,9,9,1901,1,2,9,2,2,0,10,1,3,1,1,2,2,1,2,0,0,1,1,1,1,1,0,0,0,0,0,0,1,2,2,1,2,2,2,2,2,1,2,2,2,2,1,1,2,1,1,1,1,9,1,1,1,1,0,0,0,0,0,0,0,0,0,2,9,0,2,2,0,0,0,1,1,1,1,1,3,2,1,1,9,9,2,9,9,9,120,0,1.0,1,1,1,2,1,1,1,1,9,0,1,1,1,1,1,2,2,1,1,1,1
7997760,UTTARAKHAND,CHAMOLI,Jyotirmath,1,,,Pokhani Urf Pokhari,Pokhani,Joshimath,1,3,1,5,1,246472,2,2,3,0,2,4,14,19,0,0,0,2,2,1,226,1,0,0,0,0,0,0,9,9,1964,2,2,9,2,2,0,0,2,3,1,1,1,2,1,2,0,0,1,1,1,1,1,0,0,0,0,0,0,1,2,2,1,2,2,2,2,2,1,2,2,2,2,1,1,2,1,2,1,1,9,1,1,1,1,0,0,0,0,0,0,0,0,0,2,9,0,1,1,0,0,0,0,0,0,1,2,3,1,1,1,9,9,2,9,9,9,0,0,1.0,1,1,2,2,1,1,1,1,9,0,1,1,4,1,1,2,2,1,1,1,1
5061929,UTTARAKHAND,CHAMOLI,THARALI,1,,,Bajwar,Bajwad,Tharali,1,3,1,5,1,246481,2,2,3,0,2,4,0,0,0,0,0,2,2,1,223,1,0,0,0,0,1,0,9,9,2002,1,2,9,2,2,0,4,1,3,1,1,7,2,1,2,0,0,1,1,1,1,1,0,0,0,0,0,0,1,2,2,1,2,2,2,2,2,1,2,2,2,2,1,1,2,1,1,1,1,9,1,1,1,1,0,0,0,0,0,0,0,0,0,2,9,0,1,2,0,0,0,0,0,0,1,2,3,2,1,1,9,9,2,9,9,9,11,11,1.0,1,2,1,2,1,1,1,1,9,0,1,1,2,1,1,2,2,1,1,1,1
1455735,UTTARAKHAND,CHAMOLI,DASHOLI,1,,,Ropachalthar,Ropa Semdugra,Dasholi,1,3,1,5,1,246424,2,2,3,0,2,4,0,0,0,0,0,2,2,1,225,1,0,0,0,0,1,1,9,9,1987,1,2,9,2,2,0,5,1,3,1,1,2,2,1,0,0,2,1,1,1,1,0,0,0,0,0,0,0,1,2,2,1,2,2,2,2,2,1,2,2,2,2,1,1,2,1,1,2,1,9,1,1,1,1,0,0,0,0,0,0,0,0,0,2,9,0,2,1,0,0,0,0,0,0,1,2,3,2,1,1,9,9,2,9,9,9,10,6,1.0,1,1,1,2,1,1,1,1,9,0,1,1,3,1,1,2,2,1,1,1,1
4476556,UTTARAKHAND,CHAMOLI,KARANPRAYAG,1,,,Jaikandi,Jaikandi (Barsoli),Karnaprayag,3,3,1,12,5,246446,2,2,3,0,2,19,0,0,0,1,1,1,1,9,203,1,22,10,2,1,0,0,9,9,2001,9,2,2,2,9,0,0,9,1,2,2,1,33,18,33,0,0,1,33,33,33,33,2,2,2,2,14,14,1,1,2,1,2,2,2,1,2,1,2,2,2,2,1,1,2,1,1,1,1,9,1,1,1,1,1,1,1,1,4,4,4,4,1,1,9,0,0,88,0,88,1,3,2,7,1,1,3,1,1,1,2,2,2,9,2,2,0,0,,1,1,1,1,1,1,1,1,2,0,1,1,2,1,1,1,1,1,1,1,1
5154502,UTTARAKHAND,CHAMOLI,GAIRSAIN,1,,,Kirasal,Kirsal,Gairsain,2,3,1,8,5,246440,2,1,3,0,2,19,4,0,0,0,0,1,1,9,0,1,6,5,1,0,0,0,9,9,2001,9,2,2,2,9,0,0,9,1,1,1,1,8,15,8,0,0,1,4,4,2,2,0,0,0,0,4,0,1,2,2,1,2,2,2,2,2,1,2,2,2,1,1,1,2,1,1,1,1,9,1,1,1,1,0,0,0,0,0,0,0,0,0,1,9,0,0,11,0,0,1,1,0,1,1,2,3,2,2,1,9,9,2,9,9,9,0,0,,1,1,1,1,1,1,1,1,2,0,1,1,1,1,1,2,2,1,1,1,1
4925564,UTTARAKHAND,CHAMOLI,DASHOLI,1,,,Lasiyari,Lasee,Dasholi,1,3,1,5,1,246424,2,2,3,0,2,4,0,0,0,0,0,1,2,2,223,1,0,0,0,0,0,0,9,9,1986,2,2,9,2,2,0,3,1,3,1,1,2,2,1,2,0,0,1,1,1,1,1,0,0,0,0,0,0,2,2,2,1,2,2,2,2,2,1,2,2,2,2,1,1,2,1,2,1,1,9,1,1,1,1,0,0,0,0,0,0,0,0,0,2,9,0,0,1,0,0,0,0,0,0,1,2,3,2,2,1,9,9,2,9,9,9,0,0,1.0,1,1,1,2,1,1,1,1,9,0,1,1,1,1,1,2,2,2,1,1,1
6989139,UTTARAKHAND,CHAMOLI,KARANPRAYAG,1,,,Ritholi,Kimoli,Karnaprayag,1,3,1,5,1,246488,2,2,3,0,2,4,19,14,0,0,0,2,2,2,230,1,0,0,0,0,0,0,9,9,1986,1,2,9,2,2,0,1,1,3,1,1,2,2,1,2,0,0,1,1,1,1,1,0,0,0,0,0,0,1,2,2,1,2,2,2,2,2,1,2,2,2,2,1,1,2,1,1,1,1,9,1,1,1,1,0,0,0,0,0,0,0,0,0,2,9,0,2,1,0,0,0,0,0,0,1,2,3,2,2,1,9,9,2,9,9,9,9,0,1.0,1,1,1,2,1,1,1,1,9,0,1,1,2,1,1,2,2,1,1,1,1
2449088,UTTARAKHAND,CHAMOLI,NANDANAGAR,1,,,Maharbagti,Maharbagthi,Ghat,1,3,1,5,1,246449,2,2,3,0,2,4,0,0,0,0,0,2,2,1,229,1,0,0,0,0,0,0,9,9,1997,1,2,9,2,1,0,0,1,3,1,1,8,3,3,3,0,0,1,0,0,1,1,0,0,0,0,0,0,1,2,2,1,2,2,2,2,2,1,2,2,2,2,1,1,2,1,1,1,1,9,1,1,2,1,0,0,0,0,0,0,0,0,0,2,9,0,1,3,0,0,0,0,0,0,1,2,3,2,1,1,9,9,2,9,9,9,0,0,1.0,1,2,2,2,1,1,1,1,9,0,1,1,2,1,1,2,2,2,1,1,1
4881186,UTTARAKHAND,CHAMOLI,Jyotirmath,1,,,Lyari Thana,Lyari Theina,Joshimath,1,3,1,5,1,246443,2,2,3,0,2,4,19,14,0,0,0,1,2,1,227,1,0,0,0,0,0,0,9,9,1979,1,2,9,2,1,8,4,1,3,1,1,2,2,1,0,2,0,1,1,1,1,1,0,0,0,0,0,0,1,2,2,1,2,2,2,2,2,1,2,2,2,2,1,1,2,1,1,1,1,9,1,1,1,1,0,0,0,0,0,0,0,0,0,2,9,0,1,0,0,0,0,0,0,0,1,2,3,2,2,1,9,9,2,9,9,9,15,25,1.0,1,1,1,2,1,1,1,1,9,0,1,1,1,1,1,2,2,1,1,1,1
3691807,UTTARAKHAND,CHAMOLI,GAIRSAIN,1,,,Pajyana,Panjyana,Gairsain,1,3,1,5,1,246428,2,2,3,0,2,4,19,14,0,0,0,2,2,1,222,1,0,0,0,0,0,0,9,9,1947,1,2,9,2,2,0,11,1,3,1,1,5,4,1,3,0,1,1,1,1,1,1,0,0,0,0,1,0,1,2,2,1,2,2,2,2,2,1,2,2,2,2,1,1,2,1,1,1,1,9,1,1,1,1,0,0,0,0,0,0,0,0,0,2,9,0,2,1,0,0,0,0,0,1,1,2,3,2,1,1,9,9,2,9,9,9,0,0,1.0,1,1,1,2,1,1,1,1,9,0,1,1,4,1,1,2,2,1,1,1,1
5587433,UTTARAKHAND,CHAMOLI,DASHOLI,1,,,Ropa,Ropa,Dasholi,1,3,1,5,1,246424,2,2,3,0,2,4,14,19,0,0,0,1,2,1,223,1,0,0,0,0,0,0,9,9,1990,1,2,9,2,2,0,0,1,3,1,1,2,2,2,0,1,1,1,1,1,1,1,0,0,0,0,0,0,1,2,2,1,2,2,2,2,2,1,2,2,2,2,1,1,2,1,2,1,1,9,1,1,1,1,0,0,0,0,0,0,0,0,0,2,9,0,2,1,0,0,0,0,0,0,1,2,3,2,1,1,9,9,2,9,9,9,22,22,1.0,1,1,1,2,1,1,1,1,9,0,1,1,1,1,1,2,2,1,1,1,1
1171873,UTTARAKHAND,CHAMOLI,NARAYANBAGAR,1,,,Kafoli Malli,Kafoli,Narayanbagar,11,3,11,12,5,246453,2,2,3,0,2,4,14,19,0,0,2,2,9,9,224,1,0,0,0,0,0,0,9,9,1998,9,2,9,2,9,0,0,9,1,3,2,5,4,5,4,0,0,2,1,1,1,1,0,0,0,0,1,1,2,2,2,1,2,2,2,2,2,1,2,2,2,2,1,1,2,1,1,1,1,9,1,2,9,2,4,4,4,4,4,4,4,4,4,2,9,0,0,2,0,0,0,0,1,1,1,2,3,1,2,2,2,2,9,9,9,2,0,0,,1,1,1,1,1,1,2,1,2,0,1,1,6,1,2,2,2,1,1,1,1
8711174,UTTARAKHAND,CHAMOLI,KARANPRAYAG,1,,,Bansoli Walli,Banasoli,Karnaprayag,4,3,6,8,1,246488,2,2,3,0,2,4,14,19,0,0,0,2,9,9,230,1,0,0,0,0,0,0,9,9,1991,1,2,2,2,2,0,3,1,3,1,1,5,3,2,3,0,0,1,1,1,1,1,0,0,0,0,0,0,1,2,2,1,2,2,2,2,2,1,2,2,2,2,1,1,2,1,1,1,1,9,1,1,1,1,0,0,0,0,0,0,0,0,0,2,9,0,0,1,0,0,0,0,0,0,1,2,3,2,1,1,9,9,9,9,9,9,9,0,1.0,1,1,1,2,1,1,1,1,2,0,1,1,3,1,1,2,2,1,1,1,1
4513176,UTTARAKHAND,CHAMOLI,KARANPRAYAG,1,,,Koti,Koti,Karnaprayag,5,3,6,12,1,246444,2,2,3,0,2,4,14,19,0,2,2,2,9,9,220,1,0,0,0,0,0,0,9,9,1976,1,2,2,2,1,3,0,1,3,2,1,5,11,2,3,3,5,2,1,1,1,1,0,0,0,0,0,0,1,2,2,1,2,2,2,2,2,1,2,2,2,2,1,1,2,1,1,1,1,9,1,2,9,2,4,4,4,4,4,4,4,4,4,1,1,0,0,5,0,1,0,1,0,3,2,2,3,2,1,1,2,2,9,9,2,2,101,0,1.0,1,1,1,1,1,1,1,1,1,17,1,1,1,1,1,2,2,1,1,1,1
4286711,UTTARAKHAND,CHAMOLI,THARALI,1,,,Bunga,Kuridhar,Sult,4,3,6,8,1,246481,2,2,3,0,2,4,0,0,0,0,0,2,9,9,223,1,0,0,0,0,0,0,9,9,2007,1,2,2,2,1,3,2,1,3,1,1,5,3,0,2,0,1,2,1,0,1,1,0,0,0,0,0,0,1,2,2,1,2,2,2,2,2,1,2,2,2,2,1,1,2,1,1,1,1,9,1,1,1,1,0,0,0,0,0,0,0,0,0,2,9,0,0,1,0,0,0,0,0,0,1,2,3,2,2,1,9,9,9,9,9,9,14,14,1.0,1,2,1,2,1,1,1,1,2,0,1,1,2,1,2,2,2,1,1,1,1
7237477,UTTARAKHAND,CHAMOLI,Jyotirmath,2,Joshimath-Municipality,Joshimath (MB) - Singhdhaar Ward No.4,,,,5,3,6,12,4,246443,2,2,2,2,2,4,0,0,0,2,2,1,9,9,220,1,0,0,0,0,0,0,9,9,1958,2,2,2,2,2,0,0,2,3,2,1,1,7,12,7,0,0,1,2,2,3,3,0,0,0,0,1,3,1,2,2,1,2,2,2,2,2,1,2,2,2,2,2,1,2,2,1,2,1,9,1,2,9,1,4,4,4,4,4,4,4,4,2,1,2,0,0,8,0,0,0,0,0,2,1,2,3,1,1,1,2,2,9,9,1,1,0,0,1.0,1,2,2,1,1,1,1,1,2,0,1,1,6,1,2,2,3,1,1,1,1
9287557,UTTARAKHAND,CHAMOLI,DASHOLI,1,,,Tairakhansal,Teda Khansal,Dasholi,1,3,1,5,1,246424,2,2,3,0,2,4,14,0,0,0,0,1,2,2,224,1,0,0,0,0,2,0,9,9,1989,1,2,9,2,2,0,0,1,3,1,1,2,2,1,2,0,0,1,1,1,1,1,0,0,0,0,0,0,1,2,2,1,2,2,2,2,2,1,2,2,2,2,1,1,2,1,1,1,1,9,1,1,1,1,0,0,0,0,0,0,0,0,0,2,9,0,1,1,0,0,0,0,0,0,1,2,3,2,2,1,9,9,2,9,9,9,0,0,1.0,1,1,1,2,1,1,1,1,9,0,1,1,2,1,1,2,2,1,1,1,1
7483795,UTTARAKHAND,CHAMOLI,KARANPRAYAG,1,,,Dada Dhamdhama,Dhamdhama,Karnaprayag,4,3,6,8,1,246429,2,2,3,0,2,4,14,19,0,0,0,1,9,9,0,1,0,0,0,0,0,0,9,9,2005,1,2,2,2,2,0,0,1,3,1,1,2,3,2,3,0,0,1,1,1,1,1,0,0,0,0,0,0,1,2,2,1,2,2,2,2,2,1,2,2,2,2,1,1,2,1,1,1,1,9,1,1,1,2,0,0,0,0,0,0,0,0,0,1,2,0,0,3,0,0,0,0,0,1,1,2,3,2,1,1,9,9,9,9,9,9,0,0,2.0,1,1,1,2,1,1,1,1,1,15,1,1,2,1,1,2,2,1,1,1,1
2169790,UTTARAKHAND,CHAMOLI,DASHOLI,1,,,Pilang Chatoli,Pilang,Dasholi,1,3,1,5,1,246424,2,2,3,0,2,4,19,0,0,0,0,1,2,2,225,1,0,0,0,0,1,0,9,9,1999,1,2,9,2,2,0,2,1,3,1,1,1,2,1,2,0,0,1,1,1,1,1,0,0,0,0,0,0,1,2,2,1,1,2,2,2,2,1,1,2,2,2,1,1,2,1,1,1,1,9,1,1,1,1,0,0,0,0,0,0,0,0,0,2,9,0,1,1,0,0,0,0,0,0,1,2,3,2,2,1,9,9,2,9,9,9,0,0,1.0,1,1,1,2,1,1,1,1,9,0,2,2,4,1,1,2,2,1,1,1,1
5673460,UTTARAKHAND,CHAMOLI,THARALI,1,,,Sonala,Sunla,Tharali,1,3,1,5,1,246481,2,2,3,0,2,4,14,19,0,0,0,1,2,1,225,1,0,0,0,0,0,0,9,9,1989,1,2,9,2,2,0,2,1,3,1,1,7,2,1,1,1,0,1,1,1,1,1,0,0,0,0,0,0,1,2,2,1,2,2,2,2,2,1,2,2,2,1,1,1,2,1,1,1,1,9,1,1,1,1,0,0,0,0,0,0,0,0,0,2,9,0,1,2,0,0,0,0,0,0,1,2,3,2,2,1,9,9,2,9,9,9,11,11,1.0,1,2,1,2,1,1,1,1,9,0,1,1,2,1,1,2,2,1,1,1,1
9598690,UTTARAKHAND,CHAMOLI,KARANPRAYAG,1,,,Majkhola,Majhkhola,Karnaprayag,1,3,1,5,1,246429,2,2,3,0,2,4,0,0,0,0,0,1,2,2,225,1,0,0,0,0,0,4,9,9,1991,1,2,9,2,1,10,4,1,3,1,0,1,2,1,0,1,1,1,1,1,1,1,1,1,0,0,0,0,1,2,2,1,2,2,2,2,2,1,2,2,2,2,1,1,2,1,1,1,2,1,1,1,1,2,0,0,0,0,0,0,0,0,0,2,9,0,2,1,0,0,0,0,0,0,1,2,3,2,2,1,9,9,2,9,9,9,0,0,1.0,1,1,1,2,1,1,1,1,9,0,1,1,2,1,1,2,2,1,1,1,1
6838625,UTTARAKHAND,CHAMOLI,DEWAL,1,,,Nand Keshari,Kothi,Dewal,1,3,1,5,5,246427,2,2,3,0,2,4,19,14,0,0,0,1,2,9,225,1,0,0,0,0,0,0,9,9,2015,9,2,9,2,9,0,0,9,1,1,1,1,5,2,5,0,0,1,1,1,1,1,0,0,0,0,1,1,1,2,2,1,2,2,2,2,2,1,2,2,2,1,1,1,2,1,1,1,1,9,2,2,9,1,0,0,0,0,0,0,0,0,0,2,9,0,0,1,0,0,0,0,0,1,1,2,3,2,1,2,9,9,2,9,9,9,0,0,,1,1,1,1,1,1,1,1,9,0,1,2,1,1,1,1,2,1,1,1,1
9161466,UTTARAKHAND,CHAMOLI,GAIRSAIN,1,,,Langtai,Langtain (Silpata),Gairsain,1,3,1,5,1,246440,2,2,3,0,2,4,19,14,0,0,0,1,2,2,223,1,0,0,0,0,10,7,9,9,1999,1,2,9,2,2,0,5,1,3,1,1,2,2,2,2,0,0,1,1,1,2,2,0,0,0,0,0,0,1,2,2,1,2,2,2,2,2,1,2,2,2,2,1,1,2,1,2,1,1,9,1,1,1,1,0,0,0,0,0,0,0,0,0,2,9,0,2,1,0,0,0,0,1,0,1,2,3,2,2,1,9,9,2,9,9,9,0,0,1.0,1,1,1,2,1,1,2,1,9,0,1,1,1,1,1,2,2,1,1,1,1
3207223,UTTARAKHAND,CHAMOLI,NARAYANBAGAR,1,,,Rains,Rains,Narayanbagar,1,3,1,5,1,246453,2,2,3,0,2,4,19,14,0,0,0,2,2,2,227,1,0,0,0,0,0,0,9,9,1992,1,2,9,2,2,0,3,1,3,1,1,2,2,1,2,0,0,1,0,0,1,1,0,0,0,0,0,0,1,2,2,1,2,2,2,2,2,1,2,2,2,2,1,1,2,1,1,1,1,9,1,1,2,2,0,0,0,0,0,0,0,0,0,2,9,0,1,1,0,0,0,0,0,0,1,2,3,2,2,1,9,9,2,9,9,9,0,0,1.0,1,1,1,2,1,1,1,1,9,0,1,1,6,1,1,2,2,1,1,1,2
4961217,UTTARAKHAND,CHAMOLI,DEWAL,1,,,Kotera,Koteda,Dewal,1,3,1,5,1,246427,2,2,3,0,2,4,14,19,0,0,0,1,2,2,224,1,0,0,0,0,1,0,9,9,1989,1,2,9,2,2,0,5,1,3,1,1,2,2,0,2,0,0,2,1,1,1,1,0,0,0,0,0,0,1,2,2,1,2,2,2,2,2,1,2,2,2,1,1,1,2,1,2,1,1,9,1,1,1,2,0,0,0,0,0,0,0,0,0,2,9,0,2,1,0,0,0,0,0,0,1,1,3,2,1,1,9,9,2,9,9,9,0,0,1.0,1,1,2,2,1,1,1,1,9,0,1,1,2,1,1,2,2,1,1,1,2
4535130,UTTARAKHAND,CHAMOLI,THARALI,1,,,Paingadh,Pengarh,Tharali,1,3,1,5,1,246481,2,2,3,0,2,4,19,14,0,0,0,2,2,1,225,1,0,0,0,0,0,0,9,9,1956,1,2,9,2,1,3,0,1,3,1,1,1,2,1,2,0,0,1,1,1,1,1,0,0,0,0,0,0,1,2,2,1,2,2,2,2,2,1,2,2,2,1,1,1,2,1,1,1,1,9,1,1,2,1,0,0,0,0,0,0,0,0,0,2,9,0,0,1,0,0,0,0,0,0,1,2,3,2,2,1,9,9,2,9,9,9,1,0,1.0,1,2,1,2,1,1,1,1,9,0,1,1,2,1,1,2,2,1,1,1,1
1597799,UTTARAKHAND,CHAMOLI,THARALI,1,,,Bunga,Kuridhar,Sult,1,3,1,5,5,246481,2,2,3,0,2,4,19,14,0,0,0,1,2,9,227,1,1,0,0,0,0,0,9,9,1995,9,2,9,2,9,0,0,9,1,1,1,1,5,3,5,0,0,1,1,1,1,1,0,0,0,0,1,1,1,2,2,1,2,2,2,2,2,1,2,2,2,2,1,1,2,1,2,1,1,9,1,2,9,1,0,0,0,0,0,0,0,0,0,2,9,4,0,1,0,0,0,0,0,1,1,2,3,2,1,2,9,9,2,9,9,9,0,0,,1,2,2,1,1,1,1,1,9,0,1,2,2,1,1,1,1,1,1,2,2
8047055,UTTARAKHAND,CHAMOLI,NANDANAGAR,1,,,Dhar Gaon,Kumjug,Ghat,1,3,1,5,1,246435,2,2,3,0,2,4,19,14,0,0,0,2,2,2,226,1,0,0,0,0,0,0,9,9,2006,1,2,9,2,2,0,0,2,3,1,0,1,2,0,1,0,1,2,1,0,1,1,1,1,0,0,0,0,1,2,2,1,2,2,2,2,2,1,2,2,2,2,1,1,2,1,1,1,1,9,1,1,1,1,0,0,0,0,0,0,0,0,0,2,9,0,1,1,0,0,0,0,0,1,1,2,3,2,1,1,9,9,2,9,9,9,0,0,1.0,1,1,1,2,1,1,1,1,9,0,1,1,1,1,1,2,2,1,1,1,1
3852723,UTTARAKHAND,CHAMOLI,Jyotirmath,1,,,Topovan,Tapovan,Joshimath,1,3,1,5,5,246483,2,2,3,0,2,4,19,0,0,0,0,2,1,9,219,1,6,4,0,0,0,0,9,9,1990,9,2,9,2,9,0,0,9,1,5,5,1,5,12,5,0,0,1,1,1,1,1,0,0,0,0,0,0,1,2,2,1,2,2,2,2,2,1,2,2,2,2,1,1,2,1,1,1,1,9,1,2,9,2,0,0,0,0,0,0,0,0,0,2,9,0,0,1,0,0,0,0,0,0,1,2,3,2,2,2,9,9,2,9,9,9,0,0,,1,1,1,1,1,1,1,1,9,0,1,1,4,1,2,1,1,2,1,1,1
1514659,UTTARAKHAND,CHAMOLI,GAIRSAIN,1,,,Mehal Chauri,Mehal Chauri,Gairsain,7,3,6,10,5,246482,2,2,3,0,2,4,19,14,0,2,0,1,9,9,214,1,0,0,0,0,0,0,9,9,2006,9,2,2,2,9,0,0,9,1,1,1,1,6,8,6,0,0,1,1,1,1,1,0,0,0,0,1,1,1,2,2,1,2,2,2,2,2,1,2,2,2,1,1,1,2,1,1,1,1,9,1,1,1,1,0,0,0,0,0,0,0,0,0,1,9,0,0,6,0,6,0,0,1,1,1,2,3,1,1,1,2,2,9,9,2,9,0,0,,1,1,2,1,1,1,1,1,2,0,1,1,2,1,1,1,1,1,1,1,1
7372694,UTTARAKHAND,CHAMOLI,THARALI,1,,,Dewal Gwar,Dewalgwad,Tharali,1,3,1,5,1,246481,2,2,3,0,2,4,19,14,0,0,0,1,2,1,224,1,0,0,0,0,0,1,9,9,1992,1,2,9,2,2,0,2,1,3,1,1,5,2,0,2,0,0,2,1,1,1,1,0,0,0,0,0,0,1,2,2,1,2,2,2,2,2,1,2,2,2,2,1,1,2,1,1,1,1,9,1,1,1,1,0,0,0,0,0,0,0,0,0,2,9,0,1,2,0,0,0,0,0,0,1,2,3,2,1,1,9,9,2,9,9,9,10,0,1.0,1,2,1,2,1,1,1,1,9,0,1,2,1,1,1,2,2,1,1,1,1
3365245,UTTARAKHAND,CHAMOLI,NARAYANBAGAR,1,,,Ased,Aser,Narayanbagar,1,3,1,5,1,246455,2,2,3,0,2,4,19,14,0,0,0,1,2,1,228,1,0,0,0,0,0,0,9,9,1941,2,2,9,2,2,0,0,2,3,3,3,2,3,1,3,0,0,1,1,1,1,1,0,0,0,0,0,0,1,2,2,1,2,2,2,2,2,1,2,2,2,2,1,1,2,1,1,1,1,9,1,1,1,1,0,0,0,0,0,0,0,0,0,1,2,0,2,1,0,0,0,1,0,1,1,2,3,2,1,1,9,9,2,9,9,9,14,0,1.0,1,2,2,2,1,1,2,1,9,0,1,2,1,1,1,2,2,1,1,1,2
5673695,UTTARAKHAND,CHAMOLI,POKHARI,2,POKHRI-Town Panchayat,Pokhri (NP) -Guniyala Ward No. 4,,,,5,3,6,12,5,246473,2,2,3,0,2,4,0,0,0,2,2,1,9,9,236,1,0,0,0,0,0,0,9,9,2010,9,2,2,2,9,0,0,9,1,1,1,1,17,6,17,0,0,1,3,3,2,2,0,0,0,0,0,0,1,2,2,1,1,2,2,2,2,1,1,2,2,1,1,1,2,1,2,1,1,9,1,1,1,1,1,1,1,1,4,4,4,4,4,2,9,1,4,8,0,0,0,0,0,1,1,1,2,2,1,2,2,2,9,9,2,2,0,0,,1,1,1,1,1,1,1,1,2,0,1,1,4,1,1,1,1,1,1,1,1
4212264,UTTARAKHAND,CHAMOLI,POKHARI,1,,,Nail,Nel,Pokhari,1,3,1,5,1,246473,2,2,3,0,2,4,19,14,0,0,0,2,2,2,223,1,0,0,0,0,1,0,9,9,1997,1,2,9,2,2,0,8,1,3,1,0,1,2,1,0,0,2,1,1,1,1,1,0,0,0,0,0,0,1,2,2,1,2,2,2,2,2,1,2,2,2,1,1,1,2,1,1,1,1,9,1,1,1,2,0,0,0,0,0,0,0,0,0,2,9,0,2,1,0,0,0,0,1,1,1,2,3,2,1,1,9,9,2,9,9,9,0,0,1.0,1,1,1,2,1,1,1,1,9,0,1,1,5,1,1,2,2,1,1,1,1
1971048,UTTARAKHAND,CHAMOLI,THARALI,2,Tharali-Town Panchayat,Tharali (NP) - Bhainta Ward No. 1,,,,1,3,1,5,1,246481,2,2,3,0,2,4,0,0,0,0,0,1,2,1,227,1,0,0,0,0,1,0,9,9,1986,1,2,9,2,2,0,0,1,3,1,1,5,2,2,0,0,2,1,1,1,1,1,0,0,0,0,0,0,1,2,2,1,2,2,2,2,2,1,2,2,2,1,1,1,2,1,1,1,1,9,1,1,2,1,0,0,0,0,0,0,0,0,0,2,9,0,1,1,0,0,0,0,0,0,1,2,3,2,1,1,9,9,2,9,9,9,1,0,1.0,1,2,1,2,1,1,1,1,9,0,1,1,2,1,1,2,2,1,1,1,1
2754226,UTTARAKHAND,CHAMOLI,DEWAL,1,,,Lingadi,Lingari,Dewal,5,3,6,12,1,246427,2,2,3,0,2,4,19,14,0,2,2,1,9,9,207,1,0,0,0,0,0,0,9,9,1968,1,2,1,2,1,4,10,1,3,10,8,2,27,16,27,0,0,1,3,3,6,6,0,0,1,1,2,1,1,2,2,1,2,2,2,2,2,1,2,2,2,1,1,1,1,1,2,2,1,9,1,2,9,1,2,2,2,2,4,2,4,4,2,1,1,0,0,8,0,0,0,0,1,3,1,2,3,2,1,1,2,2,9,9,2,2,0,0,1.0,1,1,1,2,1,1,1,1,1,58,1,2,2,1,1,2,3,1,1,1,2
5517584,UTTARAKHAND,CHAMOLI,Jyotirmath,1,,,Karachhon,Karchhon,Joshimath,4,3,6,8,1,246483,2,2,3,0,2,4,14,19,0,0,0,1,9,9,227,1,0,0,0,0,0,0,9,9,2006,1,2,2,2,2,0,15,1,3,1,1,2,3,2,0,0,3,1,1,1,1,1,0,0,0,0,0,0,1,2,2,1,2,2,2,2,2,1,2,2,2,2,1,1,2,1,1,1,1,9,1,1,1,1,0,0,0,0,0,0,0,0,0,2,9,0,0,4,0,0,0,0,0,1,1,2,3,2,1,1,9,9,9,9,9,9,19,19,1.0,1,1,1,2,1,1,1,1,2,0,1,1,3,1,1,2,2,1,1,1,1
6535201,UTTARAKHAND,CHAMOLI,GAIRSAIN,1,,,Kunakhet,Kunkhet,Gairsain,4,3,6,8,1,246428,2,2,3,0,2,4,19,14,0,0,0,2,9,9,225,1,0,0,0,0,0,0,9,9,1993,1,2,2,2,2,0,9,1,3,1,1,5,3,1,3,0,0,1,1,1,1,1,0,0,0,0,0,0,1,2,2,1,2,2,2,2,2,1,2,2,2,1,1,1,2,1,1,1,1,9,1,1,1,2,0,0,0,0,0,0,0,0,0,2,9,0,0,3,0,0,0,0,0,1,1,2,3,2,1,1,9,9,9,9,9,9,0,0,2.0,1,1,1,2,1,1,2,1,2,0,1,1,2,1,1,2,2,1,1,1,1
7736458,UTTARAKHAND,CHAMOLI,THARALI,1,,,Dharwaram,Dharbaram,Tharali,4,3,6,8,1,246481,2,2,3,0,2,4,19,14,0,0,0,1,9,9,229,1,0,0,0,0,0,0,9,9,2008,1,2,2,2,2,0,3,1,3,1,1,2,3,2,0,0,3,1,0,0,1,1,0,0,0,0,1,0,1,2,2,1,2,2,2,2,2,1,2,2,2,2,1,1,2,1,1,1,1,9,1,1,1,2,0,0,0,0,0,0,0,0,0,2,9,0,0,7,0,0,0,0,0,1,1,2,3,2,2,1,9,9,9,9,9,9,0,0,1.0,1,1,2,2,1,1,1,1,2,0,1,1,1,1,1,2,2,1,1,1,1
9464867,UTTARAKHAND,CHAMOLI,DASHOLI,1,,,Syuna,Syuna,Dasholi,4,3,6,8,1,246472,2,2,3,0,2,4,19,14,0,0,0,2,9,9,224,1,0,0,0,0,0,0,9,9,1992,1,2,2,2,2,0,0,1,3,1,1,2,4,1,0,0,4,1,2,1,2,1,0,0,0,0,0,0,1,2,2,1,2,2,2,2,2,1,2,2,2,2,1,1,2,1,1,1,1,9,1,1,2,2,0,0,0,0,0,0,0,0,0,2,9,0,0,1,0,0,0,0,0,0,2,2,2,2,1,1,9,9,9,9,9,9,0,0,1.0,1,1,1,2,1,1,1,1,2,0,1,1,2,1,1,2,2,1,1,1,1
4617546,UTTARAKHAND,CHAMOLI,DASHOLI,2,Chamoli Gopeshwar-Municipality,Chamoli Gopeshwar (MB) -Kothiyaal Gaon Ward No.10,,,,1,3,1,5,1,246424,2,2,3,0,2,4,19,0,0,0,0,1,2,1,230,1,0,0,0,0,0,0,9,9,1960,1,2,9,2,1,0,0,1,3,1,1,1,3,2,2,0,1,1,2,2,2,2,0,0,0,0,2,2,1,2,2,1,2,2,2,2,2,1,2,2,2,1,1,1,2,1,1,1,1,9,1,1,1,1,0,0,0,0,0,0,0,0,0,2,9,0,2,1,0,0,0,0,0,0,1,2,3,2,2,1,9,9,2,9,9,9,0,0,2.0,1,1,1,2,1,1,1,1,9,0,1,1,1,1,1,2,2,1,1,1,1
3372868,UTTARAKHAND,CHAMOLI,POKHARI,1,,,Bangthal,Bangthal,Pokhari,1,3,1,5,1,246473,2,2,3,0,2,4,19,14,0,0,0,2,2,1,230,1,0,0,0,0,0,0,9,9,1960,1,2,9,2,2,0,0,1,3,1,1,5,2,1,0,0,2,1,1,1,1,1,0,0,0,0,0,0,1,2,2,1,2,2,2,2,2,1,2,2,2,2,1,1,1,1,1,1,1,9,1,1,1,1,0,0,0,0,0,0,0,0,0,2,9,0,2,1,0,0,0,0,0,0,1,2,3,2,1,1,9,9,2,9,9,9,0,0,1.0,1,1,1,2,1,1,1,1,9,0,1,1,2,1,1,2,2,2,1,1,1
6679895,UTTARAKHAND,CHAMOLI,KARANPRAYAG,1,,,Simalt,Kanoth,Karnaprayag,1,3,1,5,1,246487,2,2,3,0,2,4,14,19,0,0,0,2,2,1,226,1,0,0,0,0,0,0,9,9,1979,1,2,9,2,2,0,2,1,3,1,1,2,2,1,0,2,0,1,1,1,1,1,0,0,0,0,0,0,1,2,2,1,2,2,2,2,2,1,2,2,2,2,1,1,2,1,1,1,1,9,1,1,1,1,0,0,0,0,0,0,0,0,0,2,9,0,0,1,0,0,0,0,0,0,1,2,3,2,1,1,9,9,2,9,9,9,0,0,1.0,1,1,1,2,1,1,1,1,9,0,1,1,4,1,1,2,2,1,1,1,1
2924137,UTTARAKHAND,CHAMOLI,KARANPRAYAG,1,,,Duwa,Duwa,Karnaprayag,1,3,1,5,1,246429,2,2,3,0,2,4,19,14,0,0,0,2,2,2,230,1,0,0,0,0,2,1,9,9,1946,1,2,9,2,2,0,4,1,3,1,1,1,3,1,3,0,0,1,1,1,1,1,0,0,0,0,0,0,1,2,2,1,2,2,2,2,2,1,2,2,2,2,1,1,2,1,1,1,1,9,1,1,1,1,0,0,0,0,0,0,0,0,0,2,9,0,2,1,0,0,0,0,0,0,1,2,3,2,2,1,9,9,2,9,9,9,0,0,1.0,1,1,1,2,1,1,1,1,9,0,1,1,2,1,1,2,2,1,1,1,1
6267198,UTTARAKHAND,CHAMOLI,GAIRSAIN,1,,,Malasi,Malsi,Gairsain,1,3,1,5,1,246440,2,2,3,0,2,4,19,14,0,0,0,2,2,1,226,1,1,1,0,0,0,0,9,9,1997,1,2,9,2,1,5,0,1,3,1,1,5,3,1,0,0,3,2,1,1,1,1,0,0,0,0,0,0,1,2,2,1,2,2,2,2,2,1,2,2,2,2,1,1,2,1,2,1,1,9,1,1,1,1,0,0,0,0,0,0,0,0,0,2,9,0,2,2,0,0,0,0,0,0,1,2,3,2,1,1,9,9,2,9,9,9,0,0,2.0,1,1,1,2,1,1,2,1,9,0,1,1,2,1,1,2,2,1,1,1,1
5628777,UTTARAKHAND,CHAMOLI,KARANPRAYAG,1,,,Matiyala,Matiyala,Karnaprayag,1,3,1,5,1,246444,2,2,3,0,2,4,0,0,0,0,0,1,2,1,223,1,0,0,0,0,2,1,9,9,1977,1,2,9,2,2,0,3,1,3,1,1,1,2,1,0,2,0,1,1,1,1,1,0,0,0,0,0,0,1,2,2,1,2,2,2,2,2,1,2,2,2,2,1,1,2,1,1,1,1,9,1,1,1,1,0,0,0,0,0,0,0,0,0,2,9,0,1,1,0,0,0,0,0,1,1,2,3,2,1,1,9,9,2,9,9,9,10,0,1.0,1,1,1,2,1,1,1,1,9,0,1,1,2,1,1,2,2,1,1,1,1
3543596,UTTARAKHAND,CHAMOLI,GAIRSAIN,1,,,Kandari Khor,Kandari Khor,Gairsain,1,3,1,5,1,246486,2,2,3,0,2,4,0,0,0,0,0,1,2,1,223,1,0,0,0,0,0,0,9,9,1946,2,2,9,2,2,0,4,1,3,1,1,5,2,1,0,0,2,1,1,1,1,1,0,0,0,0,0,0,1,2,2,1,2,2,2,2,2,1,2,2,2,2,1,1,2,1,1,1,1,9,1,1,1,1,0,0,0,0,0,0,0,0,0,2,9,0,2,1,0,0,0,0,0,0,1,2,3,2,1,1,9,9,2,9,9,9,9,9,1.0,1,1,1,2,1,1,1,1,9,0,1,1,6,1,1,2,2,1,1,1,1
7166331,UTTARAKHAND,CHAMOLI,DASHOLI,1,,,Kunjpothani,Konj Pothani,Dasholi,1,3,1,5,1,246426,2,2,3,0,2,4,19,0,0,0,0,2,2,2,222,1,0,0,0,0,0,0,9,9,1990,1,2,9,2,2,0,0,1,3,1,1,2,2,1,0,2,0,1,1,1,1,1,0,0,0,0,0,0,2,2,2,1,2,2,2,2,2,1,2,2,2,2,1,1,2,1,1,1,1,9,1,1,1,1,0,0,0,0,0,0,0,0,0,2,9,0,2,1,0,0,0,0,0,0,1,2,3,2,2,1,9,9,2,9,9,9,0,0,1.0,1,1,1,2,1,1,1,1,9,0,1,1,1,1,1,2,2,1,1,1,1
7734944,UTTARAKHAND,CHAMOLI,GAIRSAIN,2,Gairsain-Town Panchayat,Gairsain (NP) -Saliyana Ward No. 1,,,,2,3,1,8,5,246428,2,2,3,0,2,19,0,0,0,0,0,1,1,9,225,1,3,5,0,0,0,0,9,9,1987,9,2,2,2,9,0,0,9,1,3,1,1,9,9,9,0,0,1,3,3,1,1,0,0,0,0,0,0,1,2,2,1,2,2,2,2,2,1,2,2,2,2,1,1,1,1,1,1,1,9,1,2,9,1,0,0,0,0,0,0,0,0,0,1,9,1,0,2,0,0,0,0,0,1,1,2,3,2,1,1,9,9,2,9,9,9,0,0,,1,1,1,1,1,1,1,1,2,0,1,2,1,1,1,1,1,1,1,1,1
1853022,UTTARAKHAND,CHAMOLI,KARANPRAYAG,2,Karnaprayag-Municipality,Karnaprayag (NP) -Bus Station Semi Ward No.6,,,,1,3,1,5,5,246444,2,2,3,0,2,4,0,0,0,0,0,1,1,9,218,1,0,0,0,0,0,0,9,9,1979,9,2,9,2,9,0,0,9,1,1,1,1,7,3,7,0,0,1,2,2,2,2,0,0,0,0,0,0,1,2,2,1,2,2,2,2,2,1,2,2,2,2,1,1,2,1,1,1,1,9,1,2,9,1,0,0,0,0,0,0,0,0,0,2,9,1,0,10,0,0,0,1,2,1,1,2,2,2,2,1,9,9,2,9,9,9,0,0,,1,1,1,1,1,1,1,1,9,0,1,1,6,1,1,1,1,2,1,1,1
9615461,UTTARAKHAND,CHAMOLI,NANDANAGAR,1,,,Mathkot,Mathkot,Ghat,1,3,1,5,1,246435,2,2,3,0,2,4,19,0,0,0,0,1,2,2,228,1,0,1,0,0,0,0,9,9,1945,1,2,9,2,1,3,24,1,3,2,2,5,2,1,2,0,0,1,1,1,1,1,0,0,0,0,0,0,1,2,2,1,2,2,2,2,2,1,2,2,2,2,1,1,2,1,1,1,1,9,1,1,1,1,0,0,0,0,0,0,0,0,0,2,9,0,2,1,0,3,0,0,0,1,1,2,3,2,1,1,9,9,2,9,9,9,0,0,1.0,1,1,1,2,1,1,1,1,9,0,1,1,6,1,1,2,2,2,1,1,1
6996508,UTTARAKHAND,CHAMOLI,DEHRADUN REGION,2,Chamoli Gopeshwar-Municipality,Chamoli Gopeshwar (MB) -Paduli Papdiyana Ward No.9,,,,3,3,1,12,92,246401,2,2,3,0,2,19,4,0,0,1,1,1,2,2,0,1,1,0,14,11,0,0,9,9,2010,2,1,2,2,1,0,0,2,4,1,1,3,13,11,13,0,0,1,4,4,2,2,0,0,0,0,4,2,1,2,2,1,2,2,2,2,2,1,2,2,2,2,1,1,1,1,2,2,1,9,2,1,2,1,2,2,2,2,4,2,4,4,2,1,2,0,0,20,0,0,0,4,4,5,1,2,1,1,2,2,2,2,2,9,2,2,141,0,1.0,1,1,2,1,1,1,1,1,2,0,1,1,1,1,2,2,1,2,1,1,2
2111520,UTTARAKHAND,CHAMOLI,NANDANAGAR,1,,,Pairi,Peri,Ghat,7,3,6,10,1,246435,2,2,3,0,2,4,19,14,0,2,0,2,9,9,217,1,0,0,0,0,0,0,9,9,1990,1,2,2,2,1,4,11,1,3,2,2,2,5,6,5,0,0,1,2,2,3,3,0,0,0,0,5,0,1,2,2,1,2,2,2,2,2,1,2,2,2,2,1,1,1,1,1,1,1,9,1,1,1,1,0,0,0,0,0,0,0,0,0,1,2,0,0,4,0,0,0,0,0,0,2,2,3,2,2,1,2,2,9,9,2,9,69,0,1.0,1,1,1,2,1,1,1,1,1,55,1,1,1,1,1,2,2,1,1,1,1
8740550,UTTARAKHAND,CHAMOLI,GAIRSAIN,1,,,Mehargaon,Ramra Malla,Gairsain,7,3,6,10,1,246428,2,2,3,0,2,4,0,0,0,2,0,2,9,9,225,1,0,0,0,0,0,0,9,9,1991,1,2,2,2,1,4,0,1,3,2,2,5,7,6,7,0,0,1,2,2,2,2,0,0,0,0,1,1,1,2,2,1,2,2,2,2,2,1,2,2,2,1,1,1,2,1,1,1,1,9,1,1,1,1,0,0,0,0,0,0,0,0,0,2,9,0,0,2,0,0,0,1,1,1,1,2,3,2,1,1,2,2,9,9,2,9,0,0,1.0,1,1,1,1,1,1,1,1,1,19,1,1,3,1,1,2,2,1,1,1,1
9571818,UTTARAKHAND,CHAMOLI,GAIRSAIN,1,,,Sirana,Sirana,Gairsain,4,3,6,8,1,246440,2,2,3,0,2,4,19,0,0,0,0,2,9,9,224,1,0,0,0,0,0,0,9,9,2005,1,2,2,2,1,0,1,1,3,1,1,2,4,4,0,0,4,1,1,1,1,1,0,0,0,0,0,0,1,2,2,1,2,2,2,2,2,1,2,2,2,2,1,3,2,1,2,1,1,9,1,1,1,1,0,0,0,0,0,0,0,0,0,1,2,0,0,2,0,0,0,0,0,2,1,2,3,2,1,1,9,9,9,9,9,9,0,0,1.0,1,1,1,2,1,1,1,1,1,5,1,2,1,1,1,2,2,1,1,1,1
9737414,UTTARAKHAND,CHAMOLI,KARANPRAYAG,1,,,Kandara,Kandara,Karnaprayag,5,3,6,12,1,246488,2,2,3,0,2,4,14,19,0,2,2,1,9,9,231,1,0,0,0,0,0,0,9,9,1964,1,2,2,2,1,10,50,1,3,2,2,5,13,6,9,2,2,1,2,1,2,1,1,1,0,0,2,2,1,2,2,1,2,2,2,2,2,1,2,2,2,2,1,1,2,1,1,1,1,9,1,1,1,1,2,2,2,2,2,4,4,4,4,2,9,0,0,4,0,1,0,1,1,1,1,2,1,2,1,1,2,2,9,9,2,2,175,175,1.0,1,1,1,1,1,1,1,1,1,25,1,1,1,1,1,2,3,1,1,1,1
3322563,UTTARAKHAND,CHAMOLI,DASHOLI,2,Chamoli Gopeshwar-Municipality,Chamoli Gopeshwar (MB) -Kund Colony Ward No.3,,,,5,2,6,12,1,246401,2,2,3,0,2,4,0,0,0,2,2,1,9,9,230,1,0,0,0,0,0,0,9,9,1965,1,2,2,2,1,5,36,1,3,1,1,7,24,9,14,5,5,1,0,0,8,8,0,0,0,0,0,0,1,2,2,1,2,2,2,2,2,1,2,2,2,2,1,1,2,1,1,1,1,9,1,1,1,1,2,2,1,4,4,4,2,4,1,1,1,1,0,37,0,0,0,1,2,2,1,1,3,2,1,1,1,2,9,9,2,2,174,174,1.0,1,1,2,1,1,1,1,1,1,45,1,1,5,1,1,2,3,1,1,1,1
3988289,UTTARAKHAND,CHAMOLI,GAIRSAIN,1,,,Beri Talli,Beditalli,Gairsain,4,3,6,8,1,246440,2,2,3,0,2,4,14,19,0,0,0,1,9,9,235,1,0,0,0,0,0,0,9,9,2004,1,2,2,2,2,0,10,1,3,1,1,2,3,2,1,2,0,1,1,1,1,1,0,0,0,0,0,0,1,2,2,1,2,2,2,2,2,1,2,2,2,2,1,1,2,1,1,1,1,9,1,1,1,1,0,0,0,0,0,0,0,0,0,1,2,0,0,5,0,0,0,1,0,1,1,2,3,2,1,1,9,9,9,9,9,9,27,0,1.0,1,1,1,2,1,1,1,1,2,0,1,1,5,1,2,2,2,1,1,2,1
1965730,UTTARAKHAND,CHAMOLI,POKHARI,2,POKHRI-Town Panchayat,Pokhri (NP) -Pokhri Lower Ward No. 2,,,,5,2,6,12,1,246473,2,2,3,0,2,4,14,19,0,2,2,2,9,9,238,1,0,0,0,0,0,0,9,9,1989,1,2,2,2,1,4,10,1,3,10,10,5,10,2,10,0,0,1,0,0,4,4,0,0,0,0,0,2,1,2,2,1,2,2,2,2,2,1,2,2,2,1,1,1,2,1,2,1,2,1,1,1,1,1,1,1,1,4,4,1,4,4,4,2,9,0,0,8,0,0,0,4,1,2,1,2,3,2,1,1,2,2,9,9,2,2,131,131,1.0,1,1,1,2,1,1,1,1,1,131,1,1,2,1,1,2,2,1,1,1,1
2908120,UTTARAKHAND,CHAMOLI,NANDANAGAR,1,,,Bhainti,Bhenti,Ghat,1,3,1,5,1,246435,2,2,3,0,2,4,19,0,0,0,0,2,2,1,227,1,0,0,0,1,0,0,9,9,1945,1,2,9,2,2,0,0,1,3,1,0,7,2,1,2,0,0,1,1,1,1,1,0,0,0,0,0,0,1,2,2,1,2,2,2,2,2,1,2,2,2,2,1,1,2,1,1,1,1,9,1,1,1,1,0,0,0,0,0,0,0,0,0,2,9,0,2,1,0,0,0,0,0,0,1,2,3,2,1,1,9,9,2,9,9,9,0,0,1.0,1,2,2,2,1,1,1,1,9,0,1,1,1,1,1,2,2,1,1,1,1
7696625,UTTARAKHAND,CHAMOLI,NARAYANBAGAR,1,,,Kaub,Kaub,Narayanbagar,1,3,1,5,1,246455,2,2,3,0,2,4,0,0,0,0,0,2,2,2,225,1,0,0,0,0,0,0,9,9,2005,1,2,9,2,2,0,5,2,3,1,1,5,2,0,2,0,0,2,3,3,2,2,0,0,0,0,0,0,1,2,2,1,2,2,2,2,2,1,2,2,2,2,1,1,2,1,1,1,1,9,1,1,1,1,0,0,0,0,0,0,0,0,0,2,9,0,1,1,0,0,0,0,0,1,1,2,3,2,1,1,9,9,2,9,9,9,24,24,1.0,1,1,1,2,1,1,1,1,9,0,1,1,6,1,1,2,2,1,1,1,2
9435204,UTTARAKHAND,CHAMOLI,GAIRSAIN,1,,,Bisauna,Bisona,Gairsain,1,3,1,5,1,246440,2,2,3,0,2,4,19,0,0,0,0,1,2,1,224,1,0,0,0,0,1,0,9,9,1979,1,2,9,2,2,0,0,1,3,1,1,7,3,4,1,1,1,2,1,1,1,1,0,0,0,0,0,0,1,2,2,1,2,2,2,2,2,1,2,2,2,1,1,1,1,1,1,1,1,9,1,1,1,2,0,0,0,0,0,0,0,0,0,1,2,0,2,1,0,0,0,0,1,1,1,1,3,1,1,1,9,9,2,9,9,9,25,25,1.0,1,1,1,2,1,1,1,1,9,0,1,1,2,1,1,2,2,1,1,1,1
2195700,UTTARAKHAND,CHAMOLI,DASHOLI,1,,,Irani,Irani,Dasholi,1,3,1,5,1,246424,2,2,3,0,2,4,0,0,0,0,0,1,2,1,220,1,0,0,0,0,0,1,9,9,1986,1,2,9,2,2,0,0,1,3,1,0,1,2,2,0,2,0,1,1,0,1,1,0,0,0,0,0,0,1,2,2,1,2,2,2,2,2,1,2,2,2,2,1,1,1,1,2,2,1,9,1,1,1,2,0,0,0,0,0,0,0,0,0,2,9,0,2,1,0,0,0,0,0,0,1,2,2,2,2,1,9,9,2,9,9,9,0,0,1.0,1,1,1,2,1,1,1,1,9,0,1,1,1,1,1,2,2,1,1,1,1
4268777,UTTARAKHAND,CHAMOLI,DEWAL,1,,,Atthu,Atthu,Dewal,1,3,1,5,1,246427,2,2,3,0,2,4,19,14,0,0,0,2,2,2,240,1,0,0,0,0,0,3,9,9,1975,1,2,9,2,2,0,0,1,3,2,0,1,4,4,0,2,2,1,1,1,1,1,0,0,0,0,0,0,1,2,2,1,2,2,2,2,2,1,2,2,2,2,1,1,2,1,1,1,1,9,1,1,1,1,0,0,0,0,0,0,0,0,0,2,9,0,1,0,0,0,0,0,0,0,1,2,3,2,1,1,9,9,2,9,9,9,0,0,1.0,1,1,1,2,1,1,1,1,9,0,1,2,6,1,1,2,2,1,1,1,1
3261200,UTTARAKHAND,CHAMOLI,DEWAL,1,,,Odar,Odar,Dewal,1,3,1,5,1,246427,2,2,3,0,2,4,19,14,0,0,0,2,2,2,225,1,0,0,0,0,1,2,9,9,1958,2,2,9,2,2,0,0,2,3,1,1,7,2,2,2,0,0,1,1,1,1,1,0,0,0,0,0,0,1,2,1,1,2,2,2,2,1,1,2,2,2,2,1,1,2,1,2,1,1,9,1,1,2,1,0,0,0,0,0,0,0,0,0,1,2,0,2,1,0,0,0,0,0,0,1,2,3,2,2,1,9,9,2,9,9,9,3,0,1.0,1,1,1,2,1,1,1,1,9,0,1,2,2,1,1,2,2,2,1,2,2
4537849,UTTARAKHAND,CHAMOLI,NARAYANBAGAR,1,,,Budera,Budera,Narayanbagar,1,3,1,5,1,246455,2,2,3,0,2,4,19,14,0,0,0,2,2,2,222,1,0,0,0,0,0,1,9,9,2004,1,2,9,2,1,4,2,1,3,1,1,2,3,1,1,0,2,1,3,0,1,1,0,0,0,0,3,1,1,2,2,1,2,2,2,2,2,1,2,2,2,2,1,1,2,1,1,1,1,9,1,1,1,1,0,0,0,0,0,0,0,0,0,2,9,0,1,1,0,0,0,0,0,0,1,2,3,2,2,1,9,9,2,9,9,9,10,10,1.0,1,1,1,2,1,1,1,1,9,0,1,1,1,1,1,2,2,1,1,1,1
8007809,UTTARAKHAND,CHAMOLI,NARAYANBAGAR,1,,,Angtoli,Angtoli,Narayanbagar,1,3,1,5,1,246455,2,2,3,0,2,4,19,14,0,0,0,2,2,1,228,1,0,0,0,0,1,0,9,9,1986,1,2,9,2,2,0,0,1,3,1,1,2,2,1,0,0,2,1,1,1,1,0,0,0,0,0,0,0,1,2,2,1,2,2,2,2,2,1,2,2,2,2,1,1,2,1,2,1,1,9,1,1,2,1,0,0,0,0,0,0,0,0,0,2,9,0,2,1,0,0,0,0,0,1,1,2,3,2,1,1,9,9,2,9,9,9,0,0,1.0,1,2,2,2,1,1,1,1,9,0,1,2,5,1,2,2,2,1,1,1,2
5366325,UTTARAKHAND,CHAMOLI,NANDANAGAR,1,,,Rajbagti,Rajwagati,Ghat,1,3,1,5,1,246449,2,2,3,0,2,4,19,14,0,0,0,2,2,1,240,1,2,1,0,0,0,0,9,9,1986,1,2,9,2,1,2,1,1,3,1,1,1,2,2,0,0,2,1,1,1,1,1,0,0,0,0,0,0,1,2,2,1,2,2,2,2,2,1,2,2,2,2,1,1,2,1,1,1,1,9,1,2,9,2,0,0,0,0,0,0,0,0,0,2,9,0,1,2,0,0,0,0,0,1,1,2,3,2,1,1,9,9,2,9,9,9,0,0,1.0,1,1,1,2,1,1,1,1,9,0,1,1,2,1,1,2,2,2,1,1,1
9147253,UTTARAKHAND,CHAMOLI,DASHOLI,1,,,Bhatingyala,Bhatingyala,Dasholi,1,3,1,5,1,246449,2,2,3,0,2,4,19,0,0,0,0,2,2,1,225,1,0,0,0,0,0,0,9,9,1998,1,2,9,1,2,0,4,1,3,1,1,2,2,1,1,1,0,1,1,1,1,0,0,0,0,0,0,0,1,2,2,1,2,2,2,2,2,1,2,2,2,2,1,1,2,1,1,1,1,9,1,1,1,1,0,0,0,0,0,0,0,0,0,2,9,0,1,0,0,0,0,0,0,0,1,2,3,2,1,1,9,9,2,9,9,9,0,0,1.0,1,1,1,2,1,1,1,1,9,0,1,1,6,1,1,2,2,1,1,1,1
9922630,UTTARAKHAND,CHAMOLI,NARAYANBAGAR,1,,,Kevar Malla,Kewar Malla,Narayanbagar,1,3,1,5,1,246455,2,2,3,0,2,4,19,14,0,0,0,1,2,1,225,1,0,0,1,0,0,0,9,9,2003,1,2,9,2,2,0,7,2,3,1,1,2,3,2,1,0,2,1,1,0,1,1,0,0,0,0,0,0,1,2,2,1,2,2,2,2,2,1,2,2,2,2,1,1,2,1,1,2,1,9,1,1,1,2,0,0,0,0,0,0,0,0,0,2,9,0,1,0,0,0,0,0,0,0,1,2,3,2,1,1,9,9,2,9,9,9,7,7,1.0,1,1,1,2,1,1,1,1,9,0,1,1,6,1,1,2,2,1,1,1,1
4195500,UTTARAKHAND,CHAMOLI,KARANPRAYAG,2,Gochar-Municipality,Gochar (NP) -Panaai Malli Ward No.1,,,,1,3,1,5,1,246429,2,2,3,0,2,4,19,14,0,0,0,1,2,1,230,1,0,0,0,0,1,1,9,9,1969,1,2,9,2,1,12,3,1,3,1,1,2,3,0,3,0,0,2,1,0,1,1,0,0,0,0,0,0,1,2,2,1,2,2,2,2,2,1,2,2,2,2,1,1,2,1,1,1,1,9,1,1,1,1,0,0,0,0,0,0,0,0,0,1,2,0,2,1,0,1,0,0,0,0,1,2,3,2,1,1,9,9,2,9,9,9,25,25,1.0,1,1,1,2,1,1,1,1,9,0,1,1,1,1,1,2,2,1,1,1,1
4900601,UTTARAKHAND,CHAMOLI,NARAYANBAGAR,1,,,Sainj,Jakh Patyun,Narayanbagar,1,3,1,5,1,246453,2,2,3,0,2,4,0,0,0,0,0,2,2,1,224,1,0,0,0,0,0,0,9,9,1952,1,2,9,2,2,0,1,1,3,2,2,5,2,2,2,0,0,1,1,1,1,1,1,1,1,1,0,0,1,2,2,1,2,2,2,2,2,1,2,2,2,2,1,1,2,1,1,1,1,9,1,1,1,1,0,0,0,0,0,0,0,0,0,2,9,0,2,1,0,0,0,0,0,1,1,2,3,2,1,1,9,9,2,9,9,9,1,0,1.0,1,1,1,2,1,1,1,1,9,0,1,1,1,1,1,2,2,1,1,1,2
8425690,UTTARAKHAND,CHAMOLI,Jyotirmath,1,,,Subhai,Subhai,Joshimath,1,3,1,5,1,246443,2,2,3,0,2,4,19,14,0,0,0,1,2,2,224,1,0,0,0,0,0,2,9,9,1959,1,2,9,2,2,0,1,1,3,1,1,2,3,3,0,0,3,1,2,2,2,2,1,1,1,1,0,0,1,2,2,1,2,2,2,2,2,1,2,2,2,2,1,1,2,1,1,1,1,9,1,1,1,1,0,0,0,0,0,0,0,0,0,2,9,0,0,1,0,0,0,0,0,0,1,2,3,2,2,1,9,9,2,9,9,9,0,0,1.0,1,2,1,2,1,1,1,1,9,0,1,2,1,1,1,2,2,1,1,1,1
1503606,UTTARAKHAND,CHAMOLI,GAIRSAIN,2,Gairsain-Town Panchayat,Gairsain (NP) -Saliyana Ward No. 1,,,,1,3,1,5,1,246428,2,2,3,0,2,4,19,0,0,0,0,1,2,1,221,1,0,0,1,0,0,0,9,9,1978,1,2,9,2,2,0,6,1,3,1,0,2,3,1,1,2,0,2,1,1,1,1,0,0,0,0,0,0,1,2,2,1,2,2,2,2,2,1,2,2,2,2,1,1,2,1,1,1,1,9,1,1,1,1,0,0,0,0,0,0,0,0,0,2,9,0,2,2,0,0,0,0,0,1,1,2,3,1,2,1,9,9,2,9,9,9,0,0,1.0,1,1,1,2,1,1,2,1,9,0,1,2,6,1,2,2,2,1,1,1,1
2976903,UTTARAKHAND,CHAMOLI,NARAYANBAGAR,1,,,Jhijhoni,Jhinjhoni,Narayanbagar,1,3,1,5,1,246455,2,2,3,0,2,4,19,14,0,0,0,1,2,1,224,1,0,0,0,0,2,0,9,9,1947,1,2,9,2,2,0,0,1,3,6,6,5,6,1,4,2,0,1,3,3,3,3,0,0,1,0,0,0,1,2,2,1,2,2,2,2,2,1,2,2,2,2,1,1,2,1,1,1,1,9,1,1,1,1,0,0,0,0,0,0,0,0,0,2,9,0,2,4,0,0,0,1,0,1,1,2,3,2,2,1,9,9,2,9,9,9,55,55,1.0,1,1,1,2,1,1,1,1,9,0,1,1,6,1,2,2,2,2,1,1,2
8851472,UTTARAKHAND,CHAMOLI,GAIRSAIN,2,Gairsain-Town Panchayat,Gairsain (NP) -Gaid Ward No. 2,,,,2,3,1,8,5,246428,2,2,3,0,2,4,19,14,0,0,0,1,1,9,224,1,2,2,0,0,0,0,9,9,1996,9,2,2,2,9,0,0,9,2,1,1,1,10,12,10,0,0,1,1,1,1,1,1,1,1,1,0,0,1,2,2,1,1,2,2,2,2,1,1,2,2,2,1,1,2,1,1,1,2,1,1,2,9,1,0,0,0,0,0,0,0,0,0,1,9,2,0,7,0,0,0,1,1,1,1,1,3,2,1,2,9,9,2,9,9,9,0,0,,1,1,1,1,1,1,1,1,1,0,1,2,2,1,1,1,1,1,1,1,1
4389180,UTTARAKHAND,CHAMOLI,GAIRSAIN,1,,,Malethi,Malethi,Gairsain,1,3,1,5,1,246487,2,2,3,0,2,4,0,0,0,0,0,2,2,1,232,1,0,0,0,0,2,0,9,9,1971,1,2,9,2,1,0,2,1,3,1,1,2,3,3,3,0,0,1,1,1,1,1,0,0,0,0,0,0,1,2,2,1,2,2,2,2,2,1,2,2,2,2,1,1,2,1,1,1,1,9,1,1,1,1,0,0,0,0,0,0,0,0,0,2,9,0,2,2,0,0,0,0,1,0,1,1,3,2,1,1,9,9,2,9,9,9,20,20,1.0,1,1,1,2,1,1,1,1,9,0,1,1,5,1,1,2,2,1,1,1,1
9355814,UTTARAKHAND,CHAMOLI,DASHOLI,1,,,Nijmola,Nijmula,Dasholi,1,3,1,5,1,246424,2,2,3,0,2,4,14,0,0,0,0,1,2,1,224,1,0,0,0,0,0,0,9,9,1965,1,2,9,2,2,0,0,1,3,1,1,2,2,1,1,0,1,1,1,1,1,1,0,0,0,0,0,0,1,2,2,1,2,2,2,2,2,1,2,2,2,1,1,1,2,1,1,2,1,9,1,1,1,1,0,0,0,0,0,0,0,0,0,1,2,0,1,1,0,0,0,0,0,0,1,2,3,2,2,1,9,9,2,9,9,9,0,0,1.0,1,1,1,2,1,1,1,1,9,0,1,1,1,1,1,2,2,1,1,1,1
3970909,UTTARAKHAND,CHAMOLI,Jyotirmath,1,,,Mirg,Merag,Joshimath,1,3,1,5,1,246443,2,2,3,0,2,4,14,19,0,0,0,1,2,1,225,1,0,0,0,0,1,2,9,9,1975,2,2,9,2,1,8,0,1,3,1,1,2,2,1,0,0,2,1,1,1,1,1,0,0,0,0,0,0,1,2,2,1,2,2,2,2,2,1,2,2,2,2,1,1,2,1,1,1,1,9,1,1,1,1,0,0,0,0,0,0,0,0,0,2,9,0,2,1,0,0,0,0,0,0,2,2,3,2,1,1,9,9,2,9,9,9,19,0,1.0,1,1,2,2,1,1,1,1,9,0,1,1,6,1,1,2,2,1,1,1,1
2070151,UTTARAKHAND,CHAMOLI,KARANPRAYAG,1,,,Baniyas,Dharkot,Karnaprayag,1,3,1,5,1,246444,2,2,3,0,2,4,0,0,0,0,0,1,2,1,229,1,1,0,0,0,0,0,9,9,1992,1,2,9,2,2,0,2,1,3,1,0,7,2,1,0,0,2,1,1,1,1,1,0,0,0,0,0,0,1,2,2,1,2,2,2,2,2,1,2,2,2,2,1,1,2,1,1,1,1,9,1,1,1,1,0,0,0,0,0,0,0,0,0,2,9,0,2,1,0,0,0,0,0,0,1,2,3,2,1,1,9,9,2,9,9,9,11,11,1.0,1,1,1,2,1,1,1,1,9,0,1,1,3,1,1,2,2,1,1,1,1
2096227,UTTARAKHAND,CHAMOLI,Jyotirmath,1,,,Molta,Molta,Joshimath,1,3,1,5,1,246472,2,2,3,0,2,4,19,14,0,0,0,2,2,2,0,1,0,0,0,0,0,0,9,9,1960,1,2,9,2,1,9,21,1,3,2,2,5,2,2,2,0,0,1,1,1,1,1,0,0,0,0,0,0,1,2,2,1,2,2,2,2,2,1,2,2,2,2,1,1,1,1,1,1,1,9,1,1,1,2,0,0,0,0,0,0,0,0,0,2,9,0,0,1,0,0,0,0,0,0,2,2,3,1,1,1,9,9,2,9,9,9,0,0,2.0,1,2,2,2,1,1,1,1,9,0,1,2,6,1,1,2,2,1,1,1,1
8680977,UTTARAKHAND,CHAMOLI,DEWAL,1,,,Chaud,Chaud,Dewal,7,3,6,10,1,246427,2,2,3,0,2,4,0,0,0,2,0,1,9,9,220,1,0,0,0,0,0,0,9,9,1995,2,2,1,2,1,5,0,2,3,2,2,2,5,7,5,0,0,2,2,1,1,1,0,0,0,0,0,0,1,2,2,1,2,2,2,2,2,1,2,2,2,2,1,1,2,1,1,2,1,9,1,2,9,1,0,0,0,0,0,0,0,0,0,1,2,0,0,6,0,0,0,0,0,2,1,2,3,2,1,1,2,2,9,9,2,9,0,0,1.0,1,1,1,2,1,1,1,2,2,0,1,1,2,1,1,2,2,1,1,1,1
1662456,UTTARAKHAND,CHAMOLI,DASHOLI,1,,,Kunjpothani,Konj Pothani,Dasholi,4,3,6,8,1,246426,2,2,3,0,2,4,0,0,0,0,0,2,9,9,224,1,0,0,0,0,0,0,9,9,2007,1,2,2,2,2,0,5,1,3,1,1,2,3,2,3,0,0,1,1,1,1,1,0,0,0,0,0,0,1,2,2,1,2,2,2,2,2,1,2,2,2,2,1,1,2,1,1,1,1,9,1,1,1,1,0,0,0,0,0,0,0,0,0,2,9,0,0,3,0,0,0,0,0,1,1,2,3,2,2,1,9,9,9,9,9,9,0,0,1.0,1,1,1,2,1,1,1,1,2,0,1,1,2,1,1,2,2,1,1,1,1
1919604,UTTARAKHAND,CHAMOLI,THARALI,1,,,Gudam State,Talwadi State,Tharali,5,3,6,12,1,246482,2,2,3,0,2,19,4,0,0,1,1,1,9,9,219,1,0,0,0,0,0,0,9,9,1947,1,2,2,2,1,3,0,1,3,6,5,7,16,10,8,8,0,1,6,4,6,4,0,0,0,0,4,0,1,1,2,1,2,2,2,2,2,1,2,2,2,1,1,1,1,1,1,1,1,9,1,1,2,1,2,1,2,2,4,2,4,4,4,1,1,0,0,13,0,0,0,1,0,4,1,1,3,2,1,1,1,2,9,9,2,2,132,0,1.0,1,1,1,1,1,1,1,1,1,52,1,1,2,1,1,2,2,1,1,1,1
6411912,UTTARAKHAND,CHAMOLI,NARAYANBAGAR,1,,,Narayan Bagad,Narayan Bagar,Narayanbagar,5,2,6,12,1,246455,2,2,3,0,2,4,0,0,0,2,2,2,9,9,210,1,0,0,0,0,0,0,9,9,1986,1,2,2,2,1,4,0,1,3,8,8,5,14,8,8,6,0,1,0,0,6,6,0,0,0,0,0,0,1,2,2,1,2,2,2,2,2,1,2,2,2,2,1,1,2,1,1,1,1,9,1,1,2,1,2,2,2,4,4,4,4,4,4,1,2,0,0,10,0,0,0,1,2,3,1,2,3,2,1,1,2,2,9,9,2,2,110,125,1.0,1,1,1,2,1,1,1,1,1,35,2,2,3,1,2,2,2,1,1,2,2
8554234,UTTARAKHAND,CHAMOLI,GAIRSAIN,1,,,Nail,Nail,Gairsain,5,3,6,12,1,246486,2,2,3,0,2,4,0,0,0,2,2,1,9,9,210,1,0,0,0,0,0,0,9,9,1989,1,2,2,2,1,2,0,1,3,1,1,2,9,3,6,0,3,1,1,1,1,1,0,0,0,0,1,1,1,2,2,1,2,2,2,2,2,1,2,2,2,2,1,1,1,1,1,1,1,9,1,1,1,1,4,4,4,4,4,1,4,4,4,1,1,0,0,5,0,0,0,1,2,1,1,2,3,2,1,1,2,2,9,9,2,2,40,4,1.0,1,1,2,1,1,1,1,1,1,60,1,1,3,1,1,2,3,1,1,1,1
9084831,UTTARAKHAND,CHAMOLI,POKHARI,1,,,Simkholi,Simkholi,Pokhari,4,3,6,8,1,246473,2,2,3,0,2,4,0,0,0,0,0,2,9,9,226,1,0,0,0,0,0,0,9,9,2011,1,2,2,2,2,0,0,1,3,1,1,5,3,1,3,0,0,1,1,1,1,1,0,0,0,0,0,0,1,2,2,1,2,2,2,2,2,1,2,2,2,1,1,1,2,1,2,1,1,9,1,1,1,2,0,0,0,0,0,0,0,0,0,2,9,0,0,1,0,0,0,0,0,0,1,2,1,2,1,1,9,9,9,9,9,9,16,16,1.0,1,1,1,2,1,1,1,1,2,0,1,1,4,1,1,2,2,1,1,1,1
2337541,UTTARAKHAND,CHAMOLI,NARAYANBAGAR,1,,,Bedula,Bedula,Narayanbagar,4,3,6,8,1,246455,2,2,3,0,2,4,19,14,0,0,0,2,9,9,225,1,0,0,0,0,0,0,9,9,2009,1,2,2,2,1,6,1,1,3,1,1,2,3,2,1,2,0,1,1,1,1,1,0,0,0,0,0,0,1,2,2,1,2,2,2,2,2,1,2,2,2,3,1,1,2,1,1,1,1,9,1,1,1,1,0,0,0,0,0,0,0,0,0,1,2,0,0,1,0,0,0,0,0,0,1,2,3,1,1,1,9,9,9,9,9,9,6,6,1.0,1,1,1,2,1,1,1,1,2,0,1,1,2,1,1,2,2,1,1,1,2
2638021,UTTARAKHAND,CHAMOLI,POKHARI,1,,,Bamoth,Bamoth,Pokhari,7,3,6,10,4,246429,2,2,3,0,2,4,19,14,0,2,0,1,9,9,211,1,0,0,0,0,0,0,9,9,1977,2,2,2,2,1,3,0,1,1,8,8,2,8,4,8,0,0,1,3,3,3,3,3,3,3,3,0,0,1,2,2,1,2,2,2,2,2,1,2,2,2,1,1,1,2,1,1,1,1,9,1,2,9,1,0,0,0,0,0,0,0,0,0,2,9,0,0,3,0,0,0,0,0,2,1,2,3,2,1,1,2,2,9,9,2,9,46,46,1.0,1,1,1,2,1,1,1,1,2,0,1,1,3,1,1,1,3,1,1,1,1
2207350,UTTARAKHAND,CHAMOLI,DEWAL,1,,,Silkhola Laga Ichchholi,Dewal (Selkhola),Dewal,4,3,6,8,4,246427,2,2,3,0,2,4,14,19,18,0,0,2,9,9,225,1,0,0,0,0,0,0,9,9,1994,1,2,2,2,1,0,0,1,1,1,0,1,3,3,3,0,0,1,1,1,1,1,0,0,0,0,0,0,1,2,2,1,2,2,2,2,2,1,2,2,2,1,1,1,2,1,1,1,1,9,1,1,1,1,0,0,0,0,0,0,0,0,0,2,9,0,0,1,0,1,0,0,0,1,1,2,3,2,1,1,9,9,9,9,9,9,0,0,2.0,1,1,1,2,1,1,1,1,2,0,2,2,1,1,1,1,1,1,1,1,1
9182712,UTTARAKHAND,CHAMOLI,GAIRSAIN,1,,,Malkot,Malkot,Gairsain,1,3,1,5,1,246431,2,2,3,0,2,4,19,14,0,0,0,1,2,1,2,1,0,0,0,0,0,0,9,9,1995,1,2,9,2,2,0,13,1,3,1,1,1,2,1,2,0,0,1,1,1,1,1,0,0,0,0,1,0,1,2,2,1,2,2,2,2,2,1,2,2,2,2,1,1,2,1,1,1,1,9,1,1,1,2,0,0,0,0,0,0,0,0,0,1,2,0,0,1,0,0,0,0,0,0,1,2,3,2,1,1,9,9,2,9,9,9,0,0,1.0,1,1,2,2,1,1,2,1,9,0,1,1,6,1,1,2,2,1,1,1,1
6848647,UTTARAKHAND,CHAMOLI,DASHOLI,2,Nandprayag-Town Panchayat,Nandprayag (NP) -Muniyaali Ward No.1,,,,1,3,1,5,1,246449,2,2,3,0,2,4,0,0,0,0,0,1,2,1,226,1,0,0,0,0,0,0,9,9,2004,1,2,9,2,1,6,0,1,3,1,1,1,2,2,2,0,0,1,1,1,1,1,1,0,0,0,0,0,1,2,2,1,2,2,2,2,2,1,2,2,2,2,1,1,2,1,1,1,1,9,1,1,1,1,0,0,0,0,0,0,0,0,0,2,9,0,2,1,0,0,0,0,0,0,1,2,3,2,2,1,9,9,2,9,9,9,0,0,1.0,1,1,1,2,1,1,1,1,9,0,1,1,1,1,1,2,2,2,1,1,1
8097552,UTTARAKHAND,CHAMOLI,POKHARI,1,,,Kimoda,Kimotha,Pokhari,1,3,1,5,1,246473,2,2,3,0,2,4,19,14,0,0,0,2,2,2,227,1,0,0,0,0,0,0,9,9,1954,1,2,9,2,2,0,0,1,3,1,1,2,2,1,2,0,0,1,1,1,1,1,0,0,0,0,0,0,1,2,2,1,2,2,2,2,2,1,2,2,2,1,1,1,2,1,1,1,1,9,1,1,1,2,0,0,0,0,0,0,0,0,0,2,9,0,2,1,0,0,0,0,0,0,1,2,3,2,1,1,9,9,2,9,9,9,0,0,1.0,1,1,2,1,1,1,1,1,9,0,1,1,2,1,1,2,2,2,1,1,1
6078619,UTTARAKHAND,CHAMOLI,Jyotirmath,1,,,Thaing,Theing,Joshimath,1,3,1,5,1,246443,2,2,3,0,2,4,19,14,0,0,0,1,2,2,234,1,0,0,0,0,0,0,9,9,2007,1,2,9,2,1,11,0,1,3,1,1,5,1,0,1,0,0,2,0,0,1,0,0,0,0,0,0,0,1,2,2,1,2,2,2,2,2,1,2,2,2,2,1,1,2,1,1,2,1,9,1,2,9,2,0,0,0,0,0,0,0,0,0,2,9,0,1,1,0,0,0,0,0,0,1,2,3,1,1,1,9,9,2,9,9,9,0,0,1.0,1,1,1,2,1,1,1,1,9,0,1,1,5,1,1,2,2,1,1,1,1
4406165,UTTARAKHAND,CHAMOLI,DEWAL,1,,,Deosari,Devsari,Dewal,1,3,1,5,1,246427,2,2,3,0,2,4,19,0,0,0,0,1,2,2,215,1,0,0,0,0,0,0,9,9,2005,1,2,9,2,1,6,0,1,3,1,1,1,2,1,1,0,1,1,1,1,1,1,0,0,0,0,0,0,1,2,2,1,2,2,2,2,2,1,2,2,2,2,1,1,2,1,2,1,1,9,1,1,1,1,0,0,0,0,0,0,0,0,0,2,9,0,1,0,0,1,0,1,0,0,1,1,3,2,1,1,9,9,2,9,9,9,0,0,1.0,1,1,1,2,1,1,1,1,9,0,1,1,1,1,1,2,2,1,1,1,1
5834356,UTTARAKHAND,CHAMOLI,DASHOLI,1,,,Chatolikiroli,Kiruli,Dasholi,4,3,6,8,1,246472,2,2,3,0,2,4,19,14,0,0,0,1,9,9,225,1,0,0,0,0,0,0,9,9,2009,1,2,2,2,2,0,22,1,3,1,1,2,3,3,1,1,1,1,1,0,1,0,0,0,0,0,0,0,1,2,2,1,2,2,2,2,2,1,2,2,2,2,1,1,2,1,1,1,1,9,1,1,1,1,0,0,0,0,0,0,0,0,0,2,9,0,0,5,0,0,0,0,0,0,1,2,3,2,1,1,9,9,9,9,9,9,0,0,1.0,1,1,1,2,1,1,1,1,2,0,1,1,1,1,1,2,2,1,1,1,1
3720184,UTTARAKHAND,CHAMOLI,THARALI,1,,,Ratgaon Chak,Ratgaon,Tharali,1,3,1,5,5,246481,2,2,3,0,2,4,19,14,0,0,0,1,1,9,227,1,0,0,0,0,8,5,9,9,2002,9,2,9,2,9,0,0,9,2,1,1,1,5,5,5,0,0,1,1,1,1,1,0,0,0,0,1,1,1,2,2,1,2,2,2,2,2,1,2,2,2,2,1,1,2,1,2,1,1,9,1,2,9,1,0,0,0,0,0,0,0,0,0,2,9,5,0,0,0,0,0,0,1,1,1,2,3,2,1,2,9,9,2,9,9,9,0,0,,1,1,2,1,1,1,1,1,9,0,1,2,2,1,1,2,2,2,1,1,1
8495932,UTTARAKHAND,CHAMOLI,NARAYANBAGAR,1,,,Junair,Juner,Narayanbagar,4,3,6,8,1,246455,2,2,3,0,2,4,19,0,0,0,0,2,9,9,227,1,0,0,0,0,0,0,9,9,1997,1,2,2,2,2,0,0,1,4,1,1,5,1,0,1,0,0,2,0,0,1,1,0,0,0,0,0,0,1,2,2,1,2,2,2,2,2,1,2,2,2,2,1,1,2,1,1,1,1,9,1,2,9,1,0,0,0,0,0,0,0,0,0,2,9,0,0,1,0,0,0,0,0,1,1,2,3,2,1,1,9,9,9,9,9,9,10,0,1.0,1,1,1,2,1,1,1,1,2,0,1,1,4,1,1,2,2,1,1,1,2
9613164,UTTARAKHAND,CHAMOLI,NANDANAGAR,1,,,Ghuni,Ghuni,Ghat,5,3,6,12,1,246435,2,2,3,0,2,4,19,14,0,2,2,1,9,9,0,1,0,0,0,0,0,0,9,9,1989,1,1,2,2,1,2,0,1,3,7,6,7,5,6,2,0,3,1,2,2,4,4,0,0,1,1,0,0,1,2,2,1,2,2,2,2,2,1,2,2,2,2,1,1,2,1,1,1,1,9,1,2,9,2,4,4,4,4,4,4,4,4,4,2,9,1,0,14,0,0,0,1,1,2,1,2,3,2,1,1,2,2,9,9,2,2,329,0,1.0,1,1,1,1,1,1,1,1,1,161,1,1,2,1,1,2,2,1,1,1,1
4364996,UTTARAKHAND,CHAMOLI,POKHARI,1,,,Jhiloti,Jhiloti,Pokhari,7,3,6,10,1,246446,2,2,3,0,2,4,19,14,0,2,0,2,9,9,221,1,0,0,0,0,0,0,9,9,2004,1,2,2,2,1,2,2,1,3,1,1,2,5,2,4,0,1,1,2,2,2,2,0,0,0,0,0,0,2,2,2,1,2,2,2,2,2,1,2,2,2,2,1,1,2,1,2,2,2,2,1,1,1,1,0,0,0,0,0,0,0,0,0,2,9,0,0,2,0,0,0,0,0,1,1,2,3,2,2,1,2,2,9,9,2,9,0,0,1.0,1,1,1,2,1,1,1,1,1,2,1,1,4,1,1,2,2,1,1,1,1
6917863,UTTARAKHAND,CHAMOLI,DEWAL,1,,,Choting,Choting,Dewal,7,3,6,10,1,246427,2,2,3,0,2,4,0,0,0,2,0,2,9,9,220,1,0,0,0,0,0,0,9,9,2006,2,2,2,2,1,6,0,1,3,4,2,2,6,2,4,2,0,2,1,1,1,1,0,0,0,0,0,0,1,1,2,1,2,2,2,1,2,1,2,2,2,1,1,1,2,1,2,2,1,9,1,1,2,1,0,0,0,0,0,0,0,0,0,2,9,0,0,3,0,0,0,0,0,1,2,2,3,2,1,1,2,2,9,9,2,9,0,0,1.0,1,1,1,2,1,1,1,1,2,0,2,2,1,1,2,1,1,1,1,1,1
1666093,UTTARAKHAND,CHAMOLI,GAIRSAIN,1,,,Naugaon Talla,Kolani,Gairsain,4,3,6,8,1,246486,2,2,3,0,2,4,19,14,0,0,0,1,9,9,227,1,0,0,0,0,0,0,9,9,2006,1,2,2,2,2,0,0,1,3,1,1,5,3,2,3,0,0,1,1,1,1,1,0,0,0,0,0,0,1,2,2,1,2,2,2,2,2,1,2,2,2,2,1,1,2,1,1,1,1,9,1,1,1,1,0,0,0,0,0,0,0,0,0,2,9,0,0,4,0,0,0,0,0,1,1,2,3,2,1,1,9,9,9,9,9,9,0,0,1.0,1,1,1,2,1,1,1,1,2,0,1,1,3,1,1,2,2,1,1,1,1
9156747,UTTARAKHAND,CHAMOLI,Jyotirmath,1,,,Langsi,Langasi,Joshimath,5,3,6,12,1,246472,2,2,3,0,2,4,19,0,0,2,2,1,9,9,225,1,0,0,0,0,0,0,9,9,1980,1,2,2,2,1,3,30,1,3,9,6,3,9,6,5,4,0,1,2,2,2,2,0,0,0,0,0,0,1,2,2,1,2,2,2,2,2,1,2,2,2,2,1,1,2,1,1,1,1,9,1,2,9,1,4,4,4,4,4,4,4,4,1,1,1,1,0,5,0,1,0,1,1,3,1,1,3,2,1,1,2,2,9,9,2,2,65,65,1.0,1,1,1,1,1,1,1,1,1,27,1,1,3,1,2,2,3,1,1,1,1
2541416,UTTARAKHAND,CHAMOLI,GAIRSAIN,1,,,Rohira,Rohida,Gairsain,1,3,1,5,5,246428,2,2,3,0,2,4,0,0,0,0,0,2,1,9,230,1,2,8,0,0,0,0,9,9,1995,9,2,9,2,9,0,0,9,1,1,1,6,7,2,7,0,0,1,2,2,2,2,0,0,0,0,1,0,1,2,2,1,2,2,2,2,2,1,2,2,2,2,1,1,2,1,1,1,1,9,1,1,1,1,0,0,0,0,0,0,0,0,0,2,9,0,0,1,0,0,0,0,0,0,1,2,3,2,1,1,9,9,2,9,9,9,0,0,,1,1,2,1,1,1,2,1,9,0,1,1,5,1,1,2,2,1,1,1,1
6007434,UTTARAKHAND,CHAMOLI,GAIRSAIN,1,,,Sirana,Sirana,Gairsain,1,3,1,5,1,246440,2,2,3,0,2,4,19,14,0,0,0,1,2,2,223,1,0,0,0,0,0,0,9,9,1975,1,2,9,2,1,3,5,1,3,1,1,6,4,1,4,0,0,1,2,2,2,2,0,0,0,0,0,0,1,2,2,1,2,2,2,2,2,1,2,2,2,2,1,1,2,1,1,1,1,9,1,1,1,1,0,0,0,0,0,0,0,0,0,2,9,0,2,1,0,0,0,0,0,1,1,2,3,2,1,1,9,9,2,9,9,9,0,0,1.0,1,1,1,2,1,1,1,1,9,0,1,1,3,1,1,2,2,1,1,1,1
5886051,UTTARAKHAND,CHAMOLI,GAIRSAIN,1,,,Bukhara Kheta,Bhandari Khor,Gairsain,1,3,1,5,1,246431,2,2,3,0,2,4,19,14,0,0,0,1,2,2,2,1,0,0,0,0,0,0,9,9,2001,1,2,9,2,2,0,0,1,3,1,1,5,3,3,0,2,1,1,1,1,1,1,0,0,0,0,1,0,1,2,2,1,2,2,2,2,2,1,2,2,2,2,1,1,2,1,1,1,1,9,1,1,1,1,0,0,0,0,0,0,0,0,0,1,2,0,1,1,0,0,0,0,0,0,1,2,3,2,2,1,9,9,2,9,9,9,50,0,1.0,1,1,1,2,1,1,2,1,9,0,1,1,2,1,1,2,2,1,1,1,1
2465427,UTTARAKHAND,CHAMOLI,Jyotirmath,2,Joshimath-Municipality,Joshimath (MB) - Persaari Ward No.8,,,,1,3,1,5,1,246443,2,2,3,0,2,4,19,14,0,0,0,1,2,1,224,1,0,0,0,0,0,0,9,9,1950,1,2,9,2,1,0,0,1,3,1,1,2,2,1,0,0,2,1,1,1,1,1,0,0,0,0,0,0,1,2,2,1,2,2,2,2,2,1,2,2,2,2,1,1,2,1,1,2,1,9,1,1,1,1,0,0,0,0,0,0,0,0,0,2,9,0,2,1,0,0,0,0,0,0,1,2,3,1,1,1,9,9,2,9,9,9,8,0,1.0,1,1,2,2,1,1,1,1,9,0,1,1,2,1,1,2,2,1,1,1,1
1962668,UTTARAKHAND,CHAMOLI,GAIRSAIN,1,,,Dobiya Tal,Sera,Gairsain,1,3,1,5,1,246431,2,2,3,0,2,4,0,0,0,0,0,2,2,1,223,1,0,0,0,0,0,0,9,9,1985,1,2,9,2,1,11,0,1,3,1,1,1,2,1,0,2,0,1,1,0,1,0,0,0,0,0,0,0,1,2,2,1,2,2,2,2,2,1,2,2,2,1,1,1,2,1,1,1,1,9,1,1,1,1,0,0,0,0,0,0,0,0,0,2,9,0,1,1,0,0,0,0,0,0,1,2,3,2,1,1,9,9,2,9,9,9,11,11,1.0,1,1,1,2,1,1,1,1,9,0,1,1,4,1,1,2,2,1,1,1,1
3491243,UTTARAKHAND,CHAMOLI,DEWAL,1,,,Tajpur Laga Kandai,Tajpur,Dewal,1,3,1,5,1,246427,2,2,3,0,2,4,19,14,0,0,0,2,2,2,226,1,0,0,0,0,3,2,9,9,2007,1,2,9,2,1,0,0,1,3,1,1,1,2,2,2,0,0,1,1,1,1,1,0,0,0,0,0,0,1,2,2,1,2,2,2,2,2,1,2,2,2,2,1,1,2,1,1,1,2,1,1,1,2,2,0,0,0,0,0,0,0,0,0,2,9,0,0,1,0,0,0,0,0,0,1,2,3,2,1,1,9,9,2,9,9,9,0,0,1.0,1,1,1,2,1,1,1,1,9,0,1,2,1,1,1,2,2,1,1,1,1
6436584,UTTARAKHAND,CHAMOLI,DASHOLI,1,,,Malanachaknail,Nail Kurao,Dasholi,1,3,1,5,1,246426,2,2,3,0,2,4,19,14,0,0,0,2,2,2,230,1,0,0,0,0,0,0,9,9,1983,1,2,9,2,2,0,0,1,3,1,1,2,2,2,0,0,2,1,2,1,1,1,0,0,0,0,0,0,1,2,2,1,2,2,2,2,2,1,2,2,2,1,1,1,2,1,1,1,1,9,1,1,1,1,0,0,0,0,0,0,0,0,0,1,2,0,0,1,0,0,0,0,0,0,1,2,3,2,1,1,9,9,2,9,9,9,7,0,1.0,1,1,1,2,1,1,1,1,9,0,1,1,1,1,1,2,2,1,1,1,1
9864733,UTTARAKHAND,CHAMOLI,DASHOLI,1,,,Khala,Khalla,Dasholi,1,3,1,5,1,246401,2,2,3,0,2,4,0,0,0,0,0,2,2,1,221,1,0,0,0,0,0,0,9,9,1911,1,2,9,2,1,11,0,1,3,1,0,2,3,1,3,0,0,1,1,1,1,1,1,1,0,0,0,0,1,2,2,1,2,2,2,2,2,1,2,2,2,2,1,1,2,1,1,1,1,9,1,1,1,2,0,0,0,0,0,0,0,0,0,2,9,0,2,2,0,0,0,0,0,0,1,2,3,2,1,1,9,9,2,9,9,9,0,0,1.0,1,1,2,2,1,1,1,1,9,0,1,1,6,1,1,2,2,1,1,1,1
9079353,UTTARAKHAND,CHAMOLI,DASHOLI,1,,,Dewaldhar,Dewaldhar,Dasholi,1,3,1,5,1,246401,2,2,3,0,2,4,0,0,0,0,0,1,2,2,228,1,3,0,0,0,0,0,9,9,1947,1,2,9,2,2,0,2,1,3,1,1,2,2,1,0,2,0,1,1,1,1,1,0,0,0,0,0,0,1,2,2,1,2,2,2,2,2,1,2,2,2,1,1,1,2,1,1,2,1,9,1,1,1,1,0,0,0,0,0,0,0,0,0,1,2,0,2,1,0,0,0,0,1,0,1,2,3,2,1,1,9,9,2,9,9,9,15,0,1.0,1,1,1,2,1,1,1,1,9,0,1,1,1,1,1,2,2,1,1,1,1
8599510,UTTARAKHAND,CHAMOLI,DEWAL,1,,,Talor,Padmala,Dewal,1,3,1,5,1,246427,2,2,3,0,2,4,19,14,0,0,0,2,2,2,224,1,0,0,0,0,1,2,9,9,1998,1,2,9,2,2,0,4,2,3,1,1,1,3,1,3,0,0,1,1,1,1,1,0,0,0,0,0,0,1,2,2,1,2,2,2,2,2,1,2,2,2,2,1,1,3,1,1,1,1,9,1,1,1,2,0,0,0,0,0,0,0,0,0,2,9,0,2,1,0,0,0,0,0,0,1,2,3,2,1,1,9,9,2,9,9,9,0,0,2.0,1,1,2,2,1,1,1,1,9,0,1,1,1,1,1,2,2,1,1,1,2
5044658,UTTARAKHAND,CHAMOLI,POKHARI,1,,,Khas Khal,Khal,Pokhari,1,3,1,5,1,246429,2,2,3,0,2,4,19,14,0,0,0,2,2,2,230,1,0,0,0,0,3,1,9,9,1957,1,2,9,2,2,0,0,1,3,1,1,2,2,2,2,0,0,1,1,1,1,0,0,0,0,0,0,0,1,2,2,1,2,2,2,2,2,1,2,2,2,1,1,1,2,1,1,1,1,9,1,1,1,2,0,0,0,0,0,0,0,0,0,2,9,0,2,1,0,0,0,0,0,0,1,2,3,2,2,1,9,9,2,9,9,9,18,9,1.0,1,1,1,2,1,1,1,1,9,0,1,1,4,1,1,2,2,1,1,1,1
2112714,UTTARAKHAND,CHAMOLI,POKHARI,2,POKHRI-Town Panchayat,Pokhri (NP) -Pokhri Lower Ward No. 2,,,,1,3,1,5,1,246473,2,2,3,0,2,4,19,14,0,0,0,2,2,2,221,1,0,0,0,0,1,2,9,9,1988,1,2,9,2,1,4,0,1,3,1,1,2,2,1,2,0,0,1,1,1,1,1,0,0,0,0,0,0,1,2,2,1,2,2,2,2,2,1,2,2,2,2,1,1,1,1,1,1,1,9,1,1,1,1,0,0,0,0,0,0,0,0,0,2,9,0,2,1,0,0,0,0,0,0,1,1,3,2,2,1,9,9,2,9,9,9,15,15,1.0,1,1,1,2,1,1,1,1,9,0,1,1,5,1,1,2,2,1,1,1,1
7070729,UTTARAKHAND,CHAMOLI,Jyotirmath,1,,,Langsi,Langasi,Joshimath,1,3,1,5,1,246472,2,2,3,0,2,4,19,14,0,0,0,1,2,1,225,1,0,0,0,0,0,0,9,9,1943,1,2,9,2,2,0,0,2,3,1,1,1,2,2,2,0,0,1,1,1,1,1,1,1,0,0,0,0,1,2,2,1,2,2,2,2,2,1,2,2,2,2,1,1,2,1,1,1,1,9,1,1,1,1,0,0,0,0,0,0,0,0,0,2,9,0,1,1,0,0,0,0,0,0,1,2,3,1,1,1,9,9,2,9,9,9,0,0,1.0,1,1,2,2,1,1,1,1,9,0,1,1,5,1,1,2,2,1,1,1,1
5255136,UTTARAKHAND,CHAMOLI,THARALI,1,,,Gothinda,Gothinda,Tharali,1,3,1,5,1,246481,2,2,3,0,2,4,14,19,0,0,0,2,2,1,225,1,0,0,0,0,0,0,9,9,1971,2,2,9,2,2,0,0,1,3,1,1,1,3,1,2,0,1,1,1,1,1,1,0,0,0,0,1,0,1,2,2,1,2,2,2,2,2,1,2,2,2,1,1,1,2,1,1,1,1,9,1,1,1,1,0,0,0,0,0,0,0,0,0,2,9,0,2,1,0,0,0,0,0,0,1,1,3,2,1,1,9,9,2,9,9,9,0,0,1.0,1,2,1,2,1,1,1,1,9,0,1,1,6,1,1,2,2,1,1,1,1
5050781,UTTARAKHAND,CHAMOLI,Jyotirmath,1,,,Thaing,Theing,Joshimath,1,3,1,5,1,246443,2,2,3,0,2,4,19,14,0,0,0,2,2,2,224,1,0,0,0,0,0,0,9,9,2006,2,2,9,2,2,0,2,1,3,1,1,2,2,0,2,0,0,2,1,1,1,1,0,0,0,0,0,0,1,2,2,1,2,2,2,2,2,1,2,2,2,2,1,1,2,1,1,2,1,9,1,1,1,2,0,0,0,0,0,0,0,0,0,2,9,0,1,1,0,0,0,0,0,0,1,2,3,2,1,1,9,9,2,9,9,9,0,0,1.0,1,2,2,2,1,1,1,1,9,0,1,1,6,1,1,2,2,1,1,1,1
6501651,UTTARAKHAND,CHAMOLI,DASHOLI,1,,,Dewar Khandora,Dewar Khadora,Dasholi,1,3,1,5,5,246401,2,2,3,0,2,4,14,19,0,0,0,1,1,9,220,1,0,6,0,0,0,0,9,9,1989,9,2,9,2,9,0,0,9,1,1,1,1,5,1,5,0,0,1,1,1,1,1,0,0,0,0,1,1,1,1,2,1,2,2,2,1,2,1,2,2,2,2,1,1,2,1,2,1,1,9,1,2,9,2,0,0,0,0,0,0,0,0,0,2,9,0,0,4,0,1,0,0,0,1,1,2,3,2,1,1,9,9,2,9,9,9,0,0,,1,1,1,1,1,1,1,1,9,0,1,1,6,1,1,1,1,2,1,1,1
1539119,UTTARAKHAND,CHAMOLI,POKHARI,1,,,Dungar,Dungar,Pokhari,1,3,1,5,1,246444,2,2,3,0,2,4,19,14,0,0,0,1,2,2,221,1,0,0,0,0,0,0,9,9,1992,1,2,9,2,2,0,2,1,3,1,1,2,2,1,2,0,0,1,1,1,1,1,0,0,0,0,0,0,1,2,2,1,2,2,2,2,2,1,2,2,2,2,1,1,2,1,1,1,1,9,1,1,1,1,0,0,0,0,0,0,0,0,0,2,9,0,1,0,0,0,0,0,0,0,1,2,3,2,1,1,9,9,2,9,9,9,0,0,1.0,1,1,1,2,1,1,1,1,9,0,1,1,5,1,1,2,2,1,1,1,1
2583233,UTTARAKHAND,CHAMOLI,Jyotirmath,1,,,Paini,Paini,Joshimath,1,3,1,5,5,246443,2,2,3,0,2,4,19,14,0,0,0,1,1,9,222,1,4,2,0,0,0,0,9,9,1999,9,2,9,2,9,0,0,9,1,1,1,1,3,3,3,0,0,1,1,1,2,1,0,0,0,0,1,2,1,2,2,1,2,2,2,2,2,1,2,2,2,2,2,1,2,1,1,1,2,2,1,2,9,1,0,0,0,0,0,0,0,0,0,1,9,0,0,1,0,0,0,0,0,1,1,2,1,1,1,2,9,9,2,9,9,9,0,0,,1,2,2,2,1,1,1,1,9,0,2,2,6,1,2,2,2,2,1,1,1
8982591,UTTARAKHAND,CHAMOLI,NARAYANBAGAR,1,,,Kothali,Kothuli,Narayanbagar,5,3,6,12,1,246453,2,2,3,0,2,4,19,14,0,1,1,2,9,9,225,1,0,0,0,0,0,0,9,9,1974,1,2,2,2,1,5,28,1,3,2,1,7,8,3,0,5,3,1,0,0,1,1,0,0,0,0,0,0,1,2,2,1,2,2,2,2,2,1,2,2,2,2,1,1,1,1,1,1,1,9,1,1,2,1,2,2,2,2,2,4,4,4,2,1,2,0,0,4,0,0,0,2,1,2,1,2,3,2,1,1,2,2,9,9,2,2,0,0,1.0,1,1,1,1,1,1,1,1,1,64,1,1,1,1,2,2,2,1,1,1,1
6794612,UTTARAKHAND,CHAMOLI,NANDANAGAR,1,,,Mokhmalla,Mokh Malla,Ghat,4,3,6,8,1,246449,2,2,3,0,2,4,14,19,0,0,0,2,9,9,230,1,0,0,0,0,0,0,9,9,2007,1,2,2,2,1,0,0,1,3,1,0,7,3,2,0,0,3,1,0,0,1,1,0,0,0,0,1,0,1,2,2,1,2,2,2,2,2,1,2,2,2,2,1,1,1,1,1,1,1,9,1,1,1,1,0,0,0,0,0,0,0,0,0,2,9,0,0,3,0,0,0,1,0,0,1,1,3,2,1,1,9,9,9,9,9,9,0,0,1.0,1,1,1,2,1,1,1,1,1,2,1,1,5,1,1,2,2,1,1,1,1
3153961,UTTARAKHAND,CHAMOLI,POKHARI,1,,,Rano,Ranau,Pokhari,4,3,6,8,1,246429,2,2,3,0,2,4,0,0,0,0,0,2,9,9,224,1,0,0,0,0,0,0,9,9,1986,1,2,2,2,2,0,5,1,3,1,1,2,3,2,3,0,0,1,1,1,1,1,0,0,0,0,0,0,1,2,2,1,2,2,2,2,2,1,2,2,2,2,1,1,2,1,1,1,1,9,1,1,1,1,0,0,0,0,0,0,0,0,0,2,9,0,0,4,0,0,0,0,0,1,1,1,3,2,1,1,9,9,9,9,9,9,15,0,1.0,1,1,1,2,1,1,1,1,2,0,1,1,2,1,1,2,2,2,1,1,1
9352792,UTTARAKHAND,CHAMOLI,KARANPRAYAG,1,,,Ghandiyal,Ghandiyal,Karnaprayag,5,3,6,12,1,246444,2,2,3,0,2,4,19,14,0,2,2,2,9,9,226,1,0,0,0,0,0,0,9,9,1984,1,2,2,2,1,2,0,1,3,2,1,7,7,3,4,0,3,2,1,1,2,2,0,0,0,0,2,0,1,2,2,1,2,2,2,2,2,1,2,2,2,2,1,1,2,1,1,1,1,9,1,1,1,2,4,4,4,4,4,4,4,4,2,2,9,0,0,7,0,0,0,2,1,3,1,2,3,2,1,1,2,2,9,9,2,2,0,0,1.0,1,1,1,2,1,1,1,1,1,20,1,1,2,1,1,2,2,1,1,1,1
2868710,UTTARAKHAND,CHAMOLI,NARAYANBAGAR,1,,,Bunga,Boonga,Narayanbagar,5,3,6,12,4,246455,2,2,3,0,2,4,14,19,0,2,2,2,9,9,208,1,0,0,0,0,0,0,9,9,1991,1,2,2,2,1,4,0,1,1,9,9,5,9,9,9,0,0,1,3,3,2,2,3,3,2,2,3,2,1,2,2,1,2,2,2,2,2,1,2,2,2,2,1,1,2,1,1,1,1,9,1,2,9,1,4,4,4,4,4,4,4,4,4,2,9,0,0,1,0,0,0,0,0,1,1,2,3,2,1,1,2,2,9,9,2,2,108,108,1.0,1,1,1,2,1,1,1,1,2,0,1,2,6,1,1,2,2,1,1,1,1
8183729,UTTARAKHAND,CHAMOLI,NARAYANBAGAR,1,,,Ased,Aser,Narayanbagar,1,3,1,5,1,246455,2,2,3,0,2,4,19,14,0,0,0,2,2,1,225,1,0,0,0,0,1,2,9,9,1989,1,2,9,2,2,0,5,1,3,2,2,2,3,1,3,0,0,1,2,1,1,1,0,0,0,0,0,0,1,2,2,1,2,2,2,2,2,1,2,2,2,2,1,1,2,1,1,1,1,9,1,1,1,1,0,0,0,0,0,0,0,0,0,2,9,0,2,1,0,0,0,0,0,0,1,2,3,2,2,1,9,9,2,9,9,9,25,25,1.0,1,1,1,2,1,1,1,1,9,0,1,1,6,1,1,2,2,1,1,1,2
7369964,UTTARAKHAND,CHAMOLI,GAIRSAIN,1,,,Devpuri,Devpuri,Gairsain,1,3,1,5,1,246486,2,2,3,0,2,4,19,0,0,0,0,2,2,2,179,1,0,0,0,0,0,0,9,9,2005,1,2,9,2,2,0,0,1,3,2,1,5,2,2,2,0,0,1,1,0,1,1,0,0,0,0,0,0,1,2,2,1,2,2,2,2,2,1,2,2,2,2,1,1,2,1,1,1,1,9,1,1,1,1,0,0,0,0,0,0,0,0,0,2,9,0,1,1,0,0,0,0,0,0,1,2,3,2,1,1,9,9,2,9,9,9,0,0,1.0,1,1,1,2,1,1,1,1,9,0,1,1,6,1,1,2,2,1,1,1,1
9579461,UTTARAKHAND,CHAMOLI,KARANPRAYAG,1,,,Koti,Koti,Karnaprayag,1,3,1,5,1,246444,2,2,3,0,2,4,19,14,0,0,0,2,2,1,224,1,0,0,0,1,3,4,9,9,1964,1,2,9,2,2,0,0,1,3,1,1,1,2,1,2,0,0,1,1,1,1,1,0,0,0,0,0,0,1,2,2,1,2,2,2,2,2,1,2,2,2,2,1,1,2,1,1,1,2,1,1,1,1,1,0,0,0,0,0,0,0,0,0,2,9,0,0,1,0,0,0,0,0,0,2,2,3,2,2,1,9,9,2,9,9,9,0,0,1.0,1,1,1,2,1,1,1,1,9,0,1,1,2,1,1,2,2,1,1,1,1
8061388,UTTARAKHAND,CHAMOLI,DASHOLI,1,,,Sainji,Siron,Dasholi,1,3,1,5,1,246424,2,2,3,0,2,4,19,14,0,0,0,2,2,2,227,1,0,0,0,1,0,4,9,9,1951,1,2,9,2,2,0,10,1,3,2,2,2,2,1,0,2,0,1,1,1,1,1,0,0,0,0,0,0,1,2,2,1,2,2,2,2,2,1,2,2,2,2,1,1,2,1,1,1,1,9,1,1,2,1,0,0,0,0,0,0,0,0,0,2,9,0,2,1,0,0,0,0,0,0,1,2,3,2,1,1,9,9,2,9,9,9,0,0,1.0,1,1,1,2,1,1,1,1,9,0,1,1,2,1,1,2,2,1,1,1,1
6834886,UTTARAKHAND,CHAMOLI,GAIRSAIN,1,,,Mehargaon,Ramra Malla,Gairsain,1,3,1,5,1,246428,2,2,3,0,2,4,0,0,0,0,0,2,2,2,225,1,0,0,0,0,0,0,9,9,1961,1,2,9,2,2,0,12,1,3,1,1,5,4,4,0,3,1,1,1,0,1,1,0,0,0,0,1,0,1,2,2,1,2,2,2,2,2,1,2,2,2,2,1,1,2,1,1,1,1,9,1,1,1,1,0,0,0,0,0,0,0,0,0,2,9,0,0,1,0,0,0,0,0,0,1,2,3,2,1,1,9,9,2,9,9,9,77,77,1.0,1,1,1,2,1,1,1,1,9,0,1,1,3,1,1,2,2,1,1,1,1
4219861,UTTARAKHAND,CHAMOLI,GAIRSAIN,1,,,Ghandiyal Lagga Chhapali,Ghandiyal,Gairsain,1,3,1,5,1,246428,2,2,3,0,2,4,19,14,0,0,0,1,2,1,219,1,0,0,0,0,3,1,9,9,1989,1,2,9,2,1,2,0,1,3,1,1,1,2,1,2,0,0,1,1,1,1,1,0,0,0,0,1,1,1,2,2,1,2,2,2,2,2,1,2,2,2,1,1,1,2,1,2,1,1,9,1,1,1,2,0,0,0,0,0,0,0,0,0,2,9,0,1,2,0,0,0,0,0,0,1,2,3,2,1,1,9,9,2,9,9,9,0,0,1.0,1,1,1,2,1,1,2,1,9,0,1,1,3,1,1,2,2,1,1,1,1
8286901,UTTARAKHAND,CHAMOLI,GAIRSAIN,1,,,Ramara Malla,Ramra Malla,Gairsain,1,3,1,5,1,246428,2,2,3,0,2,4,19,14,0,0,0,1,2,2,228,1,0,0,0,0,0,1,9,9,2010,1,2,9,2,1,5,6,1,3,1,1,5,2,0,2,0,0,2,1,1,1,0,0,0,0,0,0,0,1,2,2,1,2,2,2,2,2,1,2,2,2,1,1,1,2,1,1,1,1,9,1,1,1,1,0,0,0,0,0,0,0,0,0,2,9,0,1,1,0,0,0,0,0,0,1,2,1,2,1,1,9,9,2,9,9,9,0,0,1.0,1,2,1,2,1,1,1,1,9,0,1,1,6,1,1,2,2,1,1,1,1
7415694,UTTARAKHAND,CHAMOLI,POKHARI,1,,,Malkoti,Sera,Pokhari,1,3,1,5,1,246473,2,2,3,0,2,4,14,19,0,0,0,2,2,2,234,1,0,0,0,0,0,0,9,9,1983,1,2,9,2,2,0,0,1,3,2,2,1,2,1,2,0,0,1,1,1,1,1,0,0,0,0,1,1,1,2,2,1,2,2,2,2,2,1,2,2,2,1,1,1,2,1,1,1,1,9,1,1,1,1,0,0,0,0,0,0,0,0,0,2,9,0,1,0,0,0,0,0,0,0,1,2,3,2,1,1,9,9,2,9,9,9,0,0,1.0,1,1,1,2,1,1,1,1,9,0,1,1,1,1,1,2,2,2,1,1,1
9469456,UTTARAKHAND,CHAMOLI,GAIRSAIN,1,,,Badiya Sem,Silanga,Gairsain,1,3,1,5,1,246431,2,2,3,0,2,4,0,0,0,0,0,2,2,1,224,1,0,0,0,0,0,0,9,9,1986,1,2,9,2,2,0,3,1,3,2,1,5,3,1,0,1,2,2,1,1,1,1,0,0,0,0,0,0,1,2,2,1,2,2,2,2,2,1,2,2,2,3,1,1,2,1,1,1,1,9,1,1,1,1,0,0,0,0,0,0,0,0,0,2,9,0,2,1,0,0,0,0,0,0,1,2,3,2,1,1,9,9,2,9,9,9,0,0,1.0,1,1,1,2,1,1,1,1,9,0,1,1,6,1,1,2,2,1,1,1,1
4766578,UTTARAKHAND,CHAMOLI,DASHOLI,1,,,Jainsal,Jaisal,Dasholi,1,3,1,5,1,246472,2,2,3,0,2,4,0,0,0,0,0,1,2,1,223,1,0,0,0,0,0,0,9,9,1958,1,2,9,2,2,0,0,1,3,1,1,1,2,1,2,0,0,1,1,0,1,1,0,0,0,0,0,0,1,2,2,1,2,2,2,2,2,1,2,2,2,2,1,1,2,1,1,2,1,9,1,1,2,1,0,0,0,0,0,0,0,0,0,2,9,0,1,1,0,0,0,0,0,0,1,2,3,2,2,1,9,9,2,9,9,9,0,0,1.0,1,1,1,2,1,1,1,1,9,0,1,1,5,1,1,2,2,1,1,1,1
7844943,UTTARAKHAND,CHAMOLI,KARANPRAYAG,2,Karnaprayag-Municipality,Karnaprayag (NP) -Eda Badhaani Ward No.2,,,,3,3,1,12,5,246446,2,2,3,0,2,19,0,0,0,3,3,1,1,9,220,1,4,2,2,4,0,1,9,9,2019,9,2,2,2,9,0,0,9,1,5,5,1,16,19,16,0,0,1,6,6,4,4,0,0,0,0,9,6,1,2,2,1,2,2,2,2,2,1,2,2,2,1,1,1,2,1,1,1,1,9,1,1,2,1,1,1,1,4,4,4,4,4,1,2,9,1,0,15,0,15,1,1,2,2,1,2,3,1,1,1,1,2,2,9,2,2,0,0,,1,1,1,1,1,1,1,1,2,0,1,2,3,1,1,1,1,2,2,2,2
1649026,UTTARAKHAND,CHAMOLI,DASHOLI,1,,,Birhi,Digoli,Dasholi,1,3,1,5,1,246472,2,2,3,0,2,4,0,0,0,0,0,1,2,1,222,1,0,0,0,0,0,0,9,9,1989,1,2,9,2,2,0,4,2,3,1,1,1,2,1,2,0,0,1,2,2,2,2,1,0,1,1,0,0,1,2,2,1,2,2,2,2,2,1,2,2,2,1,1,1,2,1,1,1,1,9,1,1,1,1,0,0,0,0,0,0,0,0,0,2,9,2,1,1,0,0,0,0,1,0,1,2,3,2,2,1,9,9,2,9,9,9,13,13,1.0,1,1,1,2,1,1,1,1,9,0,1,1,1,1,1,2,2,1,1,1,1
6264175,UTTARAKHAND,CHAMOLI,KARANPRAYAG,2,Gochar-Municipality,Gochar (NP) - Mukhya Bazaar Chok Ward No.6,,,,2,3,1,8,5,246429,2,2,3,0,2,4,14,19,0,0,0,1,2,9,230,1,0,0,1,0,0,0,9,9,2009,9,2,2,2,9,0,0,9,1,2,2,1,9,4,9,0,0,1,1,1,1,1,0,0,0,0,0,0,1,2,2,1,2,2,2,2,2,1,2,2,2,1,1,1,2,1,1,1,1,9,1,2,9,1,0,0,0,0,0,0,0,0,0,2,9,0,0,2,0,0,0,0,0,1,1,1,3,2,2,2,9,9,2,9,9,9,0,0,,1,1,1,1,1,1,1,1,2,0,1,2,3,1,1,1,1,2,1,1,1
6422839,UTTARAKHAND,CHAMOLI,POKHARI,1,,,Jaurasi,Jaurasi,Pokhari,1,3,1,5,1,246473,2,2,3,0,2,4,19,0,0,0,0,2,2,1,222,1,0,0,0,0,5,3,9,9,1980,1,2,9,2,2,0,6,1,3,2,1,2,4,1,4,0,0,1,1,1,1,1,0,0,0,0,0,0,1,2,2,1,2,2,2,2,2,1,2,2,2,1,1,1,2,1,1,1,1,9,1,1,1,1,0,0,0,0,0,0,0,0,0,2,9,0,2,1,0,0,0,0,0,0,1,1,3,2,2,1,9,9,2,9,9,9,14,0,1.0,1,1,1,2,1,1,1,1,9,0,1,1,3,1,1,2,2,1,1,1,1
4684735,UTTARAKHAND,CHAMOLI,GAIRSAIN,1,,,Mehal Chauri,Mehal Chauri,Gairsain,5,3,6,12,1,246431,2,2,3,0,2,4,19,14,0,2,2,1,9,9,235,1,0,0,0,0,0,0,9,9,1968,1,2,2,1,1,4,0,1,3,3,2,5,8,11,8,0,0,1,2,2,2,2,0,0,0,0,2,1,1,2,2,1,2,2,2,2,2,1,2,2,2,2,1,1,2,1,1,1,1,9,1,1,2,1,1,1,1,2,4,2,4,4,3,2,9,2,0,6,0,0,0,3,2,2,1,1,3,2,1,1,2,2,9,9,2,2,0,0,1.0,1,1,2,1,1,1,1,1,1,165,1,1,6,1,1,2,3,1,1,1,1
3808140,UTTARAKHAND,CHAMOLI,GAIRSAIN,1,,,Bacchuwa Ban Talla,Vachuwawan Talla,Gairsain,1,3,1,5,1,246486,2,2,3,0,2,4,19,14,0,0,0,1,2,1,225,1,0,0,0,0,1,0,9,9,1954,1,2,9,2,1,7,0,1,3,1,1,2,2,2,2,0,0,2,1,1,1,1,0,0,0,0,0,0,1,2,2,1,2,2,2,2,2,1,2,2,2,1,1,1,2,1,1,1,1,9,1,1,1,1,0,0,0,0,0,0,0,0,0,2,9,0,1,1,0,0,0,0,0,0,1,2,3,2,1,1,9,9,2,9,9,9,0,0,2.0,1,1,1,2,1,1,1,1,9,0,1,1,1,1,1,2,2,1,1,1,1
3052345,UTTARAKHAND,CHAMOLI,POKHARI,1,,,Siwae,Siwai,Pokhari,4,3,6,8,1,246446,2,2,3,0,2,4,0,0,0,0,0,1,9,9,222,1,0,0,0,0,0,0,9,9,1977,1,2,2,2,2,0,15,1,3,1,1,2,4,1,0,0,4,1,2,2,2,2,0,0,0,0,0,0,1,2,2,1,2,2,2,2,2,1,2,2,2,2,1,1,2,1,1,1,1,9,1,1,1,1,0,0,0,0,0,0,0,0,0,2,9,0,0,2,0,0,0,0,0,1,1,2,3,2,1,1,9,9,9,9,9,9,26,0,1.0,1,1,1,2,1,1,1,1,2,0,1,2,1,1,1,2,2,1,1,1,1
1150580,UTTARAKHAND,CHAMOLI,NARAYANBAGAR,1,,,Gairwaram,Gair Baram,Narayanbagar,4,3,6,8,1,246481,2,2,3,0,2,4,19,14,0,0,0,1,9,9,223,1,0,0,0,0,0,0,9,9,1984,1,2,2,2,2,0,5,1,3,1,1,2,3,2,3,0,0,1,1,1,1,1,1,1,0,0,2,0,1,2,2,1,2,2,2,2,2,1,2,2,2,1,1,1,1,1,1,1,1,9,1,1,1,1,0,0,0,0,0,0,0,0,0,2,9,0,0,2,0,0,0,0,1,1,1,2,3,2,1,1,9,9,9,9,9,9,16,0,1.0,1,1,1,2,1,1,1,1,2,0,1,1,2,1,1,2,2,1,1,1,2
1665303,UTTARAKHAND,CHAMOLI,DASHOLI,1,,,Dhogarikandai,Dogdi Kandaie,Dasholi,7,3,6,10,1,246401,2,2,3,0,2,4,19,0,0,2,0,1,9,9,224,1,0,0,0,0,0,0,9,9,1979,1,2,2,2,1,2,2,1,3,1,1,5,5,6,2,3,0,1,2,2,2,2,0,0,0,0,2,3,1,2,2,1,2,2,2,2,2,1,2,2,2,2,1,1,2,1,1,2,1,9,1,1,1,1,0,0,0,0,0,0,0,0,0,1,2,0,0,6,0,0,0,2,0,1,1,2,3,2,1,1,2,2,9,9,2,9,42,0,1.0,1,1,1,2,1,1,1,1,1,23,1,1,2,1,1,2,2,1,1,1,1
7869076,UTTARAKHAND,CHAMOLI,Jyotirmath,1,,,Dumak,Dumak,Joshimath,8,3,9,10,4,246472,2,2,3,0,2,4,19,14,0,2,0,2,9,9,225,1,0,0,0,0,0,0,9,9,1998,2,2,9,2,1,3,0,2,1,2,0,2,3,4,1,0,2,1,1,1,1,1,0,0,0,0,0,0,1,2,2,1,2,2,2,2,2,1,2,2,2,2,1,1,2,1,1,2,1,9,1,2,9,1,0,0,0,0,0,0,0,0,0,2,9,1,0,2,0,0,0,0,0,1,1,2,2,2,1,1,2,2,9,9,2,9,0,0,1.0,1,2,2,2,1,1,1,1,2,0,1,2,1,1,2,2,2,1,1,1,1
8912255,UTTARAKHAND,CHAMOLI,THARALI,1,,,Trikot,Trikot,Tharali,4,3,6,8,1,246482,2,2,3,0,2,4,0,0,0,0,0,2,9,9,228,1,0,0,0,0,0,0,9,9,1986,1,2,2,2,2,0,2,1,3,1,1,7,3,1,0,0,3,1,1,0,1,1,0,0,0,0,0,0,1,2,2,1,2,2,2,2,2,1,2,2,2,2,1,1,2,1,1,1,1,9,1,1,2,1,0,0,0,0,0,0,0,0,0,2,9,0,0,1,0,0,0,0,0,0,1,2,3,2,1,1,9,9,9,9,9,9,0,0,1.0,1,2,1,2,1,1,1,1,2,0,1,1,2,1,1,2,2,1,1,1,1
4736572,UTTARAKHAND,CHAMOLI,THARALI,1,,,Tundari,Chepron,Tharali,1,3,1,5,1,246481,2,2,3,0,2,4,14,19,0,0,0,2,2,1,224,1,0,0,0,0,0,0,9,9,1973,1,2,9,2,2,0,4,1,3,1,1,2,3,1,1,0,2,1,1,1,1,0,0,0,0,0,0,0,2,2,2,1,2,2,2,2,2,1,2,2,2,2,1,1,2,1,1,1,1,9,1,1,1,1,0,0,0,0,0,0,0,0,0,2,9,0,0,2,0,0,0,0,0,0,1,2,3,2,2,1,9,9,2,9,9,9,0,0,1.0,1,1,2,2,1,1,1,1,9,0,1,1,2,1,1,2,2,1,1,1,1
7446516,UTTARAKHAND,CHAMOLI,DASHOLI,2,Chamoli Gopeshwar-Municipality,Chamoli Gopeshwar (MB) -Basant Bihaar Ward No.6,,,,1,3,1,5,1,246401,2,2,3,0,2,4,0,0,0,0,0,1,2,1,230,1,0,0,1,0,1,1,9,9,1979,1,2,9,2,2,0,0,2,4,1,1,5,2,2,2,0,0,1,1,0,1,1,0,0,0,0,0,0,1,2,2,1,2,2,2,2,2,1,2,2,2,1,1,1,2,1,1,2,1,9,1,1,2,2,0,0,0,0,0,0,0,0,0,2,9,0,2,1,0,0,0,0,0,0,1,2,3,2,2,1,9,9,2,9,9,9,0,0,1.0,1,1,1,2,1,1,1,1,9,0,1,1,1,1,1,2,2,1,1,1,1
8903752,UTTARAKHAND,CHAMOLI,DASHOLI,1,,,Amkheth,Saikot,Dasholi,1,3,1,5,1,246449,2,2,3,0,2,4,0,0,0,0,0,1,2,1,220,1,2,0,0,0,0,0,9,9,1999,1,2,9,2,2,0,2,1,3,1,1,2,2,2,2,0,0,1,1,1,1,1,0,0,0,0,0,0,1,2,2,1,2,2,2,2,2,1,2,2,2,2,1,1,2,1,1,1,1,9,1,1,1,1,0,0,0,0,0,0,0,0,0,2,9,0,1,1,0,0,0,0,0,0,1,2,3,2,1,1,9,9,2,9,9,9,0,0,2.0,1,1,1,2,1,1,1,1,9,0,1,1,2,1,1,2,2,1,1,1,1
2409133,UTTARAKHAND,CHAMOLI,DASHOLI,1,,,Math Jhadeta,Math Jhadeta,Dasholi,1,3,1,5,1,246472,2,2,3,0,2,4,19,14,0,0,0,1,2,2,220,1,0,0,0,0,0,1,9,9,2009,1,2,9,2,2,0,5,1,3,1,1,2,2,1,0,2,0,1,1,1,1,1,0,0,0,0,0,0,1,2,2,1,2,2,2,2,2,1,2,2,2,2,1,1,2,1,1,1,1,9,1,1,1,1,0,0,0,0,0,0,0,0,0,2,9,0,2,1,0,0,0,0,0,0,1,2,2,2,1,1,9,9,2,9,9,9,5,5,1.0,1,1,1,2,1,1,1,1,9,0,1,2,5,1,1,2,2,1,1,1,1
6205371,UTTARAKHAND,CHAMOLI,GAIRSAIN,2,Gairsain-Town Panchayat,Gairsain (NP) -Ganwali Ward No. 6,,,,1,3,1,5,1,246428,2,2,3,0,2,4,19,14,0,0,0,2,2,1,229,1,0,0,0,0,0,0,9,9,1949,1,2,9,2,1,0,8,1,3,1,1,2,4,1,4,0,0,1,1,1,1,1,0,0,0,0,0,0,1,2,2,1,2,2,2,2,2,1,2,2,2,1,1,1,2,1,1,1,1,9,1,1,2,2,0,0,0,0,0,0,0,0,0,2,9,0,2,1,0,0,0,0,0,0,1,2,3,2,2,1,9,9,2,9,9,9,0,0,1.0,1,1,2,2,1,1,1,1,9,0,1,1,6,1,1,2,2,1,1,1,1
1621489,UTTARAKHAND,CHAMOLI,DASHOLI,1,,,Chhinka,Chhinaka,Dasholi,1,3,1,5,1,246426,2,2,3,0,2,4,0,0,0,0,0,1,2,2,224,1,0,0,1,0,0,0,9,9,1947,1,2,9,2,2,0,14,1,3,1,1,2,2,2,2,0,0,1,1,1,1,1,1,1,1,1,0,0,1,2,2,1,2,2,2,2,2,1,2,2,2,2,1,1,1,1,1,1,1,9,1,1,1,1,0,0,0,0,0,0,0,0,0,2,9,0,2,1,0,0,0,0,1,0,1,2,3,2,1,1,9,9,2,9,9,9,0,0,1.0,1,1,1,2,1,1,1,1,9,0,1,1,1,1,1,2,2,1,1,1,1
1117407,UTTARAKHAND,CHAMOLI,GAIRSAIN,1,,,Jinagor,Jingore,Gairsain,1,3,1,5,1,246428,2,2,3,0,2,4,19,14,0,0,0,1,2,2,225,1,0,0,0,0,0,0,9,9,1991,1,2,9,2,2,0,0,1,3,1,1,6,2,1,2,0,0,1,1,1,1,1,0,0,0,0,0,0,1,2,2,1,2,2,2,2,2,1,2,2,2,1,1,1,2,1,1,1,1,9,1,1,1,1,0,0,0,0,0,0,0,0,0,1,2,0,1,0,0,0,0,0,0,0,1,2,3,2,2,1,9,9,2,9,9,9,0,0,2.0,1,1,1,2,1,1,2,1,9,0,1,1,2,1,1,2,2,1,1,1,1
1545165,UTTARAKHAND,CHAMOLI,Jyotirmath,1,,,Salud,Salud Dungra,Joshimath,1,3,1,5,1,246443,2,2,3,0,2,4,19,14,0,0,0,2,2,2,224,1,0,0,0,0,0,2,9,9,2007,1,2,9,2,1,8,0,1,3,1,1,2,2,2,2,0,0,2,1,1,1,1,0,0,0,0,1,1,1,2,2,1,2,2,2,2,2,1,2,2,2,2,1,1,2,1,1,1,1,9,1,1,1,1,0,0,0,0,0,0,0,0,0,2,9,0,0,1,0,1,0,0,0,0,1,2,3,2,1,1,9,9,2,9,9,9,40,40,1.0,1,1,1,2,1,1,1,1,9,0,1,1,2,1,1,2,2,1,1,1,1
7152550,UTTARAKHAND,CHAMOLI,KARANPRAYAG,1,,,Nauti,Nauti,Karnaprayag,1,3,1,5,1,246474,2,2,3,0,2,4,19,0,0,0,0,2,2,2,230,1,1,1,0,0,0,0,9,9,2001,1,2,9,2,2,0,2,1,3,1,1,2,2,1,0,2,0,1,1,1,1,1,0,0,0,0,0,0,1,2,2,1,2,2,2,2,2,1,2,2,2,2,1,1,2,1,1,1,1,9,1,1,2,1,0,0,0,0,0,0,0,0,0,2,9,0,2,1,0,0,0,1,0,0,1,2,3,2,1,1,9,9,2,9,9,9,20,0,1.0,1,1,1,2,1,1,1,1,9,0,1,1,2,1,1,2,2,1,1,1,1
2316744,UTTARAKHAND,CHAMOLI,GAIRSAIN,1,,,Lakheri,Lakheri,Gairsain,1,3,1,5,1,246428,2,2,3,0,2,4,19,14,0,0,0,2,2,1,224,1,0,0,0,0,0,0,9,9,1985,1,2,9,2,2,0,5,1,3,1,1,2,3,3,0,3,0,1,2,2,1,1,1,1,0,0,1,1,1,2,2,1,2,2,2,2,2,1,2,2,2,2,1,1,2,1,1,1,1,9,1,1,1,1,0,0,0,0,0,0,0,0,0,2,9,0,2,1,0,0,0,0,0,1,1,2,3,2,1,1,9,9,2,9,9,9,18,0,1.0,1,1,1,2,1,1,2,1,9,0,1,1,4,1,1,2,2,1,1,1,1
6784230,UTTARAKHAND,CHAMOLI,NANDANAGAR,1,,,Sarpani,Sarpani,Ghat,1,3,1,5,1,246435,2,2,3,0,2,4,19,14,0,0,0,2,2,1,226,1,0,0,0,0,0,1,9,9,1902,1,2,9,2,2,0,5,1,3,1,0,5,2,1,2,0,0,2,4,2,2,2,0,0,0,0,0,0,1,2,2,1,2,2,2,2,2,1,2,2,2,2,1,1,2,1,1,1,1,9,1,1,1,1,0,0,0,0,0,0,0,0,0,1,2,0,2,1,0,0,0,0,0,0,1,2,3,2,2,1,9,9,2,9,9,9,0,0,1.0,1,1,1,2,1,1,1,1,9,0,1,1,2,1,1,2,2,2,1,1,1
2685323,UTTARAKHAND,CHAMOLI,THARALI,1,,,Pastoli,Pastoli,Tharali,1,3,1,5,1,246481,2,2,3,0,2,4,19,14,0,0,0,2,2,1,221,1,0,0,0,0,0,0,9,9,1960,1,2,9,2,2,0,0,1,3,2,2,2,2,2,2,0,0,1,3,2,1,1,0,0,0,0,0,0,1,2,2,1,2,2,2,2,2,1,2,2,2,2,1,1,2,1,1,1,1,9,1,1,1,2,0,0,0,0,0,0,0,0,0,2,9,0,1,2,0,0,0,0,0,0,1,2,3,2,1,1,9,9,2,9,9,9,0,0,1.0,1,1,2,2,1,1,1,1,9,0,1,1,2,1,1,2,2,1,1,1,1
6471188,UTTARAKHAND,CHAMOLI,DASHOLI,1,,,Kunkuli,Bairagana,Dasholi,1,3,1,5,1,246401,2,2,3,0,2,4,19,14,0,0,0,1,2,2,226,1,0,0,0,0,0,1,9,9,1947,1,2,9,2,2,0,22,2,3,1,1,2,2,1,2,0,0,1,1,1,1,1,0,0,0,0,0,0,1,2,2,1,2,2,2,2,2,1,2,2,2,2,1,1,2,1,1,2,1,9,1,1,1,1,0,0,0,0,0,0,0,0,0,2,9,0,2,2,0,0,0,0,0,0,1,2,3,2,1,1,9,9,2,9,9,9,22,22,1.0,1,1,1,2,1,1,1,1,9,0,1,1,1,1,1,2,2,1,1,1,1
8277447,UTTARAKHAND,CHAMOLI,POKHARI,1,,,Thalabair,Thala Beind,Pokhari,1,3,1,5,1,246473,2,2,3,0,2,4,19,14,0,0,0,2,2,1,233,1,0,0,0,0,2,1,9,9,1930,1,2,9,2,1,11,3,1,3,1,1,2,2,1,0,2,0,1,1,1,1,1,0,0,0,0,0,0,1,2,2,1,2,2,2,2,2,1,2,2,2,1,1,1,2,1,1,1,1,9,1,1,1,1,0,0,0,0,0,0,0,0,0,2,9,0,1,0,0,0,0,0,0,0,1,2,3,2,1,1,9,9,2,9,9,9,0,0,1.0,1,1,1,2,1,1,1,1,9,0,1,2,4,1,1,2,2,1,1,1,1
4834610,UTTARAKHAND,CHAMOLI,NANDANAGAR,1,,,Pagna,Pagna,Ghat,1,3,1,5,1,246449,2,2,3,0,2,4,19,14,0,0,0,1,2,1,226,1,0,0,0,0,1,3,9,9,1982,1,2,9,2,1,2,12,1,3,2,1,1,4,2,0,4,0,1,1,1,1,1,0,0,0,0,0,0,1,2,2,1,2,2,2,2,2,1,2,2,2,2,1,1,2,1,1,1,1,9,1,1,2,1,0,0,0,0,0,0,0,0,0,2,9,0,1,2,0,0,0,0,0,0,1,2,3,2,1,1,9,9,2,9,9,9,15,15,1.0,1,1,1,2,1,1,1,1,9,0,1,1,1,1,1,2,2,1,1,1,1
1488472,UTTARAKHAND,CHAMOLI,KARANPRAYAG,1,,,Chula,Chula,Karnaprayag,1,3,1,5,1,246455,2,2,3,0,2,4,0,0,0,0,0,2,2,1,230,1,0,1,0,0,0,0,9,9,1950,1,2,9,2,2,0,2,1,3,1,1,5,2,1,0,0,2,1,1,1,2,2,0,0,0,0,0,0,1,2,2,1,2,2,2,2,2,1,2,2,2,2,1,1,2,1,1,1,1,9,1,1,2,1,0,0,0,0,0,0,0,0,0,2,9,0,2,1,0,0,0,1,0,0,1,2,3,2,2,1,9,9,2,9,9,9,10,0,1.0,1,1,1,2,1,1,1,1,9,0,1,1,1,1,1,2,2,1,1,1,1
9909530,UTTARAKHAND,CHAMOLI,Jyotirmath,1,,,Urgam,Urgam,Joshimath,1,3,1,5,1,246443,2,2,3,0,2,4,19,0,0,0,0,1,2,1,229,1,0,0,0,0,0,0,9,9,1914,1,2,9,2,1,0,8,1,3,3,3,1,3,2,3,0,0,1,1,1,1,1,0,0,0,0,0,0,1,2,2,1,2,2,2,2,2,1,2,2,2,2,1,1,2,1,1,1,1,9,1,1,1,2,0,0,0,0,0,0,0,0,0,2,9,0,2,3,0,3,0,0,0,1,1,1,3,2,2,1,9,9,2,9,9,9,22,0,1.0,1,1,1,2,1,1,1,1,9,0,1,1,2,1,1,2,2,1,1,1,1
9229795,UTTARAKHAND,CHAMOLI,DEWAL,1,,,Vaan Madhye Kuling,Kuling,Dewal,1,3,1,5,1,246427,2,2,3,0,2,4,19,14,0,0,0,2,2,1,223,1,0,0,0,0,1,0,9,9,1962,1,2,9,2,2,0,1,1,3,3,0,2,3,1,1,0,2,1,1,1,1,1,0,0,0,0,0,0,2,2,2,1,2,2,2,2,2,1,2,2,2,2,1,1,2,1,1,1,1,9,1,1,1,1,0,0,0,0,0,0,0,0,0,2,9,0,1,1,0,0,0,0,0,0,1,2,3,2,2,1,9,9,2,9,9,9,2,2,1.0,1,1,1,2,1,1,1,1,9,0,1,2,1,1,1,2,2,1,1,1,1
5679677,UTTARAKHAND,CHAMOLI,DASHOLI,2,Nandprayag-Town Panchayat,Nandprayag (NP) -Chandika Mohalla Ward No.4,,,,2,3,1,8,5,246449,2,2,3,0,2,4,19,0,0,0,0,1,1,9,220,1,1,2,0,0,0,0,9,9,1998,9,2,2,2,9,0,0,9,1,1,1,1,6,1,6,0,0,1,1,1,1,1,0,0,0,0,0,0,1,2,2,1,2,2,2,2,2,1,2,2,2,2,1,1,2,1,1,1,1,9,1,2,9,1,0,0,0,0,0,0,0,0,0,2,9,0,0,2,0,0,0,0,0,0,1,1,3,2,1,2,9,9,2,9,9,9,0,0,,1,1,1,1,1,1,1,1,2,0,1,1,2,1,2,1,1,1,1,1,1
9954276,UTTARAKHAND,CHAMOLI,DEWAL,1,,,Mundoli,Mundoli,Dewal,1,3,1,5,1,246427,2,2,3,0,2,4,19,14,0,0,0,2,2,1,225,1,0,0,0,1,0,0,9,9,1916,2,2,9,2,1,5,4,1,3,1,1,7,3,1,0,3,0,1,1,1,1,1,0,0,0,0,0,0,1,2,2,1,2,2,2,2,2,1,2,2,2,1,1,1,2,1,1,1,1,9,1,1,1,2,0,0,0,0,0,0,0,0,0,2,9,0,2,1,0,0,0,0,0,0,1,2,3,2,1,1,9,9,2,9,9,9,0,0,1.0,1,1,1,2,1,1,1,1,9,0,1,2,3,1,1,2,2,1,1,2,1
2338338,UTTARAKHAND,CHAMOLI,GAIRSAIN,1,,,Marora,Maroda,Gairsain,1,3,1,5,1,246428,2,2,3,0,2,4,19,14,0,0,0,1,2,2,10,1,0,0,0,0,0,0,9,9,1948,1,2,9,2,1,11,5,1,3,2,2,2,2,2,2,0,0,1,1,1,1,1,0,0,0,0,0,0,1,2,2,1,2,2,2,2,2,1,2,2,2,2,1,1,2,1,1,1,1,9,1,1,1,1,0,0,0,0,0,0,0,0,0,2,9,0,1,2,0,0,0,0,0,1,1,2,3,2,1,1,9,9,2,9,9,9,0,0,2.0,1,1,2,2,1,1,1,1,9,0,1,1,4,1,1,2,2,1,1,1,1
9998762,UTTARAKHAND,CHAMOLI,DEWAL,1,,,Balan,Balan,Dewal,7,3,6,10,1,246427,2,2,3,0,2,4,19,0,0,2,0,2,9,9,224,1,0,0,0,0,0,0,9,9,1991,1,2,2,2,1,9,0,1,3,1,1,2,5,8,5,0,0,1,1,1,2,2,0,0,0,0,1,2,1,2,2,1,2,2,2,2,2,1,2,2,2,1,1,1,2,1,2,2,1,9,1,2,9,2,0,0,0,0,0,0,0,0,0,1,2,0,0,4,0,0,0,0,1,1,2,2,3,2,1,1,2,2,9,9,2,9,70,0,1.0,1,1,1,2,1,1,2,1,1,40,1,1,4,1,1,2,2,1,1,1,1
4379556,UTTARAKHAND,CHAMOLI,DASHOLI,2,Chamoli Gopeshwar-Municipality,Chamoli Gopeshwar (MB) -Gopeshwer Gaon Ward No.2,,,,1,3,1,5,5,246401,2,2,3,0,2,4,0,0,0,0,0,2,1,9,219,1,8,6,2,1,0,0,9,9,1989,9,2,9,2,9,0,0,9,2,1,1,1,6,7,6,0,0,1,1,1,1,1,0,0,0,0,0,0,1,2,2,1,2,2,2,2,2,1,2,2,2,2,1,1,2,1,1,1,1,9,1,2,9,1,0,0,0,0,0,0,0,0,0,1,9,0,0,3,0,0,0,0,0,0,1,2,3,2,2,2,9,9,2,9,9,9,0,0,,1,1,2,1,1,1,1,1,9,0,1,1,1,1,1,1,1,1,1,1,1
9373133,UTTARAKHAND,CHAMOLI,DEWAL,1,,,Kotera,Koteda,Dewal,4,3,6,8,1,246427,2,2,3,0,2,4,14,19,0,0,0,2,9,9,220,1,0,0,0,0,0,0,9,9,2010,2,2,2,2,2,0,5,2,3,1,1,2,3,2,3,0,0,1,1,1,1,1,0,0,0,0,0,0,1,2,2,1,2,2,2,2,2,1,2,2,2,1,1,1,2,1,2,2,1,9,1,1,1,1,0,0,0,0,0,0,0,0,0,1,1,0,0,4,0,0,0,0,0,1,1,1,3,2,1,1,9,9,9,9,9,9,0,0,1.0,1,1,1,2,1,1,1,1,1,9,1,2,3,1,2,2,2,1,1,1,2
6207244,UTTARAKHAND,CHAMOLI,Jyotirmath,1,,,Sailang,Selang,Joshimath,4,3,6,8,1,246443,2,2,3,0,2,4,19,14,0,0,0,1,9,9,220,1,0,0,0,0,0,0,9,9,1993,1,2,2,2,1,8,5,1,3,1,1,1,3,1,3,0,0,1,1,1,1,1,0,0,0,0,1,1,1,2,2,1,2,2,2,2,2,1,2,2,2,2,1,1,2,1,2,2,1,9,1,1,1,1,0,0,0,0,0,0,0,0,0,2,9,0,0,1,0,0,0,0,1,1,1,2,3,1,1,1,9,9,9,9,9,9,0,0,1.0,1,2,2,2,1,1,1,1,2,0,1,2,1,1,1,2,2,1,1,1,1
1008957,UTTARAKHAND,CHAMOLI,DEWAL,1,,,Mundoli,Mundoli,Dewal,5,3,6,12,1,246427,2,2,3,0,2,4,19,14,0,1,1,2,9,9,222,1,0,0,0,0,0,0,9,9,1975,1,1,1,2,1,2,16,1,3,8,4,5,11,7,4,0,7,1,3,3,3,3,0,0,0,0,1,1,1,2,2,1,2,2,2,2,2,1,2,2,2,2,1,1,1,1,2,1,2,1,1,2,9,1,3,3,3,4,4,4,4,4,3,1,1,1,0,8,0,1,0,1,2,4,1,2,3,2,1,1,2,2,9,9,2,2,120,60,1.0,1,1,1,1,1,1,2,1,1,94,1,2,1,1,2,2,2,1,1,1,2
2290287,UTTARAKHAND,CHAMOLI,NARAYANBAGAR,1,,,Bhagoti,Bhagoti,Narayanbagar,5,3,6,12,1,246455,2,2,3,0,2,4,19,0,0,2,2,2,9,9,225,1,0,0,0,0,0,0,9,9,1980,1,2,2,2,1,6,15,1,3,6,5,5,9,9,5,2,2,1,1,1,1,1,0,0,0,0,0,0,1,2,2,1,2,2,2,2,2,1,2,2,2,2,1,1,2,1,1,1,1,9,1,2,9,1,3,3,2,3,3,3,3,3,1,2,9,0,0,4,0,0,0,1,1,2,1,1,3,2,1,1,2,2,9,9,2,2,104,0,1.0,1,1,1,1,1,1,1,1,1,0,1,1,6,1,2,2,2,1,1,1,2
5878403,UTTARAKHAND,CHAMOLI,KARANPRAYAG,1,,,Silangi,Silangi,Karnaprayag,5,3,6,12,1,246446,2,2,3,0,2,4,19,14,0,2,2,2,9,9,225,1,0,0,0,0,0,0,9,9,1976,1,2,2,2,1,2,0,1,3,6,4,2,7,5,3,3,1,1,2,2,2,2,0,0,0,0,0,0,1,2,1,1,2,1,2,2,1,1,2,1,2,2,1,1,1,1,1,1,1,9,1,1,2,1,4,4,4,4,4,4,4,4,2,1,1,0,0,3,0,2,0,1,1,2,2,2,3,2,2,1,2,2,9,9,2,2,0,0,1.0,1,1,1,2,1,1,1,1,1,40,1,1,2,1,1,2,2,1,1,1,1
9234396,UTTARAKHAND,CHAMOLI,THARALI,1,,,Chepadon,Chepron,Tharali,5,3,6,12,4,246481,2,2,3,0,2,4,19,14,0,2,2,1,9,9,210,1,0,0,0,0,0,0,9,9,1988,1,2,2,2,1,3,0,1,1,7,7,3,9,15,9,0,0,1,3,3,2,2,0,0,0,0,1,0,1,2,2,1,2,2,2,2,2,1,2,2,2,1,1,1,1,1,1,1,1,9,1,1,2,1,2,2,2,2,3,2,2,2,4,2,9,1,0,1,0,0,0,0,1,1,1,2,2,1,1,1,2,2,9,9,2,2,107,0,2.0,1,1,2,1,1,1,1,1,2,0,1,1,1,1,1,2,2,1,1,1,1
9096520,UTTARAKHAND,CHAMOLI,GAIRSAIN,1,,,Kushrani Malli,Kusrani,Gairsain,4,2,6,8,1,246486,2,2,3,0,2,4,19,14,0,0,0,1,9,9,226,1,0,0,0,0,0,0,9,9,2007,1,2,2,2,1,0,0,1,3,2,2,5,3,1,3,0,0,2,0,0,1,1,0,0,0,0,0,0,1,2,2,1,2,2,2,2,2,1,2,2,2,1,1,1,2,1,1,1,1,9,1,1,1,2,0,0,0,0,0,0,0,0,0,2,9,0,0,1,0,0,0,0,0,0,1,1,3,2,2,1,9,9,9,9,9,9,0,0,1.0,1,1,1,2,1,1,1,1,1,41,1,1,2,1,1,2,2,1,1,1,1
5043146,UTTARAKHAND,CHAMOLI,DEWAL,1,,,Kheta Manvati,Kheta Manmati,Dewal,1,3,1,5,1,246427,2,2,3,0,2,4,19,14,0,0,0,2,2,2,226,1,0,0,0,0,0,2,9,9,1999,1,2,9,2,2,0,0,1,3,1,1,5,2,2,0,0,2,1,0,0,1,1,0,0,0,0,0,0,1,2,2,1,2,2,2,2,2,1,2,2,2,2,1,1,1,1,1,1,1,9,1,1,1,1,0,0,0,0,0,0,0,0,0,2,9,0,1,2,0,0,0,0,0,0,2,2,3,2,1,1,9,9,2,9,9,9,0,0,1.0,1,1,1,2,1,1,1,1,9,0,1,1,4,1,1,1,1,2,1,1,2
2811932,UTTARAKHAND,CHAMOLI,THARALI,1,,,Kasbi Nagar,Kasvinagar,Tharali,1,3,1,5,1,246482,2,2,3,0,2,4,19,14,0,0,0,1,2,2,224,1,0,0,1,0,0,5,9,9,1977,1,2,9,2,1,12,5,1,3,1,1,2,6,2,3,0,3,1,1,1,1,1,0,0,0,0,0,0,1,2,2,1,2,2,2,2,2,1,2,2,2,1,1,1,2,1,1,1,1,9,1,1,1,1,0,0,0,0,0,0,0,0,0,2,9,0,2,1,0,0,0,0,0,0,1,2,3,2,2,1,9,9,2,9,9,9,0,0,1.0,1,2,1,2,1,1,1,1,9,0,1,1,2,1,1,2,2,1,1,1,1
5136338,UTTARAKHAND,CHAMOLI,NARAYANBAGAR,1,,,Mauna,Mauna,Narayanbagar,1,3,1,5,1,246444,2,2,3,0,2,4,19,14,0,0,0,2,2,1,0,1,0,0,0,0,0,0,9,9,1986,1,2,9,2,2,0,2,1,3,1,1,5,2,1,2,0,0,1,0,0,1,1,0,0,0,0,0,0,1,2,2,1,2,2,2,2,2,1,2,2,2,1,1,1,2,1,1,1,1,9,1,1,1,1,0,0,0,0,0,0,0,0,0,2,9,0,1,0,0,0,0,0,0,0,1,2,3,2,2,1,9,9,2,9,9,9,0,0,1.0,1,1,1,2,1,1,1,1,9,0,1,1,1,1,1,2,2,1,1,1,2
3788266,UTTARAKHAND,CHAMOLI,KARANPRAYAG,1,,,Sunai,Sunai,Karnaprayag,1,3,1,5,1,246488,2,2,3,0,2,4,19,14,0,0,0,1,2,2,0,1,0,0,0,0,1,0,9,9,1946,1,2,9,2,2,0,2,1,3,1,1,2,2,1,2,0,0,1,1,1,1,1,0,0,0,0,0,0,1,2,2,1,2,2,2,2,2,1,2,2,2,2,1,1,2,1,1,1,1,9,1,1,2,1,0,0,0,0,0,0,0,0,0,2,9,0,2,1,0,0,0,0,0,0,1,2,3,2,1,1,9,9,2,9,9,9,0,0,1.0,1,1,1,2,1,1,1,1,9,0,1,1,1,1,1,2,2,1,1,1,1
8272271,UTTARAKHAND,CHAMOLI,DEWAL,1,,,Dhara Talla,Dhara Talla,Dewal,1,3,1,5,1,246427,2,2,3,0,2,4,19,0,0,0,0,2,2,2,224,1,0,0,0,0,0,0,9,9,1985,1,2,9,2,1,0,0,1,3,1,1,1,3,1,3,0,0,1,1,1,1,1,0,0,0,0,0,0,1,2,2,1,2,2,2,2,2,1,2,2,2,2,1,1,2,1,1,1,1,9,1,1,1,1,0,0,0,0,0,0,0,0,0,2,9,0,1,0,0,0,0,0,0,0,1,2,3,2,1,1,9,9,2,9,9,9,0,0,2.0,1,1,1,2,1,1,1,1,9,0,1,2,1,1,1,2,2,1,1,1,1
7265734,UTTARAKHAND,CHAMOLI,DEWAL,1,,,Ghes,Ghes,Dewal,1,3,1,5,1,246427,2,2,3,0,2,4,0,0,0,0,0,2,2,1,228,1,0,0,0,0,7,3,9,9,1945,1,2,9,2,2,0,0,1,3,1,1,2,2,1,0,0,2,1,1,1,1,1,0,0,0,0,0,0,1,2,2,1,2,2,2,2,2,1,2,2,2,1,1,1,1,1,1,1,1,9,1,1,1,2,0,0,0,0,0,0,0,0,0,2,9,0,0,1,0,0,0,0,0,1,1,2,3,2,2,1,9,9,2,9,9,9,125,120,1.0,1,1,1,2,1,1,1,1,9,0,1,1,4,1,1,2,2,1,1,1,1
8611034,UTTARAKHAND,CHAMOLI,Jyotirmath,1,,,Farkiagaon,Farkiya,Joshimath,1,3,1,5,1,246443,2,1,3,0,2,4,19,14,0,0,0,1,2,1,225,1,0,2,0,0,0,0,9,9,1973,1,2,9,2,2,0,0,1,3,1,1,7,2,1,2,0,0,1,1,1,1,1,0,0,0,0,0,0,1,2,2,1,2,2,2,2,2,1,2,2,2,2,1,1,1,1,1,2,1,9,1,2,9,1,0,0,0,0,0,0,0,0,0,2,9,0,1,1,0,0,0,0,0,0,1,2,3,2,1,1,9,9,2,9,9,9,10,10,1.0,1,1,1,2,1,1,1,1,9,0,1,1,1,1,1,2,2,1,1,1,1
6675372,UTTARAKHAND,CHAMOLI,DASHOLI,1,,,Dewar,Dewar Kaneri,Dasholi,1,3,1,5,1,246449,2,2,3,0,2,4,0,0,0,0,0,2,2,1,223,1,0,0,0,0,1,2,9,9,1942,1,2,9,2,2,0,0,1,3,1,1,2,2,1,2,0,0,1,2,2,1,1,0,0,0,0,0,0,1,2,2,1,2,2,2,2,2,1,2,2,2,2,1,1,2,1,1,2,1,9,1,1,1,1,0,0,0,0,0,0,0,0,0,2,9,0,1,1,0,0,0,0,0,0,2,2,3,2,1,1,9,9,2,9,9,9,65,65,1.0,1,1,1,2,1,1,1,1,9,0,1,1,2,1,1,2,2,1,1,1,1
8698265,UTTARAKHAND,CHAMOLI,DEWAL,1,,,Odar,Odar,Dewal,1,3,1,5,1,246427,2,2,3,0,2,4,19,14,0,0,0,2,2,2,228,1,0,0,0,0,0,0,9,9,1982,2,2,9,2,1,4,0,1,3,1,1,2,2,1,2,0,0,1,1,1,1,1,0,0,0,0,0,2,1,2,2,1,2,2,2,2,2,1,2,2,2,2,1,1,1,1,1,1,2,2,1,1,1,1,0,0,0,0,0,0,0,0,0,2,9,0,1,1,0,0,0,0,0,0,1,2,3,2,1,1,9,9,2,9,9,9,0,0,1.0,1,1,2,2,1,1,2,1,9,0,1,1,3,1,1,2,2,2,1,1,2
3377935,UTTARAKHAND,CHAMOLI,GAIRSAIN,1,,,Jalchaura,Saringgaon,Gairsain,1,3,1,5,1,246486,2,2,3,0,2,4,0,0,0,0,0,2,2,2,228,1,0,0,0,0,0,0,9,9,2004,1,2,9,2,2,0,5,1,3,1,1,5,2,1,0,2,0,1,1,1,1,1,0,0,0,0,0,0,1,2,2,1,2,2,2,2,2,1,2,2,2,2,1,1,2,1,1,1,1,9,1,1,1,1,0,0,0,0,0,0,0,0,0,2,9,0,2,1,0,0,0,0,0,0,1,2,2,2,1,1,9,9,2,9,9,9,9,0,1.0,1,1,2,2,1,1,1,1,9,0,1,2,2,1,1,2,2,1,1,1,1
3647109,UTTARAKHAND,CHAMOLI,GAIRSAIN,1,,,Kot,Kot,Gairsain,1,3,1,5,1,246486,2,2,3,0,2,4,19,14,0,0,0,2,2,1,226,1,0,0,0,0,0,0,9,9,1974,1,2,9,2,2,0,0,1,3,1,1,5,2,1,0,0,2,1,1,1,1,1,0,0,0,0,2,0,1,2,2,1,2,2,2,2,2,1,2,2,2,2,1,1,2,1,1,1,1,9,1,1,1,1,0,0,0,0,0,0,0,0,0,2,9,0,2,1,0,0,0,0,0,0,1,2,3,2,1,1,9,9,2,9,9,9,0,0,1.0,1,1,1,2,1,1,1,1,9,0,1,1,6,1,1,2,2,1,1,1,1
3237207,UTTARAKHAND,CHAMOLI,DASHOLI,1,,,Sonala,Sonla,Dasholi,1,3,1,5,1,246424,2,2,3,0,2,4,0,0,0,0,0,1,2,2,224,1,0,0,0,0,0,0,9,9,1979,1,2,9,2,2,0,0,2,3,1,0,2,2,2,0,0,2,1,1,0,1,1,1,0,0,0,0,0,1,2,2,1,2,2,2,2,2,1,2,2,2,2,1,1,2,1,1,2,1,9,1,1,1,1,0,0,0,0,0,0,0,0,0,2,9,0,1,0,0,0,0,0,0,0,1,2,3,2,2,1,9,9,2,9,9,9,0,0,1.0,1,1,1,2,1,1,1,1,9,0,1,1,1,1,1,2,2,1,1,1,1
2320958,UTTARAKHAND,CHAMOLI,NARAYANBAGAR,1,,,Dungri,Dungri,Narayanbagar,1,3,1,5,5,246455,2,2,3,0,2,4,19,14,0,0,0,2,2,9,218,1,0,0,0,0,0,0,9,9,1996,9,2,9,2,9,0,0,9,1,1,1,6,2,4,2,0,0,1,1,1,1,1,0,0,0,0,0,0,1,2,2,1,2,2,2,2,2,1,2,2,2,2,1,1,2,1,1,1,1,9,1,2,9,2,0,0,0,0,0,0,0,0,0,2,9,0,0,1,0,0,0,0,0,0,1,2,3,2,2,2,9,9,2,9,9,9,0,0,,1,2,2,1,1,1,2,1,9,0,1,2,6,2,2,2,2,1,1,1,2
8825327,UTTARAKHAND,CHAMOLI,GAIRSAIN,1,,,Kansuwa,Kansuwa,Gairsain,1,3,1,5,1,246440,2,2,3,0,2,4,19,14,0,0,0,1,2,2,222,1,0,0,0,0,0,1,9,9,1921,1,2,9,2,1,8,0,1,3,1,1,1,2,1,2,0,0,1,1,1,1,1,0,0,0,0,0,0,1,2,2,1,2,2,2,2,2,1,2,2,2,2,1,1,2,1,1,1,1,9,1,1,1,2,0,0,0,0,0,0,0,0,0,2,9,0,0,1,0,0,0,0,0,0,1,2,3,2,1,1,9,9,2,9,9,9,0,0,1.0,1,1,2,2,1,1,2,1,9,0,1,1,1,1,1,2,2,1,1,1,1
8168460,UTTARAKHAND,CHAMOLI,GAIRSAIN,1,,,Majyari Malli,Majiyari Malli,Gairsain,2,3,1,8,5,246428,2,2,3,0,2,4,0,0,0,0,0,1,1,9,232,1,0,0,0,0,5,2,9,9,2024,9,2,2,2,9,0,0,9,1,1,1,1,6,4,6,0,0,1,1,1,1,1,0,0,0,0,2,2,1,2,2,1,2,2,2,2,2,1,2,2,2,2,1,1,2,1,1,1,1,9,1,1,2,1,0,0,0,0,0,0,0,0,0,1,9,1,0,1,0,0,0,0,0,1,1,2,3,2,1,2,9,9,2,9,9,9,0,0,,1,1,1,1,1,1,1,1,2,0,1,1,2,1,1,1,1,1,1,1,1
9666477,UTTARAKHAND,CHAMOLI,THARALI,1,,,Ruisan,Rui Sana,Tharali,4,3,6,8,1,246481,2,2,3,0,2,4,0,0,0,0,0,1,9,9,222,1,0,0,0,0,0,0,9,9,1997,1,2,2,2,2,0,4,1,3,1,1,1,3,2,3,0,0,1,1,1,1,1,0,0,0,0,0,0,1,2,2,1,2,2,2,2,2,1,2,2,2,2,1,1,2,1,1,1,1,9,1,1,1,1,0,0,0,0,0,0,0,0,0,2,9,0,0,1,0,0,0,0,0,1,1,2,3,2,1,1,9,9,9,9,9,9,18,0,1.0,1,1,1,2,1,1,1,1,2,0,1,1,2,1,1,2,2,1,1,1,1
7351224,UTTARAKHAND,CHAMOLI,POKHARI,1,,,Siwae,Siwai,Pokhari,11,3,11,12,5,246446,2,2,3,0,2,4,14,19,0,0,2,2,9,9,215,1,0,0,0,0,0,0,9,9,1998,9,2,9,2,9,0,0,9,1,2,2,2,6,4,6,0,0,1,1,1,1,1,0,0,0,0,3,5,1,2,2,1,2,2,2,2,2,1,2,2,2,2,1,1,2,1,1,1,1,9,1,2,9,1,2,2,2,4,4,2,4,4,3,2,9,1,0,3,0,0,0,0,1,2,1,2,3,2,1,1,2,2,9,9,9,1,0,0,,1,1,1,2,1,1,1,1,2,0,1,1,3,1,1,1,1,1,1,1,1
1777377,UTTARAKHAND,CHAMOLI,GAIRSAIN,1,,,Hali Sera Urf Adibadari,Bainithal (Adibadri),Gairsain,5,3,6,12,1,246440,2,2,3,0,2,4,19,0,0,2,2,2,9,9,216,1,0,0,0,0,0,0,9,9,1975,1,1,1,2,1,4,60,1,3,4,3,1,9,10,9,0,0,1,2,2,2,2,0,0,0,0,2,2,1,2,2,1,2,2,2,2,2,1,2,2,2,2,1,1,1,1,1,1,1,9,1,2,9,1,1,1,1,3,4,2,3,4,2,1,1,0,0,3,0,1,0,4,2,3,1,2,3,2,2,1,2,1,9,9,2,2,0,0,1.0,1,2,2,1,1,1,1,1,1,110,1,2,4,1,1,2,3,1,1,1,1
9695667,UTTARAKHAND,CHAMOLI,DASHOLI,1,,,Nailmalana,Nail Kurao,Dasholi,4,3,6,8,1,246426,2,2,3,0,2,4,0,0,0,0,0,1,9,9,223,1,0,0,0,0,0,0,9,9,1997,1,2,2,2,2,0,15,1,3,2,1,1,5,3,0,4,1,1,1,1,1,1,0,0,0,0,0,0,1,2,2,1,2,2,2,2,2,1,2,2,2,1,1,1,2,1,1,2,1,9,1,1,2,1,0,0,0,0,0,0,0,0,0,1,1,0,0,2,0,0,0,0,0,1,1,2,3,2,1,1,9,9,9,9,9,9,15,15,1.0,1,1,1,2,1,1,1,1,1,0,1,1,2,1,1,2,2,1,1,1,1
3217406,UTTARAKHAND,CHAMOLI,NANDANAGAR,1,,,Sitel,Gulari,Ghat,5,3,6,12,1,246435,2,2,3,0,2,4,19,0,0,1,1,2,9,9,0,1,0,0,0,0,0,0,9,9,1983,1,1,2,2,1,0,0,1,3,5,5,7,5,5,5,0,0,2,2,2,2,2,0,0,1,1,0,0,1,2,2,1,2,2,2,2,2,1,2,2,2,1,1,1,2,1,1,1,1,9,1,2,9,1,4,4,4,4,4,4,4,4,4,2,9,0,0,4,0,0,0,1,1,2,1,2,3,2,1,1,2,2,9,9,2,2,0,0,1.0,1,1,1,1,1,1,1,1,2,0,1,1,4,1,1,2,3,1,1,1,1
1963162,UTTARAKHAND,CHAMOLI,THARALI,1,,,Gerur,Gerud,Tharali,5,3,6,12,1,246481,2,2,3,0,2,4,14,19,0,2,2,2,9,9,216,1,0,0,0,0,0,0,9,9,1962,1,2,2,2,1,3,0,1,3,4,3,2,7,6,0,5,2,2,1,1,2,2,0,0,0,0,0,0,1,2,2,1,2,2,2,2,2,1,2,2,2,1,1,1,1,1,1,1,1,9,1,2,9,2,4,4,4,4,4,4,4,4,2,1,2,0,0,5,0,0,0,2,1,2,1,2,3,2,1,1,2,2,9,9,2,2,154,0,1.0,1,1,1,1,1,1,1,1,1,72,1,1,3,1,1,2,2,1,1,1,1
3332607,UTTARAKHAND,CHAMOLI,DEWAL,1,,,Beradhar,Beradhar,Dewal,4,3,6,8,1,246427,2,2,3,0,2,4,0,0,0,0,0,2,9,9,0,1,0,0,0,0,0,0,9,9,2012,1,2,2,2,2,0,0,1,4,1,1,5,1,1,1,0,0,2,1,1,1,1,0,0,0,0,1,1,1,1,1,1,2,1,2,1,1,1,2,1,2,2,1,2,1,1,1,1,2,1,1,1,1,1,0,0,0,0,0,0,0,0,0,2,9,0,0,1,0,0,0,0,0,1,1,2,3,2,2,1,9,9,9,9,9,9,0,0,2.0,1,1,1,2,1,1,2,1,2,0,1,2,4,1,1,2,2,1,1,1,2
9922661,UTTARAKHAND,CHAMOLI,Jyotirmath,1,,,Gulabkoti,Gulab Koti,Joshimath,4,3,6,8,1,246472,2,2,3,0,2,4,14,19,0,0,0,1,9,9,224,1,0,0,0,0,0,0,9,9,1990,1,2,2,2,1,1,0,1,3,1,1,2,3,3,2,0,1,1,1,1,1,1,0,0,1,1,0,0,1,2,2,1,2,2,2,2,2,1,2,2,2,2,1,1,2,1,1,1,2,1,1,1,1,1,0,0,0,0,0,0,0,0,0,2,9,0,0,2,0,0,0,0,0,0,1,2,3,1,2,1,9,9,9,9,9,9,0,0,2.0,1,1,1,2,1,1,1,1,2,0,1,1,2,1,1,2,2,1,1,1,1
5714447,UTTARAKHAND,CHAMOLI,DASHOLI,2,Chamoli Gopeshwar-Municipality,Chamoli Gopeshwar (MB) -Kothiyaal Gaon Ward No.10,,,,4,3,6,8,4,246424,2,2,3,0,2,4,19,0,0,0,0,1,9,9,224,1,0,0,0,0,0,0,9,9,1989,1,2,2,2,2,0,0,1,1,1,1,1,3,3,3,0,0,2,1,1,1,1,0,0,0,0,2,0,1,2,2,1,2,2,2,2,2,1,2,2,2,2,1,1,2,1,1,1,1,9,1,2,9,1,0,0,0,0,0,0,0,0,0,1,2,0,0,2,0,0,0,0,0,1,1,1,3,2,2,1,9,9,9,9,9,9,0,0,1.0,1,1,1,1,1,1,1,1,2,0,1,1,2,1,1,1,2,1,1,1,1
9045310,UTTARAKHAND,CHAMOLI,NARAYANBAGAR,1,,,Jhijhoni,Jhinjhoni,Narayanbagar,4,3,6,8,5,246455,2,2,3,0,2,4,0,0,0,0,0,2,9,9,225,1,0,0,0,0,0,0,9,9,2015,9,2,2,2,9,0,0,9,1,1,1,7,3,0,3,0,0,2,3,3,3,3,0,0,0,0,0,0,1,2,1,1,2,2,2,2,1,1,2,2,2,2,1,1,2,1,1,1,1,9,1,1,1,1,0,0,0,0,0,0,0,0,0,1,9,0,0,4,0,0,0,0,0,1,1,2,3,2,1,1,9,9,9,9,9,9,0,0,,1,1,1,2,1,1,1,1,2,0,1,1,6,1,1,1,1,1,1,1,1
3812448,UTTARAKHAND,CHAMOLI,DEWAL,1,,,Beradhar,Beradhar,Dewal,1,3,1,5,1,246427,2,2,3,0,2,4,0,0,0,0,0,2,2,1,221,1,0,0,0,0,1,5,9,9,2003,1,2,9,2,1,0,0,1,3,1,1,1,2,1,0,2,0,1,1,1,1,1,0,0,0,0,0,0,1,2,2,1,2,2,2,2,2,1,2,2,2,2,1,1,1,1,2,1,1,9,1,1,1,1,0,0,0,0,0,0,0,0,0,2,9,0,1,1,0,0,0,0,0,0,1,2,3,2,1,1,9,9,2,9,9,9,0,0,1.0,1,1,1,2,1,1,1,1,9,0,1,1,5,1,1,2,2,1,1,1,1
5660195,UTTARAKHAND,CHAMOLI,Jyotirmath,1,,,Karachhon,Karchhon,Joshimath,1,3,1,5,1,246483,2,2,3,0,2,4,19,14,0,0,0,2,2,2,222,1,0,0,0,0,0,0,9,9,1992,1,2,9,2,2,0,3,2,3,1,1,2,2,4,0,0,2,1,1,1,1,1,0,0,0,0,1,1,1,2,2,1,2,2,2,2,2,1,2,2,2,2,1,1,2,1,1,1,1,9,1,1,1,1,0,0,0,0,0,0,0,0,0,2,9,0,1,0,0,0,0,0,0,0,1,2,3,1,1,1,9,9,2,9,9,9,0,0,1.0,1,2,2,2,1,1,1,1,9,0,1,1,1,1,1,2,2,1,1,1,1
3959720,UTTARAKHAND,CHAMOLI,POKHARI,1,,,Sankari,Sinau Talla Malla,Pokhari,5,3,6,12,1,246449,2,2,3,0,2,4,19,0,0,2,2,2,9,9,245,1,0,0,0,0,0,0,9,9,1997,1,2,2,2,1,4,10,1,3,2,2,1,12,3,12,0,0,1,1,1,1,1,0,0,0,0,1,1,1,2,2,1,2,2,2,2,2,1,2,2,2,2,1,1,2,1,1,1,1,9,1,1,2,1,4,4,4,4,4,4,4,4,4,1,2,0,0,5,0,0,0,1,1,1,1,2,3,2,1,1,2,2,9,9,2,2,56,56,1.0,1,2,2,2,1,1,2,1,1,34,1,1,3,1,1,2,2,1,1,2,2
1702614,UTTARAKHAND,CHAMOLI,NARAYANBAGAR,1,,,Gadseer,Garhasera,Narayanbagar,1,3,1,5,1,246455,2,2,3,0,2,4,19,14,0,0,0,2,2,1,226,1,0,0,0,0,2,1,9,9,1961,1,2,9,2,2,0,3,1,3,1,1,5,2,1,2,0,0,1,1,1,1,1,0,0,0,0,0,0,1,2,2,1,2,2,2,2,2,1,2,2,2,2,1,1,1,1,1,1,1,9,1,1,1,2,0,0,0,0,0,0,0,0,0,2,9,1,1,1,0,0,0,0,0,0,1,2,3,2,2,1,9,9,2,9,9,9,15,15,1.0,1,1,1,2,1,1,1,1,9,0,1,1,6,1,2,2,2,1,1,1,2
5288107,UTTARAKHAND,CHAMOLI,KARANPRAYAG,1,,,Suktoli,Sukhtoli,Karnaprayag,1,3,1,5,1,246474,2,2,3,0,2,4,0,0,0,0,0,1,2,1,230,1,0,0,0,0,0,0,9,9,2003,1,2,9,2,2,0,1,1,3,1,1,2,2,1,2,0,0,1,1,1,1,1,0,0,0,0,0,0,1,2,2,1,2,2,2,2,2,1,2,2,2,2,1,1,2,1,1,1,1,9,1,1,1,1,0,0,0,0,0,0,0,0,0,2,9,0,2,1,0,0,0,0,0,0,1,2,3,2,1,1,9,9,2,9,9,9,5,0,1.0,1,1,1,2,1,1,1,1,9,0,1,1,2,1,1,2,2,1,1,1,1
8577942,UTTARAKHAND,CHAMOLI,POKHARI,1,,,Rauta,Routa,Pokhari,1,3,1,5,1,246473,2,2,3,0,2,4,19,0,0,0,0,2,2,2,232,1,0,0,0,0,1,3,9,9,1998,1,2,9,2,2,0,0,1,3,2,2,2,2,1,2,0,0,1,1,1,1,1,0,0,0,0,0,0,1,2,2,1,2,2,2,2,2,1,2,2,2,2,1,1,2,1,1,1,1,9,1,1,1,1,0,0,0,0,0,0,0,0,0,2,9,0,2,1,0,0,0,0,0,0,1,2,3,2,1,1,9,9,2,9,9,9,8,8,1.0,1,1,1,2,1,1,1,1,9,0,1,1,2,1,1,2,2,2,1,1,1
7134226,UTTARAKHAND,CHAMOLI,KARANPRAYAG,1,,,Silangi,Chaundali,Karnaprayag,1,3,1,5,1,246446,2,2,3,0,2,4,0,0,0,0,0,2,2,1,231,1,0,0,1,0,3,0,9,9,1950,1,2,9,2,2,0,0,1,3,1,1,1,3,1,3,0,0,1,1,1,1,1,0,0,0,0,0,0,1,2,2,1,2,2,2,2,2,1,2,2,2,2,1,1,2,1,1,1,1,9,1,1,1,1,0,0,0,0,0,0,0,0,0,2,9,0,2,1,0,0,0,0,0,0,2,2,3,2,2,1,9,9,2,9,9,9,0,0,1.0,1,1,1,2,1,1,1,1,9,0,1,1,2,1,1,2,2,1,1,1,1
9331816,UTTARAKHAND,CHAMOLI,POKHARI,1,,,Thalabair,Thala Beind,Pokhari,1,3,1,5,1,246473,2,2,3,0,2,4,0,0,0,0,0,1,2,1,230,1,0,0,0,0,1,1,9,9,2004,1,2,9,2,2,0,0,1,3,1,1,2,2,1,2,0,0,1,1,1,1,1,0,0,0,0,0,0,1,2,2,1,2,2,2,2,2,1,2,2,2,2,1,1,2,1,1,1,1,9,1,1,1,1,0,0,0,0,0,0,0,0,0,2,9,0,2,1,0,0,0,1,0,0,1,1,3,2,2,1,9,9,2,9,9,9,0,0,1.0,1,1,1,2,1,1,1,1,9,0,1,1,2,1,1,2,2,2,1,1,1
4689869,UTTARAKHAND,CHAMOLI,NARAYANBAGAR,1,,,Khainoli,Khainoli,Narayanbagar,1,3,1,5,1,246444,2,2,3,0,2,4,19,14,0,0,0,2,2,1,230,1,0,0,0,0,0,1,9,9,1950,1,2,9,2,1,10,10,1,3,2,2,1,2,1,2,0,0,1,1,1,1,1,0,0,0,0,0,0,1,2,2,1,2,2,2,2,2,1,2,2,2,2,1,1,1,1,1,1,1,9,1,1,1,1,0,0,0,0,0,0,0,0,0,2,9,0,2,1,0,0,0,1,0,1,1,2,3,2,2,1,9,9,2,9,9,9,0,0,1.0,1,1,1,2,1,1,1,1,9,0,1,1,6,1,1,2,2,1,1,1,2
3018999,UTTARAKHAND,CHAMOLI,NARAYANBAGAR,1,,,Nakholi,Nakholi,Narayanbagar,1,3,1,5,1,246455,2,2,3,0,2,4,19,14,0,0,0,2,2,1,227,1,0,0,0,0,0,0,9,9,1972,1,2,9,2,2,0,1,1,3,1,1,2,2,1,2,0,0,1,1,1,1,1,0,0,0,0,0,0,1,2,2,1,2,2,2,2,2,1,2,2,2,2,1,1,2,1,1,1,1,9,1,1,1,1,0,0,0,0,0,0,0,0,0,2,9,0,1,1,0,0,0,0,0,0,1,2,1,1,1,1,9,9,2,9,9,9,3,0,1.0,1,2,2,2,1,2,2,2,9,0,1,2,1,1,1,2,2,1,1,1,2
9337622,UTTARAKHAND,CHAMOLI,KARANPRAYAG,1,,,Kanda Maikhura,Kanda Maikhura,Karnaprayag,1,3,1,5,1,246446,2,2,3,0,2,4,0,0,0,0,0,1,2,1,230,1,0,0,0,0,0,0,9,9,2008,1,2,9,2,2,0,3,1,3,2,2,5,2,1,1,0,1,1,1,1,1,1,0,0,0,0,0,0,1,2,2,1,2,2,2,2,2,1,2,2,2,2,1,1,2,1,1,1,1,9,1,1,1,1,0,0,0,0,0,0,0,0,0,2,9,0,1,0,0,0,0,0,0,0,1,2,3,2,2,1,9,9,2,9,9,9,7,0,1.0,1,1,1,2,1,1,1,1,9,0,1,1,1,1,1,2,2,1,1,1,1
3716848,UTTARAKHAND,CHAMOLI,Jyotirmath,1,,,Gulabkoti,Gulab Koti,Joshimath,1,3,1,5,1,246472,2,2,3,0,2,4,19,14,0,0,0,1,2,1,220,1,0,0,0,0,0,0,9,9,1964,1,2,9,2,2,0,0,1,3,1,1,1,2,1,2,0,0,1,1,1,1,1,0,0,0,0,0,0,1,2,2,1,2,2,2,2,2,1,2,2,2,2,1,1,2,1,1,1,1,9,1,1,1,1,0,0,0,0,0,0,0,0,0,2,9,0,1,2,0,0,0,0,0,0,1,2,3,1,2,1,9,9,2,9,9,9,5,5,1.0,1,1,2,2,1,1,1,1,9,0,1,1,1,1,1,2,2,1,1,1,1
8613289,UTTARAKHAND,CHAMOLI,DASHOLI,2,Chamoli Gopeshwar-Municipality,Chamoli Gopeshwar (MB) -Uper Bazaar Ward No.4,,,,1,3,1,5,5,246401,2,2,3,0,2,4,19,14,0,0,0,1,1,9,227,1,9,7,2,0,0,0,9,9,1977,9,2,9,2,9,0,0,9,1,1,1,1,8,8,8,0,0,1,5,5,3,3,0,0,0,0,2,2,1,2,2,1,2,2,2,2,2,1,2,2,2,2,1,1,2,1,2,1,1,9,1,2,9,1,0,0,0,0,0,0,0,0,0,1,9,2,1,8,0,1,1,0,2,2,1,1,2,2,2,2,9,9,2,9,9,9,0,0,,1,1,1,1,1,1,1,1,9,0,1,1,2,1,1,2,2,2,1,1,1
1569378,UTTARAKHAND,CHAMOLI,KARANPRAYAG,1,,,Sem,Sem,Karnaprayag,1,3,1,5,1,246444,2,2,3,0,2,4,0,0,0,0,0,1,2,2,231,1,0,0,0,0,0,2,9,9,1988,1,2,9,2,2,0,11,1,3,1,1,2,3,1,3,0,0,1,1,1,1,1,0,0,0,0,0,0,1,2,2,1,2,2,2,2,2,1,2,2,2,2,1,1,2,1,1,1,1,9,1,1,1,1,0,0,0,0,0,0,0,0,0,2,9,0,2,1,0,0,0,0,0,0,1,2,3,2,1,1,9,9,2,9,9,9,18,18,1.0,1,1,1,2,1,1,1,1,9,0,1,1,1,1,1,2,2,1,1,1,1
2427206,UTTARAKHAND,CHAMOLI,DASHOLI,1,,,Chatolikiroli,Kiruli,Dasholi,1,3,1,5,1,246472,2,2,3,0,2,4,0,0,0,0,0,1,2,1,230,1,0,0,0,0,0,0,9,9,1947,1,2,9,2,2,0,0,2,3,1,1,2,2,2,0,2,0,1,2,1,1,1,0,0,0,0,0,0,1,2,2,1,2,2,2,2,2,1,2,2,2,1,1,1,2,1,1,2,1,9,1,1,2,1,0,0,0,0,0,0,0,0,0,2,9,0,2,1,0,0,0,0,0,0,1,2,3,2,2,1,9,9,2,9,9,9,0,0,2.0,1,1,2,2,1,1,1,1,9,0,1,2,1,1,1,2,2,2,1,1,1
6027495,UTTARAKHAND,CHAMOLI,NANDANAGAR,1,,,Mokhmalla,Mokh Malla,Ghat,1,3,1,5,1,246449,2,2,3,0,2,4,14,19,18,0,0,2,2,2,226,1,0,0,0,0,4,1,9,9,1947,1,2,9,2,1,4,0,1,3,1,1,1,4,2,2,2,0,1,1,1,1,1,0,0,0,0,0,0,1,2,2,1,2,2,2,2,2,1,2,2,2,2,1,1,2,1,2,1,1,9,1,1,1,1,0,0,0,0,0,0,0,0,0,1,2,0,2,2,0,0,0,0,0,0,1,1,3,2,1,1,9,9,2,9,9,9,0,0,2.0,1,1,1,2,1,1,1,1,9,0,1,1,2,1,1,2,2,2,1,1,1
8589499,UTTARAKHAND,CHAMOLI,KARANPRAYAG,1,,,Kankhul Malla,Kankhul Malla,Karnaprayag,1,3,1,5,1,246474,2,2,3,0,2,4,0,0,0,0,0,1,2,2,230,1,0,0,0,0,0,0,9,9,1999,1,2,9,2,2,0,2,1,3,1,1,5,2,1,0,0,2,1,1,1,2,1,0,0,0,0,0,0,1,2,2,1,2,2,2,2,2,1,2,2,2,2,1,1,2,1,1,1,1,9,1,1,1,1,0,0,0,0,0,0,0,0,0,2,9,0,2,0,0,0,0,0,0,0,1,2,3,2,1,1,9,9,2,9,9,9,4,0,1.0,1,1,1,2,1,1,1,1,9,0,1,1,1,1,1,2,2,1,1,1,1
5407797,UTTARAKHAND,CHAMOLI,NANDANAGAR,1,,,Gandasu,Gandasu,Ghat,1,3,1,5,1,246449,2,2,3,0,2,4,19,14,0,0,0,2,2,1,228,1,0,0,0,0,0,0,9,9,1962,1,2,9,2,2,0,0,2,3,1,1,2,3,0,0,3,0,2,1,1,1,0,0,0,0,0,0,0,1,2,2,1,2,2,2,2,2,1,2,2,2,2,1,1,2,1,1,1,1,9,1,1,1,1,0,0,0,0,0,0,0,0,0,2,9,0,2,4,0,0,0,0,0,1,1,2,3,2,1,1,9,9,2,9,9,9,0,0,1.0,1,1,1,2,1,1,1,1,9,0,1,1,3,1,1,2,2,1,1,1,1
8829909,UTTARAKHAND,CHAMOLI,NARAYANBAGAR,1,,,Kothara,Kothra,Narayanbagar,1,3,1,5,1,246481,2,2,3,0,2,4,19,14,0,0,0,2,2,1,225,1,0,0,0,0,0,0,9,9,1986,2,2,9,2,2,0,5,1,3,1,1,5,2,1,2,0,0,1,2,1,1,1,0,0,0,0,0,0,1,2,2,1,2,2,2,2,2,1,2,2,2,2,1,1,2,1,1,1,2,1,1,1,1,1,0,0,0,0,0,0,0,0,0,2,9,0,2,1,0,0,0,0,0,0,1,2,3,2,2,1,9,9,2,9,9,9,10,10,1.0,1,1,1,2,1,1,1,1,9,0,1,1,6,1,1,2,2,1,1,1,2
9373558,UTTARAKHAND,CHAMOLI,POKHARI,1,,,Raduva,Raduwa,Pokhari,1,3,1,5,5,246473,2,2,3,0,2,4,19,14,0,0,0,2,2,9,228,1,0,0,0,0,0,0,9,9,2009,9,2,9,2,9,0,0,9,2,1,0,5,5,1,5,0,0,1,1,1,1,1,0,0,0,0,0,0,1,2,2,1,2,2,2,2,2,1,2,2,2,2,1,1,2,1,1,1,1,9,1,2,9,2,0,0,0,0,0,0,0,0,0,2,9,0,0,1,0,0,0,0,0,0,1,2,3,2,1,2,9,9,2,9,9,9,0,0,,1,1,1,1,1,1,1,1,9,0,1,1,2,1,2,1,1,1,1,1,1
3977269,UTTARAKHAND,CHAMOLI,DEWAL,1,,,Silkhola Laga Ichchholi,Dewal (Selkhola),Dewal,4,3,6,8,5,246427,2,2,3,0,2,4,19,14,0,0,0,1,9,9,0,1,0,0,0,0,0,0,9,9,1996,9,2,2,2,9,0,0,9,1,1,1,1,3,1,3,0,0,1,1,1,1,1,0,0,0,0,0,0,1,2,2,1,2,2,2,2,2,1,2,2,2,2,1,1,2,1,2,1,1,9,1,2,9,1,0,0,0,0,0,0,0,0,0,2,9,1,0,2,0,0,0,0,0,1,1,2,3,1,1,2,9,9,9,9,9,9,0,0,,1,1,1,1,1,1,2,1,2,0,1,1,2,1,1,1,1,1,1,1,1
3624270,UTTARAKHAND,CHAMOLI,DASHOLI,2,Chamoli Gopeshwar-Municipality,Chamoli Gopeshwar (MB) -Uper Bazaar Ward No.4,,,,2,3,1,8,5,246401,2,2,3,0,2,4,19,14,0,0,0,1,1,9,223,1,6,2,1,0,0,0,9,9,1984,9,2,2,2,9,0,0,9,1,1,1,1,10,14,10,0,0,1,1,1,1,1,0,0,0,0,3,2,1,2,2,1,2,2,2,2,2,1,2,2,2,2,1,1,2,1,1,1,1,9,1,2,9,1,0,0,0,0,0,0,0,0,0,1,9,0,0,16,0,0,0,0,1,1,1,2,3,2,1,2,9,9,2,9,9,9,0,0,,1,1,2,1,1,1,1,1,2,0,1,1,3,1,1,1,1,1,1,1,1
9645975,UTTARAKHAND,CHAMOLI,NARAYANBAGAR,1,,,Jhijhoni,Jhinjhoni,Narayanbagar,11,3,11,12,5,246455,2,2,3,0,2,4,0,0,0,0,2,1,9,9,225,1,0,0,0,0,0,0,9,9,2019,9,2,9,2,9,0,0,9,1,1,1,1,4,3,4,0,0,1,3,3,3,3,0,0,0,0,0,0,1,2,1,1,2,2,2,2,1,1,2,2,2,2,1,1,2,1,1,1,1,9,1,1,2,1,2,2,2,2,2,1,2,4,2,1,9,0,0,4,0,0,0,0,0,1,1,2,3,2,1,2,2,2,9,9,9,2,0,0,,1,1,1,2,1,1,1,1,2,0,1,1,6,1,1,1,1,1,1,1,1
5977023,UTTARAKHAND,CHAMOLI,GAIRSAIN,2,Gairsain-Town Panchayat,Gairsain (NP) -Gaid Ward No. 2,,,,2,3,1,8,5,246428,2,2,3,0,2,19,4,14,0,0,0,1,1,9,220,1,13,9,1,0,0,0,9,9,2003,9,2,2,2,9,0,0,9,2,1,1,3,11,2,11,0,0,1,1,1,1,1,0,0,0,0,0,0,1,2,2,1,2,2,2,2,2,1,2,2,2,2,1,1,2,1,1,1,1,9,1,1,1,1,0,0,0,0,0,0,0,0,0,1,9,1,0,6,0,0,1,0,0,1,1,2,3,2,1,1,9,9,2,9,9,9,0,0,,1,2,2,1,1,1,1,1,2,0,1,2,1,1,1,1,1,1,1,1,1
9710689,UTTARAKHAND,CHAMOLI,DEWAL,1,,,Torati,Torti,Dewal,7,3,6,10,1,246427,2,2,3,0,2,4,19,0,0,2,0,2,9,9,225,1,0,0,0,0,0,0,9,9,1990,2,2,2,2,1,7,0,1,3,7,7,2,7,6,3,0,4,1,2,2,1,1,0,0,0,0,0,0,1,2,2,1,2,2,2,2,2,1,2,2,2,1,1,1,2,1,1,1,1,9,1,1,2,1,0,0,0,0,0,0,0,0,0,1,2,0,0,3,0,0,0,0,0,1,2,1,3,2,1,1,2,2,9,9,2,9,0,0,1.0,1,1,1,2,1,1,1,1,2,0,1,1,3,1,1,1,1,1,1,1,1
3130485,UTTARAKHAND,CHAMOLI,NANDANAGAR,1,,,Sutol,Sutol,Ghat,7,3,6,10,1,246435,2,1,3,0,2,4,19,0,0,2,0,2,9,9,238,1,0,0,0,0,0,0,9,9,1988,1,2,2,2,1,5,0,1,3,7,3,1,7,5,7,0,0,1,1,1,1,1,0,0,0,0,0,0,1,2,2,1,2,2,2,2,2,1,2,2,2,2,1,1,2,1,1,1,1,9,1,2,9,1,0,0,0,0,0,0,0,0,0,1,2,0,0,2,0,0,0,0,0,1,2,2,3,2,1,1,2,2,9,9,2,9,0,0,1.0,1,1,1,2,1,1,1,1,1,38,1,1,1,1,1,2,2,1,1,1,1
5066749,UTTARAKHAND,CHAMOLI,THARALI,1,,,Meltha,Dewalkot,Tharali,4,3,6,8,1,246481,2,2,3,0,2,4,0,0,0,0,0,1,9,9,223,1,0,0,0,0,0,0,9,9,2009,1,2,2,2,1,4,0,1,3,1,1,2,3,2,3,0,0,1,1,1,1,1,0,0,0,0,0,0,1,2,2,1,2,2,2,2,2,1,2,2,2,2,1,1,2,1,1,1,1,9,1,1,1,1,0,0,0,0,0,0,0,0,0,2,9,0,0,5,0,0,0,0,0,1,1,2,3,2,1,1,9,9,9,9,9,9,6,6,1.0,1,1,2,2,1,1,1,1,1,0,1,1,2,1,1,2,2,1,1,1,1
3919315,UTTARAKHAND,CHAMOLI,THARALI,1,,,Chaunda,Chounda,Tharali,4,3,6,8,1,246481,2,2,3,0,2,4,14,19,0,0,0,1,9,9,223,1,0,0,0,0,0,0,9,9,2009,1,2,2,2,1,5,0,1,3,1,1,2,3,2,3,0,0,1,1,1,1,1,0,0,0,0,0,0,1,2,2,1,2,2,2,2,2,1,2,2,2,2,1,1,2,1,1,1,1,9,1,1,2,1,0,0,0,0,0,0,0,0,0,2,9,0,0,1,0,0,0,0,0,0,1,2,3,2,1,1,9,9,9,9,9,9,6,6,1.0,1,1,1,2,1,1,1,1,1,0,1,1,2,1,1,2,2,1,1,1,1
3873987,UTTARAKHAND,CHAMOLI,NARAYANBAGAR,1,,,Manoor,Bedgaon,Narayanbagar,4,3,6,8,1,246455,2,2,3,0,2,4,19,14,0,0,0,1,9,9,233,1,0,0,0,0,0,0,9,9,2007,2,2,2,2,2,0,1,1,3,3,3,1,3,3,3,0,0,1,1,1,2,2,0,0,0,0,0,0,1,2,2,1,2,2,2,2,2,1,2,2,2,2,1,1,2,1,1,1,1,9,1,1,2,1,0,0,0,0,0,0,0,0,0,2,9,0,0,1,0,0,0,0,0,0,1,2,3,2,1,1,9,9,9,9,9,9,0,0,1.0,1,1,1,2,1,1,1,1,2,0,1,1,5,1,1,2,2,1,1,1,2
7947029,UTTARAKHAND,CHAMOLI,Jyotirmath,1,,,Jalam,Jelam,Joshimath,4,3,6,8,1,246443,2,2,3,0,2,4,19,14,0,0,0,1,9,9,224,1,0,0,0,0,0,0,9,9,1981,1,2,2,2,2,0,8,1,3,4,4,7,4,2,2,1,1,1,2,1,1,1,1,1,1,1,0,0,1,2,2,1,2,2,2,2,2,1,2,2,2,2,1,1,2,1,2,1,1,9,1,1,1,1,0,0,0,0,0,0,0,0,0,2,9,0,0,4,0,0,0,0,0,2,1,1,3,1,1,1,9,9,9,9,9,9,16,15,1.0,1,1,2,2,1,1,1,1,2,0,1,1,5,1,1,2,2,2,1,1,1
8624798,UTTARAKHAND,CHAMOLI,DASHOLI,2,Nandprayag-Town Panchayat,Nandprayag (NP) -Chandika Mohalla Ward No.4,,,,4,2,6,8,1,246449,2,2,3,0,2,4,19,14,0,0,0,1,9,9,228,1,0,0,0,0,0,0,9,9,1990,1,2,2,2,2,0,8,1,3,1,1,2,3,2,0,0,3,1,0,0,2,2,0,0,1,1,0,0,1,2,2,1,2,2,2,2,2,1,2,2,2,1,1,1,2,1,1,1,1,9,1,1,1,1,0,0,0,0,0,0,0,0,0,2,9,0,0,1,0,0,0,0,1,0,1,2,3,2,1,1,9,9,9,9,9,9,25,25,1.0,1,1,1,2,1,1,1,1,1,25,1,2,6,1,1,2,2,1,1,1,1
9748066,UTTARAKHAND,CHAMOLI,KARANPRAYAG,1,,,Simalt,Kanoth,Karnaprayag,4,3,6,8,1,246487,2,2,3,0,2,4,0,0,0,0,0,1,9,9,230,1,0,0,0,0,0,0,9,9,2007,1,2,2,2,2,0,3,1,3,1,1,2,3,2,0,3,0,1,1,0,1,1,0,0,0,0,0,0,1,2,2,1,2,2,2,2,2,1,2,2,2,1,1,1,2,1,1,1,1,9,1,1,1,1,0,0,0,0,0,0,0,0,0,2,9,0,0,3,0,0,0,0,0,1,1,2,3,2,1,1,9,9,9,9,9,9,12,0,1.0,1,1,1,2,1,1,1,1,2,0,1,1,1,1,1,2,2,1,1,1,1
5825885,UTTARAKHAND,CHAMOLI,DASHOLI,1,,,Nijmola,Nijmula,Dasholi,5,3,6,12,1,246424,2,2,3,0,2,4,19,0,0,2,2,2,9,9,0,1,0,0,0,0,0,0,9,9,1979,1,2,2,2,1,4,80,1,3,5,5,5,7,4,3,1,3,1,1,1,2,2,0,0,0,0,0,0,1,2,1,1,2,2,2,2,1,1,2,2,2,2,1,1,2,1,2,2,2,1,1,2,9,1,4,4,4,4,4,4,4,4,4,1,2,0,0,12,0,0,0,2,1,3,2,1,3,2,2,1,2,2,9,9,2,2,209,209,1.0,1,1,1,2,1,1,1,1,1,30,1,1,5,1,1,2,2,1,1,1,1
2237467,UTTARAKHAND,CHAMOLI,POKHARI,1,,,Jakhmala,Pati Jakhmala,Pokhari,5,3,6,12,1,246473,2,2,3,0,2,4,19,14,0,2,2,2,9,9,234,1,0,0,0,0,0,0,9,9,1979,1,2,2,2,1,2,45,1,3,7,7,5,7,7,7,0,0,1,2,2,2,2,0,0,0,0,0,0,1,2,2,1,2,2,2,2,2,1,2,2,2,1,1,1,2,1,1,2,1,9,1,2,9,1,4,4,4,4,4,4,4,4,4,2,9,0,0,12,0,0,0,1,1,2,1,2,3,2,1,1,2,2,9,9,2,2,202,0,1.0,1,1,1,2,1,1,1,1,1,68,1,1,3,1,1,2,2,1,1,1,1
3641789,UTTARAKHAND,CHAMOLI,KARANPRAYAG,1,,,Sem,Sem,Karnaprayag,4,3,6,8,1,246444,2,2,3,0,2,4,0,0,0,0,0,2,9,9,226,1,0,0,0,0,0,0,9,9,2002,1,2,2,2,2,0,4,1,3,1,1,5,3,1,3,0,0,1,1,1,1,1,1,1,0,0,0,0,1,2,2,1,2,2,2,2,2,1,2,2,2,2,1,1,2,1,1,1,1,9,1,1,1,1,0,0,0,0,0,0,0,0,0,2,9,0,0,1,0,0,0,2,0,0,1,2,3,2,1,1,9,9,9,9,9,9,0,0,1.0,1,1,1,2,1,1,1,1,2,0,1,1,4,1,1,2,2,1,1,1,1
1131695,UTTARAKHAND,CHAMOLI,GAIRSAIN,1,,,Lam Bagar,Lambagar,Gairsain,4,3,6,8,1,246486,2,2,3,0,2,4,0,0,0,0,0,1,9,9,225,1,0,0,0,0,0,0,9,9,2010,1,2,2,2,1,8,6,1,3,2,1,5,3,3,1,2,0,1,1,1,1,1,0,0,0,0,0,0,1,2,2,1,2,2,2,2,2,1,2,2,2,1,1,1,2,1,1,1,1,9,1,1,1,1,0,0,0,0,0,0,0,0,0,1,2,0,0,1,0,0,0,0,0,0,1,2,3,2,1,1,9,9,9,9,9,9,0,0,1.0,1,1,1,2,1,1,1,1,2,0,1,1,4,1,1,2,2,1,1,1,1
8323561,UTTARAKHAND,CHAMOLI,DASHOLI,1,,,Golim,Golim,Dasholi,1,3,1,5,1,246424,2,2,3,0,2,4,19,14,0,0,0,2,2,2,223,1,1,1,0,0,0,0,9,9,1985,1,2,9,2,1,8,0,1,3,1,1,2,2,1,0,2,0,1,1,1,1,1,0,0,0,0,0,0,1,2,2,1,2,2,2,2,2,1,2,2,2,2,1,1,2,1,1,2,1,9,1,1,1,1,0,0,0,0,0,0,0,0,0,2,9,0,1,0,0,0,0,0,0,0,1,2,3,2,1,1,9,9,2,9,9,9,0,0,1.0,1,1,2,2,1,1,1,1,9,0,1,1,2,1,1,2,2,1,1,1,1
5155588,UTTARAKHAND,CHAMOLI,NARAYANBAGAR,1,,,Meeng,Meeng,Narayanbagar,1,3,1,5,1,246444,2,2,3,0,2,4,0,0,0,0,0,1,2,1,0,1,0,0,0,0,0,0,9,9,1935,1,2,9,2,1,8,4,1,3,1,1,5,2,1,2,0,0,1,1,1,1,1,0,0,0,0,1,1,1,2,2,1,2,2,2,2,2,1,2,2,2,2,1,1,2,1,1,1,1,9,1,1,1,1,0,0,0,0,0,0,0,0,0,2,9,0,1,1,0,0,0,0,0,0,1,2,3,2,1,1,9,9,2,9,9,9,0,0,1.0,1,1,1,2,1,1,1,1,9,0,1,1,6,1,1,2,2,1,1,1,2
6357264,UTTARAKHAND,CHAMOLI,DEWAL,1,,,Balan,Balan,Dewal,1,3,1,5,1,246427,2,2,3,0,2,4,19,14,0,0,0,2,2,1,226,1,0,0,0,0,5,3,9,9,1946,1,2,9,2,1,0,20,1,3,1,1,5,2,4,1,1,0,1,1,1,1,1,0,0,0,0,1,1,1,2,2,1,2,2,2,2,2,1,2,2,2,2,1,1,1,1,2,1,1,9,1,1,1,1,0,0,0,0,0,0,0,0,0,2,9,0,2,1,0,0,0,0,0,1,1,2,3,2,1,1,9,9,2,9,9,9,26,34,1.0,1,1,1,2,1,2,1,1,9,0,1,1,5,1,1,2,2,1,1,1,1
8124908,UTTARAKHAND,CHAMOLI,POKHARI,1,,,Girsa,Girasa,Pokhari,1,3,1,5,1,246446,2,2,3,0,2,4,19,14,0,0,0,1,2,2,222,1,0,0,1,0,0,0,9,9,1956,1,2,9,2,2,0,3,1,3,1,1,2,2,1,2,0,0,1,1,1,1,1,0,0,0,0,0,0,1,2,2,1,2,2,2,2,2,1,2,2,2,2,1,1,2,1,1,1,1,9,1,1,2,2,0,0,0,0,0,0,0,0,0,2,9,0,1,1,0,0,0,0,0,0,1,2,3,2,1,1,9,9,2,9,9,9,9,9,1.0,1,1,1,2,1,1,1,1,9,0,1,1,1,1,1,2,2,2,1,1,1
8364113,UTTARAKHAND,CHAMOLI,GAIRSAIN,1,,,Dham Dev,Kot,Gairsain,1,3,1,5,1,246486,2,2,3,0,2,4,19,14,0,0,0,1,2,1,226,1,0,0,0,0,0,1,9,9,1998,1,2,9,2,2,0,18,1,3,1,1,2,3,1,3,0,0,1,1,1,1,1,0,0,0,0,1,0,1,2,2,1,2,2,2,2,2,1,2,2,2,2,1,1,1,1,1,1,1,9,1,1,1,1,0,0,0,0,0,0,0,0,0,2,9,0,1,1,0,0,0,0,0,0,1,2,2,2,1,1,9,9,2,9,9,9,18,18,1.0,1,1,2,2,1,1,1,1,9,0,1,1,5,1,1,2,2,1,1,1,1
3356920,UTTARAKHAND,CHAMOLI,DASHOLI,1,,,Gadi,Gadi,Dasholi,1,3,1,5,1,246424,2,2,3,0,2,4,19,14,0,0,0,1,2,2,221,1,0,0,0,0,0,0,9,9,1953,1,2,9,2,2,0,0,1,3,1,0,1,2,1,1,1,0,1,1,1,1,1,0,0,0,0,0,0,1,2,2,1,2,2,2,2,2,1,2,2,2,2,1,1,2,1,1,1,1,9,1,1,1,2,0,0,0,0,0,0,0,0,0,2,9,0,2,1,0,0,0,0,1,0,1,2,3,2,2,1,9,9,2,9,9,9,0,0,1.0,1,1,1,2,1,1,1,1,9,0,1,1,2,1,1,2,2,2,1,1,1
2648158,UTTARAKHAND,CHAMOLI,KARANPRAYAG,1,,,Koti,Koti,Karnaprayag,1,3,1,5,1,246444,2,2,3,0,2,4,0,0,0,0,0,2,2,2,230,1,0,0,0,0,0,5,9,9,2003,1,2,9,2,2,0,8,1,3,1,1,5,2,1,0,0,2,1,1,0,1,1,0,0,0,0,0,0,1,2,2,1,2,2,2,2,2,1,2,2,2,2,1,1,2,1,1,1,1,9,1,1,1,1,0,0,0,0,0,0,0,0,0,2,9,0,2,1,0,0,0,0,0,0,2,2,3,2,2,1,9,9,2,9,9,9,17,0,1.0,1,1,1,2,1,1,1,1,9,0,1,1,1,1,1,2,2,1,1,1,1
1408165,UTTARAKHAND,CHAMOLI,DEWAL,1,,,Kandai,Kandai,Dewal,1,3,1,5,1,246427,2,2,3,0,2,4,0,0,0,0,0,2,2,2,225,1,0,0,0,0,4,3,9,9,1984,1,2,9,2,2,0,0,1,3,1,1,5,2,1,2,0,0,1,1,1,1,1,0,0,0,0,0,0,2,2,2,1,2,2,2,2,2,1,2,2,2,1,1,1,1,1,1,1,1,9,1,1,1,1,0,0,0,0,0,0,0,0,0,2,9,0,2,1,0,0,0,0,0,0,1,2,3,2,1,1,9,9,2,9,9,9,0,0,2.0,1,1,1,2,1,1,1,1,9,0,1,2,4,1,1,2,2,1,1,1,1
4973120,UTTARAKHAND,CHAMOLI,KARANPRAYAG,1,,,Thapli,Thapli,Karnaprayag,1,3,1,5,1,246444,2,2,3,0,2,4,19,14,0,0,0,1,2,2,230,1,0,0,0,0,0,1,9,9,1957,1,2,9,2,2,0,6,1,3,1,1,2,3,2,3,0,0,1,1,1,1,1,0,0,0,0,0,0,1,2,2,1,2,2,2,2,2,1,2,2,2,2,1,1,2,1,1,1,1,9,1,1,1,1,0,0,0,0,0,0,0,0,0,2,9,0,1,1,0,0,0,0,0,0,1,2,3,2,2,1,9,9,2,9,9,9,0,0,1.0,1,1,1,2,1,1,1,1,9,0,1,1,1,1,1,2,2,1,1,1,1
8768069,UTTARAKHAND,CHAMOLI,NARAYANBAGAR,1,,,Nam Tol,Namtol,Narayanbagar,1,3,1,5,1,246481,2,2,3,0,2,4,19,14,0,0,0,2,2,1,227,1,0,0,0,0,0,0,9,9,1976,1,2,9,2,2,0,3,1,3,1,0,2,2,1,0,0,2,1,1,1,1,1,0,0,0,0,0,0,1,2,2,1,2,2,2,2,2,1,2,2,2,2,1,1,2,1,1,1,1,9,1,1,1,2,0,0,0,0,0,0,0,0,0,2,9,0,1,0,0,0,0,0,0,0,1,2,3,2,1,1,9,9,2,9,9,9,0,0,1.0,1,2,2,2,1,1,2,1,9,0,1,1,2,1,1,2,2,1,1,1,2
2464694,UTTARAKHAND,CHAMOLI,NANDANAGAR,1,,,Mokhtalla,Mokh Talla,Ghat,1,3,1,5,1,246449,2,2,3,0,2,4,19,14,0,0,0,2,2,2,224,1,0,0,0,0,1,0,9,9,2007,1,2,9,2,1,3,0,1,3,1,0,5,2,1,0,0,2,1,1,0,1,1,0,0,0,0,0,1,1,2,2,1,2,2,2,2,2,1,2,2,2,3,1,1,2,1,1,2,1,9,1,2,9,1,0,0,0,0,0,0,0,0,0,2,9,0,2,2,0,0,0,0,0,0,1,1,3,2,1,1,9,9,2,9,9,9,0,0,1.0,1,2,2,2,1,1,1,1,9,0,1,1,1,1,1,2,2,1,1,1,1
3516379,UTTARAKHAND,CHAMOLI,DASHOLI,1,,,Saudiyani,Salla Retoli,Dasholi,1,3,1,5,1,246472,2,2,3,0,2,4,19,14,0,0,0,1,2,2,224,1,0,0,0,0,0,0,9,9,1992,1,2,9,2,2,0,0,1,3,1,1,2,2,2,0,2,0,1,1,0,1,1,0,0,0,0,0,0,1,2,2,1,2,2,2,2,2,1,2,2,2,2,1,1,2,1,1,2,1,9,1,1,1,1,0,0,0,0,0,0,0,0,0,2,9,0,1,0,0,0,0,0,0,0,1,2,3,2,2,1,9,9,2,9,9,9,0,0,1.0,1,1,1,2,1,1,1,1,9,0,1,1,4,1,1,2,2,1,1,1,1
8790015,UTTARAKHAND,CHAMOLI,GAIRSAIN,1,,,Simliya Lagga Kunigar,Kunigad Malli,Gairsain,1,3,1,5,1,246431,2,2,3,0,2,4,19,0,0,0,0,2,2,1,228,1,0,1,0,0,0,0,9,9,2004,1,2,9,2,1,9,2,1,3,1,1,5,3,1,1,2,0,1,1,1,1,1,0,0,0,0,0,0,1,2,2,1,2,2,2,2,2,1,2,2,2,1,1,1,2,1,1,1,1,9,1,1,1,2,0,0,0,0,0,0,0,0,0,2,9,0,1,1,0,1,0,0,0,0,1,2,3,2,1,1,9,9,2,9,9,9,0,0,1.0,1,1,2,2,1,1,2,1,9,0,1,1,6,1,1,2,2,1,1,1,1
9717717,UTTARAKHAND,CHAMOLI,DEWAL,1,,,Silkhola Laga Ichchholi,Dewal (Selkhola),Dewal,1,3,1,5,1,246427,2,2,3,0,2,4,19,0,0,0,0,2,2,2,224,1,0,0,3,1,6,9,9,9,1988,1,2,9,2,2,0,20,1,3,1,1,1,5,2,5,0,0,1,2,2,2,2,0,0,0,0,4,0,1,2,2,1,2,2,2,2,2,1,2,2,2,2,1,1,2,1,2,2,1,9,1,1,1,2,0,0,0,0,0,0,0,0,0,2,9,0,5,2,0,0,0,0,0,2,1,2,3,2,1,1,9,9,2,9,9,9,0,0,1.0,1,1,1,2,1,1,1,1,9,0,1,1,5,1,1,2,2,2,1,2,2
6777703,UTTARAKHAND,CHAMOLI,POKHARI,2,POKHRI-Town Panchayat,Pokhri (NP) -Vinayakdhaar Ward No. 3,,,,1,3,1,5,5,246473,2,2,3,0,2,19,4,14,0,0,0,2,1,9,0,1,8,9,3,3,2,2,9,9,2006,9,2,9,2,9,0,0,9,2,1,1,2,9,2,9,0,0,1,2,2,1,1,1,1,1,1,4,4,1,2,2,1,2,2,2,2,2,1,2,2,2,2,1,1,2,1,1,1,1,9,1,1,2,1,0,0,0,0,0,0,0,0,0,2,9,1,0,2,0,0,0,0,0,1,1,2,3,2,1,2,9,9,2,9,9,9,0,0,,1,1,1,1,1,1,1,1,9,0,1,1,2,1,1,1,2,2,1,1,2
7980396,UTTARAKHAND,CHAMOLI,THARALI,1,,,Kulsari,Kulsari,Tharali,1,3,1,5,1,246481,2,2,3,0,2,4,19,14,0,0,0,1,2,2,221,1,0,0,0,0,0,0,9,9,1998,2,2,9,2,2,0,3,1,3,1,1,2,2,1,0,2,0,1,2,1,2,1,0,0,0,0,0,0,1,2,2,1,2,2,2,2,2,1,2,2,2,2,1,1,2,1,2,1,1,9,1,1,1,1,0,0,0,0,0,0,0,0,0,2,9,0,1,1,0,0,0,0,0,0,1,2,3,2,1,1,9,9,2,9,9,9,3,0,1.0,1,2,1,2,1,1,1,1,9,0,1,1,2,1,1,2,2,1,1,1,1
5266420,UTTARAKHAND,CHAMOLI,Jyotirmath,1,,,Topovan,Tapovan,Joshimath,4,3,6,8,5,246443,2,2,3,0,2,4,14,19,0,0,0,1,9,9,0,1,0,0,0,0,0,0,9,9,1999,9,2,2,2,9,0,0,9,1,3,3,1,3,3,3,0,0,1,1,1,1,1,0,0,0,0,1,1,1,2,2,1,2,2,2,2,2,1,2,2,2,2,1,1,1,1,2,1,1,9,1,2,9,1,0,0,0,0,0,0,0,0,0,2,9,1,0,1,0,0,0,0,0,1,1,2,3,1,2,2,9,9,9,9,9,9,0,0,,1,2,2,1,1,1,1,1,1,40,2,1,6,1,2,2,2,2,1,1,1
6854860,UTTARAKHAND,CHAMOLI,DASHOLI,2,Chamoli Gopeshwar-Municipality,Chamoli Gopeshwar (MB) -Kothiyaal Gaon Ward No.10,,,,3,3,1,12,5,246424,2,2,3,0,1,19,4,14,0,3,3,1,1,9,197,1,34,31,3,5,0,0,9,9,2010,9,2,2,2,9,0,0,9,1,1,1,3,24,8,24,0,0,1,3,3,3,3,0,0,0,0,3,3,1,2,2,1,2,2,2,2,2,1,2,2,2,1,1,1,2,1,1,1,1,9,1,2,9,1,1,1,1,4,4,4,4,4,1,1,9,1,0,44,0,0,1,3,1,4,1,1,3,1,1,2,1,2,2,9,2,2,0,0,,1,1,1,1,1,1,1,1,2,0,1,1,1,1,2,1,3,1,1,1,1
5388462,UTTARAKHAND,CHAMOLI,DEWAL,1,,,Purna,Purna,Dewal,4,3,6,8,1,246427,2,2,3,0,2,4,0,0,0,0,0,1,9,9,224,1,0,0,0,0,0,0,9,9,2007,1,2,2,2,2,0,0,1,3,1,1,1,3,1,0,0,3,2,1,1,2,2,0,0,0,0,0,0,1,2,2,1,2,2,2,2,2,1,2,2,2,1,1,1,2,1,1,1,1,9,1,1,1,1,0,0,0,0,0,0,0,0,0,1,2,0,0,2,0,0,0,0,0,0,1,2,3,2,1,1,9,9,9,9,9,9,0,15,1.0,1,1,1,2,1,1,1,1,2,0,1,1,2,1,1,2,2,1,1,2,1
6295565,UTTARAKHAND,CHAMOLI,GAIRSAIN,1,,,Marora,Maroda,Gairsain,5,3,6,12,1,246428,2,2,3,0,2,4,19,14,0,2,2,2,9,9,229,1,0,0,0,0,0,0,9,9,1985,1,2,1,2,1,2,100,1,3,7,4,5,7,7,3,4,0,1,2,2,2,2,0,0,0,0,0,0,1,2,2,1,2,2,2,2,2,1,2,2,2,2,1,1,2,1,1,1,1,9,1,2,9,1,1,1,2,4,4,4,4,4,2,1,1,0,0,5,0,0,0,2,0,0,1,1,3,2,1,1,2,2,9,9,2,2,0,0,1.0,1,1,2,1,1,1,1,1,1,36,1,1,3,1,1,2,3,1,1,1,1
6251578,UTTARAKHAND,CHAMOLI,KARANPRAYAG,1,,,Baratoli,Bartoli,Karnaprayag,5,3,6,12,1,246429,2,2,3,0,2,4,14,19,0,2,2,2,9,9,225,1,0,0,0,0,0,0,9,9,1978,1,2,2,2,1,5,25,1,3,6,1,2,12,0,2,0,10,2,1,1,1,1,0,0,0,0,0,0,1,2,2,1,2,2,2,2,2,1,2,2,2,2,1,1,2,1,1,1,1,9,1,1,2,1,4,4,4,4,4,4,4,4,4,2,9,0,0,2,0,0,0,1,1,0,1,2,3,2,1,1,2,2,9,9,2,2,46,0,1.0,1,1,1,2,1,1,1,1,1,20,1,1,3,1,1,2,2,1,1,1,1
3470600,UTTARAKHAND,CHAMOLI,Jyotirmath,1,,,Molta,Molta,Joshimath,7,3,6,10,1,246472,2,2,3,0,2,4,19,14,0,2,0,2,9,9,224,1,0,0,0,0,0,0,9,9,1997,1,2,2,2,1,4,26,1,3,1,1,5,3,1,3,0,0,1,1,1,1,1,0,0,0,0,0,0,1,2,2,1,2,2,2,2,2,1,2,2,2,2,1,1,1,1,1,1,1,9,1,1,1,1,0,0,0,0,0,0,0,0,0,2,9,0,0,4,0,4,0,2,0,2,2,1,3,2,1,1,2,2,9,9,2,9,5,5,1.0,1,1,1,2,1,1,1,1,1,21,1,1,5,1,1,2,2,1,1,1,1
4548253,UTTARAKHAND,CHAMOLI,THARALI,1,,,Lolti,Lolti,Tharali,5,3,6,12,1,246482,2,2,3,0,2,4,19,14,0,2,2,1,9,9,2,1,0,0,0,0,0,0,9,9,1976,1,1,1,2,1,7,0,1,3,4,3,5,12,3,9,2,1,1,2,2,2,2,0,0,0,0,2,2,1,2,2,1,2,2,2,2,2,1,2,2,2,2,1,1,2,1,1,1,1,9,1,1,2,1,3,4,4,4,4,4,4,4,4,1,2,1,0,8,0,0,0,1,2,5,1,1,3,2,1,1,2,2,9,9,2,2,42,73,1.0,1,1,1,1,1,1,1,1,1,30,1,1,2,1,2,2,2,1,1,1,1
9256831,UTTARAKHAND,CHAMOLI,Jyotirmath,2,Joshimath-Municipality,Joshimath (MB) - Singhdhaar Ward No.4,,,,6,3,1,10,5,246443,2,2,3,0,2,4,19,0,0,2,0,1,2,9,232,1,1,3,0,0,0,0,9,9,1999,9,2,2,2,9,0,0,9,1,1,1,5,13,6,13,0,0,1,3,3,2,2,0,0,0,0,1,0,1,2,2,1,2,2,2,2,2,1,2,2,2,2,1,1,2,1,1,2,2,1,1,1,1,1,0,0,0,0,0,0,0,0,0,1,9,0,0,5,0,5,1,0,1,2,1,1,1,2,1,2,2,2,2,9,2,9,0,0,,1,1,1,1,1,1,1,1,2,0,1,2,1,1,1,1,1,1,1,1,1
7358147,UTTARAKHAND,CHAMOLI,Jyotirmath,1,,,Bheta Chak Urgam,Bhenta,Joshimath,1,3,1,5,1,246443,2,2,3,0,2,4,19,14,0,0,0,2,2,1,225,1,0,0,0,0,0,0,9,9,1954,1,2,9,2,1,7,0,1,3,1,1,1,2,1,2,0,0,1,1,1,1,1,0,0,0,0,0,0,1,2,2,1,2,2,2,2,2,1,2,2,2,2,1,1,2,1,2,1,1,9,1,1,1,2,0,0,0,0,0,0,0,0,0,1,2,0,1,1,0,0,0,0,0,0,1,1,3,2,1,1,9,9,2,9,9,9,0,0,1.0,1,1,1,2,1,1,1,1,9,0,1,1,2,1,1,2,2,1,1,1,1
6248121,UTTARAKHAND,CHAMOLI,DEWAL,1,,,Sarkot,Sarkot,Dewal,7,3,6,10,4,246427,2,2,3,0,2,4,19,14,0,2,0,2,9,9,228,1,0,0,0,0,0,0,9,9,1968,1,2,2,2,1,4,10,1,1,4,3,2,6,2,3,0,3,2,1,1,1,1,0,0,0,0,1,0,2,2,2,1,2,2,2,2,2,1,2,2,2,1,1,1,2,1,2,2,1,9,1,2,9,1,0,0,0,0,0,0,0,0,0,2,9,0,0,1,0,0,0,0,0,0,1,2,3,2,1,1,2,2,9,9,2,9,36,34,1.0,1,1,1,2,1,1,1,1,2,0,1,2,4,1,1,1,1,1,1,2,1
1636112,UTTARAKHAND,CHAMOLI,NANDANAGAR,1,,,Suniti,Gandasu,Ghat,1,3,1,5,1,246449,2,2,3,0,2,4,14,19,0,0,0,2,2,1,2,1,0,0,0,0,0,0,9,9,1997,1,2,9,2,1,2,0,1,3,1,1,2,2,3,0,2,0,1,1,1,1,1,0,0,0,0,1,1,1,2,2,1,2,2,2,2,2,1,2,2,2,2,1,2,2,1,1,1,1,9,1,1,2,1,0,0,0,0,0,0,0,0,0,2,9,1,0,0,0,0,0,0,0,0,1,1,3,1,1,1,9,9,2,9,9,9,2,2,1.0,1,1,2,2,1,1,1,1,9,0,1,1,2,1,1,2,2,1,1,1,1
8765150,UTTARAKHAND,CHAMOLI,Jyotirmath,1,,,Fagti,Tolma,Joshimath,1,3,1,5,1,246443,2,2,3,0,2,4,19,14,0,0,0,1,2,2,225,1,1,0,0,0,0,0,9,9,1956,1,2,9,2,1,3,2,1,3,1,1,1,2,2,2,0,0,1,0,0,1,1,0,0,0,0,0,0,1,2,2,1,2,2,2,2,2,1,2,2,2,2,1,1,2,1,1,1,2,1,1,1,1,1,0,0,0,0,0,0,0,0,0,2,9,0,1,0,0,0,0,0,0,0,2,2,3,2,1,1,9,9,2,9,9,9,2,2,2.0,1,1,1,2,1,1,1,1,9,0,1,1,2,1,1,2,2,1,1,1,1
7662061,UTTARAKHAND,CHAMOLI,DASHOLI,1,,,Bamiyala,Bamiyala,Dasholi,1,3,1,5,1,246401,2,2,3,0,2,4,19,14,0,0,0,2,2,1,230,1,0,0,0,0,5,1,9,9,1952,1,2,9,2,1,0,5,1,3,1,0,1,2,1,2,0,0,1,1,1,1,1,0,0,0,0,0,0,1,2,1,1,2,2,2,2,1,1,2,2,2,2,1,1,2,1,1,1,1,9,1,1,2,2,0,0,0,0,0,0,0,0,0,1,2,0,2,1,0,0,0,0,0,0,1,1,1,2,1,1,9,9,2,9,9,9,0,0,1.0,1,2,2,2,1,1,1,1,9,0,1,1,5,1,1,2,2,1,1,1,1
9618602,UTTARAKHAND,CHAMOLI,DEWAL,1,,,Pinau Laga Balan,Pinau,Dewal,1,3,1,5,1,246427,2,2,3,0,2,4,19,14,0,0,0,2,2,1,230,1,0,0,0,0,0,0,9,9,1971,1,2,9,2,1,0,0,1,3,1,1,2,2,1,2,0,0,1,1,1,1,1,1,1,1,1,1,1,1,2,2,1,2,2,2,2,2,1,2,2,2,1,1,1,2,1,1,1,1,9,1,1,2,1,0,0,0,0,0,0,0,0,0,2,9,0,0,0,0,0,0,0,0,0,1,2,3,2,1,1,9,9,2,9,9,9,0,0,2.0,1,1,1,2,1,2,2,2,9,0,2,2,4,2,1,2,2,2,1,2,2
5902945,UTTARAKHAND,CHAMOLI,DEWAL,1,,,Harmal,Harmal,Dewal,1,3,1,5,1,246427,2,2,3,0,2,4,19,14,0,0,0,2,2,1,0,1,0,0,0,0,0,0,9,9,1943,1,2,9,2,2,0,2,1,3,1,1,2,2,1,0,1,1,1,0,0,1,1,0,0,0,0,0,1,1,2,2,1,2,2,2,2,2,1,2,2,2,1,1,1,1,1,1,2,1,9,1,1,2,2,0,0,0,0,0,0,0,0,0,2,9,0,1,1,0,0,0,0,0,0,2,2,1,2,1,1,9,9,2,9,9,9,0,0,2.0,1,2,2,2,1,1,1,1,9,0,1,2,4,1,1,2,2,1,1,1,2
7566724,UTTARAKHAND,CHAMOLI,POKHARI,1,,,Sera,Sera,Syaldey,1,3,1,5,1,246473,2,2,3,0,2,4,19,14,0,0,0,2,2,1,230,1,0,0,0,0,0,0,9,9,1997,1,2,9,2,2,0,0,1,3,2,2,2,2,1,2,0,0,1,1,0,1,1,0,0,0,0,0,0,1,2,2,1,2,2,2,2,2,1,2,2,2,1,1,1,2,1,1,1,1,9,1,1,1,2,0,0,0,0,0,0,0,0,0,2,9,0,1,0,0,0,0,0,0,0,1,1,3,2,2,1,9,9,2,9,9,9,0,0,1.0,1,1,1,2,1,1,1,1,9,0,1,1,2,1,1,2,2,2,1,1,1
6405113,UTTARAKHAND,CHAMOLI,NARAYANBAGAR,1,,,Nam Tol,Namtol,Narayanbagar,1,3,1,5,1,246481,2,2,3,0,2,4,19,0,0,0,0,2,2,1,230,1,0,0,0,0,0,0,9,9,1962,1,2,9,2,2,0,0,1,3,1,1,1,2,1,0,0,2,1,1,1,1,1,0,0,0,0,0,0,1,2,2,1,2,2,2,2,2,1,2,2,2,2,1,1,2,1,1,1,1,9,1,1,2,2,0,0,0,0,0,0,0,0,0,2,9,0,2,1,0,0,0,0,0,0,1,2,3,2,1,1,9,9,2,9,9,9,0,0,1.0,1,2,2,2,1,1,1,1,9,0,1,1,4,1,2,2,2,1,1,1,2
3293480,UTTARAKHAND,CHAMOLI,NARAYANBAGAR,1,,,Nand Gaon,Raigaon,Narayanbagar,1,3,1,5,1,246455,2,2,3,0,2,4,19,0,0,0,0,2,2,1,225,1,0,0,0,0,0,0,9,9,1999,1,2,9,2,2,0,1,1,3,1,1,5,2,1,0,0,2,1,1,1,1,1,0,0,0,0,0,0,1,2,2,1,2,2,2,2,2,1,2,2,2,2,1,1,2,1,1,1,1,9,1,1,1,1,0,0,0,0,0,0,0,0,0,2,9,0,1,0,0,0,0,0,0,0,1,2,3,2,1,1,9,9,2,9,9,9,8,8,1.0,1,1,1,2,1,1,1,1,9,0,1,1,6,1,1,2,2,1,1,1,2
8962105,UTTARAKHAND,CHAMOLI,NARAYANBAGAR,1,,,Kei Painti,Kein Penti,Narayanbagar,1,3,1,5,1,246455,2,2,3,0,2,4,14,19,0,0,0,2,2,2,224,1,0,0,0,0,0,1,9,9,1978,1,2,9,2,2,0,0,1,3,2,2,2,2,2,2,0,0,1,1,1,1,1,0,0,0,0,0,0,1,2,2,1,2,2,2,2,2,1,2,2,2,2,1,1,2,1,2,2,1,9,1,1,1,2,0,0,0,0,0,0,0,0,0,2,9,0,0,1,0,0,0,0,0,0,1,2,3,2,1,1,9,9,2,9,9,9,0,0,1.0,1,1,2,2,1,2,2,2,9,0,1,2,2,1,2,2,2,1,1,1,2
2044567,UTTARAKHAND,CHAMOLI,KARANPRAYAG,1,,,Gwad,Jaikandi (Barsoli),Karnaprayag,1,3,1,5,1,246474,2,2,3,0,2,4,0,0,0,0,0,1,2,2,230,1,0,0,0,0,1,0,9,9,1983,1,2,9,2,2,0,2,1,3,1,1,1,2,1,1,1,0,1,1,0,1,1,0,0,0,0,0,0,1,2,2,1,2,2,2,2,2,1,2,2,2,2,1,1,1,1,1,1,1,9,1,1,2,1,0,0,0,0,0,0,0,0,0,2,9,0,1,1,0,0,0,0,0,0,1,2,3,2,1,1,9,9,2,9,9,9,8,0,1.0,1,1,1,2,1,1,1,1,9,0,1,1,2,1,1,2,2,1,1,1,1
4792808,UTTARAKHAND,CHAMOLI,GAIRSAIN,1,,,Rohira,Rohida,Gairsain,1,3,1,5,1,246428,2,2,3,0,2,4,19,14,0,0,0,2,2,1,226,1,0,0,0,0,0,0,9,9,1928,1,2,9,2,1,7,1,1,3,1,1,5,2,1,0,2,0,1,1,0,1,1,0,0,0,0,1,1,1,2,2,1,2,2,2,2,2,1,2,2,2,1,1,1,2,1,1,1,1,9,1,1,1,1,0,0,0,0,0,0,0,0,0,1,2,0,1,1,0,0,0,0,0,0,1,2,1,1,1,1,9,9,2,9,9,9,0,0,1.0,1,1,2,2,1,1,2,1,9,0,1,1,4,1,1,2,2,1,1,1,1
5109580,UTTARAKHAND,CHAMOLI,DASHOLI,2,Chamoli Gopeshwar-Municipality,Chamoli Gopeshwar (MB) -Naigwaad Ward No.8,,,,2,3,1,8,5,246401,2,2,3,0,2,4,19,0,0,0,0,1,1,9,224,1,8,10,0,2,0,0,9,9,2019,9,2,2,2,9,0,0,9,1,1,1,1,11,20,11,0,0,1,2,2,2,2,0,0,0,0,0,0,1,2,2,1,2,2,2,2,2,1,2,2,2,2,1,1,2,1,1,2,1,9,1,2,9,1,0,0,0,0,0,0,0,0,0,1,9,0,0,6,0,2,0,0,1,1,1,2,3,2,2,2,9,9,2,9,9,9,0,0,,1,1,1,1,1,1,1,1,2,0,1,1,1,1,1,2,2,1,1,1,1
3194216,UTTARAKHAND,CHAMOLI,DEWAL,1,,,Suiyya,Suieya,Dewal,1,3,1,5,1,246427,2,2,3,0,2,4,19,14,0,0,0,1,2,2,225,1,0,0,0,1,0,0,9,9,1999,1,2,9,2,1,5,0,1,3,1,1,1,3,1,3,0,0,1,0,0,1,1,0,0,0,0,0,0,1,2,2,1,2,2,2,2,2,1,2,2,2,2,1,1,2,1,2,1,2,2,1,2,9,1,0,0,0,0,0,0,0,0,0,2,9,0,1,0,0,0,0,0,0,0,1,2,3,2,1,1,9,9,2,9,9,9,0,0,1.0,1,1,1,2,1,1,2,1,9,0,1,1,3,1,1,2,2,2,1,1,1
4394718,UTTARAKHAND,CHAMOLI,DEWAL,1,,,Silkhola Laga Ichchholi,Dewal (Selkhola),Dewal,7,2,6,10,1,246427,2,2,3,0,2,4,19,0,0,2,0,1,9,9,194,1,0,0,0,0,0,0,9,9,1988,1,2,2,2,1,3,0,1,3,1,0,7,5,1,1,3,1,1,0,0,4,4,0,0,0,0,0,0,1,2,2,1,2,2,2,2,2,1,2,2,2,2,1,1,2,1,2,2,1,9,1,1,2,1,0,0,0,0,0,0,0,0,0,2,9,0,0,4,0,0,0,1,1,1,1,2,3,2,2,1,2,2,9,9,2,9,0,0,1.0,1,2,2,1,1,1,2,1,1,74,1,1,2,1,2,2,2,1,1,2,2
6853273,UTTARAKHAND,CHAMOLI,KARANPRAYAG,2,Gochar-Municipality,Gochar (NP) - Mukhya Bazaar Chok Ward No.6,,,,2,3,1,8,5,246429,2,2,3,0,2,4,0,0,0,0,0,1,2,9,0,1,8,8,0,0,0,0,9,9,2015,9,2,2,2,9,0,0,9,2,8,8,1,8,2,8,0,0,1,2,2,2,2,0,0,0,0,0,0,1,2,2,1,2,2,2,2,2,1,2,2,2,2,1,1,2,1,1,1,1,9,1,1,2,1,0,0,0,0,0,0,0,0,0,2,9,0,0,5,0,0,0,1,1,1,1,2,3,2,2,2,9,9,2,9,9,9,0,0,,1,1,1,1,1,1,1,1,2,0,1,2,2,1,1,2,2,2,1,1,1
5120704,UTTARAKHAND,CHAMOLI,DASHOLI,1,,,Sartoli,Sartoli,Dasholi,7,3,6,10,1,246449,2,2,3,0,2,4,19,14,0,2,0,2,9,9,224,1,0,0,0,0,0,0,9,9,1976,1,2,2,2,1,2,0,1,3,2,0,2,5,5,5,0,0,1,3,3,2,2,0,0,0,0,0,0,1,2,2,1,2,2,2,2,2,1,2,2,2,2,1,1,1,1,1,2,1,9,1,2,9,2,0,0,0,0,0,0,0,0,0,2,9,0,0,1,0,0,0,0,1,1,1,2,3,2,1,1,2,2,9,9,2,9,0,0,1.0,1,1,1,2,1,1,1,1,1,31,1,1,2,1,2,2,2,1,1,1,1
6356014,UTTARAKHAND,CHAMOLI,POKHARI,1,,,Chaundi,Gajera,Ekeshwar,5,3,6,12,1,246473,2,2,3,0,2,4,19,14,0,2,2,2,9,9,230,1,0,0,0,0,0,0,9,9,1973,1,2,2,2,1,3,0,1,3,7,5,2,7,1,3,1,3,1,2,1,2,1,0,0,0,0,1,1,2,2,2,1,2,2,2,2,2,1,2,2,2,2,1,1,2,1,1,1,1,9,1,1,1,1,4,4,4,4,4,4,4,4,4,1,1,1,0,4,0,1,0,1,1,3,1,2,3,2,1,1,2,2,9,9,2,2,0,0,1.0,1,1,1,2,1,1,1,1,1,26,1,1,1,1,1,2,2,1,1,1,1
3300306,UTTARAKHAND,CHAMOLI,NANDANAGAR,1,,,Pagna,Pagna,Ghat,5,3,6,12,1,246449,2,2,3,0,2,4,0,0,0,2,2,2,9,9,226,1,0,0,0,0,0,0,9,9,1985,1,2,2,2,1,3,30,1,3,3,2,5,8,4,4,0,4,1,2,1,2,1,0,0,0,0,0,0,1,2,2,1,2,2,2,2,2,1,2,2,2,1,1,1,1,1,1,1,1,9,1,1,1,1,4,4,4,4,4,4,4,4,4,1,1,0,0,4,0,0,0,1,1,1,1,2,3,2,2,1,2,2,9,9,2,2,66,0,1.0,1,1,1,2,1,1,1,1,1,66,1,1,2,1,1,2,2,1,1,1,1
4406408,UTTARAKHAND,CHAMOLI,DEWAL,1,,,Beradhar,Beradhar,Dewal,1,3,1,5,1,246427,2,2,3,0,2,4,0,0,0,0,0,2,2,2,0,1,0,0,0,1,2,3,9,9,1941,1,2,9,2,1,5,5,1,3,1,1,2,2,0,2,0,0,2,1,1,1,1,0,0,0,0,2,0,1,2,2,1,2,2,2,2,2,1,2,2,2,1,1,1,2,1,1,1,1,9,1,1,1,1,0,0,0,0,0,0,0,0,0,2,9,0,2,2,0,0,0,1,0,0,1,2,1,2,1,1,9,9,2,9,9,9,0,0,2.0,1,1,1,2,1,1,1,1,9,0,1,2,3,1,1,2,2,1,1,1,1
6698380,UTTARAKHAND,CHAMOLI,NARAYANBAGAR,1,,,Kimoli,Kimoli,Narayanbagar,8,3,9,10,4,246455,2,2,3,0,2,4,19,14,0,2,0,2,9,9,225,1,0,0,0,0,0,0,9,9,1999,1,2,9,2,1,2,15,1,1,1,1,1,6,2,6,0,0,1,1,1,1,1,0,0,0,0,1,1,1,2,2,1,2,2,2,2,2,1,2,2,2,2,1,1,2,1,1,1,1,9,1,2,9,1,0,0,0,0,0,0,0,0,0,2,9,2,0,0,0,0,0,0,0,1,1,2,3,2,1,2,2,2,9,9,2,9,52,52,1.0,1,1,1,2,1,1,1,1,2,0,1,1,6,1,1,1,1,1,1,1,2
9864240,UTTARAKHAND,CHAMOLI,DASHOLI,2,Chamoli Gopeshwar-Municipality,Chamoli Gopeshwar (MB) -Paduli Papdiyana Ward No.9,,,,1,3,1,5,1,246401,2,2,3,0,2,4,0,0,0,0,0,2,2,1,230,1,0,0,0,0,0,0,9,9,1975,1,2,9,2,1,6,0,1,3,2,2,3,3,2,3,0,0,1,1,1,1,1,0,0,0,0,0,0,1,2,2,1,2,2,2,2,2,1,2,2,2,2,1,1,2,1,1,2,1,9,1,1,1,1,0,0,0,0,0,0,0,0,0,2,9,0,2,2,0,0,0,1,0,0,1,2,3,2,1,1,9,9,2,9,9,9,0,0,1.0,1,1,2,2,1,1,1,1,9,0,1,1,1,1,1,2,2,1,1,1,1
9618808,UTTARAKHAND,CHAMOLI,KARANPRAYAG,2,Karnaprayag-Municipality,Karnaprayag (NP) -Eda Badhaani Ward No.2,,,,1,3,1,5,1,246444,2,2,3,0,2,4,0,0,0,0,0,1,2,2,230,1,0,0,0,0,0,0,9,9,1967,1,2,9,2,2,0,3,1,3,1,1,5,2,0,2,0,0,2,1,1,1,1,0,0,0,0,0,0,1,2,2,1,2,2,2,2,2,1,2,2,2,2,1,1,2,1,1,1,1,9,1,1,2,1,0,0,0,0,0,0,0,0,0,1,2,0,1,1,0,0,0,0,0,0,1,2,3,2,2,1,9,9,2,9,9,9,18,12,1.0,1,1,1,2,1,1,1,1,9,0,1,1,5,1,1,2,2,1,1,1,1
9623218,UTTARAKHAND,CHAMOLI,NANDANAGAR,1,,,Kanol,Kanol,Ghat,1,3,1,5,1,246435,2,2,3,0,2,4,19,14,0,0,0,2,2,1,226,1,0,0,0,0,1,1,9,9,2006,1,2,9,2,2,0,0,2,3,1,1,5,2,0,2,0,0,2,0,0,1,1,0,0,0,0,1,1,1,2,2,1,2,2,2,2,2,1,2,2,2,2,1,1,2,1,1,1,1,9,1,1,1,1,0,0,0,0,0,0,0,0,0,1,2,0,2,2,0,0,0,0,0,0,2,2,3,2,2,1,9,9,2,9,9,9,0,0,1.0,1,1,1,2,1,1,1,1,9,0,1,1,1,1,1,2,2,2,1,1,1
3196183,UTTARAKHAND,CHAMOLI,KARANPRAYAG,1,,,Bagoli,Bagoli,Karnaprayag,1,3,1,5,1,246444,2,2,3,0,2,4,19,14,0,0,0,1,2,2,225,1,0,0,1,0,0,0,9,9,1991,1,2,9,2,1,8,0,1,3,1,1,5,2,2,2,0,0,1,1,1,1,1,0,0,0,0,1,2,1,2,2,1,2,2,2,2,2,1,2,2,2,2,1,1,2,1,1,1,1,9,1,1,1,1,0,0,0,0,0,0,0,0,0,2,9,0,2,1,0,0,0,0,0,0,1,2,3,2,1,1,9,9,2,9,9,9,0,0,1.0,1,1,1,2,1,1,1,1,9,0,1,1,2,1,1,2,2,1,1,1,1
8619003,UTTARAKHAND,CHAMOLI,NANDANAGAR,1,,,Dhurma,Dhurma,Ghat,1,3,1,5,1,246449,2,2,3,0,2,4,0,0,0,0,0,1,2,2,227,1,1,1,0,0,0,0,9,9,1985,1,2,9,2,1,4,0,1,3,1,1,1,2,2,2,0,0,1,1,0,1,0,0,0,0,0,0,0,1,2,2,1,2,2,2,2,2,1,2,2,2,2,1,1,2,1,1,1,1,9,1,1,1,2,0,0,0,0,0,0,0,0,0,2,9,0,2,2,0,0,0,0,0,0,1,2,3,2,2,1,9,9,2,9,9,9,0,0,1.0,1,1,1,2,1,1,1,1,9,0,1,1,1,1,1,2,2,1,1,1,1
3887364,UTTARAKHAND,CHAMOLI,THARALI,1,,,Jola,Joula Budjola,Tharali,1,3,1,5,1,246481,2,2,3,0,2,4,0,0,0,0,0,2,2,1,222,1,0,0,0,0,0,0,9,9,2007,1,2,9,2,2,0,3,1,3,1,1,2,2,3,2,0,0,1,1,0,1,1,0,0,0,0,0,0,1,2,2,1,2,2,2,2,2,1,2,2,2,1,1,1,3,1,1,1,1,9,1,1,2,1,0,0,0,0,0,0,0,0,0,2,9,0,1,2,0,0,0,0,0,0,1,2,3,2,2,1,9,9,2,9,9,9,0,0,1.0,1,2,1,2,1,1,1,1,9,0,1,1,2,1,1,2,2,1,1,1,1
5176825,UTTARAKHAND,CHAMOLI,POKHARI,1,,,Jilasu,Jilasu,Pokhari,1,3,1,5,1,246446,2,2,3,0,2,4,14,19,0,0,0,2,2,1,222,1,0,0,0,0,0,1,9,9,1994,1,2,9,2,1,10,12,1,3,1,1,5,2,2,2,0,0,1,1,1,1,1,0,0,0,0,0,0,1,2,2,1,2,2,2,2,2,1,2,2,2,2,1,1,2,1,1,1,1,9,1,1,1,1,0,0,0,0,0,0,0,0,0,2,9,0,1,0,0,0,0,0,0,0,1,2,2,2,1,1,9,9,2,9,9,9,0,0,1.0,1,1,1,2,1,1,1,1,9,0,1,1,3,1,1,2,2,1,1,1,1
6060158,UTTARAKHAND,CHAMOLI,KARANPRAYAG,2,Gochar-Municipality,"Gochar (NP) - Banderkhand, Dronagiri Ward No.7",,,,1,3,1,5,1,246429,2,2,3,0,2,4,14,19,0,0,0,1,2,2,226,1,0,0,0,0,0,0,9,9,1987,1,2,9,2,1,8,2,1,3,1,1,2,2,2,0,2,0,1,3,2,3,1,0,0,0,0,3,0,1,2,2,1,2,2,2,2,2,1,2,2,2,2,1,1,2,1,1,1,1,9,1,1,1,1,0,0,0,0,0,0,0,0,0,1,1,0,2,1,0,0,0,1,1,0,1,1,3,2,1,1,9,9,2,9,9,9,47,0,1.0,1,1,1,2,1,1,1,1,9,0,1,1,2,1,1,2,2,1,1,1,1
9223249,UTTARAKHAND,CHAMOLI,THARALI,1,,,Gudam State,Talwadi State,Tharali,1,3,1,5,1,246482,2,2,3,0,2,4,19,0,0,0,0,1,2,1,225,1,0,0,0,0,1,0,9,9,1995,1,2,9,2,2,0,5,1,3,1,1,7,2,1,2,0,0,1,1,1,1,1,0,0,1,1,0,0,1,2,2,1,2,2,2,2,2,1,2,2,2,2,1,1,1,1,1,1,1,9,1,1,1,1,0,0,0,0,0,0,0,0,0,2,9,0,2,1,0,0,0,0,0,0,1,2,3,1,2,1,9,9,2,9,9,9,12,0,1.0,1,2,1,2,1,1,1,1,9,0,1,1,2,1,1,2,2,1,1,1,1
5410985,UTTARAKHAND,CHAMOLI,DASHOLI,1,,,Ropa,Ropa,Dasholi,1,3,1,5,1,246424,2,2,3,0,2,4,19,14,0,0,0,1,2,2,225,1,0,0,0,0,0,0,9,9,2011,1,2,9,2,2,0,8,1,3,1,1,2,2,2,2,0,0,1,1,1,1,1,0,0,0,0,1,1,1,2,2,1,2,2,2,2,2,1,2,2,2,2,1,1,2,1,1,1,1,9,1,1,1,1,0,0,0,0,0,0,0,0,0,2,9,0,1,1,0,0,0,0,0,0,1,2,3,2,2,1,9,9,2,9,9,9,0,0,1.0,1,1,1,2,1,1,1,1,9,0,1,1,2,1,1,2,2,1,1,1,1
5699421,UTTARAKHAND,CHAMOLI,POKHARI,1,,,Sinau Talla Malla,Sinau Talla Malla,Pokhari,1,3,1,5,1,246473,2,2,3,0,2,4,0,0,0,0,0,2,2,1,227,1,0,0,0,0,1,1,9,9,1964,1,2,9,2,2,0,1,1,3,1,1,5,2,1,0,0,2,1,0,0,1,1,0,0,0,0,0,0,1,2,2,1,2,2,2,2,2,1,2,2,2,1,1,1,2,1,1,1,1,9,1,1,1,2,0,0,0,0,0,0,0,0,0,2,9,0,2,1,0,0,0,0,0,0,1,2,3,2,2,1,9,9,2,9,9,9,0,0,1.0,1,1,1,2,1,1,1,1,9,0,1,1,1,1,1,2,2,2,1,1,1
3657739,UTTARAKHAND,CHAMOLI,NARAYANBAGAR,1,,,Bamiyala,Bamiyala,Narayanbagar,1,3,1,5,1,246453,2,2,3,0,2,4,19,14,0,0,0,2,2,2,225,1,0,0,0,0,0,0,9,9,1957,1,2,9,2,1,4,1,1,3,1,1,2,2,1,2,0,0,1,1,1,1,1,0,0,0,0,1,1,1,2,2,1,2,2,2,2,2,1,2,2,2,2,1,1,2,1,1,1,1,9,1,1,1,1,0,0,0,0,0,0,0,0,0,2,9,0,2,1,0,0,0,0,0,0,1,2,3,2,1,1,9,9,2,9,9,9,22,22,1.0,1,1,1,2,1,1,1,1,9,0,1,1,1,1,1,2,2,1,1,1,2
7613926,UTTARAKHAND,CHAMOLI,POKHARI,1,,,Shrigadh,Srigarh,Pokhari,7,3,6,10,1,246473,2,2,3,0,2,4,19,14,0,2,0,2,9,9,200,1,0,0,0,0,0,0,9,9,1988,1,2,2,2,1,2,8,1,3,4,2,2,7,2,6,1,0,1,2,2,2,2,0,0,0,0,1,1,1,2,2,1,2,2,2,2,2,1,2,2,2,1,1,1,2,1,1,1,2,1,1,1,1,1,0,0,0,0,0,0,0,0,0,2,9,0,0,6,0,0,0,2,0,1,1,1,3,1,1,1,2,2,9,9,2,9,16,19,1.0,1,1,1,2,1,1,1,1,1,24,1,1,2,1,1,2,2,1,1,1,1
5416741,UTTARAKHAND,CHAMOLI,DASHOLI,2,Chamoli Gopeshwar-Municipality,Chamoli Gopeshwar (MB) -Uper Bazaar Ward No.4,,,,3,3,1,12,5,246401,2,2,3,0,2,19,4,0,0,1,1,1,1,9,220,1,23,13,7,2,1,0,9,9,2008,9,2,2,2,9,0,0,9,2,3,3,1,20,8,20,0,0,1,5,5,7,7,0,0,0,0,0,0,1,2,2,1,2,2,2,2,2,1,2,2,2,2,1,1,2,1,2,1,1,9,1,2,9,1,1,1,1,1,4,4,4,4,1,1,9,4,0,15,0,15,1,4,1,4,1,1,1,1,1,1,2,2,2,9,2,2,0,0,,1,1,1,1,1,1,1,1,2,0,1,2,2,1,1,2,2,1,1,1,1
4735670,UTTARAKHAND,CHAMOLI,DEWAL,1,,,Mundoli,Mundoli,Dewal,4,3,6,8,1,246427,2,2,3,0,2,4,14,19,0,0,0,2,9,9,232,1,0,0,0,0,0,0,9,9,2003,1,2,2,2,2,0,4,1,3,1,1,1,3,4,3,0,0,1,1,1,1,1,0,0,0,0,0,0,1,2,2,1,2,2,2,2,2,1,2,2,2,2,1,1,2,1,1,1,1,9,1,1,1,1,0,0,0,0,0,0,0,0,0,1,1,0,0,2,0,0,0,0,0,1,1,2,3,2,1,1,9,9,9,9,9,9,20,20,1.0,1,1,1,2,1,1,1,1,1,16,1,1,3,1,1,2,2,1,1,1,1
7961392,UTTARAKHAND,CHAMOLI,KARANPRAYAG,1,,,Sidoli,Sidoli,Karnaprayag,5,3,6,12,1,246429,2,2,3,0,2,4,19,14,0,2,2,2,9,9,221,1,0,0,0,0,0,0,9,9,1975,1,2,2,2,1,3,10,1,3,2,1,5,6,3,6,0,0,1,1,1,1,1,0,0,0,0,4,4,1,2,2,1,2,2,2,2,2,1,2,2,2,2,1,1,2,1,1,1,1,9,1,2,9,1,3,2,4,4,4,4,4,4,2,1,2,0,0,6,0,0,0,1,1,1,1,2,3,2,1,1,2,2,9,9,2,2,160,160,1.0,1,1,1,1,1,1,1,1,1,20,1,1,5,1,1,2,2,1,1,1,1
4382759,UTTARAKHAND,CHAMOLI,NARAYANBAGAR,1,,,Sankot,Sankot,Narayanbagar,1,3,1,5,1,246455,2,2,3,0,2,4,19,14,0,0,0,1,2,2,0,1,0,0,1,0,0,0,9,9,1952,1,2,9,2,1,8,0,1,3,2,2,5,3,3,3,0,0,1,1,1,1,1,0,0,0,0,1,1,1,2,2,1,2,2,2,2,2,1,2,2,2,2,1,1,2,1,1,1,1,9,1,1,2,1,0,0,0,0,0,0,0,0,0,2,9,0,2,1,0,0,0,1,0,1,1,2,3,2,1,1,9,9,2,9,9,9,0,0,1.0,1,1,1,2,1,1,1,2,9,0,1,1,3,1,1,2,2,1,1,1,2
5952379,UTTARAKHAND,CHAMOLI,KARANPRAYAG,1,,,Saliyana Talla,Saliyana Malla,Karnaprayag,5,3,6,12,1,246444,2,2,3,0,2,4,19,14,0,2,2,2,9,9,232,1,0,0,0,0,0,0,9,9,1991,1,2,2,2,1,2,0,1,3,2,1,5,9,6,7,0,2,1,1,0,1,1,1,0,0,0,1,0,1,2,2,1,2,2,2,2,2,1,2,2,2,2,1,1,2,1,1,1,1,9,1,2,9,1,2,2,2,4,4,2,4,4,4,1,2,0,0,5,0,0,0,1,1,1,1,1,3,2,1,1,2,2,9,9,2,2,75,64,1.0,1,1,1,2,1,1,1,1,1,20,1,1,2,1,1,2,2,1,1,1,1
7493822,UTTARAKHAND,CHAMOLI,Jyotirmath,2,Joshimath-Municipality,Joshimath (MB) - Ravigram Ward No.9,,,,5,2,6,12,1,246443,2,2,3,0,2,4,19,14,0,2,2,1,9,9,208,1,0,0,0,0,0,0,9,9,1976,1,1,2,2,1,5,292,1,3,3,3,1,13,8,13,0,0,1,0,0,11,11,0,0,1,1,0,6,1,2,2,1,2,2,2,2,2,1,2,2,2,2,1,1,1,1,1,1,1,9,1,1,1,1,2,2,2,4,4,4,2,4,1,1,2,4,0,21,0,0,0,1,1,4,1,1,3,2,1,1,2,1,9,9,2,2,294,294,1.0,1,1,1,1,1,1,1,1,1,220,1,1,5,1,1,2,2,1,1,1,1
4836894,UTTARAKHAND,CHAMOLI,DEWAL,1,,,Rain Laga Odar,Palwara,Dewal,7,3,6,10,1,246427,2,2,3,0,2,4,0,0,0,2,0,2,9,9,222,1,0,0,0,0,0,0,9,9,2011,1,2,2,2,1,3,0,1,3,1,1,5,3,4,3,0,0,1,1,1,2,2,0,0,0,0,2,0,1,2,2,1,2,2,2,2,2,1,2,2,2,2,2,1,1,1,2,1,1,9,1,1,1,1,0,0,0,0,0,0,0,0,0,2,9,0,0,7,0,0,0,2,0,1,1,2,3,2,1,1,2,2,9,9,2,9,0,0,1.0,1,1,1,2,1,1,1,1,1,36,1,2,6,1,1,2,3,1,1,1,1
9761773,UTTARAKHAND,CHAMOLI,DASHOLI,1,,,Lasi,Lasee,Dasholi,4,3,6,8,1,246424,2,2,3,0,2,4,0,0,0,0,0,2,9,9,230,1,0,0,0,0,0,0,9,9,2009,1,2,2,2,2,0,6,1,3,1,1,1,3,2,1,0,2,1,1,1,1,1,0,0,0,0,0,0,1,2,2,1,2,2,2,2,2,1,2,2,2,2,1,1,2,1,1,1,1,9,1,1,1,1,0,0,0,0,0,0,0,0,0,2,9,0,1,5,0,0,0,0,0,0,1,1,3,2,1,1,9,9,9,9,9,9,26,15,1.0,1,1,1,2,1,1,1,1,2,0,1,1,1,1,1,2,2,1,1,1,1
4935027,UTTARAKHAND,CHAMOLI,THARALI,1,,,Lolti,Lolti,Tharali,4,3,6,8,5,246482,2,2,3,0,2,19,4,0,0,0,0,1,9,9,209,1,0,0,0,0,0,0,9,9,2024,9,2,2,2,9,0,0,9,2,1,1,3,3,3,3,0,0,1,2,2,2,2,1,1,1,1,1,1,1,2,2,1,2,2,2,2,2,1,2,2,2,2,1,1,2,1,1,1,1,9,1,1,2,1,0,0,0,0,0,0,0,0,0,2,9,1,0,1,0,0,0,0,1,0,1,1,3,2,1,1,9,9,9,9,9,9,0,0,,1,1,2,1,1,1,1,1,2,0,1,2,1,1,2,1,1,2,1,2,2
9481674,UTTARAKHAND,CHAMOLI,KARANPRAYAG,2,Gochar-Municipality,"Gochar (NP) -Panaai Talli, Palsaari Ward No.4",,,,6,3,1,10,5,246429,2,2,3,0,2,4,19,14,18,2,0,1,1,9,223,1,26,18,7,2,0,0,9,9,2015,9,2,2,2,9,0,0,9,2,2,2,1,18,11,18,0,0,1,3,3,4,4,0,0,0,0,0,0,1,2,1,1,2,2,2,2,1,1,2,2,2,1,1,1,2,1,1,1,1,9,1,2,9,1,0,0,0,0,0,0,0,0,0,1,9,0,0,18,0,10,0,5,2,4,1,2,1,2,1,2,2,2,2,9,2,9,0,0,,1,1,1,1,1,1,1,1,2,0,1,1,1,1,1,1,1,1,1,1,1
1380151,UTTARAKHAND,CHAMOLI,DASHOLI,1,,,Dewar Khandora,Dewar Khadora,Dasholi,5,3,6,12,1,246401,2,2,3,0,2,4,19,14,0,2,2,1,9,9,230,1,0,0,0,0,0,0,9,9,1977,1,1,2,2,1,5,150,1,3,2,2,7,10,5,10,0,0,1,4,4,3,3,0,0,0,0,0,0,1,2,2,1,2,2,2,2,2,1,2,2,2,2,1,1,2,1,1,1,1,9,1,1,1,1,4,4,4,4,1,2,4,4,1,1,2,1,3,26,0,8,1,1,3,3,1,1,3,1,1,1,1,1,9,9,2,2,0,0,1.0,1,1,1,1,1,1,1,1,1,118,1,1,1,1,1,2,2,1,1,1,1
1303265,UTTARAKHAND,CHAMOLI,GAIRSAIN,1,,,Nauna,Aason (Aali Majyadi),Gairsain,1,3,1,5,1,246440,2,2,3,0,2,4,19,14,0,0,0,2,2,1,223,1,0,0,0,0,0,0,9,9,1982,1,2,9,2,2,0,0,1,3,1,1,5,2,0,2,0,0,2,0,0,1,1,0,0,0,0,0,0,1,2,2,1,2,2,2,2,2,1,2,2,2,1,1,1,2,1,2,1,1,9,1,1,1,1,0,0,0,0,0,0,0,0,0,2,9,0,1,2,0,0,0,0,0,0,1,2,3,2,1,1,9,9,2,9,9,9,0,0,1.0,1,1,1,2,1,1,1,1,9,0,1,1,1,1,1,2,2,1,1,1,1
6190652,UTTARAKHAND,CHAMOLI,Jyotirmath,1,,,Bara Gaon,Baragaon,Joshimath,1,3,1,5,1,246443,2,2,3,0,2,4,0,0,0,0,0,1,2,2,239,1,0,0,0,0,0,0,9,9,1934,1,2,9,2,1,7,7,1,3,1,0,2,2,1,2,0,0,1,1,1,1,1,0,0,0,0,0,0,1,2,2,1,2,2,2,2,2,1,2,2,2,2,1,1,1,1,1,1,1,9,1,1,1,1,0,0,0,0,0,0,0,0,0,2,9,0,2,1,0,0,0,0,0,0,1,2,3,2,1,1,9,9,2,9,9,9,0,0,1.0,1,1,2,2,1,1,2,1,9,0,1,1,2,1,1,2,2,1,1,1,1
5677075,UTTARAKHAND,CHAMOLI,GAIRSAIN,1,,,Bhatmwali,Batagwali,Gairsain,1,3,1,5,1,246487,2,2,3,0,2,4,19,0,0,0,0,2,2,1,234,1,0,0,0,0,3,2,9,9,1934,1,2,9,2,1,0,12,1,3,2,1,2,2,1,2,0,0,2,2,2,2,2,0,0,0,0,0,0,1,2,2,1,2,2,2,2,2,1,2,2,2,1,1,1,2,1,1,1,1,9,1,1,1,1,0,0,0,0,0,0,0,0,0,1,2,0,2,2,0,0,0,0,1,0,1,1,3,2,1,1,9,9,2,9,9,9,4,0,1.0,1,1,1,2,1,1,2,1,9,0,1,1,4,1,1,2,2,1,1,1,1
1839225,UTTARAKHAND,CHAMOLI,NARAYANBAGAR,1,,,Hans Koti,Hanskoti,Narayanbagar,1,3,1,5,1,246444,2,2,3,0,2,4,19,14,0,0,0,1,2,1,222,1,0,0,0,0,1,1,9,9,1998,1,2,9,2,2,0,8,1,3,1,1,2,2,1,2,0,0,1,1,1,1,1,0,0,0,0,0,0,1,2,2,1,2,2,2,2,2,1,2,2,2,2,1,1,2,1,1,1,1,9,1,1,1,1,0,0,0,0,0,0,0,0,0,2,9,0,1,1,0,0,0,0,0,1,1,2,3,2,1,1,9,9,2,9,9,9,0,0,1.0,1,1,1,2,1,1,1,1,9,0,1,2,6,1,1,2,2,1,1,1,2
7215420,UTTARAKHAND,CHAMOLI,THARALI,2,Tharali-Town Panchayat,Tharali (NP) - Uper Bazaar Tharali Ward No. 3,,,,1,3,1,5,1,246481,2,2,3,0,2,4,0,0,0,0,0,1,2,2,223,1,0,0,0,0,0,1,9,9,2002,1,2,9,2,2,0,4,1,3,1,1,5,2,2,2,0,0,1,1,1,1,1,0,0,0,0,0,0,1,2,2,1,2,2,2,2,2,1,2,2,2,2,1,1,2,1,1,1,1,9,1,1,2,1,0,0,0,0,0,0,0,0,0,2,9,0,3,1,0,0,0,0,0,1,1,2,3,2,2,1,9,9,2,9,9,9,10,0,1.0,1,1,2,2,1,1,1,1,9,0,1,1,6,1,1,2,2,1,1,1,1
4483317,UTTARAKHAND,CHAMOLI,DASHOLI,2,PIPALKOTI-Town Panchayat,Peepalkoti (NP)- Augthala Ward No.2,,,,1,3,1,5,1,246472,2,2,3,0,2,4,19,14,0,0,0,1,2,1,221,1,1,1,0,0,0,0,9,9,1986,1,2,9,2,1,3,0,2,3,1,1,1,2,2,2,0,0,1,4,2,4,1,0,0,0,0,0,0,1,2,2,1,2,2,2,2,2,1,2,2,2,2,1,1,2,1,1,1,2,1,1,1,2,1,0,0,0,0,0,0,0,0,0,2,9,0,2,1,0,0,0,0,0,0,1,2,3,2,2,1,9,9,2,9,9,9,0,0,1.0,1,1,1,2,1,1,1,1,9,0,1,1,6,1,1,2,2,1,1,1,1
6499318,UTTARAKHAND,CHAMOLI,DASHOLI,1,,,Palethi,Palethi,Dasholi,1,3,1,5,1,246424,2,2,3,0,2,4,0,0,0,0,0,1,2,2,225,1,0,0,0,0,0,1,9,9,2006,1,2,9,2,2,0,0,1,3,1,1,2,2,2,0,2,0,1,1,1,1,0,0,0,0,0,0,0,1,2,2,1,2,2,2,2,2,1,2,2,2,2,1,1,2,1,1,2,1,9,1,1,1,1,0,0,0,0,0,0,0,0,0,2,9,0,2,1,0,0,0,0,0,1,1,2,3,2,1,1,9,9,2,9,9,9,0,0,1.0,1,1,1,2,1,1,1,1,9,0,1,1,1,1,1,2,2,1,1,1,1
3477859,UTTARAKHAND,CHAMOLI,DEWAL,1,,,Kheta Manvati,Kheta Manmati,Dewal,1,3,1,5,1,246427,2,2,3,0,2,4,19,14,0,0,0,2,2,2,230,1,0,0,0,0,0,0,9,9,1993,2,2,9,2,2,0,1,2,3,1,1,5,2,0,0,0,2,2,0,0,1,1,0,0,0,0,0,1,1,2,2,1,2,2,2,2,2,1,2,2,2,1,1,1,2,1,1,2,1,9,1,1,2,1,0,0,0,0,0,0,0,0,0,2,9,0,1,0,0,0,0,0,0,0,2,2,1,2,1,1,9,9,2,9,9,9,0,0,2.0,1,1,1,2,1,1,2,1,9,0,1,2,4,1,1,2,2,1,1,2,2
1335032,UTTARAKHAND,CHAMOLI,KARANPRAYAG,1,,,Charkhilgwar,Sunak,Karnaprayag,1,3,1,5,1,246429,2,2,3,0,2,4,19,14,0,0,0,1,2,2,228,1,0,0,0,0,1,1,9,9,1945,1,2,9,2,2,0,4,1,3,1,1,1,2,1,2,0,0,1,1,0,1,1,0,0,0,0,0,0,1,2,2,1,2,2,2,2,2,1,2,2,2,2,1,1,2,1,1,1,1,9,1,1,1,1,0,0,0,0,0,0,0,0,0,2,9,0,2,0,0,0,0,0,0,0,1,2,3,2,1,1,9,9,2,9,9,9,12,12,1.0,1,1,1,2,1,1,1,1,9,0,1,1,1,1,1,2,2,1,1,1,1
4545387,UTTARAKHAND,CHAMOLI,DASHOLI,1,,,Sainjilagga Maikot,Kujoun Maikot,Dasholi,1,3,1,5,1,246426,2,2,3,0,2,4,14,19,0,0,0,1,2,1,226,1,0,0,0,0,2,1,9,9,2007,1,2,9,2,2,0,12,1,3,1,1,1,2,2,2,0,0,1,1,1,1,1,0,0,0,0,0,0,1,2,2,1,2,2,2,2,2,1,2,2,2,1,1,1,2,1,1,2,1,9,1,1,1,1,0,0,0,0,0,0,0,0,0,2,9,0,2,1,0,0,0,0,0,0,1,2,3,2,2,1,9,9,2,9,9,9,0,0,1.0,1,1,1,2,1,1,1,1,9,0,1,1,1,1,1,2,2,1,1,1,1
1239699,UTTARAKHAND,CHAMOLI,Jyotirmath,1,,,Devgram,Devgram,Joshimath,1,3,1,5,1,246443,2,2,3,0,2,4,19,14,0,0,0,2,2,1,225,1,0,0,0,0,0,0,9,9,1995,1,2,9,2,1,10,0,1,3,1,1,2,2,1,2,0,0,1,0,0,1,1,0,0,1,1,0,0,1,2,2,1,2,2,2,2,2,1,2,2,2,2,1,1,2,1,1,1,1,9,1,1,1,1,0,0,0,0,0,0,0,0,0,2,9,0,1,1,0,0,0,0,0,0,1,2,3,1,1,1,9,9,2,9,9,9,0,0,1.0,1,1,1,2,1,1,1,1,9,0,1,1,6,1,1,2,2,1,1,1,1
3090902,UTTARAKHAND,CHAMOLI,THARALI,1,,,Gumad Laga Gerud,Gudam,Tharali,1,3,1,5,1,246481,2,2,3,0,2,4,19,0,0,0,0,2,2,2,227,1,0,0,0,0,1,0,9,9,1973,1,2,9,2,1,2,0,1,3,1,1,2,3,1,3,0,0,1,1,1,1,1,0,0,0,0,1,1,1,2,2,1,2,2,2,2,2,1,2,2,2,1,1,1,1,1,1,1,1,9,1,1,1,1,0,0,0,0,0,0,0,0,0,1,2,0,0,2,0,0,0,0,0,0,1,2,3,2,1,1,9,9,2,9,9,9,0,0,1.0,1,1,2,2,1,1,1,1,9,0,1,1,1,1,1,2,2,1,1,1,1
9390870,UTTARAKHAND,CHAMOLI,NARAYANBAGAR,1,,,Jyuda,Mal,Narayanbagar,1,3,1,5,1,246444,2,2,3,0,2,4,19,14,0,0,0,2,2,1,218,1,0,0,0,0,0,0,9,9,2004,1,2,9,2,2,0,3,1,3,1,0,2,2,1,0,0,2,1,1,1,1,1,0,0,0,0,0,0,1,2,2,1,2,2,2,2,2,1,2,2,2,2,1,1,2,1,1,1,1,9,1,1,1,1,0,0,0,0,0,0,0,0,0,2,9,0,2,1,0,0,0,0,0,0,1,2,3,2,1,1,9,9,2,9,9,9,3,0,1.0,1,1,1,1,1,1,1,1,9,0,1,1,6,1,1,2,2,1,1,1,2
7401661,UTTARAKHAND,CHAMOLI,GAIRSAIN,1,,,Pandav,Dairha,Gairsain,1,3,1,5,1,246440,2,2,3,0,2,4,19,14,0,0,0,2,2,1,226,1,0,0,0,0,0,1,9,9,1969,1,2,9,2,2,0,0,1,3,1,0,1,3,3,0,0,3,1,1,1,1,1,0,0,0,0,0,0,1,2,2,1,2,2,2,2,2,1,2,2,2,1,1,1,2,1,1,1,1,9,1,1,1,2,0,0,0,0,0,0,0,0,0,1,2,0,2,1,0,0,0,0,0,0,1,2,3,2,1,1,9,9,2,9,9,9,0,0,1.0,1,1,1,2,1,1,1,1,9,0,1,1,2,1,1,2,2,1,1,1,1
8025892,UTTARAKHAND,CHAMOLI,NARAYANBAGAR,1,,,Ghatiyana Laga Dungri,Dungri,Narayanbagar,1,3,1,5,1,246455,2,2,3,0,2,4,14,19,0,0,0,2,2,2,225,1,0,0,0,0,0,0,9,9,1984,1,2,9,2,2,0,1,1,3,1,1,5,2,1,1,1,0,1,1,1,1,1,0,0,0,0,0,0,1,2,2,1,2,2,2,2,2,1,2,2,2,2,1,1,2,1,1,1,1,9,1,1,1,1,0,0,0,0,0,0,0,0,0,2,9,0,1,0,0,0,0,0,0,0,1,2,3,2,2,1,9,9,2,9,9,9,1,1,1.0,1,1,1,2,1,1,1,1,9,0,1,1,6,1,1,2,2,1,1,1,2
7353199,UTTARAKHAND,CHAMOLI,KARANPRAYAG,1,,,Nauli Gunth,Thapli,Karnaprayag,1,3,1,5,1,246444,2,2,3,0,2,4,0,0,0,0,0,1,2,2,230,1,0,0,0,1,0,1,9,9,1959,1,2,9,2,2,0,2,1,3,1,1,7,2,1,2,0,0,1,1,0,1,1,0,0,0,0,0,0,1,2,2,1,2,2,2,2,2,1,2,2,2,2,1,1,2,1,1,1,1,9,1,1,1,1,0,0,0,0,0,0,0,0,0,2,9,0,1,1,0,0,0,0,0,0,1,2,3,2,1,1,9,9,2,9,9,9,5,0,1.0,1,1,1,2,1,1,1,1,9,0,1,1,1,1,1,2,2,1,1,1,1
8834066,UTTARAKHAND,CHAMOLI,GAIRSAIN,1,,,Jhuma Khet Talla,Jhumakhet,Gairsain,1,3,1,5,1,246486,2,2,3,0,2,4,14,19,0,0,0,1,2,1,224,1,0,0,0,0,0,0,9,9,1945,1,2,9,2,2,0,10,1,3,2,2,1,3,4,3,0,0,1,1,1,1,1,0,0,0,0,1,1,1,2,2,1,2,2,2,2,2,1,2,2,2,2,1,1,3,1,1,1,1,9,1,1,1,1,0,0,0,0,0,0,0,0,0,1,2,0,2,2,0,0,0,0,0,1,1,1,3,1,1,1,9,9,2,9,9,9,24,0,1.0,1,1,1,2,1,1,1,1,9,0,1,1,5,1,1,2,2,1,1,1,1
2899047,UTTARAKHAND,CHAMOLI,GAIRSAIN,1,,,Nail,Nail,Gairsain,1,3,1,5,1,246486,2,2,3,0,2,4,19,14,0,0,0,2,2,2,226,1,0,0,0,0,0,0,9,9,1952,1,2,9,1,1,10,2,1,3,2,2,5,2,1,0,2,0,1,1,1,1,1,0,0,0,0,0,0,1,2,2,1,2,2,2,2,2,1,2,2,2,2,1,1,2,1,2,1,1,9,1,1,1,1,0,0,0,0,0,0,0,0,0,1,2,0,1,1,0,0,0,0,0,0,1,2,3,2,2,1,9,9,2,9,9,9,20,5,1.0,1,1,1,2,1,1,2,1,9,0,1,1,5,1,1,2,2,1,1,1,1
1025755,UTTARAKHAND,CHAMOLI,Jyotirmath,1,,,Raini Chak Lata,Reini,Joshimath,1,3,1,5,1,246443,2,2,3,0,2,4,19,14,0,0,0,1,2,1,0,1,0,0,0,0,0,0,9,9,1952,1,2,9,2,1,10,1,1,3,1,1,1,2,1,2,0,0,1,1,1,1,1,0,0,0,0,0,0,1,2,2,1,2,2,2,2,2,1,2,2,2,2,1,1,2,1,1,1,1,9,1,1,1,1,0,0,0,0,0,0,0,0,0,2,9,0,1,0,0,0,0,0,0,0,1,2,3,2,2,1,9,9,2,9,9,9,0,0,1.0,1,1,1,2,1,1,1,1,9,0,1,1,1,1,1,2,2,1,1,1,1
2014543,UTTARAKHAND,CHAMOLI,NARAYANBAGAR,1,,,Kaub,Kaub,Narayanbagar,1,3,1,5,1,246455,2,2,3,0,2,4,19,14,0,0,0,2,2,2,224,1,0,0,0,0,1,1,9,9,1921,2,2,9,2,2,0,4,1,3,1,1,5,2,1,0,2,0,1,1,1,1,1,0,0,0,0,1,0,1,2,2,1,2,2,2,2,2,1,2,2,2,2,1,1,2,1,2,1,1,9,1,1,1,1,0,0,0,0,0,0,0,0,0,1,2,0,2,1,0,0,0,0,0,0,1,2,3,2,2,1,9,9,2,9,9,9,0,0,1.0,1,2,2,2,1,2,2,2,9,0,1,2,2,1,1,2,2,2,1,2,2
2911184,UTTARAKHAND,CHAMOLI,KARANPRAYAG,1,,,Kaldu (Kaleshwar),Kaleshwar,Karnaprayag,1,3,1,5,1,246487,2,2,3,0,2,4,0,0,0,0,0,2,2,2,223,1,0,0,0,1,1,0,9,9,1966,1,2,9,2,1,10,6,1,3,1,1,3,2,2,2,0,0,1,1,1,1,1,0,0,0,0,0,0,1,2,2,1,2,2,2,2,2,1,2,2,2,2,1,1,2,1,1,1,1,9,1,1,1,1,0,0,0,0,0,0,0,0,0,2,9,0,2,1,0,0,1,2,1,1,1,1,3,2,1,1,9,9,2,9,9,9,36,0,1.0,1,1,1,1,1,1,1,1,9,0,1,1,3,1,1,2,2,1,1,1,1
7657896,UTTARAKHAND,CHAMOLI,KARANPRAYAG,1,,,Kukdai,Kukdai,Karnaprayag,1,3,1,5,1,246444,2,2,3,0,2,4,0,0,0,0,0,2,2,1,224,1,0,0,0,0,1,3,9,9,1965,1,2,9,2,2,0,0,1,3,1,1,2,2,1,2,0,0,1,1,1,1,1,0,0,0,0,0,0,1,2,2,1,2,2,2,2,2,1,2,2,2,2,1,1,2,1,1,1,1,9,1,1,1,1,0,0,0,0,0,0,0,0,0,2,9,0,0,1,0,0,0,0,0,0,1,2,3,2,1,1,9,9,2,9,9,9,0,0,1.0,1,1,1,2,1,1,1,1,9,0,1,1,2,1,1,2,2,1,1,1,1
3728795,UTTARAKHAND,CHAMOLI,GAIRSAIN,1,,,Lakheri,Lakheri,Gairsain,4,3,6,8,1,246428,2,2,3,0,2,4,0,0,0,0,0,2,9,9,224,1,0,0,0,0,0,0,9,9,2005,1,2,2,2,1,0,0,1,3,1,1,2,4,4,4,0,0,1,1,1,1,1,0,0,0,0,0,0,1,2,2,1,2,2,2,2,2,1,2,2,2,2,1,1,2,1,1,1,1,9,1,1,1,1,0,0,0,0,0,0,0,0,0,1,2,0,0,4,0,0,0,2,0,1,1,1,3,2,1,1,9,9,9,9,9,9,0,0,1.0,1,1,1,2,1,1,1,1,1,14,1,1,2,1,1,2,2,1,1,1,1
4739988,UTTARAKHAND,CHAMOLI,NARAYANBAGAR,1,,,Silodi,Mauna,Narayanbagar,7,3,6,10,1,246481,2,2,3,0,2,4,19,14,0,2,0,2,9,9,225,1,0,0,0,0,0,0,9,9,1996,1,2,2,2,1,4,30,1,3,1,1,5,7,3,7,0,0,1,3,3,2,2,0,0,0,0,0,0,1,2,2,1,2,2,2,2,2,1,2,2,2,2,1,1,2,1,1,1,1,9,1,1,1,1,0,0,0,0,0,0,0,0,0,2,9,0,0,6,0,0,0,2,1,1,1,2,3,2,1,1,2,2,9,9,2,9,57,57,1.0,1,1,1,2,1,1,1,1,1,32,1,1,6,1,1,2,2,1,1,1,2
5869425,UTTARAKHAND,CHAMOLI,NANDANAGAR,1,,,Kandai,Kandai,Ghat,5,3,6,12,1,246449,2,2,3,0,2,4,19,14,0,2,2,2,9,9,237,1,0,0,0,0,0,0,9,9,1976,1,2,2,2,1,6,0,1,3,10,10,5,10,10,10,0,0,2,2,2,2,2,0,0,0,0,0,0,1,2,2,1,2,2,2,2,2,1,2,2,2,1,1,1,1,1,1,1,1,9,1,2,9,1,4,4,4,4,4,4,4,4,4,2,9,0,0,2,0,0,0,1,1,1,1,2,3,2,1,1,2,2,9,9,2,2,179,0,1.0,1,1,1,1,1,1,1,1,1,82,1,1,4,1,2,2,2,1,1,1,1
1036502,UTTARAKHAND,CHAMOLI,THARALI,1,,,Menta Talla,Maita Malla,Tharali,1,3,1,5,1,246481,2,2,3,0,2,4,19,0,0,0,0,2,2,1,221,1,0,0,0,0,0,0,9,9,1993,1,2,9,2,2,0,0,1,3,1,1,5,2,2,2,0,0,1,1,1,1,1,0,0,0,0,1,1,1,2,2,1,2,2,2,2,2,1,2,2,2,2,1,1,2,1,1,1,1,9,1,1,1,1,0,0,0,0,0,0,0,0,0,1,2,0,1,2,0,0,0,0,0,0,1,2,3,2,2,1,9,9,2,9,9,9,0,0,2.0,1,1,1,2,1,1,1,1,9,0,1,1,1,1,1,2,2,1,1,1,1
3159643,UTTARAKHAND,CHAMOLI,POKHARI,1,,,Harishankar,Harishankar,Pokhari,4,3,6,8,1,246473,2,2,3,0,2,4,19,0,0,0,0,2,9,9,230,1,0,0,0,0,0,0,9,9,1986,1,2,2,2,2,0,1,1,3,2,2,7,3,2,1,2,0,1,1,1,1,1,0,0,0,0,0,0,1,2,2,1,2,2,2,2,2,1,2,2,2,1,1,1,2,1,1,1,1,9,1,1,1,1,0,0,0,0,0,0,0,0,0,2,9,0,0,5,0,0,0,0,0,1,1,2,3,2,1,1,9,9,9,9,9,9,13,13,1.0,1,1,1,2,1,1,1,1,2,0,1,1,4,1,1,2,2,1,1,1,1
3215691,UTTARAKHAND,CHAMOLI,POKHARI,1,,,Girsa,Girasa,Pokhari,4,3,6,8,1,246446,2,2,3,0,2,4,19,14,0,0,0,1,9,9,232,1,0,0,0,0,0,0,9,9,2006,1,2,2,2,2,0,1,1,3,1,1,2,3,2,3,0,0,1,1,1,2,2,0,0,0,0,0,0,2,2,2,1,2,2,2,2,2,1,2,2,2,2,1,1,2,1,1,1,1,9,1,1,1,1,0,0,0,0,0,0,0,0,0,2,9,0,0,3,0,0,0,0,0,1,1,2,3,2,1,1,9,9,9,9,9,9,6,6,1.0,1,1,1,2,1,1,1,1,2,0,1,1,4,1,1,2,2,1,1,1,1
5407053,UTTARAKHAND,CHAMOLI,DASHOLI,1,,,Dewar Khandora,Dewar Khadora,Dasholi,1,3,1,5,1,246401,2,2,3,0,2,4,0,0,0,0,0,1,2,1,230,1,1,1,0,0,5,8,9,9,1925,1,2,9,2,2,0,0,1,3,1,1,1,2,2,0,1,1,1,1,0,1,0,1,1,0,0,0,0,1,2,2,1,2,2,2,2,2,1,2,2,2,1,1,1,2,1,1,1,1,9,1,1,1,1,0,0,0,0,0,0,0,0,0,2,9,0,0,1,0,0,0,0,0,1,1,2,3,2,2,1,9,9,2,9,9,9,0,0,2.0,1,1,1,2,1,1,1,1,9,0,1,1,1,1,1,2,2,1,1,1,1
7697563,UTTARAKHAND,CHAMOLI,NARAYANBAGAR,1,,,Raigaon,Raigaon,Narayanbagar,1,3,1,5,1,246455,2,2,3,0,2,4,19,14,0,0,0,2,2,2,224,1,0,0,0,0,0,0,9,9,1991,1,2,9,2,1,6,6,1,3,1,0,2,2,1,0,2,0,1,2,1,2,1,0,0,0,0,0,0,1,2,2,1,2,2,2,2,2,1,2,2,2,2,1,1,2,1,1,1,1,9,1,1,1,1,0,0,0,0,0,0,0,0,0,2,9,0,2,1,0,0,0,0,0,0,1,2,3,2,2,1,9,9,2,9,9,9,19,19,1.0,1,1,1,2,1,1,1,1,9,0,1,2,6,1,1,2,2,1,1,1,2
8971691,UTTARAKHAND,CHAMOLI,Jyotirmath,1,,,Paini,Paini,Joshimath,1,3,1,5,1,246443,2,2,3,0,2,4,14,19,0,0,0,1,2,2,224,1,0,0,0,1,1,2,9,9,1977,1,2,9,2,1,11,2,1,3,1,1,3,2,2,0,1,1,1,2,2,1,1,0,0,0,0,0,0,1,2,2,1,2,2,2,2,2,1,2,2,2,2,1,1,3,1,1,1,1,9,1,1,1,1,0,0,0,0,0,0,0,0,0,1,2,0,1,2,0,0,0,0,1,0,1,2,3,2,1,1,9,9,2,9,9,9,8,0,1.0,1,2,2,2,1,1,1,1,9,0,1,2,2,1,1,2,2,1,1,1,1
4926504,UTTARAKHAND,CHAMOLI,THARALI,1,,,Talwari State,Talwadi State,Tharali,1,3,1,5,1,246482,2,2,3,0,2,4,0,0,0,0,0,1,2,1,222,1,0,0,0,0,0,0,9,9,1965,2,2,9,2,2,0,0,1,3,2,2,3,2,1,2,0,0,1,1,1,1,1,0,0,0,0,0,0,1,2,2,1,2,2,2,2,2,1,2,2,2,2,1,1,2,1,1,1,1,9,1,1,1,1,0,0,0,0,0,0,0,0,0,2,9,0,2,1,0,0,0,0,0,1,1,2,3,2,1,1,9,9,2,9,9,9,0,0,1.0,1,2,1,2,1,1,1,1,9,0,1,1,2,1,1,2,2,2,1,1,1
3695930,UTTARAKHAND,CHAMOLI,DASHOLI,1,,,Palethi,Palethi,Dasholi,1,3,1,5,1,246424,2,2,3,0,2,4,19,0,0,0,0,1,2,1,224,1,0,0,0,0,0,0,9,9,1945,1,2,9,2,2,0,0,1,3,1,1,2,2,1,2,0,0,1,1,1,1,1,1,1,0,0,0,0,1,2,2,1,2,2,2,2,2,1,2,2,2,2,1,1,2,1,2,1,1,9,1,1,1,1,0,0,0,0,0,0,0,0,0,2,9,0,0,1,0,0,0,0,0,0,1,2,3,2,2,1,9,9,2,9,9,9,0,0,2.0,1,1,1,2,1,1,1,1,9,0,1,1,1,1,1,2,2,1,1,1,1
3835456,UTTARAKHAND,CHAMOLI,DEWAL,1,,,Vaan,Van,Dewal,1,3,1,5,1,246427,2,2,3,0,2,4,19,0,0,0,0,2,2,1,224,1,0,0,0,0,0,2,9,9,1992,1,2,9,2,2,0,4,1,3,1,1,1,3,2,3,0,0,1,10,0,1,1,0,0,0,0,0,0,1,2,2,1,2,2,2,2,2,1,2,2,2,2,1,1,3,1,2,1,1,9,1,1,1,1,0,0,0,0,0,0,0,0,0,2,9,0,1,1,0,0,0,0,0,0,1,1,3,2,1,1,9,9,2,9,9,9,0,0,1.0,1,1,1,2,1,1,1,1,9,0,1,2,2,1,1,2,2,1,1,1,2
2248420,UTTARAKHAND,CHAMOLI,POKHARI,1,,,Karchhuna Malla,Karchhuna,Pokhari,1,3,1,5,1,246429,2,2,3,0,2,4,0,0,0,0,0,2,2,2,224,1,0,0,0,0,1,0,9,9,1985,1,2,9,2,2,0,0,1,3,1,1,2,3,1,0,3,0,2,1,1,1,1,0,0,0,0,0,0,1,2,2,1,2,2,2,2,2,1,2,2,2,2,1,1,2,1,1,1,1,9,1,1,1,2,0,0,0,0,0,0,0,0,0,2,9,0,2,1,0,0,0,0,0,0,1,2,3,2,2,1,9,9,2,9,9,9,0,0,1.0,1,1,1,2,1,1,1,1,9,0,1,2,2,1,1,2,2,2,1,1,1
9288210,UTTARAKHAND,CHAMOLI,DASHOLI,1,,,Gauna Chak Dhar Kumala,Dharkumala,Dasholi,1,3,1,5,1,246424,2,2,3,0,2,4,19,0,0,0,0,2,2,1,225,1,0,0,0,0,0,0,9,9,1996,1,2,9,1,2,0,0,1,3,1,0,2,2,2,0,2,0,1,1,1,1,1,0,0,0,0,1,1,1,2,2,1,2,2,2,2,2,1,2,2,2,1,1,1,2,1,2,2,1,9,1,1,1,1,0,0,0,0,0,0,0,0,0,2,9,0,0,1,0,0,0,0,0,0,2,2,3,2,2,1,9,9,2,9,9,9,0,0,1.0,1,1,1,2,1,1,1,1,9,0,1,2,6,1,1,2,2,2,1,1,1
6950140,UTTARAKHAND,CHAMOLI,DASHOLI,1,,,Sainjilagga Maikot,Kujoun Maikot,Dasholi,1,3,1,5,1,246426,2,2,3,0,2,4,0,0,0,0,0,2,2,2,224,1,0,0,0,0,0,0,9,9,1998,1,2,9,2,2,0,0,2,3,1,1,2,2,1,0,2,0,1,1,0,1,0,0,0,0,0,0,0,1,2,2,1,2,2,2,2,2,1,2,2,2,2,1,1,1,1,2,1,1,9,1,1,1,1,0,0,0,0,0,0,0,0,0,2,9,0,1,1,0,0,0,0,0,1,1,2,3,2,2,1,9,9,2,9,9,9,0,0,1.0,1,1,1,2,1,1,1,1,9,0,1,1,1,1,1,2,2,1,1,1,1
7405069,UTTARAKHAND,CHAMOLI,THARALI,1,,,Sahu Gaon Laga Junidhar,Gothinda,Tharali,1,3,1,5,1,246481,2,2,3,0,2,4,19,14,0,0,0,2,2,2,225,1,0,0,0,0,2,1,9,9,1999,2,2,9,2,2,0,0,1,3,1,1,2,2,1,2,0,0,1,1,1,1,1,0,0,0,0,0,0,1,2,2,1,2,2,2,2,2,1,2,2,2,2,1,1,2,1,1,1,1,9,1,1,1,1,0,0,0,0,0,0,0,0,0,2,9,0,1,1,0,0,0,0,0,0,1,1,3,2,1,1,9,9,2,9,9,9,0,0,1.0,1,1,2,2,1,1,1,1,9,0,1,1,1,1,1,2,2,1,1,1,1
7428004,UTTARAKHAND,CHAMOLI,GAIRSAIN,1,,,Syuni Talli,Syuni Talli,Gairsain,4,3,6,8,1,246431,2,2,3,0,2,4,19,14,0,0,0,2,9,9,225,1,0,0,0,0,0,0,9,9,2009,1,2,2,2,2,0,2,1,3,1,1,1,3,2,3,0,0,2,1,1,1,1,0,0,0,0,0,0,1,2,2,1,2,2,2,2,2,1,2,2,2,1,1,1,2,1,1,1,1,9,1,1,2,2,0,0,0,0,0,0,0,0,0,2,9,0,0,1,0,0,0,0,0,0,1,2,3,2,1,1,9,9,9,9,9,9,6,0,1.0,1,1,2,2,1,1,1,1,2,0,1,1,3,1,1,2,2,1,1,1,1
4066649,UTTARAKHAND,CHAMOLI,NANDANAGAR,1,,,Bhainti,Bhenti,Ghat,7,3,6,10,1,246435,2,2,3,0,2,4,19,0,0,2,0,2,9,9,228,1,0,0,0,0,0,0,9,9,1991,1,2,2,2,1,2,0,1,3,3,3,5,8,4,5,0,3,1,2,2,2,2,0,0,0,0,0,0,1,2,2,1,2,2,2,2,2,1,2,2,2,2,1,1,3,1,1,1,1,9,1,2,9,1,0,0,0,0,0,0,0,0,0,2,9,0,0,2,0,0,0,0,2,1,1,2,3,2,1,1,2,2,9,9,2,9,27,27,1.0,1,1,1,2,1,1,1,1,1,44,1,1,3,1,2,2,2,1,1,1,1
8333592,UTTARAKHAND,CHAMOLI,DASHOLI,1,,,Tairakhansal,Teda Khansal,Dasholi,5,3,6,12,1,246449,2,2,3,0,2,4,19,14,0,2,2,1,9,9,224,1,0,0,0,0,0,0,9,9,1982,1,2,2,2,1,4,20,1,3,1,1,1,9,3,7,0,2,1,3,1,2,1,0,0,0,0,0,0,1,2,2,1,2,2,2,2,2,1,2,2,2,1,1,1,2,1,2,2,2,1,1,2,9,2,4,4,4,4,4,4,4,4,4,2,9,0,0,4,0,0,0,0,0,2,1,2,3,2,1,1,2,2,9,9,2,2,427,427,1.0,1,1,1,2,1,1,1,1,1,0,1,1,1,1,1,2,2,1,1,1,1
1793795,UTTARAKHAND,CHAMOLI,DASHOLI,1,,,Bachher,Bachher,Dasholi,5,3,6,12,1,246424,2,2,3,0,2,4,19,14,0,2,2,1,9,9,208,1,0,0,0,0,0,0,9,9,1976,1,1,2,2,1,3,54,1,3,6,6,2,18,8,16,0,2,1,2,2,2,2,0,0,0,0,2,2,1,2,2,1,2,2,2,2,2,1,2,2,2,2,1,1,2,1,1,1,1,9,1,1,1,1,1,1,1,1,1,1,2,4,1,1,1,0,0,9,0,2,1,2,1,4,1,2,3,2,1,1,2,2,9,9,2,2,256,256,1.0,1,1,1,1,1,1,1,1,1,113,1,1,3,1,1,2,2,1,1,1,1
3932871,UTTARAKHAND,CHAMOLI,DASHOLI,1,,,Chhinka,Chhinaka,Dasholi,2,3,1,8,5,246426,2,2,3,0,2,4,19,14,0,0,0,1,1,9,220,1,2,3,1,0,0,0,9,9,1981,9,2,2,2,9,0,0,9,1,1,1,1,10,13,10,0,0,1,2,2,2,2,0,0,0,0,0,0,1,2,2,1,2,2,2,2,2,1,2,2,2,2,1,1,2,1,1,1,1,9,1,1,2,1,0,0,0,0,0,0,0,0,0,1,9,0,0,2,0,0,0,0,0,1,1,2,3,2,1,2,9,9,2,9,9,9,0,0,,1,1,1,1,1,1,1,1,2,0,1,1,3,1,1,2,2,1,1,1,1
9046962,UTTARAKHAND,CHAMOLI,GAIRSAIN,1,,,Bhandari Khor,Bhandari Khor,Gairsain,2,3,1,8,5,246431,2,2,3,0,2,4,19,14,0,0,0,2,2,9,222,1,0,0,0,0,3,1,9,9,2000,9,2,2,2,9,0,0,9,1,2,2,5,6,6,6,0,0,1,1,1,1,1,0,0,0,0,0,0,1,2,2,1,2,2,2,2,2,1,2,2,2,2,1,1,2,1,1,1,1,9,1,1,2,1,0,0,0,0,0,0,0,0,0,1,9,0,0,1,0,0,0,0,0,0,1,2,3,2,2,1,9,9,2,9,9,9,0,0,,1,2,1,1,1,1,2,1,2,0,1,1,2,1,1,1,1,1,1,1,1
4311597,UTTARAKHAND,CHAMOLI,POKHARI,1,,,Bingar,Bingarh,Pokhari,4,3,6,8,4,246473,2,2,3,0,2,4,19,14,0,0,0,2,9,9,230,1,0,0,0,0,0,0,9,9,2000,1,2,2,2,2,0,0,1,1,1,1,1,3,1,3,0,0,1,1,1,1,1,0,0,0,0,0,0,1,2,2,1,2,2,2,2,2,1,2,2,2,2,1,1,2,1,1,1,1,9,1,2,9,1,0,0,0,0,0,0,0,0,0,2,9,0,0,1,0,0,0,0,0,1,1,2,3,2,1,2,9,9,9,9,9,9,0,0,1.0,1,1,1,2,1,1,1,1,2,0,1,1,2,1,1,1,1,1,1,1,1
1728778,UTTARAKHAND,CHAMOLI,DASHOLI,2,Chamoli Gopeshwar-Municipality,Chamoli Gopeshwar (MB) -Subhash Nagar Shivaji Ward No.7,,,,4,3,6,8,4,246401,2,2,3,0,2,4,19,14,0,0,0,1,9,9,230,1,0,0,0,0,0,0,9,9,1988,1,2,2,2,2,0,0,1,3,1,1,1,3,4,3,0,0,1,1,1,2,2,0,0,0,0,2,0,1,2,2,1,2,2,2,2,2,1,2,2,2,2,1,1,2,1,1,2,1,9,1,2,9,1,0,0,0,0,0,0,0,0,0,1,2,0,0,3,0,0,0,0,0,1,1,2,3,2,2,1,9,9,9,9,9,9,0,0,1.0,1,1,1,1,1,1,1,1,2,0,1,1,2,1,1,1,1,1,1,1,1
9577185,UTTARAKHAND,CHAMOLI,THARALI,1,,,Lolti,Lolti,Tharali,1,3,1,5,5,246482,2,2,3,0,2,19,4,0,0,0,0,1,1,9,210,1,11,5,0,0,0,0,9,9,2016,9,2,9,2,9,0,0,9,2,2,2,3,9,5,9,0,0,1,1,1,1,1,1,1,1,1,1,1,1,2,2,1,2,2,2,2,2,1,2,2,2,2,1,1,1,1,2,1,1,9,1,1,1,1,0,0,0,0,0,0,0,0,0,2,9,3,0,1,0,1,0,0,1,0,1,1,3,2,1,1,9,9,2,9,9,9,0,0,,1,1,1,1,1,1,1,1,9,0,1,2,2,1,1,1,1,1,1,2,2
7266099,UTTARAKHAND,CHAMOLI,POKHARI,1,,,Khori Lagga Rana,Dhamak,Pokhari,1,3,1,5,1,246429,2,2,3,0,2,4,19,0,0,0,0,2,2,2,230,1,0,2,0,0,1,0,9,9,1999,1,2,9,2,2,0,0,1,3,1,1,2,2,2,2,0,0,1,1,1,1,1,0,0,0,0,1,0,1,2,2,1,2,2,2,2,2,1,2,2,2,1,1,1,2,1,1,1,1,9,1,1,1,1,0,0,0,0,0,0,0,0,0,2,9,0,2,0,0,0,0,0,0,0,1,2,3,2,1,1,9,9,2,9,9,9,3,3,1.0,1,1,1,2,1,1,1,1,9,0,1,1,2,1,1,2,2,2,1,1,1
7721728,UTTARAKHAND,CHAMOLI,DASHOLI,1,,,Maithana,Maithana,Dasholi,5,3,6,12,1,246424,2,2,3,0,2,4,0,0,0,2,2,2,9,9,225,1,0,0,0,0,0,0,9,9,1976,1,2,2,2,1,6,20,1,3,4,2,7,8,4,5,1,2,2,2,2,2,2,0,0,0,0,2,0,1,2,2,1,2,2,2,2,2,1,2,2,2,2,1,1,1,1,1,1,2,2,1,2,9,1,4,4,4,4,4,4,4,4,4,2,9,0,0,5,0,0,0,1,1,1,1,2,3,2,1,1,2,2,9,9,2,2,0,0,1.0,1,1,2,1,1,1,1,1,1,16,1,1,2,1,1,2,3,1,1,1,1
8236113,UTTARAKHAND,CHAMOLI,KARANPRAYAG,1,,,Nausari,Nausari Barmoli,Karnaprayag,1,3,1,5,1,246488,2,2,3,0,2,4,0,0,0,0,0,1,2,1,230,1,0,0,0,0,0,0,9,9,2001,1,2,9,2,2,0,2,1,3,1,0,1,2,1,0,2,0,1,1,1,1,1,0,0,0,0,0,0,1,2,2,1,1,2,2,2,2,1,1,2,2,2,1,1,2,1,1,1,1,9,1,1,2,1,0,0,0,0,0,0,0,0,0,2,9,0,1,0,0,0,0,0,0,0,1,2,3,2,2,1,9,9,2,9,9,9,4,0,1.0,1,1,1,2,1,1,1,1,9,0,1,1,2,1,1,2,2,1,1,1,1
4814877,UTTARAKHAND,CHAMOLI,NARAYANBAGAR,1,,,Dungri,Dungri,Narayanbagar,1,3,1,5,1,246455,2,2,3,0,2,4,19,14,0,0,0,2,2,2,228,1,0,0,0,0,0,0,9,9,1961,1,2,9,2,2,0,0,1,3,1,1,5,2,1,2,0,0,1,1,0,1,1,0,0,0,0,0,0,1,2,2,1,2,2,2,2,2,1,2,2,2,1,1,1,2,1,1,1,1,9,1,1,2,1,0,0,0,0,0,0,0,0,0,2,9,0,0,1,0,0,0,0,0,0,1,2,3,2,1,1,9,9,2,9,9,9,75,75,1.0,1,1,1,2,1,1,2,1,9,0,1,2,2,1,2,2,2,1,1,2,2
2840715,UTTARAKHAND,CHAMOLI,DASHOLI,2,Chamoli Gopeshwar-Municipality,Chamoli Gopeshwar (MB) -Chamoli Chetrapaal Ward No.11,,,,1,3,1,5,1,246424,2,2,3,0,2,4,19,14,0,0,0,1,2,1,224,1,0,0,0,0,0,0,9,9,1990,1,2,9,2,2,0,0,1,3,1,1,2,2,1,2,0,0,1,1,1,1,1,0,0,0,0,0,0,2,2,2,1,2,2,2,2,2,1,2,2,2,2,1,1,2,1,2,1,1,9,1,1,1,2,0,0,0,0,0,0,0,0,0,2,9,0,1,1,0,0,0,0,1,0,1,2,3,2,2,1,9,9,2,9,9,9,0,0,1.0,1,1,1,2,1,1,1,1,9,0,1,1,3,1,1,2,2,1,1,1,1
4631759,UTTARAKHAND,CHAMOLI,Jyotirmath,1,,,Thaing,Theing,Joshimath,1,3,1,5,1,246443,2,2,3,0,2,4,19,14,0,0,0,2,2,2,228,1,0,0,0,0,0,0,9,9,1993,2,2,9,2,2,0,0,1,3,1,1,2,1,1,1,0,0,1,0,0,1,1,0,0,0,0,0,0,1,2,2,1,2,2,2,2,2,1,2,2,2,2,1,1,2,1,2,1,1,9,1,1,1,2,0,0,0,0,0,0,0,0,0,2,9,0,1,0,0,0,0,0,0,0,1,2,3,2,1,1,9,9,2,9,9,9,0,0,1.0,1,2,2,2,1,1,1,1,9,0,1,1,6,1,1,2,2,1,1,1,1
3664994,UTTARAKHAND,CHAMOLI,GAIRSAIN,1,,,Kandari Khor,Kandari Khor,Gairsain,1,3,1,5,1,246486,2,1,3,0,2,4,0,0,0,0,0,2,2,1,230,1,0,0,0,0,0,0,9,9,2006,1,2,9,2,2,0,0,1,3,1,1,2,3,3,1,2,0,1,1,1,2,2,0,0,0,0,0,0,1,2,2,1,2,2,2,2,2,1,2,2,2,1,1,2,1,1,2,1,1,9,1,1,1,1,0,0,0,0,0,0,0,0,0,2,9,0,1,1,0,0,0,0,0,0,1,2,3,2,1,1,9,9,2,9,9,9,0,0,1.0,1,1,1,2,1,1,2,1,9,0,1,1,2,1,1,2,2,1,1,1,1
1248124,UTTARAKHAND,CHAMOLI,POKHARI,1,,,Nauli,Nauli,Pokhari,1,3,1,5,1,246473,2,2,3,0,2,4,14,19,0,0,0,1,2,2,232,1,0,0,0,0,1,0,9,9,1956,1,2,9,2,2,0,19,1,3,1,0,2,2,1,2,0,0,1,0,0,1,1,0,0,0,0,1,0,2,2,2,1,2,2,2,2,2,1,2,2,2,2,1,1,2,1,1,1,1,9,1,1,1,1,0,0,0,0,0,0,0,0,0,2,9,0,2,1,0,0,0,0,0,0,1,2,3,2,1,1,9,9,2,9,9,9,0,0,1.0,1,1,2,2,1,1,1,1,9,0,1,1,1,1,1,2,2,2,1,1,1
4682524,UTTARAKHAND,CHAMOLI,Jyotirmath,1,,,Devgram,Devgram,Joshimath,1,3,1,5,1,246443,2,2,3,0,2,4,19,14,0,0,0,1,2,1,230,1,0,0,0,0,0,0,9,9,1991,2,2,9,2,1,8,8,1,3,2,2,1,2,1,2,0,0,1,1,1,1,1,0,0,0,0,0,0,1,2,2,1,2,2,2,2,2,1,2,2,2,2,1,1,2,1,1,1,1,9,1,1,1,1,0,0,0,0,0,0,0,0,0,1,2,0,2,2,0,0,0,0,1,1,1,2,3,1,1,1,9,9,2,9,9,9,33,0,1.0,1,1,1,2,1,1,1,1,9,0,1,1,1,1,1,2,2,1,1,1,1
5551105,UTTARAKHAND,CHAMOLI,POKHARI,1,,,Raduva,Raduwa,Pokhari,1,3,1,5,1,246473,2,2,3,0,2,4,19,14,0,0,0,2,2,2,227,1,0,0,0,0,0,0,9,9,1935,1,2,9,2,2,0,0,1,3,1,1,2,4,1,1,0,3,1,1,1,1,1,0,0,0,0,0,0,2,2,2,1,2,2,2,2,2,1,2,2,2,1,1,1,2,1,1,2,1,9,1,1,1,2,0,0,0,0,0,0,0,0,0,2,9,0,1,1,0,0,0,0,0,0,1,2,3,2,1,1,9,9,2,9,9,9,0,0,1.0,1,1,1,2,1,1,1,1,9,0,1,1,1,1,1,2,2,2,1,1,1
1398545,UTTARAKHAND,CHAMOLI,NANDANAGAR,1,,,Bhatiyana Lagga Lakhi,Bhatiyana,Ghat,1,3,1,5,1,246435,2,2,3,0,2,4,19,14,0,0,0,1,2,1,224,1,0,0,0,0,0,0,9,9,1999,1,2,9,2,1,8,8,1,3,1,1,2,2,1,2,0,0,1,1,1,1,1,0,0,0,0,0,0,1,2,2,1,2,2,2,2,2,1,2,2,2,2,1,1,2,1,1,1,1,9,1,1,1,1,0,0,0,0,0,0,0,0,0,2,9,0,2,1,0,0,0,0,0,0,1,2,3,1,2,1,9,9,2,9,9,9,0,0,1.0,1,1,1,2,1,1,1,1,9,0,1,1,1,1,1,2,2,1,1,1,1
9975470,UTTARAKHAND,CHAMOLI,NANDANAGAR,1,,,Pairi,Peri,Ghat,1,3,1,5,1,246435,2,2,3,0,2,4,19,14,0,0,0,2,2,1,224,1,0,0,0,0,3,2,9,9,1982,1,2,9,2,1,6,0,1,3,1,1,2,2,1,2,0,0,1,1,0,1,0,0,0,0,0,1,1,1,2,2,1,2,2,2,2,2,1,2,2,2,2,1,1,2,1,1,1,1,9,1,1,1,1,0,0,0,0,0,0,0,0,0,1,2,0,2,2,0,0,0,0,0,0,1,1,3,2,2,1,9,9,2,9,9,9,0,0,1.0,1,1,1,2,1,1,1,1,9,0,1,1,2,1,1,2,2,1,1,1,1
2241555,UTTARAKHAND,CHAMOLI,DEWAL,1,,,Torati,Torti,Dewal,1,3,1,5,1,246427,2,2,3,0,2,4,19,14,0,0,0,2,2,1,220,1,0,0,0,0,0,0,9,9,1992,2,2,9,2,2,0,0,2,3,1,1,5,2,0,0,1,1,2,1,1,1,1,0,0,0,0,0,0,1,2,2,1,2,2,2,2,2,1,2,2,2,2,1,1,1,1,1,1,1,9,1,1,2,1,0,0,0,0,0,0,0,0,0,1,2,0,1,1,0,0,0,0,0,0,2,2,1,2,1,1,9,9,2,9,9,9,0,0,1.0,1,2,2,2,1,2,1,2,9,0,1,1,4,1,1,1,1,1,1,2,2
3249769,UTTARAKHAND,CHAMOLI,GAIRSAIN,1,,,Jakhet,Jakhet,Gairsain,1,3,1,5,1,246487,2,2,3,0,2,4,19,0,0,0,0,2,2,2,230,1,0,0,0,0,1,2,9,9,1997,1,2,9,2,2,0,4,1,3,1,1,6,2,2,1,0,1,1,1,0,1,1,1,0,0,0,0,0,1,2,2,1,2,2,1,2,2,1,2,2,1,2,1,1,2,1,1,1,1,9,1,1,1,1,0,0,0,0,0,0,0,0,0,2,9,0,2,1,0,0,0,0,0,0,1,2,3,2,1,1,9,9,2,9,9,9,6,0,1.0,1,1,1,2,1,1,1,1,9,0,1,1,6,1,1,2,2,1,1,1,1
2502710,UTTARAKHAND,CHAMOLI,KARANPRAYAG,2,Karnaprayag-Municipality,Karnaprayag (NP) -Tehseel Colony Ward No.4,,,,5,2,6,12,1,246444,2,2,3,0,2,4,19,14,0,2,2,1,9,9,225,1,0,0,0,0,0,0,9,9,1976,1,2,2,2,1,3,80,1,3,5,5,1,12,5,3,6,3,1,0,0,6,6,0,0,0,0,0,6,1,2,2,1,2,2,2,2,2,1,2,2,2,2,1,1,2,1,1,1,2,1,1,2,9,1,4,4,4,4,4,4,4,4,4,1,1,1,0,6,0,0,0,1,1,3,1,2,3,2,1,1,2,2,9,9,2,2,163,0,1.0,1,1,1,1,1,1,1,1,1,25,1,1,1,1,1,2,2,1,1,2,1
2392310,UTTARAKHAND,CHAMOLI,NARAYANBAGAR,1,,,Kei Painti,Kein Penti,Narayanbagar,4,3,6,8,1,246455,2,2,3,0,2,4,14,19,0,0,0,2,9,9,224,1,0,0,0,0,0,0,9,9,1992,2,2,2,2,2,0,4,1,3,1,1,5,3,2,3,0,0,1,1,1,1,1,0,0,0,0,0,0,1,2,2,1,2,2,2,2,2,1,2,2,2,2,1,1,2,1,1,1,1,9,1,1,2,1,0,0,0,0,0,0,0,0,0,1,2,0,0,3,0,0,0,0,0,1,1,2,3,2,1,1,9,9,9,9,9,9,10,10,1.0,1,1,1,2,1,1,1,1,2,0,1,1,2,1,1,2,2,1,1,1,2
8091122,UTTARAKHAND,CHAMOLI,Jyotirmath,1,,,Hailang,Helang,Joshimath,1,3,1,5,1,246443,2,2,3,0,2,4,19,14,0,0,0,1,2,2,229,1,0,1,0,0,0,0,9,9,1902,2,2,9,2,2,0,0,1,3,1,1,1,2,1,0,2,0,1,1,1,1,1,0,0,0,0,0,0,1,2,2,1,2,2,2,2,2,1,2,2,2,2,1,1,2,1,1,1,1,9,1,1,1,1,0,0,0,0,0,0,0,0,0,2,9,0,1,1,0,0,0,0,0,0,1,2,3,1,2,1,9,9,2,9,9,9,0,0,1.0,1,1,2,2,1,1,1,1,9,0,1,1,1,1,1,2,2,1,1,1,1
5052642,UTTARAKHAND,CHAMOLI,Jyotirmath,1,,,Tangni Talli,Tangani Talli,Joshimath,4,3,6,8,1,246472,2,2,3,0,2,4,19,14,0,0,0,1,9,9,228,1,0,0,0,0,0,0,9,9,1970,1,2,2,2,2,0,0,1,3,1,1,1,3,0,3,0,0,2,1,1,1,1,0,0,0,0,0,0,1,2,2,1,2,2,2,2,2,1,2,2,2,2,1,1,2,1,1,1,1,9,1,1,2,1,0,0,0,0,0,0,0,0,0,2,9,0,0,2,0,0,0,0,1,1,1,1,3,2,1,1,9,9,9,9,9,9,0,0,1.0,1,1,1,2,1,1,2,1,1,0,1,1,2,1,1,2,2,1,1,1,1
3643746,UTTARAKHAND,CHAMOLI,Jyotirmath,1,,,Dumak,Dumak,Joshimath,4,3,6,8,1,246472,2,2,3,0,2,4,19,14,0,0,0,2,9,9,223,1,0,0,0,0,0,0,9,9,1992,2,2,2,2,2,0,16,1,3,2,1,7,5,1,1,4,0,1,1,1,1,1,0,0,0,0,0,0,1,2,2,1,2,2,2,2,2,1,2,2,2,2,1,1,2,1,1,2,1,9,1,1,1,1,0,0,0,0,0,0,0,0,0,2,9,0,0,1,0,0,0,0,0,1,1,2,3,2,1,1,9,9,9,9,9,9,16,16,1.0,1,1,1,2,1,1,1,1,1,8,1,1,1,1,1,2,2,1,1,1,1
5802231,UTTARAKHAND,CHAMOLI,GAIRSAIN,1,,,Kotha,Kota,Gairsain,1,3,1,5,1,246431,2,2,3,0,2,4,19,0,0,0,0,2,2,2,224,1,0,1,0,0,0,0,9,9,1997,1,2,9,2,2,0,4,1,3,1,1,5,2,1,0,0,2,1,1,1,1,1,0,0,0,0,0,0,1,2,2,1,2,2,2,2,2,1,2,2,2,1,1,1,2,1,1,1,1,9,1,1,1,2,0,0,0,0,0,0,0,0,0,1,2,0,2,1,0,1,0,0,0,0,1,2,3,2,1,1,9,9,2,9,9,9,0,0,1.0,1,1,2,2,1,1,2,1,9,0,1,1,2,1,1,2,2,1,1,1,1
7667720,UTTARAKHAND,CHAMOLI,GAIRSAIN,1,,,Rohira,Rohida,Gairsain,4,3,6,8,1,246428,2,2,3,0,2,4,19,0,0,0,0,2,9,9,225,1,0,0,0,0,0,0,9,9,2008,1,2,2,2,2,0,11,1,3,1,1,5,4,5,1,1,2,1,1,1,2,2,1,1,1,1,1,1,1,2,2,1,2,2,2,2,2,1,2,2,2,2,1,1,2,1,1,1,1,9,1,1,1,2,0,0,0,0,0,0,0,0,0,2,9,0,0,6,0,0,0,0,0,0,1,2,3,1,1,1,9,9,9,9,9,9,99,0,1.0,1,1,1,2,1,1,1,1,2,0,1,1,6,1,1,2,2,1,1,1,1
6951069,UTTARAKHAND,CHAMOLI,POKHARI,1,,,Siwae,Siwai,Pokhari,8,3,9,10,4,246446,2,2,3,0,2,4,14,19,0,2,0,2,9,9,215,1,0,0,0,0,0,0,9,9,1998,1,2,9,2,1,0,0,1,1,2,2,2,3,5,3,0,0,1,1,1,1,1,0,0,0,0,2,5,1,2,2,1,2,2,2,2,2,1,2,2,2,2,1,1,2,1,1,1,1,9,1,2,9,1,0,0,0,0,0,0,0,0,0,2,9,1,0,3,0,0,0,0,1,2,1,2,3,2,2,1,2,2,9,9,2,9,0,0,1.0,1,1,1,2,1,1,1,1,2,0,1,1,3,1,1,1,2,1,1,1,1
6265154,UTTARAKHAND,CHAMOLI,KARANPRAYAG,2,Karnaprayag-Municipality,Karnaprayag (NP) - Uper Bazaar Ward No.7,,,,7,3,6,10,5,246444,2,2,3,0,2,4,0,0,0,2,0,2,9,9,217,1,0,0,0,0,0,0,9,9,1986,9,2,2,2,9,0,0,9,1,2,1,1,12,4,12,0,0,1,2,2,2,2,0,0,0,0,0,0,1,1,1,1,2,2,2,1,1,1,2,2,2,2,1,1,2,1,1,1,1,9,1,2,9,1,0,0,0,0,0,0,0,0,0,2,9,3,0,3,0,0,0,0,1,1,1,2,3,2,1,2,2,2,9,9,2,9,0,0,,1,1,1,1,1,1,1,1,2,0,1,2,2,1,1,2,2,1,1,1,1
8716430,UTTARAKHAND,CHAMOLI,DEWAL,1,,,Phaldhiya Gaon,Faldiya Gaon,Dewal,1,3,1,5,1,246427,2,2,3,0,2,4,19,14,0,0,0,2,2,2,232,1,0,0,0,0,1,2,9,9,1986,1,2,9,2,2,0,0,1,3,1,1,2,2,2,0,1,1,1,1,1,1,1,0,0,0,0,0,0,1,2,2,1,2,2,2,2,2,1,2,2,2,1,1,1,2,1,2,2,1,9,1,1,1,1,0,0,0,0,0,0,0,0,0,2,9,0,1,2,0,0,0,0,0,0,1,1,3,2,1,1,9,9,2,9,9,9,0,0,1.0,1,1,1,2,1,1,1,1,9,0,1,2,1,1,1,2,2,1,1,1,1
5738978,UTTARAKHAND,CHAMOLI,NANDANAGAR,1,,,Ghuni,Ghuni,Ghat,1,3,1,5,1,246435,2,2,3,0,2,4,19,0,0,0,0,1,2,1,222,1,0,0,0,0,3,5,9,9,1919,1,2,9,2,2,0,18,1,3,2,2,5,5,1,5,0,0,1,1,1,1,0,1,1,0,0,1,0,1,2,2,1,2,2,2,2,2,1,2,2,2,2,1,1,3,1,1,1,1,9,1,1,1,1,0,0,0,0,0,0,0,0,0,2,9,0,3,3,0,0,0,0,0,1,1,2,3,2,2,1,9,9,2,9,9,9,0,0,1.0,1,1,1,1,1,1,1,1,9,0,1,1,4,1,1,2,2,1,1,1,1
5128919,UTTARAKHAND,CHAMOLI,DASHOLI,1,,,Kamyar,Salla Retoli,Dasholi,1,3,1,5,1,246472,2,2,3,0,2,4,19,14,0,0,0,1,2,1,233,1,0,0,0,0,1,0,9,9,1971,1,2,9,2,2,0,0,2,3,1,1,2,2,1,2,0,0,1,1,1,1,1,0,0,0,0,0,0,1,2,2,1,2,2,2,2,2,1,2,2,2,1,1,1,2,1,1,2,1,9,1,1,1,1,0,0,0,0,0,0,0,0,0,2,9,0,2,1,0,0,0,0,0,0,1,2,3,2,1,1,9,9,2,9,9,9,0,0,1.0,1,1,1,2,1,1,1,1,9,0,1,1,1,1,1,2,2,2,1,1,1
4022352,UTTARAKHAND,CHAMOLI,KARANPRAYAG,1,,,Ghandiyal,Ghandiyal,Karnaprayag,1,3,1,5,1,246444,2,2,3,0,2,4,0,0,0,0,0,2,2,2,225,1,0,2,0,0,2,1,9,9,1973,1,2,9,2,1,10,3,1,3,2,2,2,3,1,2,0,1,2,1,0,1,1,0,0,0,0,0,0,1,2,2,1,2,2,2,2,2,1,2,2,2,1,1,1,2,1,1,1,2,1,1,1,1,1,0,0,0,0,0,0,0,0,0,2,9,0,2,1,0,0,0,0,0,0,1,2,3,2,1,1,9,9,2,9,9,9,0,11,1.0,1,1,1,2,1,1,1,1,9,0,1,1,3,1,1,2,2,1,1,1,1
6267319,UTTARAKHAND,CHAMOLI,Jyotirmath,1,,,Bharkichak-Urgam,Bharki,Joshimath,1,3,1,5,1,246443,2,2,3,0,2,4,0,0,0,0,0,2,2,1,226,1,0,0,0,0,1,1,9,9,1989,1,2,9,2,1,5,1,1,3,1,0,2,2,1,1,1,0,1,1,1,1,1,0,0,0,0,0,0,1,2,2,1,2,2,2,2,2,1,2,2,2,2,1,1,2,1,1,1,1,9,1,1,1,1,0,0,0,0,0,0,0,0,0,1,2,0,1,1,0,0,0,0,0,0,1,2,3,1,1,1,9,9,2,9,9,9,12,0,1.0,1,2,2,2,1,1,1,1,9,0,1,1,4,1,1,2,2,1,1,1,1
3424304,UTTARAKHAND,CHAMOLI,THARALI,1,,,Meltha,Dewalkot,Tharali,1,3,1,5,1,246481,2,2,3,0,2,4,0,0,0,0,0,1,2,1,225,1,0,0,0,0,1,1,9,9,1945,1,2,9,2,2,0,0,1,3,1,1,2,2,2,2,0,0,1,1,1,1,1,0,0,0,0,0,0,1,2,2,1,2,2,2,2,2,1,2,2,2,1,1,1,2,1,1,1,1,9,1,1,1,1,0,0,0,0,0,0,0,0,0,2,9,0,1,2,0,0,0,0,0,0,1,2,3,2,2,1,9,9,2,9,9,9,11,7,1.0,1,1,1,2,1,1,1,1,9,0,1,1,2,1,1,2,2,1,1,1,1
5200959,UTTARAKHAND,CHAMOLI,NARAYANBAGAR,1,,,Hans Koti,Hanskoti,Narayanbagar,1,3,1,5,1,246444,2,2,3,0,2,4,0,0,0,0,0,2,2,2,225,1,0,0,0,0,0,0,9,9,1993,1,2,9,2,2,0,2,1,3,2,2,2,2,2,0,1,1,1,1,1,1,1,0,0,0,0,0,0,1,2,2,1,2,2,2,2,2,1,2,2,2,2,1,1,2,1,1,1,1,9,1,1,1,1,0,0,0,0,0,0,0,0,0,2,9,0,2,1,0,0,0,0,0,0,1,2,3,2,2,1,9,9,2,9,9,9,15,0,1.0,1,1,1,2,1,1,1,1,9,0,1,1,6,1,1,2,2,1,1,1,2
7381041,UTTARAKHAND,CHAMOLI,DASHOLI,2,Chamoli Gopeshwar-Municipality,Chamoli Gopeshwar (MB) -Sagar Gangol Gaon Ward No.1,,,,1,3,1,5,1,246401,2,2,3,0,2,4,19,14,0,0,0,1,2,2,225,1,0,0,0,0,0,0,9,9,1988,1,2,9,2,2,0,2,1,3,1,1,2,3,1,1,2,0,1,1,1,1,1,0,0,0,0,0,0,1,2,2,1,2,2,2,2,2,1,2,2,2,2,1,1,2,1,1,1,1,9,1,1,1,1,0,0,0,0,0,0,0,0,0,2,9,0,2,2,0,0,0,1,1,0,1,2,3,2,2,1,9,9,2,9,9,9,0,0,1.0,1,1,1,2,1,1,1,1,9,0,1,1,1,1,1,2,2,1,1,1,1
4991196,UTTARAKHAND,CHAMOLI,THARALI,1,,,Ruisan,Rui Sana,Tharali,1,3,1,5,1,246481,2,2,3,0,2,4,19,14,0,0,0,2,2,1,224,1,0,0,0,0,1,0,9,9,1990,1,2,9,2,2,0,2,1,3,2,1,2,3,1,3,0,0,1,1,1,1,1,0,0,0,0,0,0,1,2,2,1,2,2,2,2,2,1,2,2,2,2,1,1,2,1,1,1,1,9,1,1,1,1,0,0,0,0,0,0,0,0,0,2,9,0,2,2,0,0,0,0,0,0,1,2,3,2,1,1,9,9,2,9,9,9,4,0,1.0,1,2,1,2,1,1,1,1,9,0,1,1,3,1,1,2,2,1,1,1,1
2899393,UTTARAKHAND,CHAMOLI,POKHARI,2,POKHRI-Town Panchayat,Pokhri (NP) -Dever Ward No. 7,,,,1,3,1,5,1,246473,2,2,3,0,2,4,19,14,0,0,0,2,2,1,228,1,0,0,0,0,5,0,9,9,1956,1,2,9,2,2,0,6,1,3,4,4,5,4,2,3,0,1,1,1,1,1,1,0,0,0,0,0,0,1,2,2,1,2,2,2,2,2,1,2,2,2,2,1,1,2,1,2,1,1,9,1,1,1,1,0,0,0,0,0,0,0,0,0,2,9,0,2,0,0,0,0,0,0,0,1,2,3,2,1,1,9,9,2,9,9,9,28,28,1.0,1,1,1,2,1,1,1,1,9,0,1,1,2,1,1,2,2,2,1,1,1
2234513,UTTARAKHAND,CHAMOLI,KARANPRAYAG,1,,,Tefna,Tefna,Karnaprayag,4,3,6,8,1,246449,2,2,3,0,2,4,0,0,0,0,0,1,9,9,230,1,0,0,0,0,0,0,9,9,1991,1,2,2,2,2,0,10,1,3,1,1,2,4,2,4,0,0,1,1,1,1,1,1,1,0,0,0,0,1,2,2,1,2,2,2,2,2,1,2,2,2,2,1,1,2,1,1,1,1,9,1,1,1,1,0,0,0,0,0,0,0,0,0,2,9,0,0,3,0,0,0,0,0,1,1,2,3,2,1,1,9,9,9,9,9,9,0,0,1.0,1,1,1,2,1,1,1,1,1,26,1,1,2,1,1,2,2,1,1,1,1
8189274,UTTARAKHAND,CHAMOLI,NANDANAGAR,1,,,Parnmati,Kanol,Ghat,1,3,1,5,1,246435,2,2,3,0,2,4,19,14,0,0,0,2,2,2,224,1,0,0,0,0,3,1,9,9,1990,1,2,9,2,2,0,0,2,3,1,0,5,2,1,0,2,0,1,1,1,1,1,0,0,0,0,0,0,1,2,2,1,2,2,2,2,2,1,2,2,2,2,1,1,2,1,1,1,1,9,1,1,1,1,0,0,0,0,0,0,0,0,0,2,9,0,1,2,0,0,0,0,0,0,1,2,3,2,1,1,9,9,2,9,9,9,0,0,1.0,1,1,2,2,1,1,1,1,9,0,1,1,1,1,1,2,2,2,1,1,1
4306891,UTTARAKHAND,CHAMOLI,NANDANAGAR,1,,,Lankhee,Lankhi,Ghat,1,3,1,5,1,246435,2,2,3,0,2,4,19,14,0,0,0,2,2,2,224,1,0,0,0,0,1,2,9,9,1960,1,2,9,2,1,3,5,1,3,1,1,1,3,1,3,0,0,1,2,1,2,1,0,0,0,0,0,0,1,2,2,1,2,2,2,2,2,1,2,2,2,2,1,1,2,1,1,1,1,9,1,1,1,1,0,0,0,0,0,0,0,0,0,1,2,0,3,1,0,0,0,0,0,0,1,2,3,2,2,1,9,9,2,9,9,9,0,0,1.0,1,1,1,2,1,1,1,1,9,0,1,1,1,1,1,2,2,2,1,1,1
9745975,UTTARAKHAND,CHAMOLI,POKHARI,1,,,Pogatha,Pogtha,Pokhari,5,3,6,12,1,246442,2,2,3,0,2,4,19,14,0,2,2,1,9,9,220,1,0,0,0,0,0,0,9,9,1998,1,2,2,2,1,6,15,1,3,1,1,3,7,8,3,0,4,1,1,1,1,1,0,0,0,0,1,0,1,2,2,1,2,2,2,2,2,1,2,2,2,2,1,1,2,1,1,2,1,9,1,2,9,1,4,4,4,4,4,4,4,4,4,1,1,1,0,5,0,0,0,2,1,3,1,2,3,2,1,1,2,2,9,9,2,2,0,0,1.0,1,1,1,1,1,1,1,1,1,71,1,1,3,1,1,2,2,1,1,1,1
5842103,UTTARAKHAND,CHAMOLI,Jyotirmath,2,Joshimath-Municipality,Joshimath (MB) - Sunil Ward No.7,,,,4,3,6,8,1,246443,2,2,3,0,2,4,14,19,0,0,0,1,9,9,230,1,0,0,0,0,0,0,9,9,2006,1,2,2,2,1,10,0,1,3,2,2,1,3,2,3,0,0,1,1,1,1,1,0,0,0,0,0,0,1,2,2,1,2,2,2,2,2,1,2,2,2,2,1,1,2,1,1,1,1,9,1,1,1,1,0,0,0,0,0,0,0,0,0,2,9,0,0,3,0,0,0,0,0,1,1,2,3,2,2,1,9,9,9,9,9,9,11,11,1.0,1,2,2,2,1,1,1,1,2,0,1,1,2,1,1,2,2,1,1,1,1
7378947,UTTARAKHAND,CHAMOLI,POKHARI,2,POKHRI-Town Panchayat,Pokhri (NP) -Pokhri Uper Ward No. 1,,,,4,3,6,8,1,246473,2,2,3,0,2,4,19,0,0,0,0,2,9,9,224,1,0,0,0,0,0,0,9,9,1980,1,2,2,2,2,0,0,1,3,1,1,1,3,2,0,3,0,1,1,1,1,1,0,0,0,0,0,0,1,2,2,1,2,2,2,2,2,1,2,2,2,2,1,1,2,1,1,1,1,9,1,1,1,2,0,0,0,0,0,0,0,0,0,2,9,0,0,3,0,0,0,0,0,1,1,2,3,2,1,1,9,9,9,9,9,9,14,3,1.0,1,1,1,2,1,1,1,1,2,0,1,1,1,1,1,2,2,1,1,1,1
2653092,UTTARAKHAND,CHAMOLI,GAIRSAIN,1,,,Kalchunda,Kalchunda,Gairsain,1,3,1,5,1,246486,2,2,3,0,2,4,19,14,0,0,0,2,2,1,228,1,0,0,0,0,0,0,9,9,2006,1,2,9,2,2,0,0,1,3,1,1,7,2,1,0,2,0,1,1,1,1,1,0,0,0,0,0,0,1,2,2,1,2,2,2,2,2,1,2,2,2,2,1,1,2,1,2,1,1,9,1,1,1,1,0,0,0,0,0,0,0,0,0,2,9,0,2,1,0,0,0,0,0,0,1,2,3,2,1,1,9,9,2,9,9,9,0,0,1.0,1,1,2,2,1,1,1,1,9,0,1,1,1,1,1,2,2,1,1,1,1
5873668,UTTARAKHAND,CHAMOLI,KARANPRAYAG,1,,,Kimoli Talli,Kimoli,Karnaprayag,1,3,1,5,1,246488,2,2,3,0,2,4,19,14,0,0,0,2,2,2,230,1,0,0,0,0,0,0,9,9,1945,1,2,9,2,2,0,5,1,3,1,0,2,2,0,0,0,2,2,1,0,1,1,0,0,0,0,0,0,1,2,2,1,2,2,2,2,2,1,2,2,2,2,1,1,1,1,1,1,1,9,1,1,2,1,0,0,0,0,0,0,0,0,0,2,9,0,2,1,0,0,0,0,0,0,1,2,3,2,1,1,9,9,2,9,9,9,14,0,1.0,1,1,1,2,1,1,1,1,9,0,1,1,2,1,1,2,2,1,1,1,1
1764382,UTTARAKHAND,CHAMOLI,NARAYANBAGAR,1,,,Neeladi,Niladi,Narayanbagar,1,3,1,5,1,246444,2,2,3,0,2,4,19,14,0,0,0,2,2,2,223,1,0,0,0,0,0,1,9,9,1958,1,2,9,2,2,0,3,1,3,1,0,5,2,0,0,0,2,2,0,0,1,1,0,0,0,0,0,0,1,2,2,1,2,2,2,2,2,1,2,2,2,2,1,1,2,1,1,1,1,9,1,1,1,1,0,0,0,0,0,0,0,0,0,2,9,0,1,1,0,0,0,0,0,0,1,2,3,2,1,1,9,9,2,9,9,9,0,0,1.0,1,2,2,2,1,1,1,1,9,0,1,1,3,1,2,2,2,1,1,1,2
7079597,UTTARAKHAND,CHAMOLI,DEWAL,1,,,Vaan Madhye Kuling,Kuling,Dewal,4,3,6,8,1,246427,2,2,3,0,2,4,14,0,0,0,0,2,9,9,0,1,0,0,0,0,0,0,9,9,1997,2,2,2,2,2,0,0,1,3,1,1,7,3,1,0,0,3,1,1,1,1,1,0,0,0,0,0,0,1,2,2,1,2,2,2,2,2,1,2,2,2,1,1,1,2,1,2,2,1,9,1,1,1,1,0,0,0,0,0,0,0,0,0,2,9,0,0,1,0,0,0,0,0,0,1,2,3,2,1,1,9,9,9,9,9,9,0,0,2.0,1,1,1,2,1,1,1,1,2,0,1,1,1,1,1,2,2,1,1,2,1
2201850,UTTARAKHAND,CHAMOLI,THARALI,1,,,Trikot,Trikot,Tharali,1,3,1,5,1,246482,2,2,3,0,2,4,0,0,0,0,0,1,2,1,227,1,0,0,0,0,0,0,9,9,1992,1,2,9,2,2,0,0,1,3,1,1,2,2,1,2,0,0,1,1,1,1,1,1,1,0,0,0,0,1,2,2,1,2,2,2,2,2,1,2,2,2,1,1,1,2,1,1,1,1,9,1,1,1,1,0,0,0,0,0,0,0,0,0,2,9,0,1,1,0,0,0,0,0,0,1,2,3,2,2,1,9,9,2,9,9,9,0,0,1.0,1,2,1,2,1,1,1,1,9,0,1,1,2,1,1,2,2,1,1,1,1
5167900,UTTARAKHAND,CHAMOLI,KARANPRAYAG,1,,,Kankhul Talla,Kankhul Talla,Karnaprayag,5,3,6,12,1,246474,2,2,3,0,2,4,0,0,0,2,2,1,9,9,209,1,0,0,0,0,0,0,9,9,1969,1,2,2,2,1,5,8,1,3,7,6,7,7,6,4,3,0,1,1,1,2,2,0,0,0,0,0,0,1,2,2,1,2,2,2,2,2,1,2,2,2,2,1,1,1,1,1,1,1,9,1,2,9,1,2,2,2,3,4,2,4,4,4,2,9,1,0,6,0,1,0,2,2,2,1,1,3,2,1,1,2,2,9,9,2,2,20,0,1.0,1,1,1,2,1,1,1,1,1,38,1,1,2,1,1,2,2,1,1,1,1
2175501,UTTARAKHAND,CHAMOLI,NARAYANBAGAR,1,,,Bhagoti,Bhagoti,Narayanbagar,1,3,1,5,1,246455,2,2,3,0,2,4,19,14,0,0,0,1,2,2,222,1,0,0,0,0,0,0,9,9,1928,1,2,9,2,1,0,0,1,3,1,1,2,2,1,1,1,0,1,2,2,1,1,0,0,0,0,0,0,1,2,2,1,2,2,2,2,2,1,2,2,2,2,1,1,2,1,1,1,2,1,1,1,1,2,0,0,0,0,0,0,0,0,0,2,9,0,2,1,0,0,0,0,0,0,1,2,3,2,1,1,9,9,2,9,9,9,4,4,1.0,1,1,1,2,1,1,1,1,9,0,1,1,6,1,1,2,2,1,1,1,2
2216471,UTTARAKHAND,CHAMOLI,NANDANAGAR,1,,,Kundi,Kundi,Ghat,1,3,1,5,1,246449,2,2,3,0,2,4,19,14,0,0,0,2,2,2,229,1,0,0,0,0,4,0,9,9,1978,1,2,9,2,1,0,5,1,3,1,1,5,2,2,2,0,0,1,0,0,1,1,0,0,0,0,1,0,1,2,2,1,2,2,2,2,2,1,2,2,2,3,1,1,2,1,1,1,1,9,1,1,1,2,0,0,0,0,0,0,0,0,0,2,9,0,2,1,0,0,0,0,0,0,1,2,3,2,2,1,9,9,2,9,9,9,16,16,1.0,1,2,2,2,1,1,1,1,9,0,1,1,1,1,1,2,2,2,1,1,1
6823028,UTTARAKHAND,CHAMOLI,DEWAL,1,,,Losari,Lousari,Dewal,1,3,1,5,1,246427,2,2,3,0,2,4,19,14,0,0,0,1,2,1,228,1,0,0,0,0,3,3,9,9,1960,2,2,9,2,2,0,0,1,3,3,3,1,3,1,3,0,0,1,1,1,1,1,0,0,0,0,0,0,1,2,2,1,2,2,2,2,2,1,2,2,2,2,1,1,1,1,2,2,1,9,1,1,2,1,0,0,0,0,0,0,0,0,0,2,9,0,2,2,0,0,0,0,0,1,1,2,3,2,1,1,9,9,2,9,9,9,0,0,1.0,1,1,1,2,1,1,1,1,9,0,1,1,2,1,1,2,2,1,1,1,2
5335363,UTTARAKHAND,CHAMOLI,DASHOLI,2,Chamoli Gopeshwar-Municipality,Chamoli Gopeshwar (MB) -Chamoli Chetrapaal Ward No.11,,,,1,3,1,5,1,246424,2,2,3,0,2,4,19,14,0,0,0,2,2,1,230,1,0,0,0,0,0,0,9,9,1987,1,2,9,2,2,0,0,2,3,1,1,1,2,2,2,0,0,1,1,1,1,1,0,0,0,0,0,0,1,2,2,1,2,2,2,2,2,1,2,2,2,2,1,1,2,1,1,2,1,9,1,2,9,1,0,0,0,0,0,0,0,0,0,2,9,0,0,1,0,0,0,0,0,0,1,2,3,2,2,1,9,9,2,9,9,9,0,0,1.0,1,1,1,2,1,1,1,1,9,0,1,1,1,1,1,2,2,1,1,1,1
6702421,UTTARAKHAND,CHAMOLI,KARANPRAYAG,1,,,Dimar,Dimmar,Karnaprayag,1,3,1,5,1,246474,2,2,3,0,2,4,0,0,0,0,0,2,2,2,230,1,0,0,0,0,0,0,9,9,1966,1,2,9,2,2,0,2,1,3,1,1,2,2,1,2,0,0,1,1,0,1,1,0,0,0,0,0,0,1,2,2,1,2,2,2,2,2,1,2,2,2,1,1,1,2,1,1,1,1,9,1,1,2,1,0,0,0,0,0,0,0,0,0,2,9,0,1,0,0,0,0,0,0,0,1,2,3,2,1,1,9,9,2,9,9,9,3,0,1.0,1,1,1,2,1,1,1,1,9,0,1,1,2,1,1,2,2,1,1,1,1
4740697,UTTARAKHAND,CHAMOLI,POKHARI,1,,,Salna,Salna,Pokhari,1,3,1,5,1,246473,2,2,3,0,2,4,19,14,0,0,0,2,2,1,227,1,0,0,0,0,4,2,9,9,1947,1,2,9,2,2,0,0,1,3,1,0,1,2,2,2,0,0,1,1,1,1,1,0,0,0,0,1,0,1,2,2,1,2,2,2,2,2,1,2,2,2,1,1,1,2,1,1,1,1,9,1,1,1,1,0,0,0,0,0,0,0,0,0,2,9,0,2,1,0,0,0,0,0,0,1,2,3,2,1,1,9,9,2,9,9,9,0,0,1.0,1,1,1,2,1,1,1,1,9,0,1,2,2,1,1,2,2,2,1,1,1
4144569,UTTARAKHAND,CHAMOLI,KARANPRAYAG,1,,,Dungri,Dungri Jaspur,Karnaprayag,4,3,6,8,1,246487,2,2,3,0,2,4,0,0,0,0,0,1,9,9,0,1,0,0,0,0,0,0,9,9,1993,1,2,2,2,2,0,0,1,3,1,1,2,3,1,3,0,0,2,1,0,1,1,0,0,0,0,0,0,1,2,2,1,2,2,2,2,2,1,2,2,2,2,1,1,2,1,1,1,1,9,1,1,1,1,0,0,0,0,0,0,0,0,0,2,9,0,0,1,0,0,0,0,0,1,1,2,1,2,2,1,9,9,9,9,9,9,0,0,2.0,1,1,1,2,1,1,1,1,2,0,1,1,1,1,1,2,2,1,1,1,1
6713997,UTTARAKHAND,CHAMOLI,GAIRSAIN,1,,,Latu Gair,Malkot,Gairsain,5,3,6,12,1,246431,2,2,3,0,2,4,0,0,0,2,2,2,9,9,211,1,0,0,0,0,0,0,9,9,1975,1,1,2,2,1,2,50,1,3,6,6,1,12,9,9,3,0,1,2,2,2,2,0,0,0,0,1,0,1,2,2,1,2,2,2,2,2,1,2,2,2,1,1,1,2,1,1,1,1,9,1,1,1,2,2,2,2,2,4,1,2,4,2,1,2,0,0,8,0,0,0,3,1,3,1,2,3,2,2,1,2,2,9,9,2,2,124,0,1.0,1,1,2,2,1,1,1,1,1,60,1,1,2,1,1,2,2,1,1,1,1
8996501,UTTARAKHAND,CHAMOLI,Jyotirmath,2,Joshimath-Municipality,Joshimath (MB) - Painka-Maarwaadi Ward No.2,,,,1,3,1,5,1,246443,2,2,3,0,2,4,19,14,0,0,0,2,2,2,240,1,0,0,0,0,1,0,9,9,1995,2,2,9,2,1,11,0,1,3,1,1,5,2,1,0,2,0,1,1,1,1,1,0,0,0,0,1,1,1,2,2,1,2,2,2,2,2,1,2,2,2,2,1,1,2,1,1,1,2,2,1,2,9,1,0,0,0,0,0,0,0,0,0,2,9,0,0,1,0,0,0,0,0,0,1,2,3,2,1,1,9,9,2,9,9,9,0,0,2.0,1,1,1,2,1,1,1,1,9,0,1,1,2,1,1,2,2,1,1,1,1
7496140,UTTARAKHAND,CHAMOLI,GAIRSAIN,1,,,Nagali,Nagali,Gairsain,4,3,6,8,1,246440,2,2,3,0,2,4,19,14,0,0,0,1,9,9,227,1,0,0,0,0,0,0,9,9,1989,1,2,2,2,2,0,12,1,3,1,1,2,4,4,0,0,4,1,1,1,1,1,0,0,0,0,2,2,1,2,2,1,2,2,2,2,2,1,2,2,2,2,1,1,2,1,1,1,1,9,1,1,1,1,0,0,0,0,0,0,0,0,0,1,2,0,0,2,0,0,0,0,0,0,1,2,3,2,2,1,9,9,9,9,9,9,22,22,1.0,1,1,1,2,1,1,1,1,2,0,1,1,2,1,1,2,2,1,1,1,1
6638579,UTTARAKHAND,CHAMOLI,DASHOLI,2,PIPALKOTI-Town Panchayat,Peepalkoti (NP)- Gadora Ward No.3,,,,5,3,6,12,1,246472,2,2,3,0,2,4,19,0,0,1,1,1,9,9,218,1,0,0,0,0,0,0,9,9,1958,1,1,2,2,1,4,50,1,3,2,2,5,10,14,10,0,0,1,3,3,2,2,0,0,0,0,5,2,1,2,2,1,2,2,2,2,2,1,2,2,2,2,1,1,1,1,1,1,1,9,1,2,9,1,2,2,2,2,4,4,4,4,4,1,1,3,1,5,0,2,1,2,1,3,1,2,3,2,1,1,2,1,9,9,2,2,195,195,1.0,1,1,2,1,1,1,1,1,1,22,1,1,3,1,1,2,3,1,1,1,1
8064538,UTTARAKHAND,CHAMOLI,NANDANAGAR,1,,,Vaduk,Vaduk,Ghat,4,3,6,8,1,246435,2,2,3,0,2,4,19,14,0,0,0,2,9,9,226,1,0,0,0,0,0,0,9,9,2004,1,2,2,2,1,3,5,1,3,1,1,2,4,4,3,1,0,1,1,1,1,1,0,0,0,0,0,0,1,2,2,1,2,2,2,2,2,1,2,2,2,2,1,1,1,1,1,1,1,9,1,1,1,1,0,0,0,0,0,0,0,0,0,2,9,0,2,1,0,0,0,0,0,1,1,2,3,2,2,1,9,9,9,9,9,9,0,0,1.0,1,1,1,2,1,1,1,1,1,0,1,1,1,1,2,2,2,1,1,1,1
6063757,UTTARAKHAND,CHAMOLI,KARANPRAYAG,1,,,Kamera,Kameda(Choki),Karnaprayag,4,3,6,8,1,246449,2,2,3,0,2,4,0,0,0,0,0,1,9,9,228,1,0,0,0,0,0,0,9,9,1990,1,2,2,2,1,8,1,1,3,1,1,1,3,3,0,0,3,1,2,1,2,2,0,0,0,0,0,0,1,2,2,1,2,2,2,2,2,1,2,2,2,2,1,1,2,1,1,1,1,9,1,1,1,1,0,0,0,0,0,0,0,0,0,2,9,0,0,3,0,0,0,0,0,0,1,2,3,2,1,1,9,9,9,9,9,9,0,0,1.0,1,1,1,2,1,1,2,1,2,0,1,1,1,1,1,2,2,1,1,1,1
4241087,UTTARAKHAND,CHAMOLI,KARANPRAYAG,1,,,Simli,Majyadi,Karnaprayag,5,3,6,12,1,246474,2,2,3,0,2,19,4,14,0,1,1,1,9,9,227,1,0,0,0,0,0,0,9,9,1975,1,1,2,2,1,4,0,1,3,3,2,2,9,2,5,1,3,1,1,1,1,1,0,0,0,0,1,1,1,2,2,1,2,2,2,2,2,1,2,2,2,2,1,1,1,1,1,1,1,9,1,2,9,1,1,1,1,1,4,4,4,4,4,1,1,0,0,11,0,0,0,0,1,2,1,2,3,2,1,1,2,2,9,9,2,2,0,0,1.0,1,1,1,1,1,1,1,1,1,55,1,1,1,1,1,2,3,1,1,1,1
6504365,UTTARAKHAND,CHAMOLI,GAIRSAIN,1,,,Sarkot,Sarkot,Gairsain,1,3,1,5,1,246428,2,2,3,0,2,4,0,0,0,0,0,2,2,1,223,1,0,0,0,0,0,0,9,9,1999,1,2,9,2,2,0,0,1,3,2,1,2,3,3,2,1,0,1,1,1,1,1,0,0,0,0,0,0,1,2,2,1,2,2,2,2,2,1,2,2,2,2,1,1,2,1,1,1,1,9,1,1,1,2,0,0,0,0,0,0,0,0,0,2,9,0,1,1,0,0,0,0,0,0,1,2,3,2,1,1,9,9,2,9,9,9,0,0,1.0,1,1,1,2,1,1,1,1,9,0,1,1,4,1,1,2,2,2,1,1,1
7629310,UTTARAKHAND,CHAMOLI,KARANPRAYAG,1,,,Nakot Malla,Nakot,Karnaprayag,1,3,1,5,1,246444,2,2,3,0,2,4,19,0,0,0,0,2,2,2,230,1,0,0,0,0,0,0,9,9,1958,1,2,9,2,2,0,1,1,3,1,1,1,2,1,2,0,0,1,1,1,1,1,1,1,0,0,0,0,1,2,2,1,2,2,2,2,2,1,2,2,2,2,1,1,2,1,1,1,1,9,1,1,1,1,0,0,0,0,0,0,0,0,0,2,9,0,1,0,0,0,0,0,0,0,1,2,3,2,1,1,9,9,2,9,9,9,0,0,1.0,1,1,1,2,1,1,1,1,9,0,1,1,2,1,1,2,2,1,1,1,1
2402098,UTTARAKHAND,CHAMOLI,DEWAL,1,,,Bahantara,Himani,Dewal,1,3,1,5,1,246427,2,2,3,0,2,4,19,14,0,0,0,1,2,2,240,1,0,0,0,0,0,1,9,9,1965,1,2,9,2,2,0,13,1,3,1,0,5,2,1,0,0,2,1,1,1,1,1,0,0,0,0,0,1,1,2,2,1,2,2,2,2,2,1,2,2,2,1,1,1,2,1,1,1,1,9,1,1,1,1,0,0,0,0,0,0,0,0,0,2,9,0,2,0,0,0,0,0,0,0,1,2,3,1,1,1,9,9,2,9,9,9,0,0,2.0,1,2,2,2,1,2,2,1,9,0,1,1,6,1,1,2,2,1,1,1,1
4417988,UTTARAKHAND,CHAMOLI,NANDANAGAR,1,,,Matai,Matai,Ghat,1,3,1,5,1,246449,2,2,3,0,2,4,19,14,0,0,0,2,2,2,224,1,0,0,0,0,0,0,9,9,2007,1,2,9,2,2,0,0,1,3,1,1,1,2,0,2,0,0,2,1,1,1,1,0,0,0,0,0,0,1,2,2,1,2,2,1,2,2,1,2,2,2,2,1,1,2,1,1,1,1,9,1,1,2,1,0,0,0,0,0,0,0,0,0,2,9,0,1,0,0,0,0,0,0,0,1,2,3,2,1,1,9,9,2,9,9,9,0,0,1.0,1,1,1,2,1,1,1,1,9,0,1,1,1,1,1,2,2,2,1,1,1
5809092,UTTARAKHAND,CHAMOLI,GAIRSAIN,1,,,Rohira,Rohida,Gairsain,1,3,1,5,1,246428,2,2,3,0,2,4,19,14,0,0,0,2,2,1,201,1,0,0,1,0,2,1,9,9,1986,1,2,9,2,2,0,5,1,3,2,2,5,3,2,0,0,3,1,1,1,1,1,1,1,0,0,1,0,1,2,2,1,2,2,2,2,2,1,2,2,2,1,1,1,2,1,1,1,1,9,1,1,1,1,0,0,0,0,0,0,0,0,0,2,9,0,1,1,0,0,0,0,0,0,1,2,3,2,2,1,9,9,2,9,9,9,0,0,1.0,1,1,1,2,1,1,2,1,9,0,1,1,2,1,1,2,2,1,1,1,1
7726241,UTTARAKHAND,CHAMOLI,POKHARI,1,,,Sarnachai,Sharana Chai,Pokhari,1,3,1,5,1,246473,2,2,3,0,2,4,19,14,18,0,0,1,2,1,230,1,0,0,0,0,1,1,9,9,1915,1,2,9,2,2,0,0,1,3,1,1,2,3,2,1,2,0,1,1,1,1,1,0,0,0,0,1,1,1,2,2,1,2,2,2,2,2,1,2,2,2,1,1,1,2,1,1,1,1,9,1,1,1,2,0,0,0,0,0,0,0,0,0,2,9,0,1,1,0,0,0,0,0,0,1,2,3,2,1,1,9,9,2,9,9,9,0,0,1.0,1,1,1,2,1,1,1,1,9,0,1,2,2,1,1,2,2,2,1,1,1
3711887,UTTARAKHAND,CHAMOLI,DEWAL,1,,,Vaan,Van,Dewal,1,3,1,5,1,246427,2,2,3,0,2,4,0,0,0,0,0,1,2,1,218,1,0,0,0,0,3,5,9,9,1945,1,2,9,2,2,0,0,1,3,5,3,2,5,2,5,0,0,1,2,2,1,1,0,0,0,0,0,0,1,2,2,1,2,2,2,2,2,1,2,2,2,2,1,1,2,1,2,1,1,9,1,1,1,1,0,0,0,0,0,0,0,0,0,1,2,0,2,2,0,0,0,0,1,1,1,2,3,2,2,1,9,9,2,9,9,9,0,0,1.0,1,1,2,2,1,1,1,1,9,0,1,1,2,1,1,2,2,1,1,1,1
5589046,UTTARAKHAND,CHAMOLI,KARANPRAYAG,1,,,Ali Chak Dimar,Dimmar,Karnaprayag,1,3,1,5,1,246474,2,2,3,0,2,4,14,19,0,0,0,2,2,2,230,1,0,0,0,0,0,0,9,9,1999,1,2,9,2,2,0,2,1,3,1,1,1,2,1,0,0,2,1,1,0,1,1,0,0,0,0,0,0,1,2,2,1,2,2,2,2,2,1,2,2,2,2,1,1,2,1,1,1,1,9,1,1,1,1,0,0,0,0,0,0,0,0,0,2,9,0,1,0,0,0,0,0,0,0,1,2,3,2,1,1,9,9,2,9,9,9,4,3,1.0,1,1,1,2,1,1,1,1,9,0,1,1,1,1,1,2,2,1,1,1,1
7518365,UTTARAKHAND,CHAMOLI,GAIRSAIN,1,,,Nauna,Aason (Aali Majyadi),Gairsain,4,3,6,8,4,246440,2,2,3,0,2,4,19,14,0,0,0,1,9,9,226,1,0,0,0,0,0,0,9,9,1999,1,2,2,2,1,4,1,1,1,1,1,3,4,1,3,1,0,1,1,1,1,1,0,0,0,0,0,0,1,2,2,1,2,2,2,2,2,1,2,2,2,1,1,1,2,1,1,1,1,9,1,2,9,1,0,0,0,0,0,0,0,0,0,2,9,0,0,3,0,0,0,0,0,1,1,2,3,2,1,1,9,9,9,9,9,9,0,0,1.0,1,1,1,2,1,1,1,1,1,0,1,1,3,1,1,2,2,1,1,1,1
3950955,UTTARAKHAND,CHAMOLI,KARANPRAYAG,1,,,Sirpa,Aeirwadi,Karnaprayag,1,3,1,5,1,246444,2,2,3,0,2,4,0,0,0,0,0,1,2,2,225,1,0,0,0,0,1,2,9,9,2008,1,2,9,2,2,0,0,1,3,1,1,2,2,1,1,0,1,1,1,0,1,1,0,0,0,0,1,1,1,2,2,1,2,2,2,2,2,1,2,2,2,2,1,1,2,1,1,1,1,9,1,1,1,1,0,0,0,0,0,0,0,0,0,2,9,0,2,1,0,0,0,0,0,0,1,2,3,2,1,1,9,9,2,9,9,9,0,5,1.0,1,1,1,2,1,1,1,1,9,0,1,1,6,1,1,2,2,1,1,1,1
2431097,UTTARAKHAND,CHAMOLI,DASHOLI,2,Chamoli Gopeshwar-Municipality,Chamoli Gopeshwar (MB) -Kund Colony Ward No.3,,,,3,3,1,12,5,246401,2,2,3,0,2,19,4,14,0,2,2,1,1,9,220,1,15,21,0,4,0,0,9,9,1978,9,2,2,2,9,0,0,9,1,2,2,1,26,10,26,0,0,1,3,3,3,3,1,1,1,1,5,3,1,2,2,1,2,2,2,2,2,1,2,2,2,2,1,1,2,1,1,1,1,9,1,1,2,1,1,1,1,1,2,1,4,4,1,1,9,3,0,25,0,1,1,1,2,4,1,1,3,1,1,2,2,2,2,9,2,2,0,0,,1,1,1,1,1,1,1,1,2,0,1,1,3,1,1,2,2,1,1,1,1
8440380,UTTARAKHAND,CHAMOLI,NANDANAGAR,1,,,Matai,Matai,Ghat,5,3,6,12,1,246449,2,2,3,0,2,4,0,0,0,2,2,2,9,9,210,1,0,0,0,0,0,0,9,9,1985,1,1,2,2,1,4,30,1,3,1,1,5,9,7,7,0,2,1,5,4,3,2,0,0,0,0,2,0,1,2,2,1,2,2,2,2,2,1,2,2,2,2,1,1,1,1,1,1,1,9,1,2,9,1,2,2,2,4,4,4,4,4,2,1,1,1,4,11,0,4,0,4,4,4,1,1,3,2,1,1,1,1,9,9,2,2,195,195,1.0,1,1,1,1,1,1,1,1,1,96,1,1,2,1,1,2,2,1,1,1,1
5245612,UTTARAKHAND,CHAMOLI,GAIRSAIN,2,Gairsain-Town Panchayat,Gairsain (NP) -Gairsain Purvi Bhaag Ward No. 3,,,,1,3,1,5,5,246428,2,2,3,0,2,19,4,0,0,0,0,1,1,9,225,1,7,5,0,0,0,1,9,9,2009,9,2,9,2,9,0,0,9,2,2,2,1,10,4,10,0,0,1,2,2,2,2,0,0,0,0,0,0,1,2,2,1,2,2,2,2,2,1,2,2,2,2,1,1,2,1,1,1,2,1,1,2,9,1,0,0,0,0,0,0,0,0,0,2,9,2,0,2,0,0,0,0,1,1,1,2,3,2,1,2,9,9,2,9,9,9,0,0,,1,2,2,1,1,1,2,1,9,0,1,1,2,1,1,2,2,2,1,1,1
2054044,UTTARAKHAND,CHAMOLI,POKHARI,1,,,Tali,Gumsaani,Bajpur,4,3,6,8,1,246473,2,2,3,0,2,4,19,14,0,0,0,2,9,9,232,1,0,0,0,0,0,0,9,9,2006,1,2,2,2,2,0,0,1,3,1,1,2,3,3,3,0,0,1,1,1,1,1,0,0,0,0,0,0,1,2,2,1,2,2,2,2,2,1,2,2,2,1,1,1,2,1,1,1,2,1,1,1,1,1,0,0,0,0,0,0,0,0,0,2,9,0,0,3,0,0,0,0,0,1,1,2,3,2,1,1,9,9,9,9,9,9,22,0,1.0,1,1,1,2,1,1,1,1,2,0,1,1,4,1,1,2,2,1,1,1,1
2468744,UTTARAKHAND,CHAMOLI,NARAYANBAGAR,1,,,Khainoli,Khainoli,Narayanbagar,7,3,6,10,1,246444,2,2,3,0,2,4,19,14,0,2,0,2,9,9,232,1,0,0,0,0,0,0,9,9,2004,1,2,2,2,1,4,8,1,3,1,1,5,5,3,5,0,0,1,2,2,2,2,0,0,0,0,1,0,1,2,2,1,2,2,2,2,2,1,2,2,2,2,1,1,2,1,1,1,1,9,1,2,9,1,0,0,0,0,0,0,0,0,0,2,9,0,0,3,0,0,0,0,0,2,1,2,3,2,2,1,2,2,9,9,2,9,0,0,1.0,1,1,1,2,1,1,1,1,1,0,1,1,3,1,1,2,2,1,1,1,2
1711624,UTTARAKHAND,CHAMOLI,THARALI,1,,,Alkot,Aalkot,Tharali,5,3,6,12,1,246481,2,2,3,0,2,4,19,14,0,2,2,1,9,9,223,1,0,0,0,0,0,0,9,9,1981,1,2,2,2,1,4,10,1,3,5,4,5,8,4,3,1,4,2,2,1,2,1,0,0,0,0,2,2,1,2,2,1,2,2,2,2,2,1,2,2,2,2,1,1,2,1,2,1,1,9,1,1,2,2,2,2,2,2,3,3,3,3,2,2,9,0,0,4,0,0,0,3,0,1,1,2,3,2,1,1,2,2,9,9,2,2,45,0,1.0,1,1,1,2,1,1,1,1,1,70,1,1,1,1,1,2,2,1,1,1,1
9321500,UTTARAKHAND,CHAMOLI,POKHARI,1,,,Uttaraun,Uttraon,Pokhari,7,3,6,10,1,246446,2,2,3,0,2,4,14,19,0,2,0,1,9,9,240,1,0,0,0,0,0,0,9,9,2006,1,2,2,2,1,3,0,1,3,4,2,5,8,0,3,3,2,2,2,2,2,2,0,0,0,0,0,0,1,2,2,1,2,2,2,2,2,1,2,2,2,2,1,1,2,1,1,1,1,9,1,1,1,1,0,0,0,0,0,0,0,0,0,2,9,0,0,3,0,0,0,0,0,1,1,2,1,1,1,1,2,2,9,9,2,9,0,0,1.0,1,1,1,2,1,1,1,1,2,0,1,1,4,1,1,2,2,1,1,1,1
6569349,UTTARAKHAND,CHAMOLI,GAIRSAIN,2,Gairsain-Town Panchayat,Gairsain (NP) -Saliyana Ward No. 1,,,,4,3,6,8,1,246428,2,2,3,0,2,4,19,0,0,0,0,1,9,9,221,1,0,0,0,0,0,0,9,9,1997,1,2,2,2,1,10,20,1,3,2,2,3,3,2,3,0,0,1,3,3,2,2,0,0,0,0,0,0,1,2,2,1,2,2,2,2,2,1,2,2,2,2,1,1,2,1,1,1,1,9,1,1,1,1,0,0,0,0,0,0,0,0,0,1,2,0,0,4,0,0,0,2,0,2,1,2,3,2,1,1,9,9,9,9,9,9,0,0,2.0,1,1,2,2,1,1,1,1,2,17,1,1,3,1,1,2,2,1,1,1,1
7044732,UTTARAKHAND,CHAMOLI,DASHOLI,1,,,Saikot,Saikot,Dasholi,1,3,1,5,1,246424,2,2,3,0,2,4,14,0,0,0,0,1,2,1,224,1,0,0,0,0,0,0,9,9,1946,1,2,9,2,2,0,0,1,3,1,0,2,2,2,0,0,2,1,1,0,1,1,1,1,0,0,0,0,1,2,2,1,2,2,2,2,2,1,2,2,2,2,1,1,2,1,1,1,1,9,1,1,1,1,0,0,0,0,0,0,0,0,0,2,9,0,1,1,0,0,0,0,0,0,1,2,3,2,2,1,9,9,2,9,9,9,0,0,1.0,1,1,1,2,1,1,1,1,9,0,1,1,1,1,1,2,2,2,1,1,1
5045214,UTTARAKHAND,CHAMOLI,THARALI,1,,,Menta Malla,Maita Malla,Tharali,1,3,1,5,1,246481,2,2,3,0,2,4,19,14,0,0,0,1,2,1,2,1,0,0,0,0,0,0,9,9,1952,1,2,9,2,2,0,6,1,3,1,1,2,2,1,0,0,2,1,1,1,1,1,1,1,0,0,1,1,1,2,2,1,2,2,2,2,2,1,2,2,2,1,1,1,2,1,1,1,1,9,1,1,1,1,0,0,0,0,0,0,0,0,0,2,9,0,1,2,0,0,0,0,0,0,1,2,3,2,2,1,9,9,2,9,9,9,0,0,1.0,1,2,1,2,1,1,1,1,9,0,1,1,5,1,1,2,2,2,1,1,1
6217618,UTTARAKHAND,CHAMOLI,DASHOLI,2,Chamoli Gopeshwar-Municipality,Chamoli Gopeshwar (MB) -Lower Bazaar Ward No.5,,,,6,3,1,10,5,246401,2,2,3,0,2,19,4,14,0,2,0,1,1,9,217,1,4,0,0,1,0,0,9,9,1999,9,2,2,2,9,0,0,9,2,2,2,1,17,21,17,0,0,1,2,2,3,3,0,0,0,0,0,0,1,2,2,1,2,2,2,2,2,1,2,2,2,2,1,1,1,1,1,1,1,9,1,2,9,1,0,0,0,0,0,0,0,0,0,1,9,2,0,6,0,0,1,2,2,2,1,2,3,2,2,2,2,1,2,9,2,9,0,0,,1,1,1,1,1,1,1,1,2,0,1,1,2,1,1,1,1,1,1,1,1
7521870,UTTARAKHAND,CHAMOLI,GAIRSAIN,1,,,Mathakot,Mathkot,Gairsain,1,3,1,5,1,246428,2,2,3,0,2,4,19,14,0,0,0,2,2,2,231,1,0,0,0,0,9,7,9,9,2004,1,2,9,2,2,0,17,1,3,4,4,7,5,1,5,0,0,1,2,2,2,2,1,1,0,0,1,1,1,2,2,1,2,2,2,2,2,1,2,2,2,2,1,1,2,1,2,1,1,9,1,1,1,1,0,0,0,0,0,0,0,0,0,1,2,0,5,5,0,0,0,1,0,1,1,1,3,2,1,1,9,9,2,9,9,9,71,0,1.0,1,1,1,2,1,1,1,1,9,0,1,2,3,1,1,2,2,1,1,1,1
9864627,UTTARAKHAND,CHAMOLI,THARALI,1,,,Lolti,Lolti,Tharali,2,3,1,8,5,246482,2,2,3,0,2,4,19,14,0,0,0,1,2,9,227,1,2,4,0,0,0,0,9,9,1992,9,2,2,2,9,0,0,9,2,1,1,1,5,3,5,0,0,1,1,1,1,1,0,0,0,0,1,1,1,2,2,1,2,2,2,2,2,1,2,2,2,2,1,1,2,1,2,1,1,9,1,1,2,1,0,0,0,0,0,0,0,0,0,2,9,0,0,10,0,0,0,0,1,1,1,2,3,2,1,1,9,9,2,9,9,9,0,0,,1,1,2,1,1,1,1,1,2,0,1,1,1,1,1,1,1,2,1,2,2
7161773,UTTARAKHAND,CHAMOLI,GAIRSAIN,1,,,Kalyana Malla (Lali Kalyani),Kalyani Talli,Gairsain,4,3,6,8,1,246431,2,2,3,0,2,4,19,14,0,0,0,2,9,9,225,1,0,0,0,0,0,0,9,9,1997,1,2,2,2,2,0,4,1,3,1,1,5,3,3,0,3,0,1,1,1,1,1,0,0,0,0,0,0,1,2,2,1,2,2,2,2,2,1,2,2,2,2,1,1,2,1,1,1,1,9,1,1,1,1,0,0,0,0,0,0,0,0,0,2,9,0,0,3,0,0,0,0,0,0,1,2,3,2,1,1,9,9,9,9,9,9,24,0,1.0,1,1,2,2,1,1,2,1,2,0,1,1,5,1,1,2,2,1,1,1,1
1594739,UTTARAKHAND,CHAMOLI,Jyotirmath,1,,,Raini Chak Lata,Reini,Joshimath,7,3,6,10,1,246443,2,2,3,0,2,4,14,19,0,2,0,1,9,9,238,1,0,0,0,0,0,0,9,9,1982,1,2,2,2,1,6,4,1,3,2,1,5,6,2,4,2,0,2,1,1,1,1,0,0,0,0,0,0,1,2,2,1,2,2,2,2,2,1,2,2,2,2,1,1,2,1,2,2,1,9,1,1,2,1,0,0,0,0,0,0,0,0,0,2,9,0,0,6,0,0,0,0,0,2,1,2,3,2,1,1,2,2,9,9,2,9,0,0,2.0,1,1,2,2,1,1,1,1,2,0,1,1,2,1,1,2,2,1,1,1,1
5974853,UTTARAKHAND,CHAMOLI,DEWAL,1,,,Mopata,Mopata,Dewal,4,3,6,8,1,246427,2,2,3,0,2,4,19,0,0,0,0,1,9,9,224,1,0,0,0,0,0,0,9,9,2006,1,2,1,2,2,0,3,1,3,1,1,2,3,1,2,1,0,1,1,1,1,1,0,0,0,0,0,0,1,2,2,1,2,2,2,2,2,1,2,2,2,2,1,1,2,1,1,1,1,9,1,1,1,1,0,0,0,0,0,0,0,0,0,2,9,0,0,3,0,0,0,0,0,1,1,1,3,2,1,1,9,9,9,9,9,9,0,0,1.0,1,1,1,2,1,1,1,1,2,0,1,2,2,1,1,2,2,1,1,1,2
4935436,UTTARAKHAND,CHAMOLI,GAIRSAIN,1,,,Parawari,Parwari,Gairsain,5,3,6,12,1,246428,2,2,3,0,2,4,19,14,0,2,2,2,9,9,0,1,0,0,0,0,0,0,9,9,1988,1,1,2,2,1,0,0,1,3,10,10,3,10,6,8,2,0,1,2,2,2,2,0,0,0,0,1,1,1,2,2,1,2,2,2,2,2,1,2,2,2,2,1,1,1,1,1,1,1,9,1,1,1,2,4,2,4,4,4,4,4,4,4,1,1,0,0,6,0,0,0,0,0,1,1,2,3,2,2,1,2,2,9,9,2,2,0,0,1.0,1,1,1,2,1,1,2,1,1,134,1,1,2,1,1,2,2,1,1,1,1
4285839,UTTARAKHAND,CHAMOLI,DEWAL,1,,,Bahantara,Himani,Dewal,4,3,6,8,1,246427,2,2,3,0,2,4,19,14,0,0,0,1,9,9,230,1,0,0,0,0,0,0,9,9,1990,2,2,2,2,2,0,0,1,3,1,0,5,3,2,0,0,3,1,1,1,1,1,1,1,0,0,0,0,1,2,2,1,2,2,2,2,2,1,2,2,2,2,1,1,1,1,1,1,1,9,1,1,1,2,0,0,0,0,0,0,0,0,0,2,9,0,0,2,0,0,0,0,0,1,1,2,3,1,1,1,9,9,9,9,9,9,8,0,1.0,1,1,1,2,1,1,2,1,2,0,1,2,2,1,1,2,2,1,1,2,1
6002127,UTTARAKHAND,CHAMOLI,DASHOLI,1,,,Pilang Chatoli,Pilang,Dasholi,4,3,6,8,1,246424,2,2,3,0,2,4,19,14,0,0,0,1,9,9,226,1,0,0,0,0,0,0,9,9,1989,1,2,2,2,2,0,0,1,3,1,0,2,3,2,0,0,3,1,1,1,1,1,0,0,0,0,0,0,1,2,2,1,2,2,2,2,2,1,2,2,2,2,1,1,2,1,2,2,1,9,1,2,9,1,0,0,0,0,0,0,0,0,0,2,9,0,0,2,0,0,0,0,0,0,1,2,3,2,1,1,9,9,9,9,9,9,3,0,1.0,1,1,1,2,1,1,1,1,2,0,1,1,1,1,1,2,2,1,1,1,1
1330330,UTTARAKHAND,CHAMOLI,KARANPRAYAG,1,,,Langasu,Langasu,Karnaprayag,4,3,6,8,1,246446,2,2,3,0,2,4,0,0,0,0,0,1,9,9,230,1,0,0,0,0,0,0,9,9,1991,1,2,2,2,2,0,5,1,3,1,1,1,3,2,1,1,1,1,0,0,4,4,0,0,0,0,0,0,1,2,2,1,2,2,2,2,2,1,2,2,2,2,1,1,2,1,1,1,1,9,1,1,1,1,0,0,0,0,0,0,0,0,0,2,9,0,0,1,0,0,0,0,1,0,1,2,3,2,1,1,9,9,9,9,9,9,22,22,1.0,1,1,1,2,1,1,1,1,1,22,1,1,2,1,1,2,2,1,1,1,1
9735640,UTTARAKHAND,CHAMOLI,GAIRSAIN,1,,,Jakhet,Jakhet,Gairsain,4,3,6,8,1,246487,2,2,3,0,2,4,0,0,0,0,0,2,9,9,222,1,0,0,0,0,0,0,9,9,2009,1,2,2,2,1,10,2,1,3,1,1,5,3,3,3,0,0,1,1,1,1,1,1,1,1,1,0,0,1,2,2,1,2,2,2,2,2,1,2,2,2,2,1,1,2,1,1,1,1,9,1,1,1,1,0,0,0,0,0,0,0,0,0,1,2,0,0,1,0,0,0,0,0,0,1,2,3,2,1,1,9,9,9,9,9,9,0,0,1.0,1,1,1,2,1,1,1,1,1,0,1,2,2,1,1,2,2,1,1,1,1
4831032,UTTARAKHAND,CHAMOLI,NARAYANBAGAR,1,,,Pali Malli,Rithiya Malla,Narayanbagar,1,3,1,5,1,246444,2,2,3,0,2,4,19,14,0,0,0,2,2,1,223,1,0,0,0,0,0,0,9,9,1965,1,2,9,2,2,0,2,1,3,2,2,1,2,1,2,0,0,2,1,1,1,1,0,0,0,0,0,0,1,2,2,1,2,2,2,2,2,1,2,2,2,2,1,1,2,1,1,2,1,9,1,1,1,2,0,0,0,0,0,0,0,0,0,2,9,0,2,1,0,0,0,0,0,0,1,2,3,2,1,1,9,9,2,9,9,9,0,0,1.0,1,1,1,2,1,1,1,1,9,0,1,1,3,1,1,2,2,1,1,1,1
7508105,UTTARAKHAND,CHAMOLI,KARANPRAYAG,1,,,Bhatoli Lagga Top,Bhatoli Ujjwalpur,Karnaprayag,5,3,6,12,1,246444,2,2,3,0,2,4,14,19,0,2,2,2,9,9,209,1,0,0,0,0,0,0,9,9,1946,1,2,2,2,1,4,0,1,3,4,2,2,8,7,0,3,5,1,4,2,1,1,0,0,0,0,3,0,1,2,2,1,2,2,2,2,2,1,2,2,2,2,1,1,2,1,1,1,1,9,1,2,9,1,2,2,1,2,2,2,2,2,1,1,1,0,0,5,0,1,0,1,1,2,1,1,3,2,2,1,2,1,9,9,2,2,0,0,1.0,1,1,2,1,1,1,1,1,1,20,1,1,6,1,1,2,2,1,1,1,1
4275052,UTTARAKHAND,CHAMOLI,DEWAL,1,,,Sawad,Sawad,Dewal,1,3,1,5,1,246427,2,2,3,0,2,4,14,19,0,0,0,1,2,1,228,1,1,0,0,0,2,6,9,9,1984,2,2,9,2,2,0,20,2,3,1,1,2,3,3,2,0,1,1,1,1,1,1,1,1,0,0,1,1,1,2,2,1,2,2,2,2,2,1,2,2,2,1,1,1,1,1,2,2,1,9,1,1,1,2,0,0,0,0,0,0,0,0,0,1,2,0,2,1,0,0,0,0,1,1,1,2,3,2,1,1,9,9,2,9,9,9,42,0,1.0,1,1,1,2,1,1,1,1,9,0,1,1,4,1,1,2,2,1,1,1,1
2359564,UTTARAKHAND,CHAMOLI,KARANPRAYAG,1,,,Tefna,Tefna,Karnaprayag,1,3,1,5,1,246449,2,2,3,0,2,4,19,0,0,0,0,2,2,2,228,1,0,0,0,0,0,0,9,9,1980,1,2,9,2,1,5,5,1,3,1,0,2,2,1,0,0,2,1,1,1,1,1,0,0,0,0,0,0,1,2,2,1,2,2,2,2,2,1,2,2,2,2,1,1,2,1,1,1,1,9,1,1,1,1,0,0,0,0,0,0,0,0,0,2,9,0,1,1,0,0,0,0,0,0,1,2,3,2,1,1,9,9,2,9,9,9,40,40,1.0,1,1,1,2,1,1,1,1,9,0,1,1,3,1,1,2,2,1,1,1,1
5261071,UTTARAKHAND,CHAMOLI,NARAYANBAGAR,1,,,Manoor,Bedgaon,Narayanbagar,1,3,1,5,1,246455,2,2,3,0,2,4,0,0,0,0,0,2,2,1,225,1,0,0,0,0,0,0,9,9,1998,1,2,9,2,2,0,3,1,3,1,1,7,2,1,2,0,0,1,1,1,1,1,0,0,0,0,0,0,1,2,2,1,2,2,2,2,2,1,2,2,2,2,1,1,2,1,1,1,1,9,1,1,2,2,0,0,0,0,0,0,0,0,0,2,9,0,2,1,0,0,0,0,0,0,1,2,3,2,1,1,9,9,2,9,9,9,12,12,1.0,1,1,1,2,1,1,1,1,9,0,1,1,6,1,2,2,2,1,1,1,2
1014582,UTTARAKHAND,CHAMOLI,DEWAL,1,,,Melkhet,Mel Khet,Dewal,1,3,1,5,1,246427,2,2,3,0,2,4,19,14,0,0,0,2,2,2,226,1,0,0,1,0,0,0,9,9,1986,1,2,9,2,2,0,0,1,3,1,1,2,2,1,0,0,2,1,0,0,1,1,0,0,0,0,0,0,1,2,2,1,2,2,2,2,2,1,2,2,2,2,1,1,1,1,1,1,1,9,1,1,2,1,0,0,0,0,0,0,0,0,0,2,9,0,2,1,0,0,0,0,0,0,2,2,3,2,1,1,9,9,2,9,9,9,0,0,1.0,1,1,1,2,1,1,2,1,9,0,2,2,1,1,1,1,1,1,1,1,2
4998196,UTTARAKHAND,CHAMOLI,DEWAL,1,,,Naldhura,Naldhura,Dewal,1,3,1,5,1,246427,2,2,3,0,2,4,14,19,0,0,0,1,2,2,224,1,0,0,0,0,2,2,9,9,1983,2,2,9,2,2,0,0,1,3,1,1,2,2,1,0,2,0,1,1,1,1,1,0,0,0,0,0,0,1,2,2,1,2,2,2,2,2,1,2,2,2,1,1,1,1,1,2,1,1,9,1,1,1,2,0,0,0,0,0,0,0,0,0,2,9,0,1,1,0,0,0,0,0,0,1,2,1,2,1,1,9,9,2,9,9,9,0,0,1.0,1,1,1,2,1,1,1,1,9,0,2,2,4,1,1,2,2,2,1,1,1
2090125,UTTARAKHAND,CHAMOLI,DASHOLI,1,,,Irani,Irani,Dasholi,5,3,6,12,1,246424,2,2,3,0,2,4,14,0,0,2,2,2,9,9,214,1,0,0,0,0,0,0,9,9,1981,1,2,2,2,1,0,0,2,3,1,1,5,7,2,7,0,0,1,2,2,2,2,0,0,0,0,0,0,1,2,2,1,2,2,2,2,2,1,2,2,2,1,1,1,2,1,1,1,1,9,1,1,2,2,4,4,4,4,4,4,4,4,3,2,9,0,0,4,0,1,0,1,1,1,1,2,3,2,1,1,2,2,9,9,2,2,0,0,1.0,1,1,2,2,1,1,1,1,2,0,1,1,6,1,1,2,2,1,1,1,1
3346392,UTTARAKHAND,CHAMOLI,NANDANAGAR,1,,,Mokhtalla,Mokh Talla,Ghat,1,3,1,5,1,246449,2,2,3,0,2,4,19,0,0,0,0,2,2,2,220,1,0,0,0,0,0,1,9,9,1995,1,2,9,2,1,3,0,1,3,1,1,5,2,2,0,0,2,1,0,0,1,1,0,0,0,0,0,0,1,2,1,1,2,2,2,2,1,1,2,2,2,2,1,1,2,1,1,1,1,9,1,1,2,1,0,0,0,0,0,0,0,0,0,2,9,0,1,0,0,0,0,0,0,0,1,2,3,2,1,1,9,9,2,9,9,9,0,0,1.0,1,1,1,2,1,1,1,1,9,0,1,1,2,1,1,2,2,1,1,1,1
2853788,UTTARAKHAND,CHAMOLI,NARAYANBAGAR,1,,,Bamiyala,Bamiyala,Narayanbagar,4,3,6,8,1,246453,2,2,3,0,2,4,19,14,0,0,0,2,9,9,228,1,0,0,0,0,0,0,9,9,2006,1,2,2,2,1,6,0,1,3,2,2,2,3,4,1,1,1,1,1,1,1,1,0,0,0,0,0,0,1,2,2,1,2,2,2,2,2,1,2,2,2,2,1,1,2,1,1,1,1,9,1,1,1,1,0,0,0,0,0,0,0,0,0,2,9,0,0,1,0,0,0,0,0,0,1,2,3,2,1,1,9,9,9,9,9,9,16,16,1.0,1,1,1,2,1,1,1,1,2,0,1,1,1,1,1,2,1,1,1,1,2
4407423,UTTARAKHAND,CHAMOLI,KARANPRAYAG,1,,,Baula,Baula,Karnaprayag,4,3,6,8,1,246429,2,2,3,0,2,4,0,0,0,0,0,2,9,9,230,1,0,0,0,0,0,0,9,9,2006,1,2,2,2,2,0,8,1,3,1,1,5,4,1,1,1,2,1,0,0,2,1,0,0,0,0,0,0,1,2,2,1,2,2,2,2,2,1,2,2,2,2,1,1,2,1,1,1,1,9,1,1,2,2,0,0,0,0,0,0,0,0,0,2,9,0,0,2,0,0,0,0,0,0,1,2,3,2,1,1,9,9,9,9,9,9,33,33,1.0,1,1,1,2,1,1,1,1,1,25,1,1,2,1,1,2,2,1,1,1,1
1953133,UTTARAKHAND,CHAMOLI,Jyotirmath,2,Joshimath-Municipality,Joshimath (MB) - Persaari Ward No.8,,,,4,3,6,8,1,246443,2,2,3,0,2,4,19,14,0,0,0,1,9,9,226,1,0,0,0,0,0,0,9,9,1994,1,2,2,2,2,0,2,1,3,1,1,2,3,1,3,0,0,1,1,1,1,1,1,1,0,0,0,0,1,2,2,1,2,2,2,2,2,1,2,2,2,2,1,1,2,1,1,1,2,1,1,1,1,1,0,0,0,0,0,0,0,0,0,2,9,0,0,1,0,0,0,0,0,0,1,2,3,2,1,1,9,9,9,9,9,9,6,0,1.0,1,1,2,2,1,1,1,1,2,0,1,2,1,1,1,2,2,1,1,1,1
8992893,UTTARAKHAND,CHAMOLI,KARANPRAYAG,1,,,Dimar,Dimmar,Karnaprayag,4,3,6,8,1,246474,2,2,3,0,2,4,19,0,0,0,0,1,9,9,233,1,0,0,0,0,0,0,9,9,1990,1,2,2,2,2,0,0,1,3,1,1,1,3,2,3,0,0,1,1,1,1,1,0,0,0,0,0,0,1,2,2,1,2,2,2,2,2,1,2,2,2,2,1,1,2,1,1,1,1,9,1,1,1,1,0,0,0,0,0,0,0,0,0,2,9,0,0,3,0,0,0,0,0,0,1,2,3,2,1,1,9,9,9,9,9,9,0,0,1.0,1,1,1,2,1,1,1,1,2,0,1,1,2,1,1,2,2,1,1,1,1
5466335,UTTARAKHAND,CHAMOLI,Jyotirmath,1,,,Chaien,Chain,Joshimath,4,3,6,8,1,246443,2,2,3,0,2,4,19,14,0,0,0,1,9,9,227,1,0,0,0,0,0,0,9,9,1989,1,2,2,2,1,10,0,1,3,5,5,1,3,2,3,0,0,1,2,2,2,2,1,1,0,0,0,0,1,2,2,1,2,2,2,2,2,1,2,2,2,2,1,1,2,1,1,1,1,9,1,1,1,1,0,0,0,0,0,0,0,0,0,2,9,0,0,1,0,0,0,0,0,1,1,2,3,2,1,1,9,9,9,9,9,9,0,0,1.0,1,1,1,2,1,1,1,1,2,0,1,1,1,1,1,2,2,1,1,1,1
2610272,UTTARAKHAND,CHAMOLI,DASHOLI,1,,,Dewaldhar,Dewaldhar,Dasholi,1,3,1,5,1,246401,2,2,3,0,2,4,19,14,0,0,0,1,2,2,230,1,0,0,0,0,3,0,9,9,1994,2,2,9,2,2,0,0,2,3,1,1,5,2,2,2,0,0,1,1,1,1,1,0,0,0,0,0,0,2,2,2,1,2,2,2,2,2,1,2,2,2,2,1,1,2,1,1,1,1,9,1,1,2,1,0,0,0,0,0,0,0,0,0,2,9,0,1,1,0,0,0,0,0,0,1,2,3,2,2,1,9,9,2,9,9,9,0,0,2.0,1,1,1,2,1,1,1,1,9,0,1,1,2,1,1,2,2,1,1,1,1
8596614,UTTARAKHAND,CHAMOLI,GAIRSAIN,1,,,Khal Kumkhori,Khal (Kumkholi),Gairsain,1,3,1,5,1,246440,2,2,3,0,2,4,0,0,0,0,0,1,2,1,223,1,0,0,0,0,0,1,9,9,1997,1,2,9,2,1,10,2,1,3,1,1,1,3,2,1,2,0,1,1,1,1,1,0,0,0,0,0,0,1,2,1,1,2,2,2,2,2,1,2,2,2,2,1,1,2,1,2,1,1,9,1,1,1,1,0,0,0,0,0,0,0,0,0,2,9,0,1,1,0,0,0,0,0,0,1,2,3,2,1,1,9,9,2,9,9,9,0,0,1.0,1,1,1,2,1,1,2,1,9,0,1,1,2,1,1,2,2,1,1,1,1
3604656,UTTARAKHAND,CHAMOLI,Jyotirmath,1,,,Palla,Jakhola,Joshimath,1,3,1,5,1,246472,2,2,3,0,2,4,0,0,0,0,0,1,2,2,231,1,0,0,0,0,0,0,9,9,1978,2,2,9,2,1,8,1,1,3,1,1,2,2,1,2,0,0,1,1,1,1,1,0,0,0,0,0,0,1,2,2,1,2,2,2,2,2,2,2,2,2,2,1,1,2,1,1,1,1,9,1,1,1,1,0,0,0,0,0,0,0,0,0,2,9,0,0,1,0,0,0,0,0,0,1,2,3,1,2,1,9,9,2,9,9,9,0,0,1.0,1,1,2,2,1,1,1,1,9,0,1,1,1,1,1,2,2,1,1,1,1
9503893,UTTARAKHAND,CHAMOLI,DASHOLI,1,,,Semdugara,Semdungra,Dasholi,1,3,1,5,1,246424,2,2,3,0,2,4,19,14,0,0,0,2,2,1,222,1,0,0,0,0,0,0,9,9,1958,1,2,9,2,2,0,0,1,3,1,1,2,1,0,0,0,1,2,1,1,1,1,0,0,0,0,0,0,1,2,2,1,2,2,2,2,2,1,2,2,2,2,1,1,2,1,1,1,1,9,1,1,1,1,0,0,0,0,0,0,0,0,0,2,9,0,2,1,0,0,0,0,0,1,1,2,3,2,1,1,9,9,2,9,9,9,11,0,1.0,1,1,1,2,1,1,1,1,9,0,1,1,1,1,1,2,2,1,1,1,1
8955921,UTTARAKHAND,CHAMOLI,NANDANAGAR,1,,,Pairi,Peri,Ghat,1,3,1,5,1,246435,2,2,3,0,2,4,19,14,0,0,0,2,2,2,220,1,0,0,0,0,4,4,9,9,1954,1,2,9,2,1,5,10,1,3,2,1,1,2,1,2,0,0,1,1,1,1,1,0,0,0,0,1,1,1,2,2,1,2,2,2,2,2,1,2,2,2,2,1,1,1,1,1,1,1,9,1,1,1,1,0,0,0,0,0,0,0,0,0,2,9,0,1,1,0,0,0,0,0,0,1,2,3,2,2,1,9,9,2,9,9,9,0,0,1.0,1,1,2,2,1,1,1,1,9,0,1,1,5,1,1,2,2,2,1,1,1
8411910,UTTARAKHAND,CHAMOLI,Jyotirmath,1,,,Bhalgaon,Bhalagaon,Joshimath,1,3,1,5,1,246443,2,2,3,0,2,4,19,14,0,0,0,2,2,1,0,1,0,0,0,0,0,0,9,9,1960,1,2,9,2,1,10,14,2,3,1,1,6,2,1,0,0,2,1,1,1,1,1,0,0,0,0,0,0,1,2,2,1,2,2,2,2,2,1,2,2,2,2,1,1,2,1,1,1,1,9,1,1,2,1,0,0,0,0,0,0,0,0,0,2,9,0,1,1,0,0,0,0,0,1,1,1,3,1,1,1,9,9,2,9,9,9,0,0,2.0,1,1,2,2,1,1,1,1,9,0,1,1,6,1,1,2,2,1,1,1,1
7370903,UTTARAKHAND,CHAMOLI,NANDANAGAR,1,,,Ustoli,Ustoli,Ghat,1,3,1,5,1,246435,2,2,3,0,2,4,19,0,0,0,0,2,2,2,226,1,0,0,0,0,2,1,9,9,1980,1,2,9,2,2,0,0,1,3,1,1,2,2,1,2,0,0,1,1,1,1,1,0,0,0,0,0,0,1,2,2,1,2,2,2,2,2,1,2,2,2,2,1,1,2,1,1,1,1,9,1,1,1,1,0,0,0,0,0,0,0,0,0,1,2,0,2,2,0,0,0,0,0,0,1,2,3,2,2,1,9,9,2,9,9,9,0,0,1.0,1,1,1,2,1,1,1,1,9,0,1,1,1,1,1,2,2,2,1,1,1
1542129,UTTARAKHAND,CHAMOLI,KARANPRAYAG,1,,,Baula,Baula,Karnaprayag,1,3,1,5,1,246429,2,2,3,0,2,4,0,0,0,0,0,1,2,1,222,1,0,0,0,0,1,0,9,9,1962,1,2,9,2,2,0,3,1,3,1,1,2,2,1,2,0,0,1,1,1,1,1,0,0,0,0,0,0,1,2,2,1,2,2,2,2,2,1,2,2,2,2,1,1,2,1,1,1,1,9,1,1,2,1,0,0,0,0,0,0,0,0,0,2,9,0,1,1,0,0,0,0,0,0,1,2,3,2,1,1,9,9,2,9,9,9,18,0,1.0,1,1,1,2,1,1,1,1,9,0,1,1,2,1,1,2,2,1,1,1,1
2704485,UTTARAKHAND,CHAMOLI,DASHOLI,2,Chamoli Gopeshwar-Municipality,Chamoli Gopeshwar (MB) -Kothiyaal Gaon Ward No.10,,,,2,3,1,8,5,246401,2,2,3,0,2,4,19,14,0,0,0,1,1,9,220,1,4,7,0,0,0,0,9,9,2010,9,2,2,2,9,0,0,9,1,8,8,1,8,2,8,0,0,1,1,1,2,2,0,0,0,0,0,0,1,2,2,1,2,2,2,2,2,1,2,2,2,2,1,1,2,1,2,2,1,9,1,2,9,1,0,0,0,0,0,0,0,0,0,2,9,0,0,4,0,0,0,0,0,1,1,2,3,2,2,2,9,9,2,9,9,9,0,0,,1,1,1,1,1,1,1,1,2,0,1,2,6,1,1,2,2,2,1,1,1
8301306,UTTARAKHAND,CHAMOLI,GAIRSAIN,1,,,Parawari,Parwari,Gairsain,1,3,1,5,1,246428,2,2,3,0,2,4,19,14,0,0,0,2,2,2,230,1,0,0,0,0,1,0,9,9,1999,1,2,9,2,2,0,0,1,3,1,1,2,2,2,0,2,0,1,1,1,1,1,0,0,0,0,0,0,1,2,2,1,2,2,2,2,2,1,2,2,2,1,1,2,1,1,2,1,1,9,1,1,1,1,0,0,0,0,0,0,0,0,0,1,2,0,1,1,0,0,0,0,0,0,1,2,3,2,1,1,9,9,2,9,9,9,0,0,1.0,1,1,1,2,1,1,2,1,9,0,1,1,2,1,1,2,2,1,1,1,1
2652381,UTTARAKHAND,CHAMOLI,POKHARI,1,,,Sem,Sem,Pokhari,1,3,1,5,1,246444,2,2,3,0,2,4,19,0,0,0,0,2,2,1,227,1,0,0,0,0,0,0,9,9,1948,1,2,9,2,2,0,0,1,3,1,1,7,2,1,0,0,2,1,1,1,1,1,0,0,0,0,0,0,1,2,2,1,2,2,2,2,2,1,2,2,2,2,1,1,2,1,1,1,1,9,1,1,1,1,0,0,0,0,0,0,0,0,0,2,9,0,1,0,0,0,0,0,0,0,1,2,3,2,1,1,9,9,2,9,9,9,5,0,1.0,1,1,1,2,1,1,1,1,9,0,1,2,4,1,1,2,2,2,1,1,1
5391905,UTTARAKHAND,CHAMOLI,DASHOLI,1,,,Palethi,Palethi,Dasholi,4,3,6,8,1,246424,2,2,3,0,2,4,19,14,0,0,0,2,9,9,220,1,0,0,0,0,0,0,9,9,1990,2,2,2,2,1,4,2,1,3,1,1,2,3,2,0,3,0,1,1,1,1,1,0,0,0,0,0,0,1,2,2,1,2,2,2,2,2,1,2,2,2,2,1,1,2,1,1,1,1,9,1,1,1,1,0,0,0,0,0,0,0,0,0,2,9,0,0,1,0,0,0,0,0,1,1,2,3,2,1,1,9,9,9,9,9,9,18,0,1.0,1,1,1,2,1,1,1,1,2,0,1,1,2,1,1,2,2,1,1,1,1
4623426,UTTARAKHAND,CHAMOLI,GAIRSAIN,1,,,Mehal Chauri,Mehal Chauri,Gairsain,4,3,6,8,1,246431,2,2,3,0,2,4,0,0,0,0,0,1,9,9,226,1,0,0,0,0,0,0,9,9,2002,1,2,2,2,2,0,0,1,3,1,1,1,3,1,3,0,0,1,0,0,2,1,0,0,0,0,0,1,1,2,2,1,2,2,2,2,2,1,2,2,2,1,1,1,2,1,1,1,1,9,1,1,1,1,0,0,0,0,0,0,0,0,0,2,9,0,0,2,0,1,0,0,0,0,1,2,3,2,2,1,9,9,9,9,9,9,0,0,1.0,1,1,2,2,1,1,1,1,1,0,1,1,1,1,1,2,2,1,1,1,1
3552851,UTTARAKHAND,CHAMOLI,NARAYANBAGAR,1,,,Kevar Talla,Kewar Malla,Narayanbagar,5,3,6,12,1,246455,2,2,3,0,2,4,0,0,0,2,2,1,9,9,222,1,0,0,0,0,0,0,9,9,1960,1,2,2,2,1,4,30,1,3,3,3,2,10,10,1,5,4,1,2,2,2,2,0,0,0,0,4,0,1,2,2,1,2,2,2,2,2,1,2,2,2,2,1,1,1,1,1,1,1,9,1,1,2,1,2,1,1,3,3,2,4,4,2,1,1,0,0,13,0,0,1,1,0,2,1,1,3,2,1,1,1,2,9,9,2,2,167,167,1.0,1,1,1,2,1,1,1,1,2,0,1,1,3,1,1,2,3,1,1,1,1
4083996,UTTARAKHAND,CHAMOLI,THARALI,1,,,Dhalu,Dhalu,Tharali,1,3,1,5,1,246481,2,2,3,0,2,4,19,14,0,0,0,2,2,1,223,1,0,0,0,0,0,0,9,9,1988,1,2,9,2,2,0,2,1,3,1,1,2,2,1,1,1,0,1,1,0,1,1,0,0,0,0,0,0,1,2,2,1,2,2,2,2,2,1,2,2,2,2,1,1,2,1,1,1,1,9,1,1,1,1,0,0,0,0,0,0,0,0,0,2,9,0,1,2,0,0,0,0,0,0,1,2,3,2,1,1,9,9,2,9,9,9,6,6,1.0,1,2,1,2,1,1,1,1,9,0,1,1,2,1,1,2,2,1,1,1,1
7737837,UTTARAKHAND,CHAMOLI,NANDANAGAR,1,,,Syari Lagga Bangali,Syari Bangali,Ghat,4,3,6,8,1,246435,2,2,3,0,2,4,19,14,0,0,0,1,9,9,230,1,0,0,0,0,0,0,9,9,2004,1,2,2,2,1,3,8,1,3,1,1,2,3,3,0,3,0,1,1,1,1,0,0,0,0,0,0,0,1,2,2,1,2,2,2,2,2,1,2,2,2,2,1,1,2,1,1,1,1,9,1,1,1,1,0,0,0,0,0,0,0,0,0,2,9,0,0,3,0,0,0,0,0,1,1,2,3,2,1,1,9,9,9,9,9,9,12,13,1.0,1,1,1,2,1,1,1,1,1,8,1,1,2,1,2,2,2,1,1,1,1
4943381,UTTARAKHAND,CHAMOLI,NARAYANBAGAR,1,,,Paithani,Paithani,Narayanbagar,4,3,6,8,1,246455,2,2,3,0,2,4,19,14,0,0,0,2,9,9,228,1,0,0,0,0,0,0,9,9,1997,1,2,2,2,2,0,2,1,3,2,2,3,3,3,3,0,0,1,1,1,1,0,0,0,0,0,0,0,1,2,2,1,2,2,2,2,2,1,2,2,2,2,1,1,2,1,1,1,1,9,1,1,1,1,0,0,0,0,0,0,0,0,0,2,9,0,0,1,0,0,0,0,0,0,1,2,3,2,1,1,9,9,9,9,9,9,6,6,1.0,1,1,1,2,1,1,1,1,1,6,1,1,4,1,1,2,2,1,1,1,2
5139919,UTTARAKHAND,CHAMOLI,KARANPRAYAG,2,Karnaprayag-Municipality,Karnaprayag (NP) -Eda Badhaani Ward No.2,,,,4,3,6,8,1,246444,2,2,3,0,2,4,0,0,0,0,0,1,9,9,230,1,0,0,0,0,0,0,9,9,1991,1,2,2,2,2,0,4,1,3,3,3,1,3,2,2,1,0,1,1,1,1,1,0,0,0,0,0,0,1,2,2,1,2,2,2,2,2,1,2,2,2,2,1,1,2,1,1,1,1,9,1,1,2,1,0,0,0,0,0,0,0,0,0,2,9,0,0,5,0,0,0,0,0,1,1,2,3,2,1,1,9,9,9,9,9,9,20,0,1.0,1,1,1,2,1,1,1,1,1,0,1,1,2,1,1,2,2,1,1,1,1
9143797,UTTARAKHAND,CHAMOLI,NANDANAGAR,1,,,Bhainti,Bhenti,Ghat,4,3,6,8,1,246435,2,2,3,0,2,4,19,14,0,0,0,2,9,9,227,1,0,0,0,0,0,0,9,9,2010,1,2,2,2,1,10,10,1,3,1,1,1,3,2,3,0,0,1,1,1,1,1,0,0,0,0,0,0,1,2,2,1,1,2,2,2,2,1,1,2,2,2,1,1,2,1,1,1,1,9,1,1,1,1,0,0,0,0,0,0,0,0,0,2,9,0,0,1,0,0,0,0,0,0,1,2,3,2,1,1,9,9,9,9,9,9,9,0,1.0,1,1,1,2,1,1,1,1,2,0,1,1,1,1,1,2,2,1,1,1,1
9428079,UTTARAKHAND,CHAMOLI,GAIRSAIN,1,,,Latu Gair,Malkot,Gairsain,1,3,1,5,1,246431,2,2,3,0,2,4,19,0,0,0,0,1,2,1,0,1,0,0,0,0,0,0,9,9,1961,1,2,9,2,1,4,0,1,3,2,1,2,3,2,1,2,0,1,1,1,2,2,0,0,0,0,0,0,1,2,2,1,2,2,2,2,2,1,2,2,2,1,1,1,2,1,1,1,1,9,1,1,1,1,0,0,0,0,0,0,0,0,0,2,9,0,1,0,0,0,0,0,0,0,1,2,3,2,1,1,9,9,2,9,9,9,5,5,1.0,1,1,2,2,1,1,2,1,9,0,1,2,1,1,1,2,2,1,1,1,1
6157965,UTTARAKHAND,CHAMOLI,POKHARI,1,,,Karchhuna Malla,Karchhuna,Pokhari,1,3,1,5,1,246429,2,2,3,0,2,4,0,0,0,0,0,2,2,2,226,1,0,0,0,0,1,0,9,9,1997,1,2,9,2,1,11,1,1,3,1,1,3,2,1,2,0,0,1,1,1,1,1,0,0,0,0,0,0,1,2,2,1,2,2,2,2,2,1,2,2,2,1,1,1,2,1,1,1,2,2,1,1,1,2,0,0,0,0,0,0,0,0,0,2,9,0,1,2,0,0,0,0,0,1,1,2,1,2,2,1,9,9,2,9,9,9,4,0,1.0,1,1,1,2,1,1,1,1,9,0,1,2,6,1,2,2,2,2,1,1,1
1319434,UTTARAKHAND,CHAMOLI,DASHOLI,1,,,Sainjilagga Maikot,Kujoun Maikot,Dasholi,5,3,6,12,1,246426,2,2,3,0,2,4,19,14,0,2,2,1,9,9,210,1,0,0,0,0,0,0,9,9,1974,1,1,2,2,1,3,10,1,3,7,4,2,10,4,7,0,3,1,2,1,2,1,0,0,0,0,0,0,1,2,2,1,2,2,2,2,2,1,2,2,2,2,1,1,2,1,1,1,1,9,1,1,1,1,4,4,4,4,4,4,4,4,4,2,9,0,0,7,0,0,0,1,1,2,1,2,3,2,1,1,2,2,9,9,2,2,0,0,1.0,1,1,1,1,1,1,1,1,1,40,1,1,2,1,1,2,2,1,1,1,1
4278100,UTTARAKHAND,CHAMOLI,DASHOLI,1,,,Mathlaggapilng,Pilang,Dasholi,1,3,1,5,1,246424,2,2,3,0,2,4,19,14,0,0,0,2,2,1,226,1,0,0,0,0,1,2,9,9,1980,1,2,9,2,2,0,8,1,3,1,1,2,2,2,2,0,0,1,1,1,1,1,0,0,0,0,0,0,1,2,2,1,2,2,2,2,2,1,2,2,2,2,1,1,2,1,1,1,1,9,1,1,2,1,0,0,0,0,0,0,0,0,0,2,9,0,1,1,0,0,0,0,0,0,1,2,3,2,2,1,9,9,2,9,9,9,0,0,1.0,1,1,1,2,1,1,1,1,9,0,1,1,1,1,1,2,2,2,1,1,1
5020304,UTTARAKHAND,CHAMOLI,NANDANAGAR,1,,,Syari Lagga Bangali,Syari Bangali,Ghat,1,3,1,5,1,246435,2,2,3,0,2,4,19,0,0,0,0,2,2,2,226,1,0,0,0,0,0,0,9,9,1992,1,2,9,2,1,2,0,2,3,1,1,2,2,1,2,0,0,1,2,2,1,1,0,0,0,0,0,0,1,2,2,1,2,2,2,2,2,1,2,2,2,2,1,1,2,1,1,1,1,9,1,1,1,1,0,0,0,0,0,0,0,0,0,2,9,0,1,1,0,0,0,0,0,0,1,2,3,2,2,1,9,9,2,9,9,9,22,0,1.0,1,1,1,2,1,1,1,1,9,0,1,1,1,1,1,2,2,2,1,1,1
5280974,UTTARAKHAND,CHAMOLI,GAIRSAIN,1,,,Chorda,Chorda,Gairsain,1,3,1,5,1,246440,2,2,3,0,2,4,19,14,0,0,0,2,2,2,224,1,0,0,0,0,2,2,9,9,2008,2,2,9,2,2,0,3,1,3,1,1,7,2,1,0,0,2,1,1,1,1,1,0,0,0,0,0,0,1,2,2,1,2,2,2,2,2,1,2,2,2,2,1,1,2,1,2,1,1,9,1,1,1,1,0,0,0,0,0,0,0,0,0,2,9,0,1,0,0,0,0,0,0,0,1,2,3,2,2,1,9,9,2,9,9,9,0,0,1.0,1,1,1,2,1,1,1,1,9,0,1,1,6,1,1,2,2,1,1,1,1
8228712,UTTARAKHAND,CHAMOLI,GAIRSAIN,1,,,Saring Gaon,Diwadhar,Gairsain,1,3,1,5,1,246486,2,2,3,0,2,4,0,0,0,0,0,2,2,1,230,1,0,0,0,0,0,0,9,9,1975,1,2,9,2,2,0,3,1,3,1,0,5,4,2,4,0,0,1,1,1,1,1,0,0,0,0,0,0,1,2,2,1,2,2,2,2,2,1,2,2,2,2,1,1,2,1,1,1,1,9,1,1,1,1,0,0,0,0,0,0,0,0,0,2,9,0,1,1,0,0,0,0,0,0,1,2,3,2,2,1,9,9,2,9,9,9,0,0,1.0,1,1,1,2,1,1,1,1,9,0,1,1,3,1,1,2,2,1,1,1,1
5831905,UTTARAKHAND,CHAMOLI,GAIRSAIN,1,,,Syunimalli,Syuni Malli,Gairsain,1,3,1,5,1,246428,2,2,3,0,2,4,0,0,0,0,0,1,2,2,229,1,0,0,0,0,0,0,9,9,1963,1,2,9,2,2,0,7,1,3,1,1,2,3,2,2,0,1,1,1,1,2,1,0,0,0,0,0,0,1,2,2,1,2,2,2,2,2,1,2,2,2,2,1,1,3,1,1,1,1,9,1,1,1,1,0,0,0,0,0,0,0,0,0,2,9,0,1,3,0,0,0,0,1,0,1,2,3,2,1,1,9,9,2,9,9,9,0,0,1.0,1,1,2,2,1,1,1,1,9,0,1,1,4,1,1,2,2,1,1,1,1
9250615,UTTARAKHAND,CHAMOLI,POKHARI,1,,,Tali,Gumsaani,Bajpur,1,3,1,5,1,246473,2,2,3,0,2,4,0,0,0,0,0,2,2,2,234,1,0,0,0,0,0,2,9,9,2006,1,2,9,2,2,0,0,1,3,1,1,2,2,1,0,2,0,1,1,1,1,1,0,0,0,0,0,0,1,2,2,1,2,2,2,2,2,1,2,2,2,1,1,1,2,1,1,1,1,9,1,1,1,1,0,0,0,0,0,0,0,0,0,2,9,0,2,0,0,0,0,0,0,0,1,1,3,2,2,1,9,9,2,9,9,9,7,0,1.0,1,1,1,2,1,1,1,1,9,0,1,1,4,1,1,2,2,1,1,1,1
6747446,UTTARAKHAND,CHAMOLI,THARALI,1,,,Ruisan,Rui Sana,Tharali,1,3,1,5,1,246481,2,2,3,0,2,4,0,0,0,0,0,2,2,2,221,1,0,0,0,0,2,0,9,9,1972,2,2,9,2,2,0,5,1,3,1,1,2,2,2,2,0,0,1,1,1,1,1,0,0,0,0,0,0,1,2,2,1,2,2,2,2,2,1,2,2,2,2,1,1,2,1,2,1,1,9,1,1,1,1,0,0,0,0,0,0,0,0,0,2,9,0,2,1,0,0,0,0,0,0,1,2,3,2,1,1,9,9,2,9,9,9,0,0,1.0,1,1,2,2,1,1,1,1,9,0,1,1,3,1,1,2,2,1,1,1,1
6609509,UTTARAKHAND,CHAMOLI,GAIRSAIN,1,,,Haragarh,Hargarh,Gairsain,1,3,1,5,1,246431,2,2,3,0,2,4,14,19,0,0,0,1,2,2,3,1,0,0,0,0,0,0,9,9,1951,1,2,9,2,1,0,0,1,3,1,1,2,4,2,0,3,1,1,1,1,1,1,0,0,0,0,0,0,1,2,2,1,2,2,2,2,2,1,2,2,2,2,1,1,2,1,1,1,1,9,1,1,1,2,0,0,0,0,0,0,0,0,0,2,9,0,0,2,0,0,0,0,0,0,1,2,3,2,2,1,9,9,2,9,9,9,0,0,1.0,1,1,2,2,1,1,1,1,9,0,2,2,1,1,1,2,2,1,1,1,1
3665483,UTTARAKHAND,CHAMOLI,KARANPRAYAG,1,,,Nail,Thapli,Karnaprayag,1,3,1,5,1,246444,2,2,3,0,2,4,19,14,0,0,0,2,2,2,225,1,0,0,0,0,0,0,9,9,1997,1,2,9,2,2,0,0,1,3,1,1,5,2,1,2,0,0,1,1,1,1,1,0,0,0,0,1,1,1,2,2,1,2,2,2,2,2,1,2,2,2,2,1,1,2,1,1,1,1,9,1,1,1,1,0,0,0,0,0,0,0,0,0,2,9,0,2,3,0,0,0,0,0,1,1,2,3,2,2,1,9,9,2,9,9,9,0,0,1.0,1,1,1,2,1,1,1,1,9,0,1,1,1,1,1,2,2,1,1,1,1
5433088,UTTARAKHAND,CHAMOLI,DEWAL,1,,,Udaypur Laga Choting,Udaypur,Dewal,1,3,1,5,1,246427,2,2,3,0,2,4,19,14,0,0,0,2,2,2,220,1,0,0,0,0,0,1,9,9,1997,1,2,9,2,1,12,2,2,3,1,1,5,2,0,0,1,1,2,0,0,1,1,0,0,0,0,0,1,1,2,2,1,2,2,2,2,2,1,2,2,2,1,1,1,1,1,1,2,1,9,1,1,2,1,0,0,0,0,0,0,0,0,0,2,9,0,0,1,0,0,0,0,0,0,2,2,1,2,2,1,9,9,2,9,9,9,0,0,1.0,1,2,2,2,1,2,2,2,9,0,1,2,4,1,1,2,2,1,1,1,2
6618957,UTTARAKHAND,CHAMOLI,THARALI,1,,,Partha Chak Kuni,Kuni Partha,Tharali,1,3,1,5,1,246481,2,2,3,0,2,4,19,14,0,0,0,2,2,1,223,1,0,0,0,0,0,0,9,9,1948,1,2,9,2,2,0,0,1,3,2,2,2,2,1,2,0,0,1,1,1,1,1,0,0,0,0,0,0,1,2,2,1,2,2,2,2,2,1,2,2,2,1,1,1,2,1,1,1,1,9,1,1,1,1,0,0,0,0,0,0,0,0,0,2,9,0,1,1,0,0,0,0,0,0,1,1,3,2,1,1,9,9,2,9,9,9,0,0,1.0,1,1,1,2,1,1,1,1,9,0,1,1,1,1,1,2,2,1,1,1,1
6364064,UTTARAKHAND,CHAMOLI,POKHARI,1,,,Beena,Beena,Dhauladevi,1,3,1,5,5,246473,2,2,3,0,2,4,0,0,0,0,0,2,1,9,224,1,1,2,0,0,0,0,9,9,2006,9,2,9,2,9,0,0,9,1,1,1,1,8,3,8,0,0,1,1,1,1,1,0,0,0,0,1,1,1,2,2,1,2,2,2,2,2,1,2,2,2,3,1,1,2,1,2,2,1,9,1,1,2,1,0,0,0,0,0,0,0,0,0,1,9,0,0,7,0,0,0,0,0,0,1,2,3,2,1,2,9,9,2,9,9,9,0,0,,1,1,1,2,1,1,1,1,9,0,1,1,2,1,1,2,2,1,1,1,1
3696848,UTTARAKHAND,CHAMOLI,KARANPRAYAG,1,,,Langasu,Langasu,Karnaprayag,2,3,1,8,5,246446,2,2,3,0,2,4,0,0,0,0,0,1,1,9,230,1,0,0,0,1,0,1,9,9,2015,9,2,2,2,9,0,0,9,2,1,1,1,8,2,8,0,0,1,1,1,1,1,0,0,0,0,0,0,1,2,2,1,2,2,2,2,2,1,2,2,2,2,1,1,2,1,1,1,1,9,1,2,9,1,0,0,0,0,0,0,0,0,0,2,9,0,0,1,0,0,0,0,0,1,1,2,3,2,2,2,9,9,2,9,9,9,0,0,,1,1,1,1,1,1,1,1,2,0,1,1,1,1,1,2,2,2,1,2,1
7862210,UTTARAKHAND,CHAMOLI,NANDANAGAR,1,,,Ghuni,Ghuni,Ghat,1,3,1,5,1,246435,2,2,3,0,2,4,19,14,0,0,0,2,2,2,223,1,0,0,0,0,0,0,9,9,2006,1,2,9,2,2,0,5,2,3,1,1,5,2,0,2,0,0,2,2,2,1,1,0,0,0,0,0,0,1,2,2,1,2,2,2,2,2,1,2,2,2,2,1,1,2,1,1,1,1,9,1,1,1,1,0,0,0,0,0,0,0,0,0,2,9,0,1,1,0,0,0,0,0,0,1,2,3,2,2,1,9,9,2,9,9,9,5,0,1.0,1,2,2,2,1,1,1,1,9,0,1,1,1,1,1,2,2,2,1,1,1
3856092,UTTARAKHAND,CHAMOLI,Jyotirmath,1,,,Bara Gaon,Baragaon,Joshimath,1,3,1,5,5,246443,2,2,3,0,2,4,19,14,0,0,0,1,2,9,218,1,0,0,0,0,0,0,9,9,1990,9,2,9,2,9,0,0,9,1,1,1,6,5,6,5,0,0,1,1,1,1,1,0,0,0,0,2,0,2,2,2,1,2,2,2,2,2,1,2,2,2,2,1,1,1,1,1,1,1,9,1,2,9,2,0,0,0,0,0,0,0,0,0,1,9,0,0,10,0,0,0,0,0,1,1,2,3,2,1,2,9,9,2,9,9,9,0,0,,1,2,2,1,1,1,1,1,9,0,1,2,1,1,2,2,2,2,1,1,1
7713457,UTTARAKHAND,CHAMOLI,NARAYANBAGAR,1,,,Raigaon,Raigaon,Narayanbagar,4,3,6,8,1,246455,2,2,3,0,2,4,14,19,0,0,0,2,9,9,224,1,0,0,0,0,0,0,9,9,2006,1,2,2,2,2,0,5,1,3,1,1,1,3,2,3,0,0,1,1,1,1,1,0,0,0,0,1,1,1,2,2,1,2,2,2,2,2,1,2,2,2,2,1,1,2,1,1,1,2,2,1,1,1,2,0,0,0,0,0,0,0,0,0,1,2,0,0,1,0,0,0,0,0,0,1,2,3,2,1,1,9,9,9,9,9,9,36,36,1.0,1,1,1,2,1,2,1,1,2,0,1,1,1,1,1,2,2,1,1,1,2
5786865,UTTARAKHAND,CHAMOLI,POKHARI,1,,,Kalsir,Kalsir,Pokhari,4,3,6,8,1,246473,2,2,3,0,2,4,19,14,0,0,0,2,9,9,227,1,0,0,0,0,0,0,9,9,2005,1,2,2,2,2,0,0,1,3,1,1,2,3,2,3,0,0,1,1,1,1,1,0,0,0,0,0,0,1,2,2,1,2,2,2,2,2,1,2,2,2,1,1,1,2,1,1,1,1,9,1,1,1,1,0,0,0,0,0,0,0,0,0,2,9,0,0,2,0,0,0,0,0,1,1,2,3,2,2,1,9,9,9,9,9,9,0,0,1.0,1,1,1,2,1,1,1,1,2,0,1,1,3,1,1,2,2,1,1,1,1
2234683,UTTARAKHAND,CHAMOLI,THARALI,1,,,Kulsari,Kulsari,Tharali,2,3,1,8,5,246481,2,2,3,0,2,4,19,14,0,0,0,1,1,9,0,1,8,3,1,0,0,0,9,9,2008,9,2,2,2,9,0,0,9,2,1,1,1,10,4,10,0,0,1,2,2,2,2,0,0,0,0,2,2,1,2,2,1,2,2,2,2,2,1,2,2,2,2,1,1,2,1,2,1,1,9,1,2,9,1,0,0,0,0,0,0,0,0,0,2,9,10,0,0,0,0,0,0,1,1,1,2,3,2,1,2,9,9,2,9,9,9,0,0,,1,1,2,1,1,1,1,1,2,0,1,2,2,1,1,1,1,2,1,2,2
8751967,UTTARAKHAND,CHAMOLI,GAIRSAIN,1,,,Majyari Malli,Majiyari Malli,Gairsain,4,3,6,8,1,246440,2,2,3,0,2,4,0,0,0,0,0,2,9,9,227,1,0,0,0,0,0,0,9,9,2009,1,2,2,2,1,10,5,1,3,1,1,5,3,5,3,0,0,1,2,2,2,2,0,0,0,0,0,0,1,2,2,1,2,2,2,2,2,1,2,2,2,2,1,1,2,1,1,1,1,9,1,1,1,1,0,0,0,0,0,0,0,0,0,2,9,0,0,2,0,0,0,2,0,0,1,2,3,2,1,1,9,9,9,9,9,9,0,0,1.0,1,1,1,2,1,1,1,1,1,0,1,1,2,1,1,2,2,1,1,1,1
3103421,UTTARAKHAND,CHAMOLI,KARANPRAYAG,1,,,Chula,Chula,Karnaprayag,1,3,1,5,1,246455,2,2,3,0,2,4,0,0,0,0,0,1,2,1,230,1,0,0,0,0,1,3,9,9,1974,1,2,9,2,2,0,5,1,3,1,1,2,2,2,0,2,0,1,1,1,1,1,0,0,0,0,0,0,1,2,2,1,2,2,2,2,2,1,2,2,2,2,1,1,2,1,1,1,1,9,1,1,1,1,0,0,0,0,0,0,0,0,0,2,9,0,2,1,0,0,0,0,0,0,1,2,3,2,2,1,9,9,2,9,9,9,17,0,1.0,1,1,1,2,1,1,1,1,9,0,1,1,2,1,1,2,2,1,1,1,1
2578775,UTTARAKHAND,CHAMOLI,GAIRSAIN,1,,,Nail Laga Farakande,Nail Lagga Farkande,Gairsain,4,3,6,8,1,246428,2,2,3,0,2,4,19,14,0,0,0,2,9,9,0,1,0,0,0,0,0,0,9,9,2009,1,2,2,2,1,5,40,1,3,1,1,2,3,2,3,0,0,1,1,1,1,1,0,0,0,0,0,1,1,2,2,1,2,2,2,2,2,1,2,2,2,1,1,1,2,1,2,1,1,9,1,1,1,1,0,0,0,0,0,0,0,0,0,2,9,0,0,0,0,0,0,0,0,0,1,2,3,2,1,1,9,9,9,9,9,9,4,0,1.0,1,1,1,2,1,1,1,1,1,15,1,1,5,1,1,2,2,1,1,1,1
8085991,UTTARAKHAND,CHAMOLI,DASHOLI,1,,,Pana,Pana,Dasholi,1,3,1,5,1,246424,2,2,3,0,2,4,0,0,0,0,0,2,2,2,220,1,0,0,0,0,0,0,9,9,2003,1,2,9,2,2,0,0,1,3,1,0,2,2,1,0,2,0,1,0,0,1,0,0,0,0,0,0,0,1,2,2,1,2,2,2,2,2,1,2,2,2,2,1,1,2,1,2,1,1,9,1,1,1,1,0,0,0,0,0,0,0,0,0,2,9,0,0,1,0,0,0,0,0,0,1,2,3,2,1,1,9,9,2,9,9,9,5,0,1.0,1,1,1,2,1,1,1,1,9,0,1,1,2,1,1,2,2,1,1,1,1
9477191,UTTARAKHAND,CHAMOLI,Jyotirmath,1,,,Noligwar,Ganai,Joshimath,1,3,1,5,1,246472,2,2,3,0,2,4,19,14,0,0,0,2,2,1,225,1,0,0,0,0,1,1,9,9,2001,1,2,9,2,1,11,1,1,3,1,1,4,2,1,2,0,0,1,1,1,1,1,0,0,0,0,0,0,1,2,2,1,2,2,2,2,2,1,2,2,2,2,1,1,2,1,1,1,1,9,1,1,1,1,0,0,0,0,0,0,0,0,0,2,9,0,2,0,0,0,0,0,0,0,1,2,3,1,2,1,9,9,2,9,9,9,4,0,1.0,1,1,2,2,1,1,1,1,9,0,1,1,2,1,1,2,2,1,1,1,1
2666540,UTTARAKHAND,CHAMOLI,POKHARI,1,,,Sankari,Sinau Talla Malla,Pokhari,1,3,1,5,1,246449,2,2,3,0,2,4,0,0,0,0,0,2,2,1,226,1,0,0,0,0,0,0,9,9,1950,1,2,9,2,2,0,0,1,3,1,1,2,3,1,3,0,0,1,1,1,1,1,0,0,0,0,0,0,1,2,2,1,2,2,2,2,2,1,2,2,2,1,1,1,2,1,1,1,1,9,1,1,1,1,0,0,0,0,0,0,0,0,0,2,9,0,2,1,0,0,0,0,0,0,1,2,3,2,1,1,9,9,2,9,9,9,0,0,1.0,1,1,1,2,1,1,1,1,9,0,1,1,2,1,1,2,2,1,1,1,1
2200629,UTTARAKHAND,CHAMOLI,GAIRSAIN,1,,,Syuni Talli,Syuni Talli,Gairsain,1,3,1,5,1,246431,2,2,3,0,2,4,19,14,0,0,0,2,2,1,225,1,0,0,0,0,0,0,9,9,1946,1,2,9,2,2,0,0,1,3,1,1,1,3,3,3,0,0,1,1,1,1,1,0,0,0,0,0,0,1,2,2,1,2,2,2,2,2,1,2,2,2,1,1,1,2,1,1,1,1,9,1,1,1,2,0,0,0,0,0,0,0,0,0,2,9,0,2,0,0,0,0,0,0,0,1,2,3,2,2,1,9,9,2,9,9,9,0,0,1.0,1,1,2,2,1,1,1,1,9,0,1,1,2,1,1,2,2,1,1,1,1
8948297,UTTARAKHAND,CHAMOLI,NANDANAGAR,1,,,Banj Bagar,Ropa Semdugra,Dasholi,1,3,1,5,1,246435,2,2,3,0,2,4,0,0,0,0,0,2,2,2,230,1,0,0,0,0,1,3,9,9,1975,1,2,9,2,1,4,0,1,3,1,1,1,3,3,3,0,0,1,1,1,1,1,0,0,0,0,0,0,1,2,2,1,2,2,2,2,2,1,2,2,2,2,1,1,2,1,1,1,1,9,1,1,1,1,0,0,0,0,0,0,0,0,0,2,9,0,2,1,0,0,0,0,0,1,1,2,2,1,1,1,9,9,2,9,9,9,0,0,1.0,1,1,1,2,1,1,1,1,9,0,1,1,6,1,1,2,2,1,1,1,1
2087252,UTTARAKHAND,CHAMOLI,Jyotirmath,1,,,Langsi,Langasi,Joshimath,1,3,1,5,1,246472,2,2,3,0,2,4,0,0,0,0,0,1,2,1,225,1,0,0,0,0,0,0,9,9,1991,1,2,9,2,2,0,0,1,3,1,1,5,1,0,1,0,0,2,1,1,1,1,0,0,0,0,0,0,1,2,2,1,2,2,2,2,2,1,2,2,2,2,1,1,2,1,2,1,2,1,1,1,1,1,0,0,0,0,0,0,0,0,0,2,9,0,1,0,0,0,0,0,0,0,1,2,3,2,2,1,9,9,2,9,9,9,0,0,1.0,1,1,1,2,1,1,1,1,9,0,1,1,5,1,1,2,2,1,1,1,1
4507547,UTTARAKHAND,CHAMOLI,POKHARI,1,,,Ali,Aali,Pokhari,1,3,1,5,1,246446,2,2,3,0,2,4,19,14,0,0,0,1,2,2,231,1,0,0,0,0,1,1,9,9,2006,1,2,9,2,1,12,3,1,3,1,1,1,2,2,2,0,0,1,1,1,1,1,0,0,0,0,0,0,2,2,2,1,2,2,2,2,2,1,2,2,2,2,1,1,2,1,1,1,1,9,1,1,1,1,0,0,0,0,0,0,0,0,0,2,9,0,2,1,0,0,0,0,0,0,1,2,3,2,2,1,9,9,2,9,9,9,0,0,1.0,1,1,1,2,1,1,1,1,9,0,1,1,4,1,1,2,2,1,1,1,1
5832730,UTTARAKHAND,CHAMOLI,POKHARI,1,,,Harishankar,Harishankar,Pokhari,1,3,1,5,1,246473,2,2,3,0,2,4,19,14,0,0,0,1,2,2,227,1,0,0,0,0,0,0,9,9,1943,1,2,9,2,1,0,0,1,3,1,1,7,2,1,1,1,0,1,1,1,1,1,0,0,0,0,0,0,1,2,2,1,2,2,2,2,2,1,2,2,2,2,1,1,2,1,1,1,1,9,1,1,1,1,0,0,0,0,0,0,0,0,0,2,9,0,1,1,0,0,0,0,0,0,1,2,3,2,1,1,9,9,2,9,9,9,5,5,1.0,1,1,1,2,1,1,1,1,9,0,1,1,4,1,1,2,2,1,1,1,1
5236843,UTTARAKHAND,CHAMOLI,DASHOLI,1,,,Nailmalana,Nail Kurao,Dasholi,1,3,1,5,1,246426,2,2,3,0,2,4,14,19,0,0,0,1,2,1,226,1,3,0,0,0,0,0,9,9,1951,1,2,9,2,2,0,29,1,3,2,2,2,3,1,2,1,0,1,1,0,1,1,1,1,0,0,0,0,1,2,2,1,2,2,2,2,2,1,2,2,2,2,1,1,2,1,1,2,1,9,1,1,1,1,0,0,0,0,0,0,0,0,0,2,9,0,3,2,0,0,0,0,1,1,1,2,3,2,1,1,9,9,2,9,9,9,29,29,1.0,1,1,1,2,1,1,1,1,9,0,1,1,1,1,1,2,2,1,1,1,1
3400241,UTTARAKHAND,CHAMOLI,POKHARI,1,,,Gugali,Gugali,Augustmuni,1,3,1,5,1,246473,2,2,3,0,2,4,0,0,0,0,0,2,2,1,226,1,0,0,0,0,0,2,9,9,1992,1,2,9,1,2,0,0,1,3,1,1,5,3,2,3,0,0,1,1,1,1,1,0,0,0,0,0,0,1,2,2,1,2,2,2,2,2,1,2,2,2,1,1,1,2,1,1,1,1,9,1,1,1,1,0,0,0,0,0,0,0,0,0,2,9,0,1,0,0,0,0,0,0,0,1,2,3,2,1,1,9,9,2,9,9,9,10,10,1.0,1,1,1,2,1,1,1,1,9,0,1,1,4,1,1,2,2,2,1,1,1
3038593,UTTARAKHAND,CHAMOLI,Jyotirmath,1,,,Bampa,Bampa,Joshimath,1,3,1,5,1,246443,2,2,3,0,2,4,19,0,0,0,0,1,2,1,234,1,0,0,0,0,1,1,9,9,1930,1,2,9,2,1,0,0,1,3,1,1,1,2,1,2,0,0,1,1,1,1,1,0,0,0,0,0,0,1,2,2,1,1,2,2,2,2,1,1,2,2,2,1,1,2,1,1,1,2,2,1,2,9,1,0,0,0,0,0,0,0,0,0,2,9,0,1,1,0,0,0,0,0,0,1,2,3,2,2,1,9,9,2,9,9,9,14,14,1.0,1,1,1,2,1,1,1,1,9,0,1,1,6,1,1,2,2,1,1,1,1
9293283,UTTARAKHAND,CHAMOLI,NANDANAGAR,1,,,Matai,Matai,Ghat,1,3,1,5,1,246449,2,2,3,0,2,4,19,14,0,0,0,2,2,1,224,1,0,0,0,0,0,0,9,9,2002,1,2,9,2,1,2,0,1,3,1,1,5,2,1,1,1,0,1,1,0,1,1,0,0,0,0,0,0,1,2,2,1,2,2,2,2,2,1,2,2,2,2,1,1,1,1,1,1,1,9,1,1,1,2,0,0,0,0,0,0,0,0,0,2,9,0,2,2,0,0,0,0,0,1,1,2,3,2,2,1,9,9,2,9,9,9,0,0,1.0,1,1,1,2,1,1,1,1,9,0,1,1,1,1,1,2,2,1,1,1,1
6983936,UTTARAKHAND,CHAMOLI,DEWAL,1,,,Mela Chak Mundoli,Mundoli,Dewal,2,3,1,8,5,246427,2,2,3,0,2,4,0,0,0,0,0,1,2,9,3,1,4,1,0,0,0,0,9,9,2003,9,2,2,2,9,0,0,9,1,2,1,1,8,8,8,0,0,1,2,2,1,1,1,1,0,0,0,0,1,2,2,1,2,2,2,2,2,1,2,2,2,2,1,1,2,1,2,1,1,9,1,1,2,1,0,0,0,0,0,0,0,0,0,1,9,0,0,4,0,0,0,0,0,1,1,2,3,2,1,2,9,9,2,9,9,9,0,0,,1,1,2,1,1,1,1,1,1,25,1,2,5,1,1,1,1,1,1,1,1
5292610,UTTARAKHAND,CHAMOLI,DEHRADUN REGION,2,Gochar-Municipality,"Gochar (NP) -Shail, Basantpur Ghali Ward No.3",,,,3,3,1,12,92,246429,2,2,3,0,2,19,4,0,0,1,1,1,2,2,220,1,0,0,6,12,13,8,9,9,1999,1,1,2,2,1,6,182,1,4,4,2,3,14,14,14,0,0,1,2,2,2,2,0,0,1,1,2,2,1,2,2,1,2,2,2,2,2,1,2,2,2,2,1,1,2,1,2,2,1,9,1,1,2,1,1,1,1,1,4,4,4,4,1,1,1,1,0,27,2,0,0,14,5,7,1,1,1,1,2,2,2,2,2,9,2,2,504,504,1.0,1,1,2,1,1,1,1,1,2,0,1,1,1,1,1,1,1,1,1,1,2
8248982,UTTARAKHAND,CHAMOLI,DASHOLI,2,Chamoli Gopeshwar-Municipality,Chamoli Gopeshwar (MB) -Kothiyaal Gaon Ward No.10,,,,1,3,1,5,5,246424,2,2,3,0,2,4,19,0,0,0,0,1,1,9,221,1,6,3,0,1,0,0,9,9,1986,9,2,9,2,9,0,0,9,1,1,1,1,5,5,5,0,0,1,1,1,2,2,0,0,0,0,0,0,1,2,2,1,2,2,2,2,2,1,2,2,2,2,1,1,2,1,1,1,1,9,1,2,9,1,0,0,0,0,0,0,0,0,0,1,9,0,0,1,0,0,0,0,0,1,1,2,3,2,2,2,9,9,2,9,9,9,0,0,,1,1,2,1,1,1,1,1,9,0,1,1,1,1,1,1,1,1,1,1,1
4283719,UTTARAKHAND,CHAMOLI,Jyotirmath,1,,,Urgam,Urgam,Joshimath,2,3,1,8,5,246443,2,2,3,0,2,4,14,19,0,0,0,2,1,9,226,1,1,1,1,0,2,1,9,9,1994,9,2,2,2,9,0,0,9,1,1,1,5,10,2,10,0,0,1,1,1,1,1,0,0,0,0,1,0,2,2,2,1,2,2,2,2,2,1,2,2,2,2,1,1,3,1,1,1,1,9,1,2,9,2,0,0,0,0,0,0,0,0,0,2,9,1,0,2,0,0,0,0,0,1,1,2,3,1,2,2,9,9,2,9,9,9,0,0,,1,1,1,1,1,1,1,1,2,0,1,1,6,1,1,1,1,1,1,1,1
9017941,UTTARAKHAND,CHAMOLI,THARALI,1,,,Partha Chak Kuni,Kuni Partha,Tharali,1,3,1,5,5,246481,2,2,3,0,2,4,19,0,0,0,0,2,2,9,0,1,0,0,0,0,3,4,9,9,1998,9,2,9,2,9,0,0,9,1,1,1,2,3,1,3,0,0,1,1,1,1,1,0,0,0,0,0,0,1,2,2,1,2,2,2,2,2,1,2,2,2,2,1,1,2,1,1,1,1,9,1,1,2,1,0,0,0,0,0,0,0,0,0,2,9,1,0,0,0,0,0,0,0,0,1,2,3,2,1,2,9,9,2,9,9,9,0,0,,1,1,2,1,1,1,1,1,9,0,1,2,1,1,1,1,1,1,1,2,2
4848037,UTTARAKHAND,CHAMOLI,DEWAL,1,,,Kotera,Koteda,Dewal,1,3,1,5,1,246427,2,2,3,0,2,4,0,0,0,0,0,2,2,2,229,1,0,0,0,0,1,0,9,9,2005,2,2,9,2,2,0,0,1,3,3,3,2,3,1,3,0,0,1,1,1,1,0,1,0,0,0,1,0,1,2,2,1,2,2,2,2,2,1,2,2,2,1,1,2,1,1,1,1,2,1,1,1,1,1,0,0,0,0,0,0,0,0,0,2,9,0,2,0,0,0,0,0,0,0,2,2,3,2,2,1,9,9,2,9,9,9,10,0,1.0,1,1,1,2,1,1,1,2,9,0,1,2,2,1,1,2,2,1,1,1,1
2049602,UTTARAKHAND,CHAMOLI,GAIRSAIN,2,Gairsain-Town Panchayat,Gairsain (NP) -Ganwali Ward No. 6,,,,4,3,6,8,1,246428,2,2,3,0,2,4,14,19,0,0,0,2,9,9,225,1,0,0,0,0,0,0,9,9,1993,1,2,2,2,2,0,19,1,3,1,0,5,3,3,0,3,0,1,1,0,1,1,0,0,0,0,1,0,1,2,2,1,2,2,2,2,2,1,2,2,2,2,1,1,2,1,2,1,1,9,1,1,1,1,0,0,0,0,0,0,0,0,0,1,2,0,0,3,0,0,0,0,0,0,1,2,3,2,1,1,9,9,9,9,9,9,17,0,1.0,1,1,2,2,1,1,1,1,1,9,1,1,1,1,1,2,2,1,1,1,1
8527431,UTTARAKHAND,CHAMOLI,KARANPRAYAG,1,,,Kandara,Kandara (Kot),Karnaprayag,5,3,6,12,1,246449,2,2,3,0,2,4,19,14,0,2,2,2,9,9,224,1,0,0,0,0,0,0,9,9,1991,1,2,2,2,1,5,23,1,3,7,7,7,9,7,5,3,1,2,1,1,2,2,0,0,0,0,1,0,1,2,2,1,2,2,2,2,2,1,2,2,2,2,1,1,2,1,1,1,2,1,1,2,9,1,4,4,4,4,4,4,4,4,4,1,1,0,0,4,0,0,0,1,0,2,1,2,3,2,2,1,2,2,9,9,2,2,106,106,1.0,1,1,1,2,1,1,1,1,1,35,1,1,4,1,1,2,3,1,1,1,1
9866933,UTTARAKHAND,CHAMOLI,NANDANAGAR,1,,,Bura,Bura,Ghat,5,3,6,12,1,246435,2,2,3,0,2,4,19,0,0,2,2,2,9,9,230,1,0,0,0,0,0,0,9,9,1972,1,1,2,2,1,5,30,1,3,1,1,3,9,2,9,0,0,1,2,1,3,1,0,0,0,0,0,0,1,2,2,1,2,2,2,2,2,1,2,2,2,2,1,1,2,1,1,1,1,9,1,1,1,1,2,4,4,4,4,4,4,4,4,2,9,0,0,4,0,0,0,2,1,2,1,1,3,2,1,1,2,2,9,9,2,2,254,0,1.0,1,1,1,2,1,1,1,1,1,86,1,1,2,1,1,2,3,1,1,1,1
3118552,UTTARAKHAND,CHAMOLI,NANDANAGAR,1,,,Ustoli,Ustoli,Ghat,5,2,6,12,1,246435,2,2,3,0,2,4,0,0,0,2,2,2,9,9,195,1,0,0,0,0,0,0,9,9,1986,1,1,2,2,1,4,0,1,3,2,1,1,7,2,2,5,0,1,0,0,2,2,0,0,0,0,0,0,1,2,2,1,2,2,2,2,2,1,2,2,2,2,1,1,2,1,1,1,1,9,1,2,9,1,4,4,4,4,4,4,4,4,4,2,9,0,0,8,0,0,0,2,1,2,1,1,3,2,2,1,2,2,9,9,1,1,361,331,1.0,1,1,2,1,1,1,1,1,1,163,1,1,4,1,1,2,2,1,1,1,1
8291456,UTTARAKHAND,CHAMOLI,DEWAL,1,,,Bank,Bank,Dewal,4,3,6,8,1,246427,2,2,3,0,2,4,19,0,0,0,0,2,9,9,223,1,0,0,0,0,0,0,9,9,2005,1,2,2,2,2,0,3,2,3,1,1,1,4,1,1,2,1,1,2,2,1,1,0,0,0,0,0,0,1,2,2,1,2,2,2,2,2,1,2,2,2,2,1,1,2,1,1,1,1,9,1,1,1,1,0,0,0,0,0,0,0,0,0,2,9,0,0,1,0,0,0,0,0,1,1,2,3,2,1,1,9,9,9,9,9,9,6,21,1.0,1,1,1,2,1,1,1,1,1,15,1,1,1,1,1,2,2,1,1,1,1
8888966,UTTARAKHAND,CHAMOLI,NANDANAGAR,1,,,Sainti Gunth,Sainti,Ghat,4,3,6,8,1,246435,2,2,3,0,2,4,14,19,0,0,0,2,9,9,223,1,0,0,0,0,0,0,9,9,2009,1,2,2,2,2,0,2,1,3,1,1,7,3,2,0,3,0,1,1,0,1,1,0,0,0,0,0,0,1,2,2,1,2,2,2,2,2,1,2,2,2,2,1,1,2,1,1,1,1,9,1,2,9,2,0,0,0,0,0,0,0,0,0,1,2,0,0,4,0,0,0,0,0,0,1,2,3,2,2,1,9,9,9,9,9,9,14,0,1.0,1,1,1,2,1,1,1,1,1,8,1,1,1,1,1,2,2,1,1,1,1
8292857,UTTARAKHAND,CHAMOLI,GAIRSAIN,1,,,Kotha,Kota,Gairsain,7,3,6,10,1,246431,2,2,3,0,2,4,14,19,0,2,0,1,9,9,249,1,0,0,0,0,0,0,9,9,2006,1,2,2,2,1,3,18,1,3,2,2,2,5,2,2,0,3,2,1,1,1,1,0,0,0,0,1,1,1,2,2,1,2,2,2,2,2,1,2,2,2,1,1,1,2,1,1,1,1,9,1,1,1,1,0,0,0,0,0,0,0,0,0,2,9,0,0,5,0,1,0,2,1,1,1,2,3,2,1,1,2,2,9,9,2,9,50,50,1.0,1,1,2,2,1,1,1,1,1,25,1,1,1,1,1,2,2,1,1,1,1
1533876,UTTARAKHAND,CHAMOLI,DASHOLI,1,,,Siroli,Siroli,Dasholi,1,3,1,5,1,246401,2,2,3,0,2,4,19,14,0,0,0,1,2,1,225,1,1,0,0,0,0,0,9,9,2005,1,2,9,2,2,0,0,1,3,1,1,2,2,1,0,0,2,1,1,1,1,1,0,0,0,0,0,0,1,2,2,1,2,2,2,2,2,1,2,2,2,1,1,1,2,1,1,1,1,9,1,1,1,1,0,0,0,0,0,0,0,0,0,1,1,0,2,1,0,0,0,0,1,0,1,2,3,1,1,1,9,9,2,9,9,9,13,0,1.0,1,1,1,2,1,1,1,1,9,0,1,1,2,1,1,2,2,1,1,1,1
7340942,UTTARAKHAND,CHAMOLI,DASHOLI,2,PIPALKOTI-Town Panchayat,Peepalkoti (NP)- Gadora Ward No.3,,,,1,3,1,5,1,246472,2,2,3,0,2,4,0,0,0,0,0,1,2,2,224,1,0,0,0,0,0,0,9,9,1905,1,2,9,2,2,0,0,1,3,1,1,2,2,2,0,1,1,1,1,0,1,1,0,0,0,0,0,0,1,2,2,1,2,2,2,2,2,1,2,2,2,2,1,1,2,1,1,1,1,9,1,1,1,1,0,0,0,0,0,0,0,0,0,2,9,0,1,1,0,0,0,0,0,0,1,2,3,2,2,1,9,9,2,9,9,9,0,0,1.0,1,1,1,2,1,1,1,1,9,0,1,2,4,1,1,2,2,1,1,1,1
2454844,UTTARAKHAND,CHAMOLI,POKHARI,1,,,Pogatha,Pogtha,Pokhari,1,3,1,5,1,246442,2,2,3,0,2,4,0,0,0,0,0,2,2,2,228,1,0,0,0,0,3,1,9,9,1948,1,2,9,2,1,10,0,1,3,1,1,2,3,3,3,0,0,1,2,2,1,1,1,1,1,1,0,0,1,2,2,1,2,2,2,2,2,1,2,2,2,1,1,1,2,1,1,1,1,9,1,1,1,1,0,0,0,0,0,0,0,0,0,1,2,0,2,1,0,0,0,0,0,0,1,2,3,2,2,1,9,9,2,9,9,9,24,24,1.0,1,1,1,2,1,2,2,2,9,0,1,2,2,1,1,2,2,1,1,1,1
2090595,UTTARAKHAND,CHAMOLI,KARANPRAYAG,1,,,Sundar Gaon,Sundergaon,Karnaprayag,1,3,1,5,1,246444,2,2,3,0,2,4,0,0,0,0,0,1,2,2,230,1,0,0,0,0,0,0,9,9,1972,1,2,9,2,2,0,2,1,3,1,1,2,2,1,1,0,1,1,1,1,1,1,0,0,0,0,0,0,1,2,2,1,2,2,2,2,2,1,2,2,2,2,1,1,2,1,1,1,1,9,1,1,2,1,0,0,0,0,0,0,0,0,0,2,9,0,1,0,0,0,0,0,0,0,1,2,3,2,2,1,9,9,2,9,9,9,5,0,1.0,1,1,1,2,1,1,1,1,9,0,1,1,2,1,1,2,2,1,1,1,1
1136747,UTTARAKHAND,CHAMOLI,NANDANAGAR,1,,,Mokhtalla,Mokh Talla,Ghat,1,3,1,5,1,246449,2,2,3,0,2,4,19,14,0,0,0,2,2,1,0,1,0,0,0,0,0,1,9,9,1949,1,2,9,2,2,0,0,1,3,1,0,5,2,1,2,0,0,1,1,0,1,1,0,0,0,0,1,1,1,2,2,1,2,2,2,2,2,1,2,2,2,1,1,1,2,1,1,1,1,9,1,1,1,1,0,0,0,0,0,0,0,0,0,2,9,0,2,1,0,0,0,0,0,0,1,2,3,1,1,1,9,9,2,9,9,9,21,0,1.0,1,2,2,2,1,1,1,1,9,0,1,2,1,1,1,2,2,2,1,1,1
2600357,UTTARAKHAND,CHAMOLI,NANDANAGAR,1,,,Sakand,Sakand,Ghat,1,3,1,5,1,246449,2,2,3,0,2,4,19,14,18,0,0,2,2,1,224,1,0,0,0,0,0,0,9,9,1989,1,2,9,2,1,2,0,1,3,1,1,2,2,1,0,2,0,1,0,0,1,1,0,0,0,0,0,0,1,2,2,1,2,2,2,2,2,1,2,2,2,2,1,1,2,1,1,1,1,9,1,1,1,1,0,0,0,0,0,0,0,0,0,2,9,0,1,0,0,0,0,0,0,0,1,2,3,2,2,1,9,9,2,9,9,9,0,0,1.0,1,1,1,2,1,1,1,1,9,0,1,1,3,1,1,2,2,1,1,1,1
7636370,UTTARAKHAND,CHAMOLI,POKHARI,1,,,Gudam,Gudam,Pokhari,1,3,1,5,1,246473,2,2,3,0,2,19,4,14,0,0,0,2,2,2,228,1,0,0,0,0,2,0,9,9,1992,1,2,9,2,2,0,0,1,3,1,0,2,2,2,2,0,0,1,0,0,1,1,0,0,0,0,0,0,1,2,2,1,2,2,2,2,2,1,2,2,2,1,1,1,2,1,1,1,1,9,1,1,1,2,0,0,0,0,0,0,0,0,0,2,9,0,1,1,0,0,0,0,0,0,1,2,3,2,2,1,9,9,2,9,9,9,0,0,1.0,1,1,1,2,1,1,1,1,9,0,1,1,2,1,1,2,2,2,1,1,1
1736186,UTTARAKHAND,CHAMOLI,POKHARI,1,,,Kandai,Kandai Chadrashila,Pokhari,1,3,1,5,1,246446,2,2,3,0,2,4,19,14,0,0,0,2,2,2,228,1,0,0,0,0,0,0,9,9,2006,1,2,9,2,2,0,0,1,3,1,1,1,2,1,0,0,2,1,1,1,1,1,0,0,0,0,0,0,1,2,2,1,2,2,2,2,2,1,2,2,2,2,1,1,2,1,1,1,1,9,1,1,1,2,0,0,0,0,0,0,0,0,0,2,9,0,1,0,0,0,0,0,0,0,1,2,3,2,1,1,9,9,2,9,9,9,1,1,1.0,1,1,1,2,1,1,1,1,9,0,1,1,1,1,1,2,2,1,1,1,1
6317584,UTTARAKHAND,CHAMOLI,NANDANAGAR,1,,,Pagna,Pagna,Ghat,1,3,1,5,1,246449,2,2,3,0,2,4,19,14,0,0,0,2,2,2,218,1,0,0,0,0,0,0,9,9,2002,1,2,9,2,2,0,0,1,3,1,1,1,2,1,2,0,0,1,1,0,1,1,0,0,0,0,0,0,1,2,2,1,2,2,2,2,2,1,2,2,2,3,1,1,2,1,1,1,1,9,1,1,1,1,0,0,0,0,0,0,0,0,0,2,9,0,1,1,0,0,0,0,0,0,1,2,3,2,1,1,9,9,2,9,9,9,0,0,1.0,1,1,1,2,1,1,1,1,9,0,1,1,2,1,1,2,2,1,1,1,1
4937163,UTTARAKHAND,CHAMOLI,KARANPRAYAG,1,,,Dimar,Dimmar,Karnaprayag,5,3,6,12,4,246474,2,2,1,11,2,14,4,19,0,2,2,1,9,9,230,1,0,0,0,0,0,0,9,9,1910,2,2,1,1,1,0,4,1,3,7,7,1,7,7,2,3,2,1,4,4,2,2,0,0,0,0,4,2,1,2,2,1,1,2,2,2,2,1,1,2,2,2,1,1,1,1,1,1,1,9,1,2,9,1,4,4,4,4,4,4,4,4,2,1,2,0,4,2,0,0,0,0,0,2,1,2,1,2,1,1,2,2,9,9,1,1,0,15,2.0,1,1,1,2,1,1,1,1,2,0,1,1,2,1,1,2,2,1,1,1,1
1185540,UTTARAKHAND,CHAMOLI,KARANPRAYAG,1,,,Dugalwali,Dhungalwali,Karnaprayag,4,3,6,8,1,246446,2,2,3,0,2,4,19,14,0,0,0,1,9,9,230,1,0,0,0,0,0,0,9,9,1985,1,2,2,2,2,0,4,1,3,1,1,2,3,3,0,1,2,1,1,0,1,1,0,0,0,0,0,0,1,2,2,1,2,2,2,2,2,1,2,2,2,2,1,1,2,1,1,1,1,9,1,1,1,1,0,0,0,0,0,0,0,0,0,2,9,0,0,2,0,0,0,0,0,0,1,2,3,2,1,1,9,9,9,9,9,9,15,15,1.0,1,1,1,2,1,1,1,1,1,7,1,1,1,1,1,2,2,1,1,1,1
6180717,UTTARAKHAND,CHAMOLI,KARANPRAYAG,1,,,Sainu,Seinu,Karnaprayag,4,3,6,8,1,246474,2,1,3,0,2,4,0,0,0,0,0,1,9,9,230,1,0,0,0,0,0,0,9,9,1991,1,2,2,2,2,0,3,1,3,1,1,1,3,2,3,0,0,1,1,1,1,1,0,0,0,0,0,0,1,2,2,1,2,2,2,2,2,1,2,2,2,2,1,1,2,1,1,1,1,9,1,1,1,1,0,0,0,0,0,0,0,0,0,2,9,0,0,0,0,0,0,0,0,0,1,2,3,2,1,1,9,9,9,9,9,9,9,0,1.0,1,1,1,2,1,1,1,1,2,0,1,1,2,1,1,2,2,1,1,1,1
2598645,UTTARAKHAND,CHAMOLI,POKHARI,1,,,Rauta,Routa,Pokhari,7,3,6,10,1,246473,2,2,3,0,2,4,19,0,0,2,0,2,9,9,232,1,0,0,0,0,0,0,9,9,1990,1,2,2,2,1,3,5,1,3,2,2,1,5,10,2,0,3,1,2,2,2,2,0,0,0,0,1,1,1,2,2,2,1,2,2,2,2,2,1,2,2,2,1,1,2,1,1,1,1,9,1,1,2,1,0,0,0,0,0,0,0,0,0,2,9,0,0,5,0,0,0,0,0,2,1,2,3,2,2,1,2,2,9,9,2,9,0,0,1.0,1,1,1,2,1,1,1,1,1,24,1,1,4,1,1,2,3,1,1,1,1
5698156,UTTARAKHAND,CHAMOLI,NARAYANBAGAR,1,,,Junair,Juner,Narayanbagar,1,3,1,5,1,246455,2,2,3,0,2,4,19,14,0,0,0,2,2,1,223,1,0,0,0,0,0,1,9,9,1963,1,2,9,2,1,12,3,1,3,1,1,5,3,1,1,1,1,1,1,1,1,1,0,0,0,0,0,0,1,2,2,1,2,2,2,2,2,1,2,2,2,2,1,1,2,1,1,1,1,9,1,1,1,1,0,0,0,0,0,0,0,0,0,2,9,0,1,1,0,0,0,0,0,0,1,2,3,2,1,1,9,9,2,9,9,9,0,0,1.0,1,1,1,2,1,1,1,1,9,0,1,1,6,1,1,2,2,1,1,1,2
8618675,UTTARAKHAND,CHAMOLI,KARANPRAYAG,1,,,Simli,Majyadi,Karnaprayag,1,3,1,5,1,246474,2,2,3,0,2,4,0,0,0,0,0,1,2,1,230,1,0,0,0,0,0,0,9,9,1948,1,2,9,2,2,0,7,1,3,2,2,7,5,5,5,0,0,1,1,1,1,1,0,0,0,0,0,0,1,2,2,1,2,2,2,2,2,1,2,2,2,2,1,1,2,1,1,1,1,9,1,1,1,1,0,0,0,0,0,0,0,0,0,1,2,0,1,1,0,0,0,0,0,0,1,2,3,2,1,1,9,9,2,9,9,9,19,19,1.0,1,1,1,2,1,1,1,1,9,0,1,1,2,1,1,2,2,1,1,1,1
5221661,UTTARAKHAND,CHAMOLI,NANDANAGAR,1,,,Panigair,Bherni,Ghat,1,3,1,5,1,246449,2,2,3,0,2,4,19,14,0,0,0,2,2,1,224,1,0,0,0,0,0,0,9,9,1986,1,2,9,2,1,2,0,1,3,1,1,1,2,1,2,0,0,1,2,1,1,1,1,1,1,1,0,0,1,2,2,1,2,2,2,2,2,1,2,2,2,2,1,1,2,1,1,1,1,9,1,1,1,1,0,0,0,0,0,0,0,0,0,2,9,0,1,1,0,0,0,0,0,0,1,2,3,2,1,1,9,9,2,9,9,9,0,0,2.0,1,1,1,2,1,1,1,1,9,0,1,1,2,1,1,2,2,2,1,1,1
2974480,UTTARAKHAND,CHAMOLI,KARANPRAYAG,1,,,Kaldu (Kaleshwar),Kaleshwar,Karnaprayag,1,3,1,5,1,246444,2,2,3,0,2,4,0,0,0,0,0,1,2,1,230,1,0,0,0,1,1,0,9,9,1976,1,2,9,2,1,8,0,1,3,3,3,1,3,1,1,0,2,1,1,1,1,1,0,0,0,0,0,0,1,2,2,1,2,2,2,2,2,1,2,2,2,2,1,1,2,1,1,1,1,9,1,1,1,1,0,0,0,0,0,0,0,0,0,2,9,0,1,1,0,0,0,0,1,0,1,2,3,2,2,1,9,9,2,9,9,9,11,11,1.0,1,1,2,2,1,1,1,1,9,0,1,1,1,1,1,2,2,1,1,1,1
1344179,UTTARAKHAND,CHAMOLI,DASHOLI,1,,,Irani,Irani,Dasholi,1,3,1,5,1,246424,2,2,3,0,2,4,19,14,0,0,0,2,2,1,225,1,0,0,0,0,0,0,9,9,1958,1,2,9,2,2,0,0,1,3,1,0,1,4,2,2,2,0,1,2,1,2,1,0,0,0,0,0,0,1,2,2,1,2,2,2,2,2,1,2,2,2,2,1,1,2,1,1,2,1,9,1,1,1,1,0,0,0,0,0,0,0,0,0,2,9,0,1,1,0,0,0,0,0,1,1,2,3,2,1,1,9,9,1,9,9,9,0,0,1.0,1,1,1,2,1,1,1,1,9,0,1,1,1,1,1,2,2,1,1,1,1
4100211,UTTARAKHAND,CHAMOLI,DASHOLI,1,,,Khainuri,Khainuri,Dasholi,1,3,1,5,1,246424,2,2,3,0,2,4,0,0,0,0,0,2,2,2,225,1,0,0,0,0,0,0,9,9,1998,1,2,9,2,2,0,5,1,3,1,1,2,2,2,0,0,2,1,1,1,1,1,0,0,0,0,0,0,1,2,2,1,2,2,2,2,2,1,2,2,2,2,1,1,2,1,2,1,1,9,1,1,1,1,0,0,0,0,0,0,0,0,0,2,9,0,1,1,0,0,0,0,0,0,1,2,3,2,1,1,9,9,2,9,9,9,0,0,1.0,1,1,1,2,1,1,1,1,9,0,1,1,6,1,1,2,2,1,1,1,1
3668593,UTTARAKHAND,CHAMOLI,POKHARI,1,,,Nail Khalwadi,Nail Aetha,Pokhari,1,3,1,5,1,246449,2,2,3,0,2,4,19,14,0,0,0,1,2,1,230,1,0,0,0,0,1,1,9,9,1963,1,2,9,2,2,0,0,1,3,1,1,1,3,1,2,0,1,1,1,1,1,1,0,0,0,0,0,0,1,2,2,1,2,2,2,2,2,1,2,2,2,2,1,1,2,1,1,1,1,9,1,1,1,1,0,0,0,0,0,0,0,0,0,2,9,0,2,1,0,0,0,0,0,0,1,2,3,2,1,1,9,9,2,9,9,9,0,0,1.0,1,1,1,2,1,1,1,1,9,0,1,1,2,1,1,2,2,2,1,1,1
4221027,UTTARAKHAND,CHAMOLI,NANDANAGAR,1,,,Gulari,Gulari,Ghat,1,3,1,5,1,246435,2,2,3,0,2,4,19,14,0,0,0,2,2,2,226,1,0,0,0,0,1,1,9,9,1984,1,2,9,2,1,3,0,2,3,1,1,5,2,3,2,0,0,2,1,1,1,1,0,0,0,0,0,0,1,2,2,1,2,2,2,2,2,1,2,2,2,2,1,2,2,1,1,1,1,9,1,1,1,1,0,0,0,0,0,0,0,0,0,2,9,0,1,1,0,0,0,0,0,0,1,2,3,2,2,1,9,9,2,9,9,9,0,0,1.0,1,1,1,2,1,1,1,1,9,0,1,1,1,1,1,2,2,2,1,1,1
2526297,UTTARAKHAND,CHAMOLI,POKHARI,1,,,Chaundi,Gajera,Ekeshwar,1,3,1,5,1,246473,2,2,3,0,2,4,19,14,0,0,0,1,2,1,226,1,0,0,0,0,1,0,9,9,1948,1,2,9,2,1,8,8,1,3,1,1,2,2,1,2,0,0,1,1,1,1,1,0,0,0,0,0,0,1,2,2,1,2,2,2,2,2,1,2,2,2,1,1,1,2,1,1,1,1,9,1,1,1,1,0,0,0,0,0,0,0,0,0,2,9,0,2,1,0,0,0,0,0,0,1,2,3,1,1,1,9,9,2,9,9,9,16,16,1.0,1,1,1,2,1,1,1,1,9,0,1,2,1,1,1,2,2,1,1,1,1
1133263,UTTARAKHAND,CHAMOLI,GAIRSAIN,1,,,Kushrani Talli,Kusrani Talli,Gairsain,1,3,1,5,1,246486,2,2,3,0,2,4,0,0,0,0,0,2,2,1,224,1,0,0,0,0,0,1,9,9,1970,1,2,9,2,2,0,8,1,3,1,1,7,3,1,1,0,2,1,1,1,1,1,0,0,0,0,0,0,1,2,2,1,2,2,2,2,2,1,2,2,2,2,1,1,2,1,1,1,1,9,1,1,1,2,0,0,0,0,0,0,0,0,0,2,9,0,1,2,0,0,0,0,0,0,1,2,3,2,2,1,9,9,2,9,9,9,0,0,1.0,1,1,2,2,1,1,2,1,9,0,1,2,6,1,1,2,2,2,1,1,1
8331701,UTTARAKHAND,CHAMOLI,POKHARI,1,,,Girsa,Girasa,Pokhari,1,3,1,5,1,246446,2,2,3,0,2,4,19,14,18,0,0,1,2,1,230,1,0,0,0,0,0,0,9,9,2007,1,2,9,2,2,0,0,1,3,2,1,1,2,2,2,0,0,1,1,1,1,1,0,0,0,0,0,0,1,2,2,1,2,2,2,2,2,1,2,2,2,1,1,1,2,1,1,1,1,9,1,1,1,1,0,0,0,0,0,0,0,0,0,2,9,0,1,0,0,0,0,0,0,0,1,2,3,2,1,1,9,9,2,9,9,9,0,0,1.0,1,1,1,2,1,1,1,1,9,0,1,1,5,1,1,2,2,2,1,1,1
7073310,UTTARAKHAND,CHAMOLI,Jyotirmath,1,,,Pakhi,Pakhi,Joshimath,1,3,1,5,1,246472,2,2,3,0,2,4,19,14,0,0,0,1,2,2,223,1,0,0,0,0,0,0,9,9,1957,2,2,9,2,1,9,0,2,3,1,1,1,4,1,4,0,0,1,2,2,1,1,0,0,0,0,1,0,1,2,2,1,2,2,2,2,2,1,2,2,2,2,1,1,2,1,1,1,2,1,1,1,1,2,0,0,0,0,0,0,0,0,0,2,9,1,3,5,0,0,0,0,1,1,1,2,3,2,1,1,9,9,2,9,9,9,0,0,1.0,1,1,1,2,1,1,1,1,9,0,1,1,2,1,1,2,2,1,1,1,1
4570859,UTTARAKHAND,CHAMOLI,GAIRSAIN,1,,,Naini,Naini,Gairsain,1,3,1,5,1,246486,2,2,3,0,2,4,19,14,0,0,0,2,2,2,230,1,0,0,0,0,0,0,9,9,1972,1,2,9,2,1,5,4,1,3,1,1,1,4,4,2,0,2,2,1,0,1,1,0,0,0,0,1,0,1,2,2,1,2,2,2,2,2,1,2,2,2,2,1,1,2,1,1,1,1,9,1,1,1,1,0,0,0,0,0,0,0,0,0,1,2,0,2,2,0,0,0,0,0,1,1,1,3,2,1,1,9,9,2,9,9,9,20,0,1.0,1,1,1,2,1,1,1,1,9,0,1,1,2,1,1,2,2,1,1,1,1
9846087,UTTARAKHAND,CHAMOLI,NARAYANBAGAR,1,,,Harmani Malli,Harmani Malli,Narayanbagar,1,3,1,5,1,246481,2,2,3,0,2,4,19,0,0,0,0,1,2,1,0,1,0,0,0,0,1,1,9,9,1920,1,2,9,2,2,0,1,1,3,3,2,2,3,3,3,0,0,1,1,1,1,1,0,0,0,0,0,0,1,2,2,1,2,2,2,2,2,1,2,2,2,2,1,1,2,1,1,1,1,9,1,1,1,1,0,0,0,0,0,0,0,0,0,1,2,0,0,4,0,1,0,0,1,1,1,2,3,2,1,1,9,9,2,9,9,9,0,0,1.0,1,1,2,2,1,1,1,1,9,0,1,1,2,1,1,2,2,1,1,1,1
9115870,UTTARAKHAND,CHAMOLI,GAIRSAIN,2,Gairsain-Town Panchayat,Gairsain (NP) -Gairsain Purvi Bhaag Ward No. 3,,,,5,3,6,12,5,246428,2,2,3,0,2,4,0,0,0,2,2,1,9,9,0,1,0,0,0,0,0,0,9,9,1997,9,2,2,2,9,0,0,9,1,2,2,1,9,9,9,0,0,1,2,2,8,8,0,0,0,0,2,0,1,2,2,1,2,2,2,2,2,1,2,2,2,1,1,1,2,1,2,1,1,9,1,1,1,1,2,2,2,3,3,2,3,3,1,1,9,1,0,2,0,0,0,0,1,1,1,2,3,2,1,2,2,2,9,9,2,2,0,0,,1,1,1,1,1,1,1,1,2,0,1,1,1,1,1,1,1,1,1,1,1
5770464,UTTARAKHAND,CHAMOLI,GAIRSAIN,1,,,Kheti,Kheti,Gairsain,7,3,6,10,4,246440,2,2,3,0,2,4,19,14,0,2,0,1,9,9,0,1,0,0,0,0,0,0,9,9,1994,1,2,2,2,1,5,5,1,1,7,7,1,7,5,7,0,0,1,1,1,1,1,0,0,0,0,2,0,1,2,2,1,2,2,2,2,2,1,2,2,2,1,1,1,2,1,1,1,1,9,1,1,1,1,0,0,0,0,0,0,0,0,0,1,2,0,0,1,0,0,0,0,1,1,1,2,3,2,1,1,2,2,9,9,2,9,0,0,1.0,1,1,1,1,1,1,1,1,2,0,1,1,6,1,1,2,2,1,1,1,1
1723636,UTTARAKHAND,CHAMOLI,NANDANAGAR,1,,,Bhainti,Bhenti,Ghat,1,3,1,5,5,246435,2,2,3,0,2,4,0,0,0,0,0,2,2,9,226,1,0,0,0,0,5,2,9,9,2011,9,2,9,2,9,0,0,9,2,3,3,1,3,0,3,0,0,2,1,1,1,1,0,0,0,0,0,0,1,2,2,1,2,2,2,2,2,1,2,2,2,1,1,1,2,1,2,1,1,9,1,2,9,1,0,0,0,0,0,0,0,0,0,2,9,0,0,0,0,0,0,0,0,0,1,2,3,2,2,2,9,9,2,9,9,9,0,0,,1,1,1,2,1,1,1,1,9,0,1,1,6,1,1,1,1,2,1,1,1
8998698,UTTARAKHAND,CHAMOLI,GAIRSAIN,1,,,Mehal Chauri,Mehal Chauri,Gairsain,2,3,1,8,5,246431,2,2,3,0,2,4,19,14,0,0,0,1,1,9,226,1,7,3,0,0,0,0,9,9,1992,9,2,2,2,9,0,0,9,1,1,1,6,10,2,10,0,0,1,1,1,1,1,0,0,0,0,1,1,1,2,2,1,2,2,2,2,2,1,2,2,2,2,1,1,2,1,1,1,1,9,1,2,9,1,0,0,0,0,0,0,0,0,0,2,9,1,0,6,0,0,0,0,0,1,1,1,3,2,2,2,9,9,2,9,9,9,0,0,,1,1,2,1,1,1,2,1,2,0,1,2,2,1,1,1,1,1,1,1,1
8945384,UTTARAKHAND,CHAMOLI,KARANPRAYAG,2,Gochar-Municipality,"Gochar (NP) -Shail, Basantpur Ghali Ward No.3",,,,1,3,1,5,5,246429,2,2,3,0,2,4,0,0,0,0,0,2,1,9,0,1,11,9,0,0,2,2,9,9,1981,9,2,9,2,9,0,0,9,1,1,1,1,9,12,9,0,0,1,1,1,1,1,1,1,1,1,0,0,1,2,2,1,2,2,2,2,2,1,2,2,2,2,1,1,2,1,1,1,1,9,1,2,9,1,0,0,0,0,0,0,0,0,0,1,9,0,0,10,0,0,0,0,2,2,1,2,3,2,2,1,9,9,2,9,9,9,0,0,,1,1,1,1,1,1,1,1,9,0,1,1,1,1,1,1,1,2,1,1,1
5185989,UTTARAKHAND,CHAMOLI,POKHARI,1,,,Salna,Salna,Pokhari,7,3,6,10,1,246473,2,2,3,0,2,4,19,14,0,2,0,2,9,9,228,1,0,0,0,0,0,0,9,9,2014,1,2,2,2,1,3,30,1,3,5,5,1,5,1,2,3,0,2,2,1,2,1,0,0,0,0,0,0,1,2,2,1,2,2,2,2,2,1,2,2,2,2,1,1,2,1,1,2,1,9,1,1,1,1,0,0,0,0,0,0,0,0,0,2,9,0,0,6,0,0,0,0,0,1,1,2,3,2,1,1,2,2,9,9,2,9,0,0,1.0,1,1,1,2,1,1,1,1,2,23,1,1,2,1,1,2,2,1,1,1,1
3354483,UTTARAKHAND,CHAMOLI,THARALI,1,,,Bunga,Kuridhar,Sult,4,3,6,8,5,246481,2,2,3,0,2,4,19,14,0,0,0,1,9,9,227,1,0,0,0,0,0,0,9,9,1997,9,2,2,2,9,0,0,9,1,1,1,1,3,3,3,0,0,1,1,1,1,1,0,0,0,0,1,1,1,2,2,1,2,2,2,2,2,1,2,2,2,2,1,1,2,1,2,1,1,9,1,2,9,1,0,0,0,0,0,0,0,0,0,2,9,3,0,1,0,0,0,0,0,1,1,2,3,2,1,2,9,9,9,9,9,9,0,0,,1,2,2,1,1,1,1,1,2,0,1,2,2,1,1,1,1,2,1,2,2
6629926,UTTARAKHAND,CHAMOLI,KARANPRAYAG,1,,,Siroli,Baskwali,Karnaprayag,1,3,1,5,1,246444,2,2,3,0,2,4,0,0,0,0,0,1,2,2,223,1,0,0,0,0,0,1,9,9,2006,1,2,9,2,2,0,4,1,4,1,1,5,2,1,0,0,2,1,1,0,1,0,0,0,0,0,0,0,1,2,2,1,2,2,2,2,2,1,2,2,2,2,1,1,2,1,1,1,1,9,1,1,1,1,0,0,0,0,0,0,0,0,0,2,9,0,2,0,0,0,0,0,0,0,1,2,3,2,1,1,9,9,2,9,9,9,4,0,1.0,1,1,1,2,1,1,1,1,9,0,1,1,1,1,1,2,2,1,1,1,1
8836745,UTTARAKHAND,CHAMOLI,DASHOLI,1,,,Harmani,Harmani,Dasholi,10,3,9,12,4,246424,2,2,3,0,2,4,14,19,0,2,2,1,9,9,228,1,0,0,0,0,0,0,9,9,1997,1,2,9,2,1,3,70,1,1,7,6,6,7,5,2,2,3,1,1,1,1,1,0,0,1,1,1,1,1,2,2,1,2,2,2,2,2,1,2,2,2,2,1,1,2,1,2,2,1,9,1,2,9,2,2,2,2,2,4,2,4,4,4,2,9,0,0,3,0,0,0,0,0,1,1,2,3,2,1,2,2,2,9,9,2,2,64,0,1.0,1,1,1,2,1,1,1,1,2,0,1,1,6,1,1,1,1,1,1,1,1
6313024,UTTARAKHAND,CHAMOLI,DEWAL,1,,,Rain Laga Odar,Palwara,Dewal,1,3,1,5,1,246427,2,2,3,0,2,4,19,0,0,0,0,2,2,2,223,1,0,0,0,0,5,2,9,9,1974,1,2,9,2,1,3,2,1,3,1,1,2,2,1,2,0,0,1,1,1,1,1,0,0,0,0,0,0,1,2,2,1,2,2,2,2,2,1,2,2,2,2,1,1,3,1,1,1,1,9,1,1,1,1,0,0,0,0,0,0,0,0,0,2,9,0,2,1,0,0,0,0,0,0,1,2,3,2,1,1,9,9,2,9,9,9,5,7,1.0,1,1,1,2,1,1,1,1,9,0,1,1,1,1,1,2,2,1,1,1,1
9859864,UTTARAKHAND,CHAMOLI,Jyotirmath,1,,,Bara Gaon,Baragaon,Joshimath,5,3,6,12,1,246443,2,2,3,0,2,4,19,0,0,2,2,1,9,9,225,1,0,0,0,0,0,0,9,9,1978,1,2,2,2,1,3,15,1,3,6,6,7,9,10,6,3,0,1,2,2,2,2,0,0,0,0,0,0,1,2,2,1,1,2,2,2,2,1,1,2,2,2,1,1,3,1,1,1,1,9,1,1,2,1,1,2,2,2,4,2,4,4,2,1,1,0,0,11,0,0,0,0,0,2,1,1,3,1,2,1,2,2,9,9,2,2,156,0,1.0,1,1,2,1,1,1,1,1,1,35,1,1,2,1,1,2,2,1,1,1,1
9507709,UTTARAKHAND,CHAMOLI,POKHARI,1,,,Bamoth,Bamoth,Pokhari,1,3,1,5,1,246429,2,2,3,0,2,4,0,0,0,0,0,1,2,1,225,1,0,0,0,0,2,2,9,9,1942,2,2,9,2,1,6,3,1,3,3,2,3,4,1,4,0,0,1,2,2,1,1,0,0,0,0,0,0,1,2,2,1,2,2,2,2,2,1,2,2,2,2,1,1,2,1,2,1,1,9,1,1,1,1,0,0,0,0,0,0,0,0,0,2,9,0,2,1,0,0,0,0,0,0,1,2,3,2,1,1,9,9,2,9,9,9,28,0,1.0,1,1,1,2,1,1,1,1,9,0,1,1,3,1,1,2,2,2,1,1,1
2677403,UTTARAKHAND,CHAMOLI,Jyotirmath,2,Joshimath-Municipality,Joshimath (MB) - Ravigram Ward No.9,,,,7,1,6,10,2,246443,2,2,1,1,2,4,19,14,0,2,0,1,9,9,0,1,0,0,0,0,0,0,9,9,1971,2,2,2,2,2,0,0,2,6,3,0,2,5,6,5,0,0,1,2,2,0,0,2,2,0,0,2,0,1,2,2,1,2,2,2,2,2,1,2,2,2,2,1,1,1,2,1,1,1,9,1,1,2,1,0,0,0,0,0,0,0,0,0,2,9,1,3,7,0,1,0,2,0,3,1,1,3,2,2,1,2,2,9,9,1,9,0,0,1.0,1,1,1,1,1,1,2,1,9,0,2,2,6,1,2,2,2,1,1,2,1
4876427,UTTARAKHAND,CHAMOLI,GAIRSAIN,2,Gairsain-Town Panchayat,Gairsain (NP) -Koliyana Ward No. 5,,,,5,3,6,12,1,246428,2,2,3,0,2,4,19,14,0,2,2,1,9,9,240,1,0,0,0,0,0,0,9,9,1963,1,2,2,2,1,0,0,1,3,3,2,3,16,3,9,1,6,1,2,1,2,2,0,0,0,0,1,0,1,2,2,1,2,2,2,2,2,1,2,2,2,1,1,1,2,1,2,1,1,9,1,1,1,1,2,4,4,4,4,2,4,4,2,2,9,0,0,14,0,0,0,1,1,2,1,1,3,2,1,1,2,1,9,9,2,2,169,0,1.0,1,1,2,1,1,1,1,1,1,35,1,1,2,1,1,2,3,1,1,1,1
4712803,UTTARAKHAND,CHAMOLI,GAIRSAIN,2,Gairsain-Town Panchayat,Gairsain (NP) -Koliyana Ward No. 5,,,,5,3,6,12,1,246428,2,2,1,10,2,19,4,14,18,1,1,1,9,9,240,1,0,0,0,0,0,0,9,9,2009,1,2,2,2,1,1,0,1,4,3,3,5,7,7,7,0,0,1,2,2,2,2,0,0,0,0,2,0,1,2,2,1,2,2,2,2,2,1,2,2,2,1,1,1,1,1,1,1,1,9,1,1,1,1,2,2,2,4,4,2,4,4,3,1,2,1,0,8,0,0,0,3,1,4,1,1,3,2,1,1,2,2,9,9,1,1,0,0,1.0,1,1,2,1,1,1,1,1,1,64,1,1,2,1,1,2,2,1,1,1,1
8488245,UTTARAKHAND,CHAMOLI,Jyotirmath,2,Joshimath-Municipality,Joshimath (MB) - Manoharvaag Ward No.5,,,,6,3,1,10,5,246443,2,2,3,0,2,4,19,14,18,2,0,1,1,9,227,1,2,2,0,0,0,0,9,9,1985,9,2,2,2,9,0,0,9,1,1,1,1,14,14,14,0,0,1,2,2,2,2,0,0,0,0,1,1,1,2,2,1,2,2,1,2,2,1,2,2,1,2,1,1,2,1,2,1,1,9,1,2,9,1,0,0,0,0,0,0,0,0,0,1,9,1,0,2,0,0,0,0,0,1,1,2,3,2,2,2,2,2,1,9,1,9,0,0,,1,2,2,1,1,1,2,1,2,0,2,1,6,1,2,2,2,1,1,2,2
8127154,UTTARAKHAND,CHAMOLI,KARANPRAYAG,2,Gochar-Municipality,"Gochar (NP) -Panaai Talli, Palsaari Ward No.4",,,,2,3,1,8,5,246429,2,2,3,0,2,4,19,14,0,0,0,1,2,9,224,1,0,0,0,0,0,0,9,9,1987,9,2,2,2,9,0,0,9,2,1,1,1,8,4,8,0,0,1,1,1,1,1,0,0,0,0,0,0,1,2,2,1,2,2,2,2,2,1,2,2,2,2,1,1,2,1,1,1,1,9,1,2,9,1,0,0,0,0,0,0,0,0,0,2,9,0,0,5,0,0,0,0,0,1,1,1,3,2,2,2,9,9,2,9,9,9,0,0,,1,1,1,1,1,1,1,1,2,0,2,2,3,1,1,1,1,2,1,1,2
1768655,UTTARAKHAND,CHAMOLI,DEWAL,1,,,Purna,Purna,Dewal,1,3,1,5,1,246427,2,2,3,0,2,4,0,0,0,0,0,2,2,2,220,1,0,0,0,0,2,2,9,9,1985,1,2,9,2,1,5,3,1,3,1,1,2,2,1,0,0,2,1,1,0,1,1,0,0,0,0,0,0,1,2,2,1,2,2,2,2,2,1,2,2,2,2,1,1,2,1,1,1,1,9,1,1,1,1,0,0,0,0,0,0,0,0,0,2,9,0,1,1,0,0,0,0,0,0,1,2,3,2,1,1,9,9,2,9,9,9,0,0,1.0,1,1,1,2,1,1,1,1,9,0,1,1,1,1,1,2,2,1,1,1,1
4119608,UTTARAKHAND,CHAMOLI,GAIRSAIN,1,,,Sarkot,Sarkot,Gairsain,1,3,1,5,1,246428,2,2,3,0,2,4,19,14,0,0,0,1,2,2,226,1,0,1,0,0,1,0,9,9,1999,1,2,9,2,2,0,0,1,3,1,1,7,4,1,4,0,0,1,1,1,1,1,1,1,1,1,1,1,1,2,2,1,2,2,2,2,2,1,2,2,2,1,1,1,2,1,1,1,1,9,1,1,1,1,0,0,0,0,0,0,0,0,0,2,9,0,3,1,0,0,0,0,1,0,1,2,3,2,1,1,9,9,2,9,9,9,0,0,2.0,1,1,1,2,1,1,1,1,9,0,1,1,2,1,1,2,2,1,1,1,1
5472174,UTTARAKHAND,CHAMOLI,THARALI,1,,,Alkot,Aalkot,Tharali,1,3,1,5,1,246481,2,2,3,0,2,4,19,14,0,0,0,2,2,1,225,1,0,0,0,0,0,0,9,9,1986,1,2,9,2,2,0,0,1,3,1,1,2,2,1,2,0,0,1,1,1,1,1,0,0,0,0,0,0,1,2,2,1,2,2,2,2,2,1,2,2,2,2,1,1,2,1,1,1,1,9,1,1,2,1,0,0,0,0,0,0,0,0,0,2,9,0,1,2,0,0,0,0,0,0,1,2,3,2,1,1,9,9,2,9,9,9,17,17,1.0,1,2,1,2,1,1,1,1,9,0,1,1,1,1,1,2,2,1,1,1,1
4767357,UTTARAKHAND,CHAMOLI,Jyotirmath,1,,,Tangni Talli,Tangani Talli,Joshimath,1,3,1,5,1,246472,2,2,3,0,2,4,19,14,0,0,0,1,2,1,225,1,0,0,0,0,0,0,9,9,1948,1,2,9,2,1,9,0,1,3,1,1,2,3,2,3,0,0,1,1,1,1,1,0,0,0,0,0,0,1,2,2,1,2,2,1,2,2,1,2,2,1,2,1,1,2,1,1,1,1,9,1,1,1,1,0,0,0,0,0,0,0,0,0,2,9,0,1,1,0,0,0,0,1,0,1,2,3,2,2,1,9,9,2,9,9,9,9,9,1.0,1,1,1,2,1,1,1,1,9,0,1,1,5,1,1,2,2,2,1,1,1
6630562,UTTARAKHAND,CHAMOLI,NARAYANBAGAR,1,,,Bhatiyana,Bhatiyana,Tharali,4,3,6,8,1,246453,2,2,3,0,2,4,19,0,0,0,0,2,9,9,227,1,0,0,0,0,0,0,9,9,2007,1,2,2,2,2,0,57,1,3,1,1,2,3,2,3,0,0,1,1,1,1,1,0,0,0,0,0,0,1,2,2,1,2,2,2,2,2,1,2,2,2,2,1,1,3,1,1,1,1,9,1,1,1,2,0,0,0,0,0,0,0,0,0,1,2,0,0,1,0,0,0,0,0,0,1,2,3,1,1,1,9,9,9,9,9,9,0,0,1.0,1,1,2,2,1,1,2,1,2,0,1,1,2,1,1,2,2,1,1,1,2
7869347,UTTARAKHAND,CHAMOLI,KARANPRAYAG,1,,,Kharsain,Kharsain,Karnaprayag,1,3,1,5,1,246429,2,2,3,0,2,4,19,14,0,0,0,2,2,1,230,1,0,0,1,0,1,1,9,9,1988,1,2,9,2,2,0,3,1,3,1,1,2,2,1,1,1,0,1,1,0,1,1,0,0,1,1,0,0,1,2,2,1,2,2,2,2,2,1,2,2,2,2,1,1,2,1,1,1,1,9,1,1,1,1,0,0,0,0,0,0,0,0,0,2,9,0,2,1,0,0,0,0,0,0,1,2,3,2,1,1,9,9,2,9,9,9,7,0,1.0,1,1,1,2,1,1,1,1,9,0,1,1,3,1,1,2,2,1,1,1,1
9700057,UTTARAKHAND,CHAMOLI,KARANPRAYAG,1,,,Jaiti Bhatkoti,Jaiti Bhatkoti,Karnaprayag,1,3,1,5,1,246446,2,2,3,0,2,4,19,14,0,0,0,2,2,1,230,1,0,0,0,0,0,1,9,9,1993,1,2,9,2,2,0,1,1,3,1,0,2,2,1,2,0,0,1,1,0,1,1,0,0,0,0,0,0,1,2,2,1,2,2,2,2,2,1,2,2,2,2,1,1,2,1,1,1,1,9,1,1,1,1,0,0,0,0,0,0,0,0,0,2,9,0,1,1,0,0,0,0,0,0,1,2,3,2,2,1,9,9,2,9,9,9,5,0,1.0,1,1,1,2,1,1,1,1,9,0,1,1,2,1,1,2,2,1,1,1,1
3753644,UTTARAKHAND,CHAMOLI,DASHOLI,1,,,Bachher,Bachher,Dasholi,1,3,1,5,1,246424,2,2,3,0,2,4,19,14,0,0,0,1,2,2,224,1,0,0,0,0,0,0,9,9,1901,1,2,9,2,2,0,0,1,3,1,0,2,2,2,2,0,0,1,2,2,2,1,0,0,0,0,0,0,1,2,2,1,2,2,2,2,2,1,2,2,2,2,1,1,2,1,2,1,1,9,1,1,1,1,0,0,0,0,0,0,0,0,0,2,9,0,3,1,0,0,0,0,0,0,1,2,3,2,2,1,9,9,2,9,9,9,0,0,1.0,1,1,1,2,1,1,1,1,9,0,1,1,3,1,1,2,2,1,1,1,1
3198053,UTTARAKHAND,CHAMOLI,DASHOLI,1,,,Gadi,Gadi,Dasholi,7,3,6,10,1,246424,2,2,3,0,2,4,0,0,0,2,0,1,9,9,226,1,0,0,0,0,0,0,9,9,1986,1,2,2,2,1,2,26,1,3,2,2,2,6,2,1,5,0,1,1,1,1,1,0,0,0,0,0,0,1,2,2,1,2,2,2,2,2,1,2,2,2,2,1,1,2,1,1,1,1,9,1,2,9,1,0,0,0,0,0,0,0,0,0,2,9,0,0,6,0,0,0,0,0,1,1,2,3,2,2,1,2,2,9,9,2,9,29,29,1.0,1,1,1,2,1,1,1,1,1,16,1,1,5,1,1,2,2,1,1,1,1
6253828,UTTARAKHAND,CHAMOLI,GAIRSAIN,1,,,Pindawali,Pindwali,Gairsain,7,3,6,10,1,246440,2,2,3,0,2,4,0,0,0,2,0,2,9,9,225,1,0,0,0,0,0,0,9,9,1986,1,2,2,2,1,5,10,1,3,5,5,3,5,3,5,0,0,1,2,2,2,2,2,2,2,2,0,0,1,1,2,1,2,2,2,1,2,1,2,2,2,1,1,1,2,1,1,1,1,9,1,1,1,1,0,0,0,0,0,0,0,0,0,1,1,0,2,2,0,1,0,2,4,3,1,1,3,2,1,1,2,2,9,9,2,9,0,0,1.0,1,1,2,1,1,1,1,1,1,27,1,1,2,1,1,2,3,1,1,1,1
1326250,UTTARAKHAND,CHAMOLI,GAIRSAIN,1,,,Farakande Talli,Farkande,Gairsain,7,3,6,10,1,246428,2,2,3,0,2,4,0,0,0,2,0,2,9,9,220,1,0,0,0,0,0,0,9,9,2004,1,2,2,2,1,3,0,1,3,2,2,5,6,5,6,0,0,1,1,1,1,1,0,0,0,0,1,1,1,2,2,1,2,2,2,2,2,1,2,2,2,1,1,1,2,1,1,1,1,9,1,1,1,2,0,0,0,0,0,0,0,0,0,1,2,0,0,6,0,0,0,1,1,1,1,1,3,2,1,1,2,2,9,9,2,9,90,0,1.0,1,1,2,1,1,1,2,1,1,50,1,1,6,1,1,2,3,1,1,1,1
2769459,UTTARAKHAND,CHAMOLI,THARALI,1,,,Kurad,Kurad,Tharali,5,3,6,12,1,246481,2,2,3,0,2,4,0,0,0,2,2,2,9,9,238,1,0,0,0,0,0,0,9,9,1978,1,2,1,2,1,6,0,1,3,7,7,2,7,7,3,2,2,2,1,1,1,1,1,1,1,1,1,1,1,2,2,1,2,2,2,2,2,1,2,2,2,1,1,1,2,1,1,1,1,9,1,1,2,1,4,4,4,4,4,4,4,4,4,1,1,0,0,4,0,0,0,2,1,2,1,2,3,2,1,1,2,2,9,9,2,2,68,67,1.0,1,1,1,2,1,1,1,1,1,50,1,1,3,1,1,2,2,1,1,1,1
3600749,UTTARAKHAND,CHAMOLI,NARAYANBAGAR,1,,,Neeladi,Niladi,Narayanbagar,7,3,6,10,1,246444,2,2,3,0,2,4,19,14,0,2,0,2,9,9,222,1,0,0,0,0,0,0,9,9,1988,1,2,2,2,1,5,21,1,3,1,1,5,5,3,5,0,0,2,1,1,2,2,0,0,0,0,0,0,1,2,2,1,2,2,2,2,2,1,2,2,2,2,1,1,2,1,1,1,1,9,1,1,1,1,0,0,0,0,0,0,0,0,0,1,2,0,0,4,0,0,0,0,0,1,1,2,3,2,1,1,2,2,9,9,2,9,29,0,1.0,1,1,1,2,1,1,1,1,2,0,1,1,5,1,1,2,2,1,1,1,2
4763761,UTTARAKHAND,CHAMOLI,THARALI,1,,,Gwaldam State,Gwaldam,Tharali,5,3,6,12,1,246441,2,2,3,0,2,4,14,19,0,2,2,1,9,9,231,1,0,0,0,0,0,0,9,9,1963,1,1,1,2,1,2,12,1,3,3,3,2,10,10,10,0,0,1,3,3,3,3,0,0,0,0,2,0,1,1,2,1,2,2,2,1,2,1,2,2,2,2,1,1,1,1,1,1,1,9,1,1,2,1,1,1,1,2,4,4,4,4,1,1,1,1,3,15,0,2,1,2,4,4,1,2,3,2,1,1,2,1,9,9,2,2,182,195,1.0,1,1,1,1,1,1,1,1,1,75,1,2,2,1,1,2,2,1,1,1,1
9989722,UTTARAKHAND,CHAMOLI,KARANPRAYAG,1,,,Umatta,Ummtta,Karnaprayag,7,3,6,10,1,246444,2,2,3,0,2,4,19,14,0,2,0,1,9,9,225,1,0,0,0,0,0,0,9,9,1979,1,2,2,2,1,2,22,1,3,4,1,3,8,5,4,2,2,1,1,1,1,1,0,0,0,0,0,0,1,2,2,1,2,2,2,2,2,1,2,2,2,2,1,1,2,1,1,1,1,9,1,1,2,1,0,0,0,0,0,0,0,0,0,2,9,0,0,1,0,0,0,1,1,1,1,2,3,2,1,1,2,2,9,9,2,9,0,0,1.0,1,1,1,2,1,1,1,1,2,0,1,1,3,1,1,2,2,1,1,1,1
9485041,UTTARAKHAND,CHAMOLI,NANDANAGAR,1,,,Ramani,Ramani,Ghat,4,3,6,8,1,246435,2,2,3,0,2,4,19,14,0,0,0,2,9,9,228,1,0,0,0,0,0,0,9,9,2009,1,2,2,2,2,0,25,1,3,1,1,7,3,2,3,0,0,1,2,1,1,1,0,0,0,0,0,0,1,2,2,1,2,2,2,2,2,1,2,2,2,2,1,1,1,1,1,1,1,9,1,1,2,1,0,0,0,0,0,0,0,0,0,1,2,0,0,2,0,0,0,0,0,1,1,2,3,2,1,1,9,9,9,9,9,9,45,0,1.0,1,1,1,2,1,1,1,1,2,0,1,1,2,1,2,2,2,1,1,1,1
3472550,UTTARAKHAND,CHAMOLI,DASHOLI,2,Chamoli Gopeshwar-Municipality,Chamoli Gopeshwar (MB) -Kothiyaal Gaon Ward No.10,,,,5,3,6,12,1,246424,2,2,3,0,2,4,19,14,0,2,2,1,9,9,224,1,0,0,0,0,0,0,9,9,1975,1,1,2,2,1,2,0,1,3,13,9,5,13,13,7,3,3,1,2,2,2,2,0,0,0,0,0,0,1,2,2,1,2,2,2,2,2,1,2,2,2,2,1,1,1,1,1,2,1,9,1,2,9,1,2,2,2,4,4,4,4,4,2,1,1,1,0,8,0,0,1,1,1,2,1,2,1,2,1,1,2,2,9,9,2,2,0,0,1.0,1,1,1,1,1,1,1,1,1,91,1,1,1,1,1,2,2,1,1,1,1
3480391,UTTARAKHAND,CHAMOLI,DASHOLI,1,,,Chhinka,Chhinaka,Dasholi,5,3,6,12,1,246426,2,2,3,0,2,4,14,19,0,2,2,2,9,9,222,1,0,0,0,0,0,0,9,9,1961,1,2,2,2,1,4,100,1,3,2,0,7,10,10,8,2,0,1,2,1,1,1,0,0,0,0,2,0,1,2,2,1,2,2,2,2,2,1,2,2,2,2,1,1,2,1,1,2,1,9,1,1,2,1,2,2,2,4,4,2,4,4,2,1,1,0,0,12,0,0,0,2,1,3,1,2,3,2,1,1,2,1,9,9,2,2,0,0,1.0,1,1,1,1,1,1,1,1,1,70,1,1,2,1,1,2,2,1,1,1,1
8352916,UTTARAKHAND,CHAMOLI,POKHARI,1,,,Shrigadh,Srigarh,Pokhari,1,3,1,5,1,246473,2,2,3,0,2,4,19,14,0,0,0,2,2,1,221,1,0,0,0,0,1,2,9,9,1942,1,2,9,2,1,12,5,1,3,1,1,7,2,3,2,0,0,1,2,2,1,1,1,1,0,0,0,0,1,2,2,1,2,2,2,2,2,1,2,2,2,2,1,1,2,1,1,1,1,9,1,1,1,1,0,0,0,0,0,0,0,0,0,1,2,0,1,1,0,0,0,0,1,1,1,2,3,2,1,1,9,9,2,9,9,9,31,33,1.0,1,1,1,2,1,1,1,1,9,0,1,1,5,1,1,2,2,2,1,1,1
9145173,UTTARAKHAND,CHAMOLI,KARANPRAYAG,1,,,Uttaraun,Uttraon,Karnaprayag,1,3,1,5,5,246444,2,2,2,3,2,4,0,0,0,0,0,1,1,9,0,1,7,5,0,0,0,0,9,9,2015,9,2,9,2,9,0,0,9,1,1,1,1,6,5,6,0,0,1,2,2,2,2,0,0,0,0,0,0,1,2,2,1,2,2,2,2,2,1,2,2,2,2,1,1,2,1,1,1,1,9,1,2,9,1,0,0,0,0,0,0,0,0,0,1,9,1,0,1,0,0,0,0,0,1,1,2,3,2,2,2,9,9,1,9,9,9,0,0,,1,1,1,1,1,1,1,2,9,0,1,2,1,1,1,2,2,2,1,1,1
2249495,UTTARAKHAND,CHAMOLI,DEWAL,1,,,Deosari,Devsari,Dewal,1,3,1,5,1,246441,2,2,3,0,2,4,19,0,0,0,0,2,2,2,50,1,0,0,0,0,1,1,9,9,1942,1,2,9,2,2,0,0,1,3,1,1,2,2,1,0,2,0,1,1,1,1,1,0,0,0,0,0,0,1,2,2,1,2,2,2,2,2,1,2,2,2,1,1,1,2,1,1,1,1,9,1,1,1,2,0,0,0,0,0,0,0,0,0,2,9,0,1,0,0,0,0,0,0,0,1,2,3,2,1,1,9,9,2,9,9,9,0,0,1.0,1,1,1,2,1,1,1,1,9,0,1,2,2,2,1,2,2,1,1,1,2
8837613,UTTARAKHAND,CHAMOLI,DASHOLI,1,,,Bachher,Bachher,Dasholi,1,3,1,5,1,246424,2,2,3,0,2,4,19,0,0,0,0,1,2,2,223,1,0,0,0,0,0,0,9,9,1998,1,2,9,2,2,0,0,1,3,1,1,5,2,1,2,0,0,1,1,0,1,0,1,1,0,0,0,0,1,2,2,1,2,2,2,2,2,1,2,2,2,2,1,1,2,1,1,1,1,9,1,1,2,1,0,0,0,0,0,0,0,0,0,2,9,0,1,1,0,0,0,0,0,0,1,2,3,2,2,1,9,9,2,9,9,9,13,13,1.0,1,1,1,2,1,1,1,1,9,0,1,2,2,1,1,2,2,1,1,1,1
7880080,UTTARAKHAND,CHAMOLI,KARANPRAYAG,1,,,Dada Dhamdhama,Dhamdhama,Karnaprayag,1,3,1,5,1,246429,2,2,3,0,2,4,0,0,0,0,0,2,2,1,229,1,0,0,0,0,2,2,9,9,1978,1,2,9,2,2,0,0,1,3,1,1,2,2,3,0,2,0,1,1,0,1,1,0,0,0,0,0,0,1,2,2,1,2,2,2,2,2,1,2,2,2,2,1,1,2,1,1,1,1,9,1,1,2,1,0,0,0,0,0,0,0,0,0,2,9,0,2,1,0,0,0,1,0,0,1,2,3,2,1,1,9,9,2,9,9,9,0,0,1.0,1,1,1,2,1,1,1,1,9,0,1,1,2,1,1,2,2,1,1,1,1
4373938,UTTARAKHAND,CHAMOLI,DEWAL,1,,,Kandai,Kandai,Dewal,1,3,1,5,1,246427,2,2,3,0,2,4,19,14,0,0,0,2,2,1,222,1,0,0,0,0,0,0,9,9,1988,1,2,9,2,2,0,0,1,3,1,1,2,2,2,2,0,0,1,1,1,1,1,0,0,0,0,0,0,1,2,2,1,2,2,2,2,2,1,2,2,2,2,1,1,2,1,2,1,1,9,1,1,1,1,0,0,0,0,0,0,0,0,0,2,9,0,1,0,0,0,0,0,0,0,1,1,3,2,1,1,9,9,2,9,9,9,0,0,1.0,1,1,1,2,1,1,1,1,9,0,2,1,2,1,1,2,2,1,1,1,1
2554915,UTTARAKHAND,CHAMOLI,THARALI,1,,,Gerur,Gerud,Tharali,1,3,1,5,1,246481,2,2,3,0,2,4,19,14,0,0,0,1,2,1,220,1,0,0,0,0,0,1,9,9,2007,1,2,9,2,2,0,0,1,3,1,1,2,2,1,1,0,1,1,1,1,1,1,0,0,0,0,0,0,1,2,2,1,2,2,2,2,2,1,2,2,2,1,1,1,2,1,1,1,1,9,1,1,2,1,0,0,0,0,0,0,0,0,0,2,9,0,1,0,0,0,0,0,0,0,1,2,3,2,2,1,9,9,2,9,9,9,0,0,1.0,1,2,1,2,1,1,1,1,9,0,1,1,2,1,1,2,2,1,1,1,1
4739355,UTTARAKHAND,CHAMOLI,NANDANAGAR,1,,,Manakhi,Manakhi,Ghat,1,3,1,5,1,246449,2,2,3,0,2,4,14,19,18,0,0,2,2,2,219,1,0,0,0,0,0,0,9,9,2009,1,2,9,2,2,0,2,1,3,1,0,5,2,2,0,0,2,2,1,0,1,1,0,0,0,0,0,0,1,2,2,1,2,2,2,2,2,1,2,2,2,3,1,2,2,1,2,1,1,9,1,2,9,1,0,0,0,0,0,0,0,0,0,2,9,0,1,1,0,0,0,0,0,0,1,1,3,2,1,1,9,9,2,9,9,9,0,0,1.0,1,1,1,2,1,1,1,1,9,0,1,1,2,1,1,2,2,1,1,1,1
5619887,UTTARAKHAND,CHAMOLI,GAIRSAIN,1,,,Nagali,Nagali,Gairsain,1,3,1,5,1,246440,2,2,3,0,2,4,0,0,0,0,0,2,2,1,228,1,0,0,0,0,0,0,9,9,1920,1,2,9,2,1,0,3,1,3,1,1,5,3,3,0,0,3,1,1,1,1,1,0,0,0,0,0,0,1,2,2,1,2,2,2,2,2,1,2,2,2,2,1,1,3,1,2,1,1,9,1,1,1,1,0,0,0,0,0,0,0,0,0,2,9,0,1,1,0,0,0,0,0,0,1,2,3,2,2,1,9,9,2,9,9,9,2,0,1.0,1,1,1,2,1,1,2,1,9,0,1,1,2,1,1,2,2,1,1,1,1
2321745,UTTARAKHAND,CHAMOLI,NARAYANBAGAR,1,,,Palchhuni,Palchhuni,Narayanbagar,1,3,1,5,1,246455,2,2,3,0,2,4,19,14,0,0,0,2,2,1,226,1,0,0,0,0,0,0,9,9,1950,1,2,9,2,2,0,2,1,3,1,1,2,2,1,2,0,0,1,0,0,1,1,0,0,0,0,0,0,1,2,2,1,2,2,2,2,2,1,2,2,2,2,1,1,2,1,1,1,1,9,1,1,1,1,0,0,0,0,0,0,0,0,0,2,9,0,2,1,0,0,0,0,0,0,1,2,3,2,1,1,9,9,2,9,9,9,10,0,1.0,1,1,1,2,1,1,1,1,9,0,1,1,6,1,1,2,2,1,1,1,2
5552260,UTTARAKHAND,CHAMOLI,NARAYANBAGAR,1,,,Ghatiyana Laga Dungri,Dungri,Narayanbagar,1,3,1,5,1,246455,2,2,3,0,2,4,19,14,0,0,0,2,2,2,225,1,0,0,0,0,0,0,9,9,1946,2,2,9,2,2,0,1,1,3,2,2,5,2,1,2,0,0,1,1,1,1,1,0,0,0,0,0,0,1,2,2,1,2,2,2,2,2,1,2,2,2,1,1,1,2,1,1,2,1,9,1,1,1,1,0,0,0,0,0,0,0,0,0,2,9,0,2,1,0,0,0,0,0,0,1,2,3,2,1,1,9,9,2,9,9,9,0,0,1.0,1,1,1,2,1,1,1,1,9,0,1,1,3,1,1,2,2,1,1,1,2
7889047,UTTARAKHAND,CHAMOLI,DASHOLI,2,Chamoli Gopeshwar-Municipality,Chamoli Gopeshwar (MB) -Gopeshwer Gaon Ward No.2,,,,1,3,1,5,1,246401,2,2,3,0,2,4,19,14,0,0,0,1,2,2,222,1,1,4,1,0,0,1,9,9,1915,1,2,9,2,2,0,0,1,3,1,1,1,4,4,4,0,0,1,1,1,1,1,1,1,0,0,0,0,1,2,2,1,2,2,2,2,2,1,2,2,2,2,1,1,2,1,2,1,1,9,1,1,2,2,0,0,0,0,0,0,0,0,0,2,9,0,7,3,0,0,0,0,0,1,1,2,3,2,1,1,9,9,2,9,9,9,0,0,1.0,1,1,1,2,1,1,1,1,9,0,1,1,2,1,1,2,2,1,1,1,1
1217529,UTTARAKHAND,CHAMOLI,NANDANAGAR,1,,,Kurar Gunth,Kurud Goonth,Ghat,1,3,1,5,1,246435,2,2,3,0,2,4,19,14,0,0,0,1,2,2,224,1,0,0,0,1,0,1,9,9,1917,1,2,9,2,1,5,2,1,3,1,1,2,2,1,2,0,0,1,2,2,1,1,0,0,0,0,0,0,1,2,2,1,2,2,2,2,2,1,2,2,2,1,1,1,2,1,1,1,1,9,1,1,1,1,0,0,0,0,0,0,0,0,0,1,2,0,2,1,0,0,0,0,0,0,1,2,3,2,1,1,9,9,2,9,9,9,0,0,1.0,1,1,1,2,1,1,1,1,9,0,1,1,4,1,1,2,2,2,1,1,1
6655797,UTTARAKHAND,CHAMOLI,GAIRSAIN,1,,,Sare Gwar,Saregwad,Gairsain,1,3,1,5,1,246428,2,2,3,0,2,4,14,19,0,0,0,2,2,1,225,1,0,0,0,0,0,0,9,9,1986,1,2,9,2,2,0,5,1,3,1,1,2,3,2,3,0,0,1,1,1,1,1,1,1,0,0,0,0,1,2,2,1,2,2,2,2,2,1,2,2,2,1,1,1,2,1,1,1,1,9,1,1,1,1,0,0,0,0,0,0,0,0,0,1,2,0,0,1,0,0,0,0,0,0,1,2,3,2,1,1,9,9,2,9,9,9,21,17,1.0,1,1,1,2,1,1,1,1,9,0,1,1,4,1,1,2,2,1,1,1,1
4848964,UTTARAKHAND,CHAMOLI,THARALI,1,,,Sunaun,Sunau Talla,Tharali,1,3,1,5,1,246482,2,2,3,0,2,4,0,0,0,0,0,1,2,1,222,1,0,0,0,0,0,1,9,9,1948,1,2,9,2,2,0,0,1,3,1,1,5,3,1,3,0,0,1,1,1,1,1,0,0,0,0,0,0,1,2,2,1,2,2,2,2,2,1,2,2,2,1,1,1,2,1,1,1,1,9,1,1,2,1,0,0,0,0,0,0,0,0,0,2,9,0,1,1,0,0,0,0,0,0,1,2,3,2,2,1,9,9,2,9,9,9,0,0,1.0,1,2,1,2,1,1,1,1,9,0,1,1,1,1,1,2,2,1,1,1,1
8345788,UTTARAKHAND,CHAMOLI,KARANPRAYAG,1,,,Sundar Gaon,Sundergaon,Karnaprayag,1,3,1,5,1,246444,2,2,3,0,2,4,19,14,0,0,0,1,2,2,230,1,0,0,0,0,0,0,9,9,2004,1,2,9,2,2,0,1,1,3,1,1,5,2,1,0,0,2,1,1,0,1,1,0,0,0,0,0,0,1,2,2,1,2,2,2,2,2,1,2,2,2,2,1,1,2,1,1,1,1,9,1,1,1,1,0,0,0,0,0,0,0,0,0,2,9,0,1,0,0,0,0,0,0,0,1,2,3,2,2,1,9,9,2,9,9,9,2,0,1.0,1,1,1,2,1,1,1,1,9,0,1,1,2,1,1,2,2,1,1,1,1
1085623,UTTARAKHAND,CHAMOLI,KARANPRAYAG,2,Gochar-Municipality,"Gochar (NP) -Shail, Basantpur Ghali Ward No.3",,,,1,3,1,5,1,246429,2,2,3,0,2,4,19,14,0,0,0,2,2,2,0,1,0,0,0,0,0,0,9,9,1991,1,2,9,2,2,0,0,1,6,1,1,5,2,0,2,0,0,2,1,1,1,1,0,0,0,0,0,0,1,2,2,1,2,2,2,2,2,1,2,2,2,2,1,1,1,1,1,1,1,9,1,1,2,1,0,0,0,0,0,0,0,0,0,2,9,0,1,1,0,0,0,0,0,0,1,2,3,2,2,1,9,9,2,9,9,9,0,0,1.0,1,1,1,2,1,1,1,1,9,0,1,1,2,1,1,2,2,1,1,1,1
6630117,UTTARAKHAND,CHAMOLI,Jyotirmath,1,,,Pandukaswar,Pandukeshar,Joshimath,1,3,1,5,1,246443,2,2,3,0,2,4,19,14,0,0,0,1,2,2,0,1,0,0,0,0,2,0,9,9,1953,2,2,9,2,2,0,0,1,3,1,1,1,2,0,2,0,0,2,1,1,1,1,0,0,0,0,0,0,1,2,2,1,2,2,2,2,2,1,2,2,2,2,1,1,2,1,1,1,1,9,1,1,1,1,0,0,0,0,0,0,0,0,0,2,9,0,0,2,0,0,0,0,0,0,1,2,3,1,1,1,9,9,2,9,9,9,0,0,1.0,1,1,2,2,1,1,1,1,9,0,1,1,6,1,1,2,2,1,1,1,1
2172353,UTTARAKHAND,CHAMOLI,Jyotirmath,1,,,Bharkichak-Urgam,Bharki,Joshimath,4,3,6,8,1,246443,2,2,3,0,2,4,19,14,0,0,0,2,9,9,0,1,0,0,0,0,0,0,9,9,2004,1,2,2,2,1,0,0,1,3,2,2,2,5,3,1,3,1,1,1,1,1,1,0,0,0,0,0,0,1,2,2,1,2,2,2,2,2,1,2,2,2,2,1,1,2,1,2,1,2,2,1,1,1,2,0,0,0,0,0,0,0,0,0,2,9,0,0,1,0,0,0,0,0,0,1,2,3,1,1,1,9,9,9,9,9,9,5,0,1.0,1,1,2,2,1,1,2,1,1,3,1,1,2,1,1,2,2,1,1,1,1
2466408,UTTARAKHAND,CHAMOLI,POKHARI,1,,,Gudam,Gudam,Pokhari,4,3,6,8,1,246473,2,2,3,0,2,4,19,14,0,0,0,2,9,9,228,1,0,0,0,0,0,0,9,9,2005,1,2,2,2,2,0,0,1,3,1,1,1,3,2,3,0,0,1,1,1,1,1,0,0,0,0,0,0,1,2,2,1,2,2,2,2,2,1,2,2,2,1,1,1,2,1,1,1,1,9,1,1,1,1,0,0,0,0,0,0,0,0,0,2,9,0,0,2,0,0,0,0,0,1,1,2,3,2,2,1,9,9,9,9,9,9,0,0,1.0,1,1,1,2,1,1,1,1,2,0,1,1,1,1,1,2,2,1,1,1,1
9833812,UTTARAKHAND,CHAMOLI,DASHOLI,2,PIPALKOTI-Town Panchayat,Peepalkoti (NP)- Naurakh Peepalkoti Ward No.1,,,,1,3,1,5,1,246472,2,2,3,0,2,4,0,0,0,0,0,1,2,1,225,1,0,0,0,0,3,0,9,9,1904,1,2,9,2,2,0,0,1,3,1,1,1,2,1,2,0,0,1,1,1,1,1,0,0,0,0,0,0,1,2,2,1,2,2,2,2,2,1,2,2,2,2,1,1,2,1,2,2,1,9,1,1,1,1,0,0,0,0,0,0,0,0,0,2,9,0,1,1,0,0,0,0,0,0,1,2,3,2,2,1,9,9,2,9,9,9,0,0,1.0,1,1,1,2,1,1,1,1,9,0,1,2,1,1,1,2,2,1,1,1,1
6417473,UTTARAKHAND,CHAMOLI,GAIRSAIN,1,,,Farson,Aagar,Gairsain,2,3,1,8,5,246428,2,2,3,0,2,4,19,0,0,0,0,1,2,9,4,1,0,1,0,0,4,1,9,9,2017,9,2,2,2,9,0,0,9,2,2,2,1,11,8,11,0,0,1,1,1,1,1,0,0,0,0,1,1,1,2,2,1,2,2,2,2,2,1,2,2,2,2,1,1,2,1,1,1,1,9,1,1,1,1,0,0,0,0,0,0,0,0,0,1,9,1,0,2,0,1,0,0,0,0,1,2,3,2,1,1,9,9,2,9,9,9,0,0,,1,1,2,1,1,1,1,1,2,0,1,1,2,1,1,1,1,1,1,1,1
1672150,UTTARAKHAND,CHAMOLI,NARAYANBAGAR,1,,,Jhijhoni,Jhinjhoni,Narayanbagar,8,3,9,10,4,246455,2,2,3,0,2,4,0,0,0,2,0,2,9,9,225,1,0,0,0,0,0,0,9,9,2002,1,2,9,2,1,7,35,1,1,1,1,8,4,0,4,0,0,2,3,3,3,3,0,0,0,0,0,0,1,2,2,1,2,2,2,2,2,1,2,2,2,2,1,1,2,1,1,1,1,9,1,1,2,1,0,0,0,0,0,0,0,0,0,1,2,0,0,2,0,0,0,0,0,1,1,2,3,2,1,1,2,2,9,9,2,9,8,8,1.0,1,1,1,2,1,1,1,1,2,0,1,1,6,1,1,1,1,1,1,2,2
4055824,UTTARAKHAND,CHAMOLI,KARANPRAYAG,1,,,Siran,Siran,Karnaprayag,4,3,6,8,4,246429,2,2,3,0,2,4,19,14,0,0,0,2,9,9,226,1,0,0,0,0,0,0,9,9,1999,1,2,2,2,2,0,0,1,1,2,2,1,3,5,3,0,0,1,1,1,1,1,0,0,0,0,1,0,1,2,2,1,2,2,2,2,2,1,2,2,2,2,1,1,2,1,1,1,1,9,1,2,9,1,0,0,0,0,0,0,0,0,0,2,9,1,0,1,0,0,0,0,0,1,1,2,2,2,1,1,9,9,9,9,9,9,0,0,2.0,1,1,1,2,1,1,1,1,2,0,1,1,6,1,2,2,2,2,1,1,1
8443575,UTTARAKHAND,CHAMOLI,POKHARI,1,,,Tamundi,Tamundi,Pokhari,4,3,6,8,1,246473,2,2,3,0,2,4,0,0,0,0,0,2,9,9,230,1,0,0,0,0,0,0,9,9,2005,1,2,2,2,2,0,0,1,3,1,1,5,3,2,3,0,0,1,1,1,1,1,0,0,0,0,0,0,1,2,2,1,2,2,2,2,2,1,2,2,2,2,1,1,2,1,1,1,1,9,1,1,2,1,0,0,0,0,0,0,0,0,0,2,9,0,0,1,0,0,0,0,0,0,1,2,3,2,1,1,9,9,9,9,9,9,7,7,1.0,1,1,1,2,1,1,2,1,2,0,1,1,2,1,1,2,2,1,1,1,1
2121748,UTTARAKHAND,CHAMOLI,THARALI,1,,,Ratgaon Chak,Ratgaon,Tharali,5,3,6,12,1,246481,2,2,3,0,2,4,19,0,0,2,2,2,9,9,204,1,0,0,0,0,0,0,9,9,1989,1,2,2,2,1,2,0,1,3,12,6,7,12,12,5,7,0,2,2,2,1,1,0,0,0,0,0,0,1,2,2,1,1,2,2,2,2,1,1,2,2,2,1,1,2,1,1,1,1,9,1,1,1,1,2,2,2,4,4,2,4,4,2,2,9,0,0,8,0,0,0,1,1,2,1,2,3,2,2,1,2,2,9,9,2,2,146,0,1.0,1,1,2,2,1,1,1,1,1,82,1,1,1,1,1,2,2,1,1,1,1
5625782,UTTARAKHAND,CHAMOLI,DASHOLI,1,,,Durmi,Durmi,Dasholi,7,3,6,10,1,246424,2,2,3,0,2,4,14,19,0,2,0,2,9,9,230,1,0,0,0,0,0,0,9,9,2006,1,2,2,2,1,2,0,1,3,2,2,2,5,1,5,0,0,1,1,1,1,1,0,0,0,0,0,0,1,2,2,1,2,2,2,2,2,1,2,2,2,2,1,1,2,1,1,2,1,9,1,1,1,1,0,0,0,0,0,0,0,0,0,2,9,0,0,3,0,0,0,0,0,1,1,2,3,2,1,1,2,2,9,9,2,9,0,0,1.0,1,2,2,2,1,1,1,1,2,0,1,1,2,1,1,2,3,1,1,1,1
4151851,UTTARAKHAND,CHAMOLI,NANDANAGAR,1,,,Sung,Sung,Ghat,7,3,6,10,1,246435,2,2,3,0,2,4,19,0,0,2,0,2,9,9,227,1,0,0,0,0,0,0,9,9,1991,1,2,2,2,1,4,0,1,3,2,2,7,6,6,0,3,3,1,2,2,2,2,0,0,0,0,2,0,1,2,2,1,2,2,2,2,2,1,2,2,2,2,1,1,2,1,1,1,1,9,1,2,9,2,0,0,0,0,0,0,0,0,0,2,9,0,0,4,0,0,0,1,1,1,1,2,3,2,1,1,2,2,9,9,2,9,101,0,1.0,1,1,1,2,1,1,1,1,1,50,1,1,1,1,1,2,2,1,1,1,1
9720014,UTTARAKHAND,CHAMOLI,DEWAL,1,,,Melkhet,Mel Khet,Dewal,1,3,1,5,1,246427,2,2,3,0,2,4,19,14,18,0,0,2,2,2,0,1,0,0,0,0,1,0,9,9,2007,1,2,9,2,1,0,0,1,3,1,1,2,2,3,2,0,0,1,1,1,1,1,0,0,0,0,0,0,1,2,2,1,2,2,2,2,2,1,2,2,2,2,1,1,2,1,2,2,1,9,1,1,1,1,0,0,0,0,0,0,0,0,0,2,9,0,1,0,0,0,0,0,0,0,2,2,3,2,1,1,9,9,2,9,9,9,0,0,2.0,1,1,1,2,1,1,1,1,9,0,1,2,2,1,1,2,2,2,1,1,2
2242928,UTTARAKHAND,CHAMOLI,NANDANAGAR,1,,,Sema,Sema,Ghat,1,3,1,5,1,246449,2,2,3,0,2,4,19,14,0,0,0,1,2,2,223,1,0,0,0,0,0,0,9,9,1999,1,2,9,2,1,3,16,1,3,1,1,1,2,1,0,0,2,1,2,2,1,1,0,0,0,0,0,0,1,2,2,1,2,2,2,2,2,1,2,2,2,2,1,1,2,1,1,2,1,9,1,2,9,1,0,0,0,0,0,0,0,0,0,2,9,0,3,4,0,0,0,0,0,1,1,1,1,2,1,1,9,9,2,9,9,9,16,16,1.0,1,1,1,2,1,1,1,1,9,0,1,1,1,1,1,2,2,2,1,1,1
8440012,UTTARAKHAND,CHAMOLI,POKHARI,1,,,Rauta,Routa,Pokhari,1,3,1,5,1,246473,2,2,3,0,2,4,19,14,0,0,0,1,2,2,226,1,0,1,0,0,0,0,9,9,2006,1,2,9,2,1,8,2,1,3,2,2,1,2,1,0,2,0,1,1,1,1,1,0,0,0,0,0,0,1,2,2,1,2,2,2,2,2,1,2,2,2,1,1,1,2,1,1,1,1,9,1,1,1,2,0,0,0,0,0,0,0,0,0,2,9,0,1,1,0,0,0,0,0,0,1,2,3,2,1,1,9,9,2,9,9,9,0,0,2.0,1,1,1,2,1,1,1,1,9,0,1,1,2,1,1,2,2,1,1,1,1
8409152,UTTARAKHAND,CHAMOLI,THARALI,1,,,Vijaypur,Sera Vijaypur,Tharali,1,3,1,5,1,246482,2,2,3,0,2,4,19,0,0,0,0,1,2,1,219,1,0,0,0,0,2,0,9,9,1982,1,2,9,2,2,0,2,1,3,1,1,5,2,1,0,0,2,1,1,1,1,1,0,0,0,0,0,0,1,2,2,1,2,2,2,2,2,1,2,2,2,2,1,1,2,1,1,1,1,9,1,1,1,1,0,0,0,0,0,0,0,0,0,2,9,0,2,1,0,0,0,0,0,0,1,2,3,2,2,1,9,9,2,9,9,9,12,0,1.0,1,1,1,2,1,1,1,1,9,0,1,1,2,1,1,2,2,1,1,1,1
5000058,UTTARAKHAND,CHAMOLI,POKHARI,1,,,Khanni,Khanni,Pokhari,1,3,1,5,1,246473,2,2,3,0,2,4,19,0,0,0,0,2,2,1,232,1,0,0,0,0,1,0,9,9,1999,1,2,9,2,2,0,0,1,3,1,1,3,2,1,2,0,0,1,1,1,1,1,0,0,0,0,0,0,1,2,2,1,2,2,2,2,2,1,2,2,2,1,1,1,2,1,1,1,1,9,1,1,1,1,0,0,0,0,0,0,0,0,0,2,9,0,2,1,0,0,0,1,0,0,1,1,3,2,1,1,9,9,2,9,9,9,9,0,1.0,1,1,1,2,1,1,1,1,9,0,1,1,2,1,1,2,2,1,1,1,1
7942658,UTTARAKHAND,CHAMOLI,THARALI,1,,,Sunaun,Sunau Malla,Tharali,1,3,1,5,1,246481,2,2,3,0,2,4,19,14,0,0,0,1,2,1,222,1,0,0,0,0,1,0,9,9,1922,1,2,9,2,2,0,0,1,3,1,1,2,2,1,0,2,0,1,1,1,1,1,0,0,0,0,0,0,1,2,2,1,2,2,2,2,2,1,2,2,2,2,1,1,2,1,1,1,1,9,1,1,1,1,0,0,0,0,0,0,0,0,0,2,9,0,1,1,0,0,0,0,0,0,1,2,3,2,1,1,9,9,2,9,9,9,0,0,1.0,1,2,1,2,1,1,1,1,9,0,1,1,5,1,1,2,2,1,1,1,1
3397100,UTTARAKHAND,CHAMOLI,KARANPRAYAG,1,,,Gunad Sera,Sera Gad,Karnaprayag,1,3,1,5,1,246444,2,2,3,0,2,4,19,14,0,0,0,2,2,2,233,1,0,0,0,0,0,0,9,9,1964,1,2,9,2,1,1,3,1,3,1,1,5,2,1,2,0,0,1,1,1,1,1,0,0,0,0,1,1,1,2,2,1,2,2,2,2,2,1,2,2,2,2,1,1,2,1,1,1,1,9,1,1,1,1,0,0,0,0,0,0,0,0,0,2,9,0,1,0,0,0,0,0,0,0,1,2,3,2,1,1,9,9,2,9,9,9,0,0,2.0,1,1,1,2,1,1,1,1,9,0,1,1,2,1,1,2,2,1,1,1,1
8874420,UTTARAKHAND,CHAMOLI,DEHRADUN REGION,2,Joshimath-Municipality,Joshimath (MB) - Sunil Ward No.7,,,,3,3,1,12,92,246443,2,2,3,0,2,19,4,0,0,1,1,1,2,2,221,1,0,0,8,9,14,10,9,9,1988,1,1,2,2,1,1,0,1,3,1,1,3,15,13,15,0,0,1,3,3,3,3,1,1,0,0,6,6,1,2,2,1,2,2,2,2,2,1,2,2,2,2,1,1,2,1,2,1,1,9,1,1,1,1,1,1,1,1,4,4,4,4,1,1,1,1,5,52,50,0,0,15,8,5,1,1,3,1,2,1,1,2,2,9,2,2,494,494,1.0,1,1,2,1,1,1,1,1,1,120,1,2,1,1,1,1,2,1,1,1,2
9389443,UTTARAKHAND,CHAMOLI,KARANPRAYAG,1,,,Sunali,Sunali,Karnaprayag,1,3,1,5,1,246449,2,2,3,0,2,4,19,14,0,0,0,1,2,1,230,1,0,0,0,0,2,2,9,9,1985,1,2,9,2,2,0,10,1,3,1,1,1,2,1,2,0,0,1,1,1,1,1,0,0,0,0,0,0,1,2,2,1,2,2,2,2,2,1,2,2,2,2,1,1,2,1,1,1,1,9,1,1,2,1,0,0,0,0,0,0,0,0,0,2,9,0,1,1,0,0,0,0,0,0,1,2,3,2,1,1,9,9,2,9,9,9,26,0,1.0,1,1,1,2,1,1,1,1,9,0,1,1,1,1,1,2,2,1,1,1,1
3254104,UTTARAKHAND,CHAMOLI,KARANPRAYAG,1,,,Jakh,Jakh,Karnaprayag,1,3,1,5,1,246444,2,2,3,0,2,4,0,0,0,0,0,1,2,2,230,1,0,0,0,0,1,4,9,9,1903,1,2,9,2,2,0,15,1,3,1,1,2,2,2,1,1,0,1,1,1,1,1,0,0,0,0,0,0,1,2,2,1,2,2,2,2,2,1,2,2,2,2,1,1,2,1,1,1,1,9,1,1,1,1,0,0,0,0,0,0,0,0,0,2,9,0,0,1,0,0,0,0,0,1,1,2,3,2,1,1,9,9,2,9,9,9,0,0,1.0,1,1,1,2,1,1,1,1,9,0,1,1,2,1,1,2,2,1,1,1,1
7747536,UTTARAKHAND,CHAMOLI,Jyotirmath,2,Joshimath-Municipality,Joshimath (MB) - Uper Bazaar-Daando Ward No.6,,,,1,3,1,5,5,246443,2,2,3,0,2,4,14,19,0,0,0,2,2,9,228,1,2,2,1,1,1,1,9,9,1972,9,2,9,2,9,0,0,9,1,2,2,1,8,8,8,0,0,1,2,2,2,2,0,0,0,0,2,2,1,2,2,1,2,2,2,2,2,1,2,2,2,2,1,1,2,1,1,2,2,1,1,2,9,1,0,0,0,0,0,0,0,0,0,2,9,0,0,1,0,0,0,0,0,1,1,2,3,2,2,2,9,9,2,9,9,9,0,0,,1,1,2,1,1,1,1,1,9,0,2,2,5,1,2,2,2,2,1,1,1
1956564,UTTARAKHAND,CHAMOLI,GAIRSAIN,1,,,Silanga/Silangi,Silanga,Gairsain,1,3,1,5,1,246431,2,2,3,0,2,4,19,14,0,0,0,2,2,2,226,1,0,0,0,0,0,0,9,9,1976,1,2,9,2,1,0,2,1,3,1,1,2,2,1,2,0,0,1,1,1,1,1,0,0,0,0,0,0,1,2,2,1,2,2,2,2,2,1,2,2,2,1,1,1,2,1,1,1,1,9,1,1,1,1,0,0,0,0,0,0,0,0,0,2,9,0,1,1,0,0,0,0,0,0,1,2,3,2,1,1,9,9,2,9,9,9,0,0,1.0,1,1,1,2,1,1,1,1,9,0,1,1,5,1,1,2,2,1,1,1,1
9821694,UTTARAKHAND,CHAMOLI,KARANPRAYAG,2,Karnaprayag-Municipality,Karnaprayag (NP) -Gaandhinagar Ward No.1,,,,1,3,1,5,1,246444,2,2,3,0,2,4,19,14,0,0,0,1,2,2,230,1,0,0,0,0,0,1,9,9,1980,1,2,9,2,2,0,7,1,3,1,0,1,2,1,0,0,2,1,1,1,1,1,0,0,0,0,1,1,1,2,2,1,2,2,2,2,2,1,2,2,2,2,1,1,2,1,1,1,1,9,1,1,2,1,0,0,0,0,0,0,0,0,0,2,9,0,2,1,0,0,0,0,0,0,1,2,1,2,2,1,9,9,2,9,9,9,28,0,1.0,1,1,1,2,1,1,1,1,9,0,1,1,1,1,1,2,2,1,1,1,1
3867568,UTTARAKHAND,CHAMOLI,NANDANAGAR,1,,,Kanol,Kanol,Ghat,1,3,1,5,1,246435,2,2,3,0,2,4,19,14,0,0,0,2,2,2,222,1,0,0,0,0,0,5,9,9,1942,1,2,9,2,2,0,0,2,3,1,0,1,2,1,1,0,1,1,1,0,1,1,0,0,0,0,0,0,1,2,2,1,2,2,2,2,2,1,2,2,2,2,1,1,1,1,1,1,1,9,1,1,1,1,0,0,0,0,0,0,0,0,0,1,2,0,1,1,0,0,0,0,0,0,2,2,3,2,1,1,9,9,2,9,9,9,0,0,1.0,1,1,1,2,1,1,1,1,9,0,1,1,1,1,1,2,2,2,1,1,1
7285769,UTTARAKHAND,CHAMOLI,POKHARI,1,,,Valli,Valli,Pokhari,4,3,6,8,1,246473,2,2,3,0,2,4,19,0,0,0,0,2,9,9,232,1,0,0,0,0,0,0,9,9,2007,2,2,2,2,2,0,0,1,3,1,1,2,3,2,3,0,0,1,2,2,1,1,0,0,1,1,0,0,1,2,2,1,2,2,2,2,2,1,2,2,2,2,1,1,2,1,1,1,2,1,1,1,1,1,0,0,0,0,0,0,0,0,0,2,9,0,0,3,0,0,0,0,2,2,1,2,3,2,1,1,9,9,9,9,9,9,44,0,1.0,1,1,1,2,1,1,1,1,1,24,1,1,2,1,1,2,2,1,1,1,1
2677012,UTTARAKHAND,CHAMOLI,THARALI,1,,,Main,Main,Tharali,4,3,6,8,1,246481,2,2,3,0,2,4,0,0,0,0,0,1,9,9,228,1,0,0,0,0,0,0,9,9,1994,1,2,2,2,2,0,0,1,3,1,1,2,3,2,0,3,0,1,1,0,1,1,0,0,0,0,0,0,1,2,2,1,2,2,2,2,2,1,2,2,2,1,1,1,2,1,1,1,1,9,1,1,2,2,0,0,0,0,0,0,0,0,0,2,9,0,0,3,0,0,0,0,0,1,1,2,3,2,1,1,9,9,9,9,9,9,11,0,1.0,1,2,1,2,1,1,1,1,2,0,1,1,2,1,1,2,2,1,1,1,1
4054814,UTTARAKHAND,CHAMOLI,KARANPRAYAG,2,Karnaprayag-Municipality,Karnaprayag (NP) - Uper Bazaar Ward No.7,,,,2,3,1,8,5,246444,2,2,3,0,2,4,19,0,0,0,0,1,1,9,220,1,12,6,2,1,0,0,9,9,1992,9,2,2,2,9,0,0,9,2,1,1,4,12,5,12,0,0,1,1,1,1,1,0,0,0,0,1,1,1,2,2,1,2,2,2,2,2,1,2,2,2,2,1,1,2,1,1,1,1,9,1,2,9,1,0,0,0,0,0,0,0,0,0,1,9,1,0,10,0,1,0,0,1,1,1,2,3,2,1,2,9,9,2,9,9,9,0,0,,1,1,1,1,1,1,1,1,2,0,1,1,2,1,1,2,2,2,1,1,1
4284851,UTTARAKHAND,CHAMOLI,NARAYANBAGAR,1,,,Nalgaon Sirgur,Nal Gaon,Narayanbagar,7,3,6,10,1,246453,2,2,3,0,2,4,19,14,0,2,0,1,9,9,234,1,0,0,0,0,0,0,9,9,1986,1,2,2,2,1,5,6,1,3,1,1,5,5,5,0,5,0,1,1,1,2,2,0,0,0,0,2,0,1,2,2,1,2,2,2,2,2,1,2,2,2,2,1,1,1,1,1,1,1,9,1,1,1,1,0,0,0,0,0,0,0,0,0,1,1,0,0,5,0,0,0,0,0,1,1,2,3,2,1,1,2,2,9,9,2,9,30,0,1.0,1,1,1,2,1,1,1,1,2,0,1,1,6,1,1,2,3,1,1,1,2
5689455,UTTARAKHAND,CHAMOLI,KARANPRAYAG,1,,,Umrakot Urf Baidanu,Umrakot (Baidana),Karnaprayag,7,3,6,10,1,246443,2,2,3,0,2,4,0,0,0,2,0,1,9,9,226,1,0,0,0,0,0,0,9,9,1990,1,2,2,2,1,4,0,1,3,5,5,2,5,4,2,1,2,1,2,2,2,2,0,0,0,0,0,0,1,2,2,1,2,2,2,2,2,1,2,2,2,2,1,1,2,1,1,1,1,9,1,2,9,1,0,0,0,0,0,0,0,0,0,2,9,0,0,6,0,0,0,0,0,2,1,1,3,2,1,1,2,2,9,9,2,9,19,0,1.0,1,1,1,2,1,1,1,1,1,9,1,1,2,1,1,2,2,1,1,1,1
7959420,UTTARAKHAND,CHAMOLI,THARALI,1,,,Gwaldam State,Gwaldam,Tharali,4,3,6,8,5,246441,2,2,3,0,2,4,19,0,0,0,0,1,9,9,228,1,0,0,0,0,0,0,9,9,1986,9,2,2,2,9,0,0,9,1,1,1,1,6,3,6,0,0,1,1,1,1,1,0,0,0,0,0,0,1,2,2,1,2,2,2,2,2,1,2,2,2,2,1,1,2,1,1,1,1,9,1,1,2,1,0,0,0,0,0,0,0,0,0,2,9,0,0,3,0,0,0,0,0,1,1,2,3,2,1,2,9,9,9,9,9,9,0,0,,1,1,1,1,1,1,1,1,2,0,1,1,1,1,2,1,1,2,1,1,1
6749423,UTTARAKHAND,CHAMOLI,GAIRSAIN,1,,,Rohira,Rohida,Gairsain,1,3,1,5,5,246428,2,2,3,0,2,4,19,14,0,0,0,1,2,9,228,1,0,0,0,0,0,0,9,9,2023,9,2,9,2,9,0,0,9,1,4,1,1,5,6,5,0,0,1,2,2,2,2,0,0,0,0,0,0,1,2,2,1,2,2,2,2,2,1,2,2,2,1,1,1,1,1,1,1,1,9,1,1,1,1,0,0,0,0,0,0,0,0,0,1,9,0,0,1,0,0,0,0,0,1,1,1,3,2,2,1,9,9,2,9,9,9,0,0,,1,1,2,1,1,1,1,1,9,0,1,1,1,1,1,1,1,1,1,1,1
1510896,UTTARAKHAND,CHAMOLI,NANDANAGAR,1,,,Kumartoli,Kumjug,Ghat,6,3,1,10,5,246435,2,2,3,0,2,19,4,0,0,2,0,2,1,9,12,1,11,11,1,0,0,0,9,9,2001,9,2,2,2,9,0,0,9,1,3,1,1,15,27,15,0,0,1,8,8,8,8,2,2,0,0,2,2,1,2,2,1,2,2,2,2,2,1,2,2,2,1,1,1,2,1,1,1,1,9,1,1,2,1,0,0,0,0,0,0,0,0,0,1,9,0,0,3,50,0,0,0,0,0,1,1,1,1,1,1,2,2,2,9,2,9,0,0,,1,1,1,1,1,1,1,1,1,0,1,2,1,1,1,1,1,1,1,1,1
2746066,UTTARAKHAND,CHAMOLI,NANDANAGAR,1,,,Pairi,Peri,Ghat,1,3,1,5,1,246435,2,2,3,0,2,4,0,0,0,0,0,1,2,2,224,1,0,0,0,0,0,0,9,9,2005,1,2,9,2,1,3,2,1,3,1,1,1,2,1,2,0,0,1,1,1,1,1,1,1,0,0,0,0,1,2,2,1,2,2,2,2,2,1,2,2,2,2,1,1,2,1,1,1,1,9,1,2,9,1,0,0,0,0,0,0,0,0,0,2,9,0,2,1,0,0,0,0,0,0,1,1,3,2,1,1,9,9,2,9,9,9,0,0,1.0,1,1,1,2,1,1,1,1,9,0,1,1,2,1,1,2,2,2,1,1,1
3981966,UTTARAKHAND,CHAMOLI,GAIRSAIN,1,,,Jhuma Khet Talla,Jhumakhet,Gairsain,1,3,1,5,1,246486,2,2,3,0,2,4,19,14,0,0,0,1,2,2,0,1,0,0,0,0,0,0,9,9,2007,1,2,9,2,1,6,0,1,3,1,1,5,2,1,1,0,1,1,1,1,1,1,0,0,0,0,0,0,1,2,2,1,2,2,2,2,2,1,2,2,2,2,1,1,2,1,2,1,1,9,1,1,1,1,0,0,0,0,0,0,0,0,0,2,9,0,1,1,0,0,0,0,0,0,1,1,3,2,1,1,9,9,2,9,9,9,0,0,1.0,1,1,1,2,1,1,1,1,9,0,1,1,1,1,1,2,2,1,1,1,1
2717162,UTTARAKHAND,CHAMOLI,NARAYANBAGAR,1,,,Kei Painti,Kein Penti,Narayanbagar,1,3,1,5,1,246455,2,2,3,0,2,4,19,14,0,0,0,2,2,1,224,1,0,0,0,0,0,1,9,9,1948,1,2,9,2,2,0,4,1,3,1,0,2,1,3,1,0,0,1,1,1,1,1,0,0,0,0,0,0,1,2,2,1,2,2,2,2,2,1,2,2,2,2,1,1,2,1,1,1,2,1,1,1,1,3,0,0,0,0,0,0,0,0,0,2,9,0,1,0,0,0,0,0,0,0,1,2,3,2,1,1,9,9,2,9,9,9,10,10,1.0,1,1,1,2,1,1,1,1,9,0,1,1,6,1,2,2,2,1,1,1,2
8089344,UTTARAKHAND,CHAMOLI,THARALI,1,,,Gwaldam State,Gwaldam,Tharali,1,3,1,5,5,246441,2,2,3,0,2,4,19,14,0,0,0,1,1,9,227,1,14,17,1,1,1,1,9,9,1983,9,2,9,2,9,0,0,9,1,1,1,1,8,3,8,0,0,1,3,3,2,2,0,0,0,0,0,0,1,2,2,1,2,2,2,2,2,1,2,2,2,2,1,1,2,1,1,1,1,9,1,1,1,1,0,0,0,0,0,0,0,0,0,2,9,0,0,3,0,0,0,0,0,1,1,2,3,2,2,2,9,9,2,9,9,9,0,0,,1,1,1,1,1,1,1,1,9,0,1,1,1,1,1,1,1,2,1,1,1
6399550,UTTARAKHAND,CHAMOLI,GAIRSAIN,1,,,Dhamkar,Dhamkar,Gairsain,1,3,1,5,1,246440,2,2,3,0,2,4,0,0,0,0,0,1,2,1,227,1,0,0,0,0,0,1,9,9,1991,1,2,9,2,1,11,3,1,3,1,1,3,3,0,3,0,0,2,1,1,1,1,0,0,0,0,0,0,1,2,2,1,2,2,2,2,2,1,2,2,2,1,1,1,2,1,2,1,1,9,1,1,1,1,0,0,0,0,0,0,0,0,0,2,9,0,1,1,0,0,0,0,0,0,1,2,3,2,1,1,9,9,2,9,9,9,0,0,1.0,1,1,2,2,1,1,2,1,9,0,1,1,2,1,1,2,2,1,1,1,1
2144909,UTTARAKHAND,CHAMOLI,THARALI,1,,,Ratgaon Goonth,Ratgaon,Tharali,1,3,1,5,1,246481,2,2,3,0,2,4,0,0,0,0,0,2,2,1,224,1,0,0,0,0,0,0,9,9,1949,1,2,9,2,2,0,4,1,3,1,1,1,2,1,1,1,0,1,2,2,1,1,0,0,0,0,0,0,1,2,2,1,2,2,2,2,2,1,2,2,2,1,1,1,2,1,1,1,1,9,1,1,1,2,0,0,0,0,0,0,0,0,0,2,9,0,2,11,0,0,0,0,0,0,1,2,3,2,1,1,9,9,2,9,9,9,0,0,1.0,1,1,1,2,1,1,1,1,9,0,1,1,2,1,1,2,2,1,1,1,1
1562926,UTTARAKHAND,CHAMOLI,POKHARI,1,,,Dungar,Dungar,Pokhari,1,3,1,5,1,246473,2,2,3,0,2,4,19,14,0,0,0,2,2,2,228,1,0,1,0,0,0,1,9,9,1983,1,2,9,2,2,0,0,1,3,1,1,5,2,1,0,0,2,1,1,1,1,1,0,0,0,0,0,0,1,2,2,1,2,2,2,2,2,1,2,2,2,2,1,1,2,1,1,1,1,9,1,1,1,2,0,0,0,0,0,0,0,0,0,2,9,0,2,1,0,0,0,0,0,0,1,2,3,2,2,1,9,9,2,9,9,9,0,0,1.0,1,1,1,2,1,1,1,1,9,0,1,1,2,1,1,2,2,2,1,1,1
6636658,UTTARAKHAND,CHAMOLI,NANDANAGAR,1,,,Pagna,Pagna,Ghat,1,3,1,5,1,246449,2,2,3,0,2,4,19,14,0,0,0,1,2,2,225,1,0,0,0,0,0,0,9,9,1946,1,2,9,2,1,1,27,1,3,1,0,2,3,1,0,0,3,1,1,0,1,1,0,0,0,0,1,0,1,2,2,1,2,2,2,2,2,1,2,2,2,2,1,1,1,1,1,1,1,9,1,1,1,1,0,0,0,0,0,0,0,0,0,2,9,0,2,1,0,0,0,0,0,1,1,2,3,2,2,1,9,9,2,9,9,9,62,62,1.0,1,1,1,2,1,1,1,1,9,0,1,1,3,1,1,2,2,1,1,1,1
8153338,UTTARAKHAND,CHAMOLI,NARAYANBAGAR,1,,,Maroda,Maroda,Narayanbagar,1,3,1,5,1,246444,2,2,3,0,2,4,19,14,0,0,0,2,2,1,226,1,0,0,0,0,0,0,9,9,1995,1,2,9,2,2,0,2,1,3,1,1,2,2,2,2,0,0,1,1,1,1,1,0,0,0,0,0,0,1,2,2,1,2,2,2,2,2,1,2,2,2,2,1,1,2,1,1,1,1,9,1,1,1,2,0,0,0,0,0,0,0,0,0,2,9,0,1,1,0,0,0,0,0,0,1,2,3,2,2,1,9,9,2,9,9,9,0,0,1.0,1,1,1,2,1,1,1,1,9,0,1,1,6,1,1,2,2,1,1,1,2
8440848,UTTARAKHAND,CHAMOLI,KARANPRAYAG,1,,,Baskwali,Baskwali,Karnaprayag,1,3,1,5,1,246474,2,2,3,0,2,4,19,0,0,0,0,2,2,2,222,1,0,0,0,0,0,0,9,9,1970,1,2,9,2,1,11,0,1,3,1,1,5,1,0,1,0,0,2,1,0,1,1,0,0,0,0,0,0,1,2,2,1,2,2,2,2,2,1,2,2,2,2,1,1,2,1,1,1,1,9,1,1,1,1,0,0,0,0,0,0,0,0,0,2,9,0,2,1,0,0,0,1,0,0,1,2,2,2,1,1,9,9,2,9,9,9,10,10,1.0,1,1,1,2,1,1,1,1,9,0,1,1,1,1,1,2,2,1,1,1,1
7502883,UTTARAKHAND,CHAMOLI,DEWAL,1,,,Hat Kalyani,Hat Kalyani,Dewal,1,3,1,5,1,246427,2,2,3,0,2,4,19,14,0,0,0,2,2,1,224,1,0,0,0,0,0,2,9,9,1994,2,2,9,2,1,0,0,1,3,1,1,5,2,3,1,1,0,1,0,0,1,1,0,0,0,0,0,0,1,2,2,1,2,2,2,2,2,1,2,2,2,2,1,1,1,1,1,1,1,9,1,1,1,1,0,0,0,0,0,0,0,0,0,2,9,0,2,0,0,0,0,0,0,0,1,2,3,2,1,1,9,9,2,9,9,9,0,0,1.0,1,1,1,2,1,2,1,1,9,0,1,2,5,1,2,2,2,1,1,2,2
1994896,UTTARAKHAND,CHAMOLI,GAIRSAIN,1,,,Parawari,Parwari,Gairsain,1,3,1,5,1,246428,2,2,3,0,2,4,19,14,0,0,0,2,2,2,0,1,0,0,0,0,1,0,9,9,1978,1,2,9,2,2,0,0,1,3,1,1,2,2,3,2,0,0,1,1,1,1,1,0,0,0,0,0,0,1,2,2,1,2,2,2,2,2,1,2,2,2,2,1,1,2,1,1,1,1,9,1,1,1,1,0,0,0,0,0,0,0,0,0,2,9,0,2,1,0,0,0,0,0,0,1,2,3,2,1,1,9,9,2,9,9,9,19,19,1.0,1,1,1,2,1,1,1,1,9,0,1,1,2,1,1,2,2,1,1,1,1
1187959,UTTARAKHAND,CHAMOLI,DEWAL,1,,,Vaan,Van,Dewal,1,3,1,5,1,246427,2,2,3,0,2,4,19,0,0,0,0,2,2,2,0,1,0,0,0,0,1,1,9,9,1986,1,2,9,2,2,0,0,1,3,1,1,2,3,3,3,0,0,1,1,1,1,1,0,0,0,0,0,0,1,2,2,1,2,2,2,2,2,1,2,2,2,2,1,1,3,1,1,1,2,1,1,1,1,2,0,0,0,0,0,0,0,0,0,1,2,0,1,1,0,0,0,0,0,0,1,2,3,2,1,1,9,9,2,9,9,9,0,0,1.0,1,1,1,2,1,1,1,1,9,0,1,2,1,1,1,2,2,1,1,1,1
2466565,UTTARAKHAND,CHAMOLI,NANDANAGAR,1,,,Banswara,Banswada,Ghat,1,3,1,5,1,246449,2,2,3,0,2,4,19,14,0,0,0,1,2,1,228,1,0,0,0,0,0,0,9,9,1992,2,2,9,2,2,0,0,1,3,1,1,2,1,0,1,0,0,2,1,1,1,1,0,0,0,0,1,0,1,2,2,1,2,2,2,2,2,1,2,2,2,2,1,1,1,1,1,1,1,9,1,1,1,1,0,0,0,0,0,0,0,0,0,2,9,0,2,1,0,0,0,0,0,0,1,2,3,2,1,1,9,9,2,9,9,9,0,0,1.0,1,1,1,2,1,1,1,1,9,0,1,1,2,1,1,2,2,2,1,1,1
8709546,UTTARAKHAND,CHAMOLI,POKHARI,1,,,Girsa,Girasa,Pokhari,1,3,1,5,1,246473,2,2,3,0,2,4,0,0,0,0,0,2,2,1,232,1,0,0,0,0,0,0,9,9,1988,1,2,9,2,1,4,1,1,3,1,0,5,2,1,2,0,0,1,1,1,1,1,0,0,0,0,0,0,1,2,2,1,2,2,2,2,2,1,2,2,2,1,1,1,2,1,1,1,1,9,1,1,1,1,0,0,0,0,0,0,0,0,0,2,9,0,2,1,0,0,0,0,0,0,1,2,3,2,1,1,9,9,2,9,9,9,2,2,1.0,1,1,1,2,1,1,1,1,9,0,1,1,5,1,1,2,2,1,1,1,1
8694733,UTTARAKHAND,CHAMOLI,POKHARI,2,POKHRI-Town Panchayat,Pokhri (NP) -Vishaal Ward No. 5,,,,1,3,1,5,1,246473,2,2,3,0,2,4,0,0,0,0,0,2,2,1,230,1,0,0,0,0,3,1,9,9,1989,1,2,9,2,2,0,0,1,3,1,1,1,3,1,3,0,0,1,1,1,1,1,0,0,0,0,0,0,1,2,2,1,2,2,2,2,2,1,2,2,2,2,1,1,2,1,1,1,1,9,1,1,1,1,0,0,0,0,0,0,0,0,0,2,9,0,2,0,0,0,0,0,0,0,1,2,3,2,1,1,9,9,2,9,9,9,0,0,1.0,1,1,1,2,1,1,1,1,9,0,1,2,2,1,1,2,2,1,1,1,1
1959556,UTTARAKHAND,CHAMOLI,POKHARI,1,,,Dhamak,Dhamak,Pokhari,1,3,1,5,1,246473,2,2,3,0,2,4,0,0,0,0,0,2,2,1,228,1,0,0,0,0,0,1,9,9,2002,1,2,9,2,2,0,0,1,3,1,1,1,2,1,2,0,0,1,2,2,1,1,0,0,0,0,0,0,1,2,2,1,2,2,2,2,2,1,2,2,2,2,1,1,3,1,1,1,1,9,1,1,1,1,0,0,0,0,0,0,0,0,0,2,9,0,1,1,0,0,0,0,0,0,1,2,3,2,1,1,9,9,2,9,9,9,0,0,1.0,1,1,1,2,1,1,1,1,9,0,1,1,2,1,1,2,2,2,1,1,1
7535241,UTTARAKHAND,CHAMOLI,GAIRSAIN,1,,,Lam Bagar,Lambagar,Gairsain,1,3,1,5,1,246486,2,2,3,0,2,4,19,14,0,0,0,2,2,2,227,1,0,0,0,0,0,0,9,9,1976,1,2,9,2,2,0,0,1,3,1,1,5,2,1,0,2,0,1,1,1,1,1,0,0,0,0,0,0,1,2,2,1,2,2,2,2,2,1,2,2,2,2,1,1,2,1,1,1,1,9,1,1,1,1,0,0,0,0,0,0,0,0,0,1,2,0,2,1,0,0,0,0,0,0,1,2,3,2,2,1,9,9,2,9,9,9,0,0,1.0,1,1,2,2,1,1,2,1,9,0,1,1,1,1,1,2,2,1,1,1,1
4846774,UTTARAKHAND,CHAMOLI,NARAYANBAGAR,1,,,Kimoli,Kimoli,Narayanbagar,1,3,1,5,1,246455,2,2,3,0,2,4,0,0,0,0,0,2,2,2,225,1,0,0,0,0,0,0,9,9,2006,1,2,9,2,2,0,3,1,3,1,1,5,2,1,2,0,0,1,1,1,1,1,0,0,0,0,0,0,1,2,2,1,2,2,2,2,2,1,2,2,2,2,1,1,2,1,1,2,1,9,1,1,1,1,0,0,0,0,0,0,0,0,0,2,9,0,1,1,0,0,0,0,0,0,1,2,3,2,1,1,9,9,2,9,9,9,18,0,1.0,1,1,1,2,1,1,1,1,9,0,1,2,6,1,1,2,2,1,1,1,2
1947871,UTTARAKHAND,CHAMOLI,POKHARI,1,,,Rano,Ranau,Pokhari,1,3,1,5,1,246429,2,2,3,0,2,4,0,0,0,0,0,1,2,2,235,1,0,0,0,0,0,0,9,9,1948,1,2,9,2,1,7,0,1,3,1,1,5,2,1,0,2,0,1,1,1,1,1,0,0,0,0,1,1,1,2,2,1,2,2,2,2,2,1,2,2,2,2,1,1,2,1,1,1,1,9,1,1,1,2,0,0,0,0,0,0,0,0,0,2,9,0,1,1,0,0,0,0,0,0,1,2,3,2,2,1,9,9,2,9,9,9,0,0,1.0,1,1,1,2,1,2,1,1,9,0,1,2,5,1,1,2,2,2,1,1,1
6188919,UTTARAKHAND,CHAMOLI,Jyotirmath,1,,,Pandukaswar,Pandukeshar,Joshimath,5,3,6,12,1,246443,2,2,3,0,2,4,19,14,0,2,2,1,9,9,0,1,0,0,0,0,0,0,9,9,1974,1,2,2,2,1,3,10,1,3,5,5,7,9,4,5,4,0,1,2,2,2,2,2,2,2,2,0,0,1,2,2,1,2,2,2,2,2,1,2,2,2,2,1,1,1,1,1,2,1,9,1,1,1,1,3,3,3,3,3,3,3,3,3,1,2,3,0,12,0,1,0,1,1,2,1,2,3,1,1,1,2,2,9,9,2,2,89,0,1.0,1,1,2,1,1,1,1,1,1,40,1,1,5,1,1,2,3,1,1,1,1
9285948,UTTARAKHAND,CHAMOLI,Jyotirmath,1,,,Bhalgaon,Bhalagaon,Joshimath,4,3,6,8,1,246443,2,2,3,0,2,4,19,14,0,0,0,2,9,9,227,1,0,0,0,0,0,0,9,9,2010,1,2,2,2,2,0,0,1,3,1,1,5,3,0,3,0,0,2,1,0,1,1,0,0,0,0,0,0,1,2,2,1,2,2,2,2,2,1,2,2,2,2,1,1,2,1,1,2,1,9,1,1,1,1,0,0,0,0,0,0,0,0,0,2,9,0,0,0,0,0,0,0,0,0,1,2,3,1,1,1,9,9,9,9,9,9,7,0,1.0,1,1,1,2,1,1,1,1,2,0,1,1,1,1,1,2,2,1,1,1,1
4213259,UTTARAKHAND,CHAMOLI,Jyotirmath,1,,,Pakhi,Pakhi,Joshimath,1,3,1,5,1,246472,2,2,3,0,2,4,19,14,0,0,0,2,2,2,223,1,0,0,0,0,0,0,9,9,2006,1,2,9,2,2,0,0,1,3,2,2,2,2,2,2,0,0,1,1,0,1,0,0,0,0,0,0,0,1,2,2,1,2,2,2,2,2,1,2,2,2,2,1,1,2,1,1,1,1,9,1,1,1,1,0,0,0,0,0,0,0,0,0,2,9,0,1,0,0,0,0,0,0,0,1,2,3,2,1,1,9,9,2,9,9,9,15,13,1.0,1,1,1,2,1,1,1,1,9,0,1,2,2,1,1,2,2,1,1,1,1
8055552,UTTARAKHAND,CHAMOLI,KARANPRAYAG,1,,,Duwa,Duwa,Karnaprayag,7,3,6,10,1,246429,2,2,3,0,2,4,0,0,0,2,0,2,9,9,0,1,0,0,0,0,0,0,9,9,1990,1,2,2,2,1,3,10,1,3,1,0,2,4,2,0,4,0,1,1,0,1,1,0,0,0,0,0,0,1,2,2,1,2,2,2,2,2,1,2,2,2,2,1,1,2,1,1,1,1,9,1,2,9,1,0,0,0,0,0,0,0,0,0,2,9,0,0,3,0,0,0,0,0,1,1,2,3,2,2,1,2,2,9,9,2,9,20,20,1.0,1,1,1,2,1,1,1,1,2,0,1,1,3,1,1,2,2,1,1,1,1
1624504,UTTARAKHAND,CHAMOLI,THARALI,1,,,Partha Chak Kuni,Kuni Partha,Tharali,5,3,6,12,1,246481,2,2,3,0,2,4,19,14,0,2,2,2,9,9,208,1,0,0,0,0,0,0,9,9,1994,1,2,2,2,1,3,0,1,3,2,1,2,5,5,5,0,0,2,1,1,2,2,0,0,0,0,0,0,1,2,2,1,2,2,2,2,2,1,2,2,2,1,1,1,1,1,1,1,1,9,1,1,2,1,3,3,3,3,3,3,3,3,3,1,1,1,0,7,0,0,0,1,1,2,1,2,3,2,1,1,2,2,9,9,2,2,50,76,1.0,1,1,2,2,1,1,1,1,1,92,1,1,2,1,1,2,2,1,1,1,1
9184139,UTTARAKHAND,CHAMOLI,GAIRSAIN,1,,,Haragarh,Hargarh,Gairsain,5,3,6,12,1,246431,2,2,3,0,2,4,0,0,0,2,2,1,9,9,209,1,0,0,0,0,0,0,9,9,1985,1,2,2,2,1,3,0,1,3,3,1,5,7,5,2,0,5,1,2,2,2,2,0,0,0,0,0,3,1,2,2,1,2,2,2,2,2,1,2,2,2,1,1,1,2,1,1,1,1,9,1,1,1,1,4,4,4,4,4,4,4,4,4,1,2,0,1,5,0,0,0,2,1,1,1,2,3,2,1,1,2,2,9,9,2,2,144,144,1.0,1,1,1,1,1,1,1,1,1,72,1,1,3,1,1,2,3,1,1,1,1
1162288,UTTARAKHAND,CHAMOLI,Jyotirmath,2,Joshimath-Municipality,Joshimath (MB) - Uper Bazaar-Daando Ward No.6,,,,5,1,6,12,1,246443,2,2,3,0,2,4,19,14,0,2,2,1,9,9,201,1,0,0,0,0,0,0,9,9,1957,1,2,2,1,1,2,25,1,3,3,1,2,8,5,0,0,8,1,3,3,0,0,0,0,0,0,1,0,1,2,2,1,2,2,2,2,2,1,2,2,2,2,1,1,1,1,1,2,1,9,1,1,1,1,2,2,2,4,4,4,4,4,4,1,1,0,0,7,0,0,0,1,1,1,1,1,3,1,1,1,1,2,9,9,2,2,59,0,1.0,1,1,1,1,1,1,1,1,9,0,1,1,3,1,2,2,2,1,1,1,1
2194448,UTTARAKHAND,CHAMOLI,NARAYANBAGAR,1,,,Chopata,Chopta,Narayanbagar,5,3,6,12,1,246453,2,2,3,0,2,4,19,14,0,2,2,2,9,9,205,1,0,0,0,0,0,0,9,9,1976,1,2,2,2,1,3,30,2,3,6,6,5,9,6,7,1,1,1,1,1,1,1,0,0,0,0,0,0,1,2,2,1,2,2,2,2,2,1,2,2,2,2,1,1,2,1,1,1,1,9,1,2,9,1,2,2,2,3,3,3,3,3,3,1,2,1,0,7,0,0,0,1,0,1,1,2,3,2,1,1,2,2,9,9,2,2,108,0,1.0,1,1,2,2,1,1,2,1,1,48,1,1,1,1,1,2,2,1,1,1,1
1301064,UTTARAKHAND,CHAMOLI,KARANPRAYAG,2,Gochar-Municipality,"Gochar (NP) - Banderkhand, Dronagiri Ward No.7",,,,2,3,1,8,5,246429,2,2,3,0,2,4,19,14,0,0,0,1,1,9,210,1,9,7,6,3,0,0,9,9,2009,9,2,2,2,9,0,0,9,1,2,1,1,17,17,13,4,0,1,3,3,2,2,0,0,0,0,0,0,1,2,2,1,2,2,1,2,2,1,2,2,1,2,1,1,2,1,1,1,1,9,1,2,9,1,0,0,0,0,0,0,0,0,0,1,9,13,0,10,0,0,1,1,0,1,1,2,3,2,1,2,9,9,2,9,9,9,0,0,,1,1,1,1,1,1,1,1,2,0,1,2,5,1,1,1,1,2,1,1,1
5948233,UTTARAKHAND,CHAMOLI,Jyotirmath,1,,,Ganai,Ganai,Joshimath,5,3,6,12,1,246472,2,2,3,0,2,4,19,14,0,2,2,2,9,9,224,1,0,0,0,0,0,0,9,9,1986,1,2,2,2,1,8,20,1,3,10,8,2,9,3,4,4,1,2,1,1,1,1,0,0,0,0,0,0,1,2,2,1,2,2,2,2,2,1,2,2,2,2,1,1,2,1,1,2,1,9,1,1,2,1,4,4,4,4,4,4,4,4,4,1,2,0,0,7,0,0,0,1,0,2,1,2,3,2,2,1,2,2,9,9,2,2,0,0,1.0,1,2,2,1,1,1,2,1,2,0,1,1,2,1,2,2,2,1,1,1,1
6177610,UTTARAKHAND,CHAMOLI,KARANPRAYAG,1,,,Tefna,Tefna,Karnaprayag,2,3,1,8,5,246449,2,2,3,0,2,4,0,0,0,0,0,2,1,9,0,1,5,2,0,1,1,0,9,9,2010,9,2,2,2,9,0,0,9,2,3,2,8,9,2,9,0,0,1,2,2,2,2,0,0,0,0,0,0,1,2,2,1,2,2,2,2,2,1,2,2,2,2,1,1,2,1,1,1,1,9,1,2,9,1,0,0,0,0,0,0,0,0,0,2,9,1,0,6,0,0,0,0,1,1,1,2,3,2,1,2,9,9,2,9,9,9,0,0,,1,1,1,1,1,1,1,1,2,0,1,2,1,1,1,2,2,2,1,1,1
8564460,UTTARAKHAND,CHAMOLI,Jyotirmath,1,,,Malari,Malari,Joshimath,1,3,1,5,1,246443,2,2,3,0,2,4,19,14,0,0,0,1,2,1,226,1,0,0,0,0,0,0,9,9,1961,1,2,9,2,2,0,0,1,3,1,1,2,3,1,0,2,1,1,1,1,2,2,0,0,0,0,0,0,1,2,2,1,2,2,2,2,2,1,2,2,2,2,1,1,2,1,1,1,2,2,1,1,1,1,0,0,0,0,0,0,0,0,0,2,9,0,2,1,0,0,0,0,0,0,1,2,3,2,2,1,9,9,2,9,9,9,0,0,1.0,1,1,1,2,1,1,1,1,9,0,1,1,5,1,1,2,2,1,1,1,1
8539397,UTTARAKHAND,CHAMOLI,KARANPRAYAG,2,Karnaprayag-Municipality,Karnaprayag (NP) - Uper Bazaar Ward No.7,,,,2,3,1,8,5,246444,2,2,3,0,2,19,4,0,0,0,0,1,1,9,232,1,7,14,2,1,0,0,9,9,1986,9,2,2,2,9,0,0,9,2,1,1,1,10,2,10,0,0,1,2,2,1,1,0,0,0,0,0,0,1,2,2,1,2,2,2,2,2,1,2,2,2,2,1,1,2,1,1,1,1,9,1,1,1,1,0,0,0,0,0,0,0,0,0,2,9,0,5,12,0,0,0,0,0,1,1,2,1,2,2,2,9,9,2,9,9,9,0,0,,1,1,1,1,1,1,1,1,2,0,1,2,2,1,1,2,2,2,1,1,1
3818141,UTTARAKHAND,CHAMOLI,Jyotirmath,1,,,Malari,Malari,Joshimath,1,3,1,5,1,246443,2,2,3,0,2,4,19,14,18,0,0,2,2,1,0,1,0,0,0,0,2,1,9,9,1944,2,2,9,2,1,0,0,1,3,1,1,1,2,4,2,0,0,1,2,2,2,2,0,0,0,0,0,0,1,2,2,1,2,2,2,2,2,1,2,2,2,2,1,1,2,1,1,1,1,9,1,1,1,1,0,0,0,0,0,0,0,0,0,2,9,0,2,1,0,0,0,0,0,0,1,2,3,1,1,1,9,9,2,9,9,9,0,0,1.0,1,1,2,2,1,1,1,1,9,0,1,1,5,1,1,2,2,1,1,1,1
5446504,UTTARAKHAND,CHAMOLI,NARAYANBAGAR,1,,,Gadkot,Garhkot,Narayanbagar,1,3,1,5,1,246444,2,2,3,0,2,4,19,0,0,0,0,2,2,1,226,1,0,0,0,0,0,0,9,9,1950,2,2,9,2,2,0,2,1,3,1,1,5,2,1,1,0,1,1,1,1,1,1,0,0,0,0,1,0,1,2,2,1,2,2,2,2,2,1,2,2,2,2,2,1,2,1,1,2,1,9,1,1,1,1,0,0,0,0,0,0,0,0,0,2,9,0,0,1,0,0,0,0,0,0,1,2,3,2,2,1,9,9,2,9,9,9,0,0,1.0,1,1,1,2,1,1,1,1,9,0,1,2,1,1,1,2,2,1,1,1,1
5849766,UTTARAKHAND,CHAMOLI,Jyotirmath,1,,,Dhak,Dhak,Joshimath,1,3,1,5,1,246443,2,2,3,0,2,4,19,14,0,0,0,1,2,1,225,1,0,0,0,0,0,0,9,9,1950,1,2,9,2,1,6,0,1,3,3,3,2,3,1,1,0,2,1,1,1,1,1,0,0,0,0,1,1,1,2,2,1,2,2,2,2,2,1,2,2,2,2,1,1,3,1,1,1,1,9,1,1,1,1,0,0,0,0,0,0,0,0,0,2,9,0,2,1,0,0,0,0,0,0,1,2,3,1,1,1,9,9,2,9,9,9,0,0,1.0,1,2,2,2,1,1,2,1,9,0,1,1,1,1,1,2,2,1,1,1,1
6549334,UTTARAKHAND,CHAMOLI,NARAYANBAGAR,1,,,Lodhala,Lodla,Narayanbagar,1,3,1,5,1,246453,2,2,3,0,2,4,0,0,0,0,0,2,2,2,225,1,0,0,0,0,0,1,9,9,1998,1,2,9,2,2,0,2,1,3,1,1,7,2,1,2,0,0,1,1,1,1,1,0,0,0,0,0,0,1,2,2,1,2,2,2,2,2,1,2,2,2,2,1,1,2,1,1,1,1,9,1,1,1,2,0,0,0,0,0,0,0,0,0,2,9,0,2,1,0,0,0,0,0,0,1,2,3,2,1,1,9,9,2,9,9,9,16,16,1.0,1,1,1,2,1,1,1,1,9,0,1,1,6,1,1,2,2,1,1,1,2
1153140,UTTARAKHAND,CHAMOLI,THARALI,2,Tharali-Town Panchayat,Tharali (NP) - Uper Bazaar Tharali Ward No. 3,,,,4,3,6,8,5,246481,2,2,3,0,2,4,0,0,0,0,0,1,9,9,227,1,0,0,0,0,0,0,9,9,2005,9,2,2,2,9,0,0,9,1,1,1,6,6,3,6,0,0,1,1,1,1,1,0,0,0,0,0,0,1,2,2,1,2,2,2,2,2,1,2,2,2,2,1,1,2,1,1,1,1,9,1,1,2,1,0,0,0,0,0,0,0,0,0,1,9,8,0,1,0,0,0,0,1,1,1,2,3,2,2,2,9,9,9,9,9,9,0,0,,1,1,2,2,1,1,1,1,2,0,1,2,1,1,1,1,1,1,1,1,2
1103512,UTTARAKHAND,CHAMOLI,KARANPRAYAG,1,,,Kankhul Talla,Kankhul Talla,Karnaprayag,1,3,1,5,1,246474,2,2,3,0,2,4,0,0,0,0,0,1,2,2,230,1,1,0,0,0,2,3,9,9,1972,1,2,9,2,2,0,6,1,3,1,1,2,2,1,1,1,0,1,1,0,1,1,0,0,0,0,0,0,1,2,2,1,2,2,2,2,2,1,2,2,2,2,1,1,2,1,1,1,1,9,1,1,1,1,0,0,0,0,0,0,0,0,0,2,9,0,2,1,0,0,0,0,0,0,1,2,3,2,1,1,9,9,2,9,9,9,21,0,1.0,1,1,1,2,1,1,1,1,9,0,1,1,1,1,1,2,2,1,1,1,1
5302343,UTTARAKHAND,CHAMOLI,KARANPRAYAG,1,,,Siran,Siran,Karnaprayag,1,3,1,5,1,246429,2,2,3,0,2,4,19,14,0,0,0,1,2,2,232,1,0,0,0,0,4,1,9,9,1962,1,2,9,2,2,0,1,1,3,1,1,1,2,1,0,2,0,1,1,0,1,1,0,0,0,0,0,0,1,2,2,1,2,2,2,2,2,1,2,2,2,2,1,1,2,1,1,1,1,9,1,1,1,1,0,0,0,0,0,0,0,0,0,2,9,0,0,1,0,0,0,0,0,0,1,2,3,2,1,1,9,9,2,9,9,9,0,0,1.0,1,1,1,2,1,1,1,1,9,0,1,1,4,1,1,2,2,1,1,1,1
2345125,UTTARAKHAND,CHAMOLI,THARALI,1,,,Gwaldam State,Gwaldam,Tharali,1,3,1,5,1,246441,2,2,3,0,2,4,19,14,0,0,0,2,2,1,234,1,0,0,0,0,0,1,9,9,1923,1,2,9,2,2,0,2,1,3,1,1,2,2,3,2,0,0,1,1,1,1,1,0,0,0,0,0,0,1,2,2,1,2,2,2,2,2,1,2,2,2,2,1,1,2,1,1,1,1,9,1,1,1,2,0,0,0,0,0,0,0,0,0,2,9,0,1,1,0,0,0,0,0,0,1,2,3,2,2,1,9,9,2,9,9,9,5,5,1.0,1,2,1,2,1,1,1,1,9,0,1,1,6,1,1,2,2,1,1,1,1
7265750,UTTARAKHAND,CHAMOLI,KARANPRAYAG,2,Karnaprayag-Municipality,Karnaprayag (NP) -Tehseel Colony Ward No.4,,,,2,3,1,8,5,246444,2,2,3,0,2,4,19,14,18,0,0,1,1,9,230,1,0,0,0,0,8,7,9,9,1997,9,2,2,2,9,0,0,9,2,3,3,1,14,4,14,0,0,1,2,2,3,3,0,0,0,0,1,1,1,2,1,1,2,2,1,2,1,1,2,2,1,1,1,1,1,1,1,1,1,9,1,1,1,1,0,0,0,0,0,0,0,0,0,1,9,1,0,6,0,0,1,1,1,1,1,1,1,2,1,1,9,9,2,9,9,9,0,0,,1,1,1,1,1,1,1,1,2,0,1,1,2,1,1,1,1,2,1,1,1
1357302,UTTARAKHAND,CHAMOLI,GAIRSAIN,1,,,Ruriya Tal,Ghandiyal,Gairsain,1,3,1,5,1,246428,2,2,3,0,2,4,19,14,0,0,0,1,2,2,230,1,0,0,0,0,0,2,9,9,1995,2,2,9,2,1,0,0,1,3,1,1,2,2,1,2,0,0,1,1,1,1,1,0,0,0,0,0,0,1,2,2,1,2,2,2,2,2,1,2,2,2,1,1,1,2,1,1,1,1,9,1,1,1,1,0,0,0,0,0,0,0,0,0,2,9,0,2,0,0,0,0,0,0,0,1,2,3,2,1,1,9,9,2,9,9,9,0,0,1.0,1,1,1,2,1,1,1,1,9,0,1,1,3,1,1,2,2,1,1,1,1
1806167,UTTARAKHAND,CHAMOLI,NARAYANBAGAR,1,,,Hans Koti,Hanskoti,Narayanbagar,1,3,1,5,1,246444,2,2,3,0,2,4,19,14,0,0,0,2,2,1,229,1,0,0,0,0,0,0,9,9,1961,2,2,9,2,2,0,0,2,3,1,1,5,3,1,3,0,0,1,1,1,1,1,1,0,1,1,0,0,1,2,2,1,2,2,2,2,2,1,2,2,2,2,1,1,2,1,1,2,1,9,1,1,1,2,0,0,0,0,0,0,0,0,0,2,9,0,2,1,0,0,0,0,0,0,2,2,3,2,1,1,9,9,2,9,9,9,0,0,1.0,1,1,1,2,1,2,1,2,9,0,2,2,6,1,2,2,2,2,1,1,2
9412716,UTTARAKHAND,CHAMOLI,DEWAL,1,,,Chaud,Chaud,Dewal,1,3,1,5,1,246427,2,2,3,0,2,4,14,19,0,0,0,2,2,2,222,1,0,0,0,0,5,1,9,9,1963,1,2,9,2,2,0,0,1,3,1,1,2,2,2,0,0,2,1,1,1,1,1,0,0,0,0,1,0,1,2,2,1,2,2,2,2,2,1,2,2,2,1,1,1,1,1,1,1,1,9,1,1,1,1,0,0,0,0,0,0,0,0,0,2,9,0,0,2,0,0,0,0,0,1,1,2,3,2,1,1,9,9,2,9,9,9,0,0,1.0,1,1,1,2,1,2,1,1,9,0,1,2,4,1,1,2,2,1,1,1,2
3431355,UTTARAKHAND,CHAMOLI,DASHOLI,1,,,Koteshwar,Banadwara,Dasholi,1,3,1,5,1,246401,2,2,3,0,2,4,0,0,0,0,0,1,2,1,223,1,0,0,0,0,0,0,9,9,1998,1,2,9,2,2,0,5,1,3,1,1,2,2,1,2,0,0,1,1,1,1,1,0,0,0,0,0,0,1,2,2,1,2,2,2,2,2,1,2,2,2,2,1,1,2,1,1,1,1,9,1,1,1,1,0,0,0,0,0,0,0,0,0,2,9,0,1,1,0,0,0,0,0,0,1,2,3,2,2,1,9,9,2,9,9,9,12,12,1.0,1,1,1,2,1,1,1,1,9,0,1,1,4,1,1,2,2,1,1,2,1
1096015,UTTARAKHAND,CHAMOLI,DASHOLI,1,,,Dungari,Dungri,Dasholi,1,3,1,5,1,246426,2,2,3,0,2,4,19,14,0,0,0,2,2,1,230,1,0,0,0,0,0,1,9,9,1924,1,2,9,2,2,0,0,2,3,1,1,2,2,1,0,2,0,1,2,2,2,2,0,0,0,0,0,0,1,2,2,1,2,2,2,2,2,1,2,2,2,2,1,1,2,1,1,1,1,9,1,1,1,1,0,0,0,0,0,0,0,0,0,2,9,0,2,1,0,0,0,0,0,0,1,2,3,2,2,1,9,9,2,9,9,9,5,5,1.0,1,1,1,2,1,1,1,1,9,0,1,1,1,1,1,2,2,1,1,1,1
3045824,UTTARAKHAND,CHAMOLI,Jyotirmath,1,,,Pandukaswar,Pandukeshar,Joshimath,4,3,6,8,1,246443,2,2,3,0,2,4,19,14,0,0,0,1,9,9,231,1,0,0,0,0,0,0,9,9,2004,1,2,2,2,2,0,0,1,3,1,1,1,3,0,3,0,0,2,2,2,1,1,0,0,0,0,2,0,1,2,2,1,2,2,2,2,2,1,2,2,2,2,1,1,2,1,1,1,1,9,1,1,1,1,0,0,0,0,0,0,0,0,0,2,9,0,0,1,0,0,0,0,0,1,1,2,3,1,2,1,9,9,9,9,9,9,0,0,1.0,1,2,2,2,1,1,1,1,1,8,1,1,6,1,1,2,2,1,1,1,1
8997235,UTTARAKHAND,CHAMOLI,NARAYANBAGAR,1,,,Hans Koti,Hanskoti,Narayanbagar,5,3,6,12,1,246444,2,2,3,0,2,4,19,14,0,2,2,2,9,9,0,1,0,0,0,0,0,0,9,9,1971,1,2,2,2,1,3,2025,1,3,4,3,5,8,10,8,0,0,1,1,1,1,1,0,0,0,0,0,0,1,2,2,1,2,2,2,2,2,1,2,2,2,1,1,1,2,1,1,1,2,1,1,1,1,1,4,4,4,4,4,4,4,4,4,2,9,0,0,3,0,0,0,2,1,1,1,2,3,2,1,1,2,2,9,9,2,2,68,0,1.0,1,1,1,1,1,1,1,1,1,24,1,1,5,1,1,2,2,1,1,1,1
1891167,UTTARAKHAND,CHAMOLI,NANDANAGAR,1,,,Kanol,Kanol,Ghat,1,3,1,5,1,246435,2,2,3,0,2,4,19,14,0,0,0,2,2,2,220,1,0,0,0,0,0,0,9,9,1992,1,2,9,2,2,0,0,2,3,3,0,2,3,1,3,0,0,1,1,1,1,1,0,0,0,0,0,0,1,2,2,1,2,2,2,2,2,1,2,2,2,2,1,1,1,1,1,1,1,9,1,1,1,1,0,0,0,0,0,0,0,0,0,2,9,0,2,1,0,0,0,0,0,0,2,1,3,2,1,1,9,9,2,9,9,9,13,13,1.0,1,1,2,2,1,1,1,1,9,0,1,1,1,1,1,2,2,2,1,1,1
5472996,UTTARAKHAND,CHAMOLI,DEWAL,1,,,Beradhar,Beradhar,Dewal,7,3,6,10,1,246427,2,2,3,0,2,4,14,0,0,2,0,2,9,9,229,1,0,0,0,0,0,0,9,9,1980,1,2,2,2,1,1,8,1,3,2,2,2,5,5,3,2,0,1,1,1,2,2,0,0,0,0,2,2,1,2,2,1,2,2,1,2,2,1,2,2,1,2,1,1,1,1,2,2,1,9,1,1,1,1,0,0,0,0,0,0,0,0,0,1,2,0,0,7,0,0,0,0,0,2,1,2,3,2,1,1,2,2,9,9,2,9,0,0,1.0,1,1,1,2,1,1,1,1,1,0,1,2,2,1,1,2,2,1,1,1,1
4673452,UTTARAKHAND,CHAMOLI,DASHOLI,1,,,Ghorsal,Ghudshal,Dasholi,4,3,6,8,1,246424,2,2,3,0,2,4,0,0,0,0,0,1,9,9,224,1,0,0,0,0,0,0,9,9,2007,1,2,2,2,2,0,5,1,3,1,1,2,3,2,0,0,3,1,1,1,1,1,0,0,0,0,0,0,1,2,2,1,2,2,2,2,2,1,2,2,2,2,1,1,2,1,2,1,1,9,1,1,1,1,0,0,0,0,0,0,0,0,0,2,9,0,0,5,0,0,0,0,0,1,1,2,3,2,1,1,9,9,9,9,9,9,8,0,1.0,1,1,1,2,1,1,1,1,2,0,1,1,1,1,1,2,2,1,1,1,1
8726252,UTTARAKHAND,CHAMOLI,DASHOLI,1,,,Gauna Chak Dhar Kumala,Dharkumala,Dasholi,4,3,6,8,1,246424,2,2,3,0,2,4,0,0,0,0,0,2,9,9,224,1,0,0,0,0,0,0,9,9,2007,1,2,2,2,2,0,0,2,3,1,1,2,3,2,0,3,0,1,1,0,1,1,0,0,0,0,0,0,1,2,2,1,2,2,2,2,2,1,2,2,2,2,1,1,2,1,1,2,1,9,1,1,1,2,0,0,0,0,0,0,0,0,0,2,9,0,0,1,0,0,0,0,1,0,2,2,3,2,2,1,9,9,9,9,9,9,0,0,1.0,1,1,1,2,1,1,1,1,2,0,1,1,1,1,1,2,2,1,1,1,1
1750713,UTTARAKHAND,CHAMOLI,THARALI,1,,,Chepadon,Chepron,Tharali,1,3,1,5,5,246481,2,2,3,0,2,4,19,14,0,0,0,1,1,9,229,1,1,1,0,0,0,0,9,9,2006,9,2,9,2,9,0,0,9,2,1,1,1,5,5,5,0,0,1,1,1,1,1,0,0,0,0,1,1,1,1,2,1,2,2,2,1,2,1,2,2,2,2,1,1,2,1,2,1,1,9,1,2,9,1,0,0,0,0,0,0,0,0,0,2,9,0,0,2,0,0,0,0,0,1,1,2,3,2,2,2,9,9,2,9,9,9,0,0,,1,1,1,1,1,1,1,1,9,0,1,2,3,1,1,1,1,2,1,2,2
2766295,UTTARAKHAND,CHAMOLI,NANDANAGAR,1,,,Luntara,Luntara,Ghat,1,3,1,5,1,246435,2,2,3,0,2,4,19,0,0,0,0,2,2,2,225,1,0,0,0,0,0,0,9,9,1955,2,2,9,2,2,0,0,2,3,1,1,5,2,1,2,0,0,1,2,2,2,2,0,0,0,0,0,0,1,2,2,1,2,2,2,2,2,1,2,2,2,2,1,1,2,1,1,1,1,9,1,1,1,1,0,0,0,0,0,0,0,0,0,2,9,0,2,2,0,0,0,0,0,1,1,2,3,2,1,1,9,9,2,9,9,9,0,0,1.0,1,1,1,2,1,1,1,1,9,0,1,1,1,1,1,2,2,2,1,1,1
1492991,UTTARAKHAND,CHAMOLI,POKHARI,2,POKHRI-Town Panchayat,Pokhri (NP) -Pokhri Lower Ward No. 2,,,,2,3,1,8,5,246444,2,2,3,0,2,4,19,0,0,0,0,1,2,9,228,1,0,0,0,0,10,1,9,9,2013,9,2,2,2,9,0,0,9,2,2,2,1,8,3,8,0,0,1,3,3,2,2,0,0,0,0,0,0,1,2,2,1,2,2,2,2,2,1,2,2,2,2,1,1,2,1,2,2,1,9,1,2,9,1,0,0,0,0,0,0,0,0,0,1,9,1,1,2,0,0,1,0,0,1,1,2,3,2,1,2,9,9,2,9,9,9,0,0,,1,1,2,1,1,1,1,1,2,0,1,1,5,1,1,1,1,2,1,1,1
2438363,UTTARAKHAND,CHAMOLI,DEWAL,1,,,Bank,Bank,Dewal,1,3,1,5,1,246427,2,2,3,0,2,4,19,14,0,0,0,2,2,1,223,1,0,0,0,0,0,0,9,9,1954,1,2,9,2,2,0,3,1,3,3,3,2,3,1,3,0,0,1,1,1,1,1,0,0,0,0,1,1,1,2,2,1,2,2,2,2,2,1,2,2,2,2,1,1,3,1,1,1,1,9,1,1,1,1,0,0,0,0,0,0,0,0,0,2,9,0,2,1,0,0,0,0,0,0,1,2,3,2,1,1,9,9,2,9,9,9,0,0,1.0,1,1,1,2,1,1,2,1,9,0,1,1,1,1,1,2,2,1,1,1,2
7920886,UTTARAKHAND,CHAMOLI,POKHARI,1,,,Gugali,Gugali,Augustmuni,1,3,1,5,1,246473,2,2,3,0,2,4,19,14,0,0,0,2,2,2,230,1,0,0,0,0,1,1,9,9,1956,1,2,9,2,2,0,0,1,3,1,1,1,2,1,2,0,0,1,1,1,1,1,0,0,0,0,0,0,1,2,2,1,2,2,2,2,2,1,2,2,2,2,1,1,2,1,1,1,1,9,1,1,1,1,0,0,0,0,0,0,0,0,0,2,9,0,2,1,0,0,0,0,0,0,1,2,3,2,2,1,9,9,2,9,9,9,14,14,1.0,1,1,1,2,1,1,1,1,9,0,1,1,2,1,1,2,2,2,1,1,1
2379525,UTTARAKHAND,CHAMOLI,DASHOLI,1,,,Durmi,Durmi,Dasholi,1,3,1,5,1,246424,2,2,3,0,2,4,19,14,0,0,0,1,2,1,0,1,0,0,0,0,1,1,9,9,1953,1,2,9,2,1,0,0,2,3,2,2,1,3,1,0,3,0,1,1,1,1,1,0,0,0,0,0,0,1,2,2,1,2,2,1,2,2,1,2,2,1,1,1,1,2,1,2,1,1,9,1,1,2,1,0,0,0,0,0,0,0,0,0,1,2,0,2,1,0,0,0,0,0,0,1,2,3,1,1,1,9,9,2,9,9,9,0,0,1.0,1,1,1,2,1,1,1,1,9,0,1,1,1,1,1,2,2,2,1,1,1
9815029,UTTARAKHAND,CHAMOLI,THARALI,2,Tharali-Town Panchayat,Tharali (NP) - Uper Bazaar Tharali Ward No. 3,,,,1,3,1,5,1,246481,2,2,3,0,2,4,19,0,0,0,0,1,2,1,220,1,0,0,1,0,0,0,9,9,1901,1,2,9,2,1,10,23,1,3,3,3,2,3,1,3,0,0,1,2,2,2,2,0,0,0,0,0,0,1,2,2,1,2,2,2,2,2,1,2,2,2,2,1,1,2,1,2,1,1,9,1,1,1,2,0,0,0,0,0,0,0,0,0,2,9,0,4,2,0,0,0,2,0,1,1,1,3,2,2,1,9,9,2,9,9,9,43,0,1.0,1,1,1,1,1,1,1,1,9,0,1,1,5,1,1,2,2,1,1,1,1
6655969,UTTARAKHAND,CHAMOLI,Jyotirmath,2,Joshimath-Municipality,Joshimath (MB) - Painka-Maarwaadi Ward No.2,,,,1,3,1,5,1,246443,2,2,3,0,2,4,19,0,0,0,0,1,2,1,224,1,0,0,0,0,0,0,9,9,1975,2,2,9,2,1,10,5,1,3,1,0,2,2,1,1,0,1,2,1,1,1,1,0,0,0,0,0,0,1,2,2,1,2,2,2,2,2,1,2,2,2,2,1,1,2,1,1,1,2,2,1,2,9,1,0,0,0,0,0,0,0,0,0,2,9,0,1,1,0,0,0,0,0,0,1,2,3,2,2,1,9,9,2,9,9,9,3,0,1.0,1,1,2,2,1,1,1,1,9,0,1,1,5,1,1,2,2,1,1,1,1
5067253,UTTARAKHAND,CHAMOLI,POKHARI,1,,,Sarmola,Sarmola,Pokhari,1,3,1,5,1,246429,2,2,3,0,2,4,19,14,0,0,0,1,2,2,226,1,0,0,0,0,1,2,9,9,1998,1,2,9,2,2,0,0,1,3,1,1,1,2,1,2,0,0,1,1,1,1,1,0,0,0,0,0,0,1,2,2,1,2,2,2,2,2,1,2,2,2,1,1,1,2,1,1,1,1,9,1,1,1,1,0,0,0,0,0,0,0,0,0,2,9,0,2,1,0,0,0,0,0,0,1,2,3,2,1,1,9,9,2,9,9,9,14,14,1.0,1,1,1,2,1,1,1,1,9,0,1,1,3,1,1,2,2,2,1,1,1
3828252,UTTARAKHAND,CHAMOLI,NANDANAGAR,1,,,Charbang,Charbang,Ghat,1,3,1,5,1,246435,2,2,3,0,2,4,19,14,0,0,0,2,2,2,226,1,0,0,0,0,0,0,9,9,1962,1,2,9,2,2,0,0,2,3,2,1,2,2,2,2,0,0,1,1,0,1,1,0,0,0,0,1,0,1,2,2,1,2,2,2,2,2,1,2,2,2,2,1,1,2,1,1,1,1,9,1,1,1,1,0,0,0,0,0,0,0,0,0,2,9,0,2,2,0,0,0,0,0,1,1,2,3,2,1,1,9,9,2,9,9,9,5,0,1.0,1,1,1,2,1,1,1,1,9,0,1,1,2,1,1,2,2,2,1,1,1
4782039,UTTARAKHAND,CHAMOLI,KARANPRAYAG,2,Karnaprayag-Municipality,Karnaprayag (NP) -Subhas Nagar Simli Ward No.5,,,,2,3,1,8,5,246444,2,2,3,0,2,4,19,14,0,0,0,2,1,9,224,1,4,8,0,0,0,0,9,9,2004,9,2,2,1,9,0,0,9,1,12,12,1,12,12,12,0,0,1,2,2,3,2,0,0,0,0,0,0,1,2,2,1,2,2,1,2,2,1,2,2,1,1,1,1,2,1,1,1,1,9,1,1,2,1,0,0,0,0,0,0,0,0,0,1,9,1,0,3,0,0,0,0,0,0,1,2,1,2,1,2,9,9,2,9,9,9,0,0,,1,1,1,1,1,1,1,1,1,0,1,1,5,1,1,2,2,1,1,1,1
8300719,UTTARAKHAND,CHAMOLI,KARANPRAYAG,1,,,Kameda,Kameda,Karnaprayag,1,3,1,5,1,246429,2,2,3,0,2,4,19,14,0,0,0,1,2,2,230,1,0,0,0,0,0,0,9,9,1979,1,2,9,2,2,0,4,1,3,1,1,1,2,1,2,0,0,1,1,1,1,1,1,1,0,0,0,0,1,2,2,1,2,2,2,2,2,1,2,2,2,2,1,1,2,1,1,1,1,9,1,1,1,1,0,0,0,0,0,0,0,0,0,2,9,0,1,1,0,0,0,0,0,0,1,2,3,2,1,1,9,9,2,9,9,9,4,4,1.0,1,1,1,2,1,1,1,1,9,0,1,1,2,1,1,2,2,1,1,1,1
2797225,UTTARAKHAND,CHAMOLI,GAIRSAIN,1,,,Beri Talli,Beditalli,Gairsain,1,3,1,5,1,246440,2,2,3,0,2,4,0,0,0,0,0,1,2,2,224,1,0,0,0,0,2,2,9,9,1962,1,2,9,2,2,0,2,1,3,1,1,1,2,2,2,0,0,1,1,1,1,1,0,0,0,0,0,0,1,2,2,1,2,2,2,2,2,1,2,2,2,2,1,1,2,1,1,1,1,9,1,1,1,1,0,0,0,0,0,0,0,0,0,1,2,0,2,1,0,0,0,0,1,1,1,2,3,2,1,1,9,9,2,9,9,9,23,24,1.0,1,1,1,2,1,1,1,1,9,0,1,1,5,1,1,2,2,1,1,1,1
1394088,UTTARAKHAND,CHAMOLI,GAIRSAIN,1,,,Bareth,Badeith,Gairsain,1,3,1,5,1,246440,2,2,3,0,2,4,0,0,0,0,0,1,2,1,230,1,0,0,0,0,0,0,9,9,1902,1,2,9,2,1,9,0,1,3,1,1,2,2,2,1,1,0,1,0,0,2,2,0,0,0,0,0,0,1,2,2,1,2,2,2,2,2,1,2,2,2,2,1,1,2,1,1,1,1,9,1,1,1,1,0,0,0,0,0,0,0,0,0,2,9,0,1,1,0,0,0,0,0,0,1,2,3,2,1,1,9,9,2,9,9,9,0,6,1.0,1,1,1,2,1,1,2,1,9,0,1,1,5,1,1,2,2,1,1,1,1
3549544,UTTARAKHAND,CHAMOLI,DASHOLI,2,Nandprayag-Town Panchayat,Nandprayag (NP) -Chandika Mohalla Ward No.4,,,,1,3,1,5,1,246449,2,2,3,0,2,4,19,14,0,0,0,1,2,1,227,1,0,0,0,0,0,0,9,9,1895,1,2,9,2,2,0,0,1,3,1,1,1,2,2,2,0,0,1,1,0,1,1,1,1,0,0,0,0,1,2,2,1,2,2,2,2,2,1,2,2,2,2,1,1,3,1,1,1,1,9,1,1,1,1,0,0,0,0,0,0,0,0,0,2,9,0,2,1,0,0,0,0,0,0,1,2,3,2,2,1,9,9,2,9,9,9,0,0,2.0,1,1,1,2,1,1,1,1,9,0,1,1,1,1,1,2,2,2,1,1,1
4442398,UTTARAKHAND,CHAMOLI,NARAYANBAGAR,1,,,Rains,Rains,Narayanbagar,1,3,1,5,1,246453,2,2,3,0,2,4,19,14,0,0,0,2,2,1,225,1,0,0,0,0,0,0,9,9,1998,1,2,9,2,2,0,0,1,3,1,1,1,2,1,2,0,0,1,1,0,1,1,0,0,0,0,0,0,1,2,2,1,2,2,2,2,2,1,2,2,2,2,1,1,2,1,1,1,1,9,1,1,1,2,0,0,0,0,0,0,0,0,0,2,9,0,1,1,0,0,0,0,0,0,1,2,3,2,1,1,9,9,2,9,9,9,6,6,1.0,1,1,1,2,1,1,1,1,9,0,1,1,6,1,1,2,2,1,1,1,2
5097335,UTTARAKHAND,CHAMOLI,GAIRSAIN,2,Gairsain-Town Panchayat,Gairsain (NP) -Koliyana Ward No. 5,,,,1,3,1,5,1,246428,2,2,3,0,2,4,19,14,0,0,0,1,2,1,7,1,0,0,0,2,0,2,9,9,1940,1,2,9,2,1,10,0,1,3,1,1,2,7,7,7,0,0,1,2,2,2,2,1,1,1,0,1,0,1,2,2,1,2,2,2,2,2,1,2,2,2,1,1,1,2,1,1,1,1,9,1,1,1,1,0,0,0,0,0,0,0,0,0,1,2,0,3,2,0,0,0,1,1,1,1,2,3,2,1,1,9,9,2,9,9,9,260,0,1.0,1,1,1,1,1,1,1,1,9,0,1,1,3,1,1,2,2,1,1,1,1
8211316,UTTARAKHAND,CHAMOLI,GAIRSAIN,1,,,Mehal Chauri,Mehal Chauri,Gairsain,1,3,1,5,1,246431,2,2,3,0,2,4,0,0,0,0,0,1,2,1,235,1,0,0,1,0,0,0,9,9,1936,1,2,9,2,1,10,0,1,3,3,1,2,5,1,3,0,2,1,2,2,2,2,0,0,0,0,0,0,1,2,2,1,2,2,2,2,2,1,2,2,2,2,1,1,2,1,2,1,1,9,1,1,1,1,0,0,0,0,0,0,0,0,0,2,9,0,0,1,0,0,0,0,0,0,1,2,3,2,1,1,9,9,2,9,9,9,14,14,1.0,1,1,1,2,1,1,2,1,9,0,1,1,6,1,1,2,2,1,1,1,1
3740651,UTTARAKHAND,CHAMOLI,KARANPRAYAG,1,,,Partoli,Kimoli,Karnaprayag,1,3,1,5,1,246488,2,2,3,0,2,4,0,0,0,0,0,1,2,2,2,1,0,0,0,0,1,0,9,9,2005,1,2,9,2,2,0,0,1,3,1,1,1,3,1,2,1,0,1,1,1,1,1,0,0,0,0,0,0,1,2,2,1,2,2,2,2,2,1,2,2,2,2,1,1,2,1,1,1,1,9,1,1,2,1,0,0,0,0,0,0,0,0,0,2,9,0,2,1,0,0,0,0,0,0,1,2,3,2,1,1,9,9,2,9,9,9,0,0,1.0,1,1,1,2,1,1,1,1,9,0,1,1,2,1,1,2,2,1,1,1,1
5798696,UTTARAKHAND,CHAMOLI,POKHARI,1,,,Tunji,Tonaji,Pokhari,4,3,6,8,1,246473,2,2,3,0,2,4,19,0,0,0,0,2,9,9,228,1,0,0,0,0,0,0,9,9,2005,1,2,2,2,2,0,0,1,3,2,2,3,5,2,2,0,3,1,1,1,1,1,0,0,0,0,0,0,1,2,2,1,2,2,2,2,2,1,2,2,2,2,1,1,2,1,1,1,1,9,1,1,1,1,0,0,0,0,0,0,0,0,0,2,9,0,0,2,0,0,0,0,0,0,1,2,3,2,1,1,9,9,9,9,9,9,0,10,1.0,1,1,1,2,1,1,2,1,2,0,1,1,2,1,1,2,2,1,1,1,1
8536995,UTTARAKHAND,CHAMOLI,NANDANAGAR,1,,,Sutol,Sutol,Ghat,1,3,1,5,1,246435,2,2,3,0,2,4,19,14,0,0,0,2,2,2,224,1,0,0,0,0,0,0,9,9,2005,1,2,9,2,1,3,0,1,3,1,0,2,2,1,2,0,0,1,1,0,1,1,0,0,0,0,0,0,1,2,2,1,2,2,2,2,2,1,2,2,2,2,1,1,2,1,1,1,1,9,1,1,1,1,0,0,0,0,0,0,0,0,0,2,9,0,1,0,0,0,0,0,0,0,2,2,3,2,2,1,9,9,2,9,9,9,0,0,1.0,1,1,1,2,1,1,1,1,9,0,1,1,1,1,1,1,1,2,1,1,1
3968931,UTTARAKHAND,CHAMOLI,DEWAL,1,,,Udaypur Laga Choting,Udaypur,Dewal,4,3,6,8,1,246427,2,2,3,0,2,4,19,14,0,0,0,2,9,9,0,1,0,0,0,0,0,0,9,9,2004,1,2,2,2,2,0,0,2,3,1,1,2,3,1,2,1,0,1,0,0,1,1,0,0,0,0,0,1,1,2,2,1,2,2,2,2,2,1,2,2,2,1,1,1,2,1,1,1,1,9,1,1,2,1,0,0,0,0,0,0,0,0,0,2,9,0,0,1,0,0,0,0,0,0,2,2,3,2,1,1,9,9,9,9,9,9,0,0,2.0,1,1,1,2,1,1,1,1,2,0,1,2,4,1,1,2,2,1,1,1,1
4992651,UTTARAKHAND,CHAMOLI,DASHOLI,2,PIPALKOTI-Town Panchayat,Peepalkoti (NP)- Naurakh Peepalkoti Ward No.1,,,,5,3,6,12,1,246472,2,2,3,0,2,4,0,0,0,2,2,1,9,9,210,1,0,0,0,0,0,0,9,9,1974,1,1,2,2,1,4,0,1,3,8,7,5,9,8,6,1,2,1,2,2,2,1,0,0,0,0,0,0,1,2,2,1,1,2,1,2,2,1,1,2,1,1,1,1,2,1,1,1,2,1,1,2,9,1,4,4,4,4,4,4,4,4,4,1,1,0,0,8,0,1,0,1,0,2,1,2,3,2,1,1,2,1,9,9,2,2,18,0,1.0,1,1,1,2,1,1,1,1,1,50,1,1,3,1,1,2,2,1,1,1,1
5028975,UTTARAKHAND,CHAMOLI,DEWAL,1,,,Lwani,Lwani,Dewal,5,3,6,12,1,246427,2,2,3,0,2,4,0,0,0,2,2,1,9,9,198,1,0,0,0,0,0,0,9,9,1978,1,2,2,2,1,5,50,1,3,6,4,5,6,1,2,1,3,2,1,1,1,1,0,0,0,0,0,0,1,2,2,1,2,2,2,2,2,1,2,2,2,2,1,1,2,1,1,1,1,9,1,2,9,2,3,3,3,3,4,4,4,4,4,2,9,0,0,3,0,0,0,2,1,2,1,2,3,2,1,1,2,2,9,9,2,2,0,0,1.0,1,1,1,2,1,1,1,1,2,0,1,2,2,1,1,2,2,1,1,1,1
1694658,UTTARAKHAND,CHAMOLI,KARANPRAYAG,1,,,Sunai,Sunai,Karnaprayag,4,3,6,8,1,246488,2,2,3,0,2,4,19,14,0,0,0,2,9,9,230,1,0,0,0,0,0,0,9,9,1979,1,2,2,2,1,5,4,1,3,1,1,5,3,1,3,0,0,1,1,0,1,1,0,0,0,0,0,0,1,2,2,1,2,2,2,2,2,1,2,2,2,2,1,1,2,1,1,1,1,9,1,2,9,1,0,0,0,0,0,0,0,0,0,2,9,0,0,2,0,0,0,0,0,0,1,2,3,2,1,1,9,9,9,9,9,9,9,9,1.0,1,1,1,2,1,1,1,1,2,0,1,1,2,1,1,2,2,1,1,1,1
3797981,UTTARAKHAND,CHAMOLI,DEWAL,1,,,Lingadi,Lingari,Dewal,1,3,1,5,1,246427,2,2,3,0,2,4,0,0,0,0,0,1,2,2,222,1,0,0,0,0,4,3,9,9,1998,1,2,9,2,2,0,6,1,3,1,1,1,2,1,0,1,1,1,1,1,1,1,0,0,0,0,0,0,1,2,2,1,2,2,2,2,2,1,2,2,2,2,1,1,2,1,1,1,1,9,1,1,1,2,0,0,0,0,0,0,0,0,0,2,9,0,2,1,0,0,0,0,0,0,1,2,3,2,2,1,9,9,2,9,9,9,0,0,1.0,1,1,1,2,1,1,1,1,9,0,1,1,2,1,1,2,2,1,1,1,2
6323320,UTTARAKHAND,CHAMOLI,GAIRSAIN,1,,,Syunimalli,Syuni Malli,Gairsain,4,3,6,8,1,246428,2,2,3,0,2,4,19,14,0,0,0,2,9,9,234,1,0,0,0,0,0,0,9,9,1991,1,2,2,2,2,0,3,1,3,1,1,3,3,2,0,3,0,1,1,1,1,1,0,0,0,0,0,0,1,2,2,1,2,2,2,2,2,1,2,2,2,2,1,1,2,1,2,1,1,9,1,1,1,1,0,0,0,0,0,0,0,0,0,1,2,0,0,4,0,0,0,0,0,1,1,2,3,2,1,1,9,9,9,9,9,9,0,0,1.0,1,1,2,2,1,1,1,1,2,0,1,2,6,1,1,2,2,1,1,1,1
9478223,UTTARAKHAND,CHAMOLI,POKHARI,1,,,Thalabair,Thala Beind,Pokhari,5,3,6,12,1,246473,2,2,3,0,2,4,0,0,0,2,2,2,9,9,234,1,0,0,0,0,0,0,9,9,1972,1,2,2,2,1,5,89,1,3,7,2,5,7,7,2,0,5,2,2,0,1,1,1,0,1,0,1,1,1,2,2,1,2,2,2,2,2,1,2,2,2,2,1,1,2,1,2,2,1,9,1,2,9,2,4,4,4,4,4,4,4,4,3,1,1,0,0,4,0,1,0,1,0,3,1,2,3,2,1,1,2,2,9,9,2,2,100,100,1.0,1,1,1,2,1,1,1,1,1,61,1,1,5,1,1,2,2,1,1,1,1
1567262,UTTARAKHAND,CHAMOLI,POKHARI,1,,,Rauta,Routa,Pokhari,1,3,1,5,1,246473,2,2,3,0,2,4,19,14,0,0,0,2,2,2,240,1,0,0,0,0,1,1,9,9,1947,1,2,9,2,2,0,0,1,3,2,2,1,2,3,0,2,0,1,1,1,1,1,0,0,0,0,0,0,1,2,2,1,2,2,2,2,2,1,2,2,2,1,1,1,2,1,1,1,1,9,1,1,1,1,0,0,0,0,0,0,0,0,0,1,2,0,2,1,0,0,0,0,0,0,1,2,3,1,2,1,9,9,2,9,9,9,130,0,1.0,1,1,1,2,1,1,1,1,9,0,1,2,5,1,1,2,2,2,1,1,1
3655550,UTTARAKHAND,CHAMOLI,DASHOLI,1,,,Majothi,Majothi,Dasholi,1,3,1,5,1,246424,2,2,3,0,2,4,19,0,0,0,0,1,2,1,225,1,0,0,0,0,0,0,9,9,1988,1,2,9,2,1,8,5,2,3,1,1,2,2,1,2,0,0,1,1,1,1,1,0,0,0,0,0,0,2,2,2,1,2,2,2,2,2,1,2,2,2,2,1,1,2,1,2,1,1,9,1,1,1,1,0,0,0,0,0,0,0,0,0,2,9,0,0,1,0,0,0,0,0,0,1,2,3,2,1,1,9,9,2,9,9,9,0,0,1.0,1,1,1,2,1,1,1,1,9,0,1,1,2,1,1,2,2,1,1,1,1
8708892,UTTARAKHAND,CHAMOLI,KARANPRAYAG,1,,,Khalyugwar,Bartoli,Karnaprayag,1,3,1,5,1,246429,2,2,3,0,2,4,0,0,0,0,0,2,2,2,230,1,0,0,0,0,0,0,9,9,2000,1,2,9,2,2,0,0,1,3,1,1,2,3,1,3,0,0,1,2,2,1,1,0,0,0,0,0,0,1,2,2,1,2,2,2,2,2,1,2,2,2,2,1,1,2,1,1,1,1,9,1,1,1,1,0,0,0,0,0,0,0,0,0,2,9,0,1,1,0,0,0,0,0,0,1,2,3,2,2,1,9,9,2,9,9,9,0,0,1.0,1,1,1,2,1,1,1,1,9,0,1,1,5,1,1,2,2,1,1,1,1
4440613,UTTARAKHAND,CHAMOLI,NANDANAGAR,1,,,Hina,Naini (Chopra Kot),Ghat,1,3,1,5,1,246449,2,2,3,0,2,4,19,14,0,0,0,1,2,1,228,1,0,0,0,0,0,0,9,9,2002,1,2,9,2,2,0,2,1,3,1,1,1,2,1,2,0,0,1,2,2,2,2,0,0,0,0,2,2,1,2,2,1,2,2,2,2,2,1,2,2,2,2,1,1,2,1,2,1,1,9,1,1,1,1,0,0,0,0,0,0,0,0,0,2,9,0,1,0,0,0,0,0,0,0,1,2,3,2,2,1,9,9,2,9,9,9,0,0,2.0,1,1,1,2,1,1,1,1,9,0,1,1,2,1,1,2,2,2,1,1,1
7842817,UTTARAKHAND,CHAMOLI,KARANPRAYAG,1,,,Nauti,Nauti,Karnaprayag,1,3,1,5,1,246487,2,2,3,0,2,4,0,0,0,0,0,2,2,2,227,1,0,0,0,0,1,1,9,9,1979,1,2,9,2,2,0,4,1,3,1,1,1,2,1,2,0,0,2,1,0,1,1,0,0,0,0,0,0,1,2,2,1,2,2,2,2,2,1,2,2,2,2,1,1,2,1,1,1,1,9,1,1,1,1,0,0,0,0,0,0,0,0,0,2,9,0,0,1,0,0,0,0,0,0,1,2,3,2,2,1,9,9,2,9,9,9,12,0,1.0,1,1,1,2,1,1,1,1,9,0,1,1,1,1,1,2,2,1,1,1,1
7938003,UTTARAKHAND,CHAMOLI,GAIRSAIN,1,,,Kulagar,Andrapa,Gairsain,1,3,1,5,1,246428,2,2,3,0,2,4,19,14,0,0,0,2,2,2,227,1,0,0,0,0,0,0,9,9,2012,1,2,9,2,2,0,7,1,3,1,1,1,2,0,0,0,2,2,1,1,1,1,0,0,0,0,0,0,1,2,2,1,2,2,2,2,2,1,2,2,2,2,1,1,1,1,1,1,1,9,1,1,1,1,0,0,0,0,0,0,0,0,0,2,9,0,2,2,0,0,0,0,0,1,1,2,3,2,1,1,9,9,2,9,9,9,0,0,1.0,1,1,1,2,1,1,1,1,9,0,1,2,5,1,1,2,2,1,1,1,1
8346412,UTTARAKHAND,CHAMOLI,DASHOLI,2,Chamoli Gopeshwar-Municipality,Chamoli Gopeshwar (MB) -Lower Bazaar Ward No.5,,,,10,3,9,12,5,246401,2,2,3,0,2,4,0,0,0,2,2,1,9,9,191,1,0,0,0,0,0,0,9,9,1984,9,2,9,2,9,0,0,9,1,1,1,1,6,6,6,0,0,1,3,3,3,3,0,0,0,0,0,0,1,2,2,1,2,2,2,2,2,1,2,2,2,2,1,1,3,1,1,2,1,9,1,1,1,1,1,1,1,3,3,3,3,3,2,1,9,0,0,4,0,0,0,0,1,1,1,2,3,2,2,2,2,1,9,9,2,2,0,0,,1,1,1,1,1,1,1,1,2,0,1,1,1,1,1,1,1,1,1,1,1
3178149,UTTARAKHAND,CHAMOLI,DEWAL,1,,,Kheta Manvati,Kheta Manmati,Dewal,1,3,1,5,1,246427,2,2,3,0,2,4,19,0,0,0,0,1,2,2,220,1,0,0,0,0,4,9,9,9,1976,2,2,9,2,2,0,0,1,3,1,1,2,4,2,2,1,1,2,1,1,1,1,0,0,0,0,0,0,1,2,2,1,2,2,2,2,2,1,2,2,2,1,1,1,1,1,1,1,1,9,1,1,2,1,0,0,0,0,0,0,0,0,0,2,9,0,5,3,0,0,0,1,0,1,2,2,2,2,1,1,9,9,2,9,9,9,0,0,2.0,1,1,2,2,1,1,1,1,9,0,1,1,5,1,1,2,2,1,1,2,2
5666922,UTTARAKHAND,CHAMOLI,NANDANAGAR,1,,,Sainti Gunth,Sainti,Ghat,1,3,1,5,1,246435,2,2,3,0,2,4,0,0,0,0,0,2,2,2,226,1,0,0,0,0,0,0,9,9,1999,1,2,9,2,2,0,0,1,3,1,1,2,2,1,0,0,2,1,1,0,1,0,0,0,0,0,0,0,1,2,2,1,2,2,2,2,2,1,2,2,2,2,1,1,2,1,1,1,1,9,1,1,1,2,0,0,0,0,0,0,0,0,0,1,2,0,1,2,0,0,0,0,0,0,1,2,3,2,2,1,9,9,2,9,9,9,0,0,1.0,1,1,2,2,1,1,1,1,9,0,1,1,2,1,1,2,2,1,1,1,1
5535317,UTTARAKHAND,CHAMOLI,KARANPRAYAG,2,Karnaprayag-Municipality,Karnaprayag (NP) -Tehseel Colony Ward No.4,,,,1,3,1,5,1,246444,2,2,3,0,2,4,0,0,0,0,0,1,2,1,230,1,0,0,0,0,0,0,9,9,1963,1,2,9,2,2,0,5,1,3,2,2,1,2,1,0,0,2,1,2,2,2,1,1,1,0,0,0,0,1,2,2,1,2,2,2,2,2,1,2,2,2,2,1,1,2,1,1,1,1,9,1,1,2,1,0,0,0,0,0,0,0,0,0,2,9,0,2,1,0,0,0,0,0,0,1,2,3,2,2,1,9,9,2,9,9,9,22,0,1.0,1,1,1,2,1,1,1,1,9,0,1,1,2,1,1,2,2,1,1,1,1
5873649,UTTARAKHAND,CHAMOLI,GAIRSAIN,1,,,Kushrani Bichali,Kusrani Talli,Gairsain,1,3,1,5,1,246486,2,2,3,0,2,4,0,0,0,0,0,1,2,2,228,1,0,0,1,0,1,0,9,9,2003,2,2,9,2,1,7,1,1,3,1,1,5,3,3,1,1,1,1,1,1,1,1,0,0,0,0,0,0,1,2,2,1,2,2,2,2,2,1,2,2,2,1,1,2,1,1,1,1,1,9,1,1,1,2,0,0,0,0,0,0,0,0,0,1,2,1,1,0,0,0,0,0,0,0,1,1,3,2,1,1,9,9,2,9,9,9,0,0,1.0,1,1,2,2,1,1,1,1,9,0,1,2,3,1,1,2,2,1,1,1,1
3775571,UTTARAKHAND,CHAMOLI,GAIRSAIN,1,,,Haragarh,Hargarh,Gairsain,1,3,1,5,1,246431,2,2,3,0,2,4,0,0,0,0,0,2,2,1,228,1,0,0,0,0,0,1,9,9,1999,1,2,9,1,1,0,1,1,3,1,1,1,3,0,2,1,0,2,2,1,1,1,0,0,0,0,2,0,1,2,2,1,2,2,2,2,2,1,2,2,2,2,1,1,2,1,1,1,1,9,1,1,1,1,0,0,0,0,0,0,0,0,0,2,9,0,1,0,0,0,0,0,0,0,1,2,3,2,1,1,9,9,2,9,9,9,0,0,1.0,1,1,1,2,1,1,1,1,9,0,1,1,1,1,1,2,2,1,1,1,1
7263438,UTTARAKHAND,CHAMOLI,GAIRSAIN,1,,,Bareth,Badeith,Gairsain,5,3,6,12,1,246440,2,2,3,0,2,4,14,19,0,2,2,2,9,9,236,1,0,0,0,0,0,0,9,9,1979,1,2,2,2,1,3,30,1,3,1,1,2,9,8,6,0,3,1,3,3,3,3,0,0,0,0,3,3,1,2,2,1,2,2,2,2,2,1,2,2,2,1,1,1,2,1,2,1,1,9,1,1,1,2,4,4,4,4,4,4,4,4,2,1,2,0,0,6,0,0,0,1,1,2,1,1,3,2,1,1,2,2,9,9,2,2,0,0,1.0,1,1,1,2,1,1,1,1,1,30,1,1,2,1,1,2,2,1,1,1,1
4145591,UTTARAKHAND,CHAMOLI,NANDANAGAR,1,,,Banj Bagar,Ropa Semdugra,Dasholi,5,3,6,12,1,246435,2,2,3,0,2,4,0,0,0,2,2,1,9,9,220,1,0,0,0,0,0,0,9,9,1971,1,1,2,2,1,2,0,2,3,3,2,2,8,9,3,3,2,1,2,2,4,4,0,0,0,0,0,0,1,2,2,1,2,2,2,2,2,1,2,2,2,2,1,1,2,1,1,1,1,9,1,2,9,1,4,2,4,4,4,4,4,4,1,1,1,0,0,8,0,0,0,1,1,3,1,1,3,1,1,1,2,2,9,9,2,2,220,0,2.0,1,2,2,2,1,1,1,1,1,30,1,2,2,1,2,2,3,1,1,1,1
3257960,UTTARAKHAND,CHAMOLI,KARANPRAYAG,1,,,Bainoli,Benoli,Karnaprayag,4,3,6,8,1,246487,2,2,3,0,2,4,14,19,0,0,0,1,9,9,230,1,0,0,0,0,0,0,9,9,2007,1,2,2,2,2,0,20,1,3,2,2,1,3,3,3,0,0,1,1,1,2,2,0,0,0,0,0,0,1,2,2,1,2,2,2,2,2,1,2,2,2,2,1,1,2,1,1,1,1,9,1,1,1,1,0,0,0,0,0,0,0,0,0,2,9,0,0,6,0,0,0,0,0,1,1,2,3,2,2,1,9,9,9,9,9,9,47,0,1.0,1,1,1,2,1,1,1,1,1,24,1,1,2,1,1,2,2,1,1,1,1
4501174,UTTARAKHAND,CHAMOLI,THARALI,1,,,Chidanga State,Chidinga Malla,Tharali,4,3,6,8,1,246441,2,2,3,0,2,4,0,0,0,0,0,1,9,9,227,1,0,0,0,0,0,0,9,9,1994,1,2,2,2,2,0,0,1,3,1,1,5,4,1,3,1,0,1,1,1,1,1,0,0,0,0,1,0,1,2,2,1,2,2,2,2,2,1,2,2,2,1,1,1,2,1,1,1,1,9,1,1,2,1,0,0,0,0,0,0,0,0,0,2,9,0,0,4,0,0,0,0,0,1,1,2,3,2,1,1,9,9,9,9,9,9,13,0,1.0,1,2,1,2,1,1,1,1,2,0,1,1,2,1,2,2,2,1,1,1,1
3313925,UTTARAKHAND,CHAMOLI,POKHARI,1,,,Sugi,Sugi,Pokhari,4,3,6,8,1,246429,2,2,3,0,2,4,14,19,0,0,0,2,9,9,220,1,0,0,0,0,0,0,9,9,2006,1,2,2,2,1,8,2,1,3,1,1,5,3,2,3,0,0,1,2,2,1,1,0,0,0,0,0,0,1,2,2,1,2,2,2,2,2,1,2,2,2,2,1,1,2,1,1,1,1,9,1,1,1,1,0,0,0,0,0,0,0,0,0,1,2,0,0,4,0,0,0,0,0,1,1,2,3,2,1,1,9,9,9,9,9,9,0,0,1.0,1,1,1,2,1,1,1,1,2,0,1,1,2,1,2,2,2,1,1,1,1
3479460,UTTARAKHAND,CHAMOLI,THARALI,1,,,Sunaun,Sunau Malla,Tharali,7,3,6,10,1,246481,2,2,3,0,2,4,0,0,0,2,0,2,9,9,225,1,0,0,0,0,0,0,9,9,1991,1,2,2,2,1,6,12,1,3,2,1,5,5,10,5,0,0,1,1,1,1,1,1,1,1,1,0,0,1,2,2,1,2,2,2,2,2,1,2,2,2,2,1,1,2,1,1,1,1,9,1,1,2,1,0,0,0,0,0,0,0,0,0,2,9,0,0,5,0,0,0,1,0,2,1,2,3,2,1,1,2,2,9,9,2,9,60,0,1.0,1,1,1,1,1,1,1,1,1,31,1,1,2,1,1,2,2,1,1,1,1
3978944,UTTARAKHAND,CHAMOLI,KARANPRAYAG,1,,,Kharkholi,Khadgoli,Karnaprayag,1,3,1,5,1,246449,2,2,3,0,2,4,14,19,0,0,0,1,2,2,225,1,0,0,0,0,1,2,9,9,1975,1,2,9,2,2,0,15,1,3,1,1,7,3,1,3,0,0,1,1,1,1,1,1,1,1,1,0,0,1,2,2,1,2,2,2,2,2,1,2,2,2,2,1,1,1,1,1,1,1,9,1,1,1,1,0,0,0,0,0,0,0,0,0,2,9,0,2,1,0,0,0,0,0,0,1,2,3,2,2,1,9,9,2,9,9,9,0,0,1.0,1,1,1,2,1,1,1,1,9,0,1,1,1,1,1,2,2,1,1,1,1
6106197,UTTARAKHAND,CHAMOLI,KARANPRAYAG,1,,,Nakot Malla,Nakot,Karnaprayag,4,3,6,8,1,246444,2,2,3,0,2,4,0,0,0,0,0,1,9,9,230,1,0,0,0,0,0,0,9,9,1986,1,2,2,2,2,0,2,1,3,1,1,2,2,2,0,0,2,1,1,0,1,1,0,0,0,0,0,0,1,2,2,1,1,2,2,2,2,1,1,2,2,2,1,1,2,1,1,1,1,9,1,1,2,1,0,0,0,0,0,0,0,0,0,2,9,0,0,0,0,0,0,1,0,0,1,2,3,2,1,1,9,9,9,9,9,9,3,0,1.0,1,1,1,2,1,1,1,1,2,0,1,1,2,1,1,2,2,1,1,1,1
9033786,UTTARAKHAND,CHAMOLI,NARAYANBAGAR,1,,,Bed Gaon,Bedgaon,Narayanbagar,1,3,1,5,1,246455,2,2,3,0,2,4,0,0,0,0,0,2,2,1,222,1,0,0,0,0,0,0,9,9,1991,1,2,9,2,2,0,2,1,3,1,1,2,3,1,1,0,2,1,1,0,1,1,0,0,0,0,0,0,1,2,2,1,2,2,2,2,2,1,2,2,2,2,1,1,2,1,1,1,1,9,1,1,1,1,0,0,0,0,0,0,0,0,0,2,9,0,1,1,0,0,0,0,0,0,1,2,3,2,1,1,9,9,2,9,9,9,2,0,1.0,1,1,1,2,1,1,1,1,9,0,1,1,5,1,1,2,2,1,1,1,2
3649482,UTTARAKHAND,CHAMOLI,POKHARI,1,,,Majyari,Manjiyari,Bhilangna,1,3,1,5,1,246473,2,2,3,0,2,4,14,19,0,0,0,1,2,1,224,1,0,0,0,0,1,1,9,9,1990,1,2,9,2,2,0,0,1,3,1,1,1,2,1,2,0,0,1,1,1,1,1,0,0,0,0,0,0,1,2,2,1,2,2,2,2,2,1,2,2,2,1,1,1,2,1,1,1,1,9,1,1,1,2,0,0,0,0,0,0,0,0,0,2,9,0,1,1,0,0,0,0,0,0,1,2,3,2,1,1,9,9,2,9,9,9,0,0,1.0,1,1,1,2,1,1,1,1,9,0,1,1,2,1,1,2,2,2,1,1,1
9285112,UTTARAKHAND,CHAMOLI,GAIRSAIN,1,,,Melbagar,Ghandiyal,Gairsain,1,3,1,5,1,246428,2,2,3,0,2,4,19,14,0,0,0,2,2,1,230,1,0,0,0,0,4,3,9,9,1948,1,2,9,2,1,5,9,1,3,1,1,5,5,5,5,0,0,1,1,1,2,2,0,0,0,0,0,0,1,2,2,1,2,2,2,2,2,1,2,2,2,1,1,1,2,1,1,1,1,9,1,1,1,1,0,0,0,0,0,0,0,0,0,1,2,0,2,1,0,0,0,0,0,0,1,2,3,2,1,1,9,9,2,9,9,9,0,0,1.0,1,1,2,2,1,1,1,1,9,0,1,1,2,1,1,2,2,1,1,1,1
7999511,UTTARAKHAND,CHAMOLI,THARALI,1,,,Dungri,Dungri,Tharali,1,3,1,5,1,246481,2,2,3,0,2,4,19,0,0,0,0,2,2,1,228,1,0,0,0,0,2,3,9,9,1900,1,2,9,2,2,0,8,1,3,2,1,1,4,1,4,0,0,1,2,2,1,1,0,0,0,0,0,0,1,2,2,1,2,2,2,2,2,1,2,2,2,1,1,1,2,1,1,1,1,9,1,1,1,1,0,0,0,0,0,0,0,0,0,2,9,0,4,3,0,0,0,0,0,1,1,2,3,2,1,1,9,9,2,9,9,9,0,0,1.0,1,1,1,2,1,1,1,1,9,0,1,1,2,1,1,2,2,1,1,1,1
1903161,UTTARAKHAND,CHAMOLI,DASHOLI,1,,,Baunla,Boala,Dasholi,1,3,1,5,1,246426,2,2,3,0,2,4,0,0,0,0,0,1,2,2,230,1,0,0,0,0,0,0,9,9,1997,1,2,9,2,1,0,0,1,3,1,1,2,2,1,1,1,0,1,1,1,1,1,0,0,0,0,0,0,1,2,2,1,2,2,2,2,2,1,2,2,2,2,1,1,2,1,2,1,1,9,1,1,1,1,0,0,0,0,0,0,0,0,0,2,9,0,1,0,0,0,0,0,0,0,1,2,3,2,2,1,9,9,2,9,9,9,0,0,1.0,1,1,2,2,1,1,1,1,9,0,1,1,3,1,1,2,2,1,1,1,1
1707678,UTTARAKHAND,CHAMOLI,KARANPRAYAG,1,,,Dimar,Dimmar,Karnaprayag,1,3,1,5,1,246474,2,2,3,0,2,4,19,14,0,0,0,2,2,1,229,1,0,0,0,0,1,0,9,9,1986,1,2,9,2,2,0,5,1,3,1,1,5,2,1,1,1,0,1,1,1,1,1,0,0,0,0,0,0,1,2,2,1,2,2,2,2,2,1,2,2,2,2,1,1,2,1,1,1,1,9,1,1,1,1,0,0,0,0,0,0,0,0,0,2,9,0,2,0,0,0,0,0,0,0,1,2,3,2,1,1,9,9,2,9,9,9,13,0,1.0,1,1,1,2,1,1,1,1,9,0,1,1,3,1,1,2,2,1,1,1,1
3009375,UTTARAKHAND,CHAMOLI,POKHARI,1,,,Jakhmala,Pati Jakhmala,Pokhari,1,3,1,5,1,246473,2,2,3,0,2,4,14,19,0,0,0,1,2,1,219,1,0,0,0,0,1,1,9,9,1988,1,2,9,2,2,0,5,1,3,1,1,2,2,1,2,0,0,1,1,1,1,1,0,0,0,0,0,0,1,2,2,1,2,2,2,2,2,1,2,2,2,2,1,1,2,1,1,1,1,9,1,1,1,1,0,0,0,0,0,0,0,0,0,2,9,0,1,1,0,0,0,0,0,0,1,2,3,2,2,1,9,9,2,9,9,9,0,0,1.0,1,1,1,2,1,1,1,1,9,0,1,1,2,1,1,2,2,1,1,1,1
7069451,UTTARAKHAND,CHAMOLI,KARANPRAYAG,1,,,Deyarkot,Diyar Kot,Karnaprayag,1,3,1,5,1,246444,2,2,3,0,2,4,0,0,0,0,0,1,2,2,230,1,0,0,0,0,0,0,9,9,1982,1,2,9,2,2,0,5,1,3,1,1,1,2,1,2,0,0,1,1,1,1,1,0,0,0,0,0,0,1,2,2,1,2,2,2,2,2,1,2,2,2,2,1,1,2,1,1,1,1,9,1,1,2,1,0,0,0,0,0,0,0,0,0,2,9,0,2,1,0,0,0,0,0,0,1,2,3,2,1,1,9,9,2,9,9,9,10,0,1.0,1,1,1,2,1,1,1,1,9,0,1,1,2,1,1,2,2,1,1,1,1
7713540,UTTARAKHAND,CHAMOLI,GAIRSAIN,1,,,Peb,Pev,Gairsain,1,3,1,5,1,246440,2,2,3,0,2,4,0,0,0,0,0,1,2,1,225,1,0,0,0,0,1,1,9,9,1992,1,2,9,2,2,0,3,1,3,2,1,2,3,1,3,0,0,1,1,1,1,1,0,0,0,0,0,0,1,2,2,1,2,2,2,2,2,1,2,2,2,2,1,1,2,1,2,1,1,9,1,1,1,1,0,0,0,0,0,0,0,0,0,2,9,0,2,1,0,0,0,0,0,0,1,2,3,2,1,1,9,9,2,9,9,9,0,0,1.0,1,1,1,2,1,1,2,1,9,0,1,1,2,1,1,2,2,1,1,1,1
6148161,UTTARAKHAND,CHAMOLI,POKHARI,1,,,Tali,Gumsaani,Bajpur,1,3,1,5,1,246473,2,2,3,0,2,4,14,19,0,0,0,2,2,1,230,1,0,0,0,0,0,0,9,9,1982,1,2,9,2,2,0,0,1,3,2,1,2,2,1,2,0,0,1,1,1,1,1,0,0,0,0,0,0,1,2,2,1,2,2,2,2,2,1,2,2,2,1,1,1,2,1,1,1,1,9,1,1,1,2,0,0,0,0,0,0,0,0,0,2,9,0,2,1,0,0,0,0,0,1,1,2,2,2,1,1,9,9,2,9,9,9,0,0,1.0,1,1,1,2,1,1,1,1,9,0,1,1,4,1,1,2,2,2,1,1,1
2153663,UTTARAKHAND,CHAMOLI,POKHARI,1,,,Siwae,Siwai,Pokhari,1,3,1,5,1,246446,2,2,3,0,2,4,19,14,0,0,0,2,2,2,224,1,0,0,0,0,0,2,9,9,1857,1,2,9,2,2,0,3,1,3,2,2,2,4,1,2,1,1,1,1,1,1,1,0,0,0,0,0,0,1,2,2,1,2,2,2,2,2,1,2,2,2,2,1,1,2,1,1,1,1,9,1,1,1,2,0,0,0,0,0,0,0,0,0,2,9,0,0,1,0,0,0,0,0,1,1,2,3,2,1,1,9,9,2,9,9,9,0,0,1.0,1,1,1,2,1,1,1,1,9,0,1,1,1,1,1,2,2,1,1,1,1
6794162,UTTARAKHAND,CHAMOLI,NARAYANBAGAR,1,,,Bedula,Bedula,Narayanbagar,1,3,1,5,1,246455,2,2,3,0,2,4,0,0,0,0,0,1,2,2,228,1,0,0,1,0,0,0,9,9,1990,1,2,9,2,2,0,1,1,3,1,1,5,2,1,0,2,0,1,1,1,1,1,0,0,0,0,0,0,1,2,2,1,2,2,2,2,2,1,2,2,2,2,1,1,2,1,1,1,1,9,1,1,1,2,0,0,0,0,0,0,0,0,0,2,9,0,1,1,0,0,0,0,0,0,1,2,3,2,2,1,9,9,2,9,9,9,0,0,1.0,1,1,1,2,1,1,1,1,9,0,1,1,6,1,1,2,2,1,1,1,2
7365222,UTTARAKHAND,CHAMOLI,GAIRSAIN,1,,,Bareth,Badeith,Gairsain,1,3,1,5,1,246440,2,2,3,0,2,4,0,0,0,0,0,1,2,1,230,1,1,0,0,0,1,0,9,9,1989,1,2,9,1,1,0,0,1,3,1,0,1,2,2,0,0,2,1,1,1,1,1,0,0,0,0,0,0,1,2,2,1,2,2,2,2,2,1,2,2,2,1,1,1,2,1,2,1,1,9,1,1,1,1,0,0,0,0,0,0,0,0,0,1,1,0,1,1,0,0,0,0,0,0,1,2,3,2,1,1,9,9,2,9,9,9,0,0,1.0,1,1,1,2,1,1,1,1,9,0,1,1,2,1,1,2,2,1,1,1,1
1742171,UTTARAKHAND,CHAMOLI,KARANPRAYAG,1,,,Baratoli,Bartoli,Karnaprayag,1,3,1,5,1,246429,2,2,3,0,2,4,0,0,0,0,0,2,2,1,225,1,0,0,0,0,2,1,9,9,1947,1,2,9,2,2,0,2,1,3,1,1,5,2,1,2,0,0,1,1,1,2,2,0,0,0,0,0,0,1,2,2,1,2,2,2,2,2,1,2,2,2,2,1,1,2,1,1,1,1,9,1,1,1,1,0,0,0,0,0,0,0,0,0,2,9,0,2,1,0,0,0,0,0,0,1,2,3,2,1,1,9,9,2,9,9,9,8,8,1.0,1,1,1,2,1,1,1,1,9,0,1,1,2,1,1,2,2,1,1,1,1
7874670,UTTARAKHAND,CHAMOLI,NANDANAGAR,1,,,Sung,Sung,Ghat,1,3,1,5,1,246435,2,2,3,0,2,4,14,19,0,0,0,2,2,2,224,1,0,0,0,0,0,0,9,9,1979,1,2,9,2,1,3,0,1,3,1,0,1,3,1,0,3,0,1,1,1,1,1,0,0,0,0,0,1,1,2,2,1,2,2,2,2,2,1,2,2,2,2,1,1,2,1,1,1,1,9,1,1,2,1,0,0,0,0,0,0,0,0,0,2,9,0,2,2,0,0,0,0,0,1,1,2,3,2,2,1,9,9,2,9,9,9,6,0,1.0,1,1,1,2,1,1,1,1,9,0,1,1,2,1,1,2,2,1,1,1,1
3629097,UTTARAKHAND,CHAMOLI,POKHARI,1,,,Sauda Mangara,Soda Mangra,Pokhari,4,3,6,8,1,246473,2,2,3,0,2,4,19,14,0,0,0,2,9,9,229,1,0,0,0,0,0,0,9,9,2009,1,2,1,2,1,5,5,1,3,3,3,5,3,2,0,0,3,2,1,1,1,1,0,0,0,0,0,0,1,2,2,1,2,2,2,2,2,1,2,2,2,1,1,1,2,1,1,1,1,9,1,1,1,1,0,0,0,0,0,0,0,0,0,2,9,0,0,1,0,0,0,0,1,1,1,1,3,2,1,1,9,9,9,9,9,9,25,25,1.0,1,1,1,2,1,1,1,1,2,0,1,1,2,1,1,2,2,1,1,1,1
7369635,UTTARAKHAND,CHAMOLI,KARANPRAYAG,1,,,Dhanpur Khas,Olyagwad,Karnaprayag,1,3,1,5,1,246429,2,2,3,0,2,4,19,14,0,0,0,2,2,1,226,1,0,0,0,0,2,0,9,9,1989,1,2,9,2,2,0,1,1,3,1,0,2,2,1,1,0,1,1,1,0,1,1,0,0,0,0,0,0,1,2,2,1,2,2,2,2,2,1,2,2,2,2,1,1,2,1,1,1,1,9,1,1,1,1,0,0,0,0,0,0,0,0,0,2,9,0,1,0,0,0,0,0,0,0,1,2,3,2,2,1,9,9,2,9,9,9,4,4,1.0,1,1,1,2,1,1,1,1,9,0,1,1,2,1,1,2,2,1,1,1,1
6495039,UTTARAKHAND,CHAMOLI,DEWAL,1,,,Kheta Manvati,Kheta Manmati,Dewal,7,3,6,10,1,246427,2,2,3,0,2,4,14,19,0,2,0,2,9,9,240,1,0,0,0,0,0,0,9,9,1992,1,2,2,1,1,2,49,1,3,4,4,4,6,1,5,0,1,2,1,1,1,1,1,1,1,1,0,0,1,2,2,1,2,2,2,2,2,1,2,2,2,1,1,1,2,1,1,1,1,9,1,2,9,1,0,0,0,0,0,0,0,0,0,2,9,0,0,3,0,0,0,0,1,1,2,2,3,2,1,1,2,2,9,9,2,9,54,41,1.0,1,1,1,2,1,1,1,1,1,34,1,1,2,1,2,1,1,1,1,1,1
2748292,UTTARAKHAND,CHAMOLI,GAIRSAIN,1,,,Jinagor,Jingore,Gairsain,5,3,6,12,1,246428,2,2,3,0,2,4,19,0,0,2,2,1,9,9,211,1,0,0,0,0,0,0,9,9,1988,1,1,2,2,1,4,100,1,3,2,1,5,8,8,5,3,0,1,2,2,2,2,0,0,0,0,0,0,1,2,2,1,2,2,2,2,2,1,2,2,2,1,1,1,2,1,1,1,1,9,1,1,1,1,1,1,1,1,1,1,1,4,1,1,2,0,0,6,0,0,0,1,1,3,1,2,3,2,1,1,2,2,9,9,2,2,187,187,1.0,1,1,1,1,1,1,1,1,1,90,1,1,6,1,1,2,3,1,1,1,1
2756592,UTTARAKHAND,CHAMOLI,THARALI,1,,,Talwari Khalsa,Talwadi Khalsa,Tharali,4,3,6,8,1,246482,2,2,3,0,2,4,19,14,0,0,0,2,9,9,228,1,0,0,0,0,0,0,9,9,2006,1,2,2,2,2,0,8,1,3,1,1,2,3,2,3,0,0,1,1,0,1,1,0,0,0,0,0,0,1,2,2,1,2,2,2,2,2,1,2,2,2,2,1,1,2,1,1,1,1,9,1,1,1,1,0,0,0,0,0,0,0,0,0,2,9,0,0,3,0,0,0,0,0,0,1,2,3,2,1,1,9,9,9,9,9,9,3,0,1.0,1,1,1,2,1,1,1,1,2,0,1,1,3,1,1,2,2,1,1,1,1
3602283,UTTARAKHAND,CHAMOLI,Jyotirmath,1,,,Dhak,Dhak,Joshimath,4,3,6,8,1,246443,2,2,3,0,2,4,19,14,0,0,0,1,9,9,224,1,0,0,0,0,0,0,9,9,1990,1,2,2,2,1,10,0,1,3,2,2,2,3,1,3,0,0,2,1,1,1,1,0,0,0,0,0,0,1,2,2,1,2,2,2,2,2,1,2,2,2,2,1,1,2,1,1,1,1,9,1,1,1,1,0,0,0,0,0,0,0,0,0,1,2,0,0,1,0,0,0,0,0,1,1,2,3,1,1,1,9,9,9,9,9,9,0,0,1.0,1,1,1,2,1,1,1,1,2,0,1,1,6,1,1,2,2,1,1,1,1
5313318,UTTARAKHAND,CHAMOLI,THARALI,1,,,Paingadh,Pengarh,Tharali,4,3,6,8,1,246481,2,2,3,0,2,4,19,14,0,0,0,2,9,9,225,1,0,0,0,0,0,0,9,9,2006,1,2,2,2,1,0,1,1,3,1,1,2,3,2,0,0,3,1,1,1,1,1,0,0,0,0,0,1,1,2,2,1,2,2,2,2,2,1,2,2,2,1,1,1,2,1,1,1,1,9,1,1,2,1,0,0,0,0,0,0,0,0,0,2,9,0,0,0,0,0,0,0,0,0,1,2,3,2,1,1,9,9,9,9,9,9,0,0,1.0,1,1,1,2,1,1,1,1,2,0,1,1,1,1,2,2,2,1,1,1,1
6454765,UTTARAKHAND,CHAMOLI,GAIRSAIN,1,,,Devpuri,Devpuri,Gairsain,4,3,6,8,1,246486,2,2,3,0,2,4,19,14,0,0,0,2,9,9,232,1,0,0,0,0,0,0,9,9,2010,1,2,2,2,2,0,0,1,3,1,1,5,3,2,2,0,1,1,0,0,1,1,0,0,0,0,0,0,1,2,2,1,2,2,2,2,2,1,2,2,2,2,1,1,2,1,1,1,1,9,1,1,1,1,0,0,0,0,0,0,0,0,0,2,9,0,0,1,0,0,0,0,0,0,1,2,3,2,1,1,9,9,9,9,9,9,10,4,1.0,1,1,2,2,1,1,2,1,1,4,1,1,6,1,1,2,2,1,1,1,1
1809263,UTTARAKHAND,CHAMOLI,DASHOLI,1,,,Kana,Konj Pothani,Dasholi,1,3,1,5,1,246426,2,2,3,0,2,4,0,0,0,0,0,1,2,2,230,1,0,0,0,0,0,0,9,9,2006,1,2,9,2,2,0,0,2,4,1,1,5,2,0,2,0,0,2,0,0,1,1,0,0,0,0,0,0,2,2,2,1,2,2,2,2,2,1,2,2,2,2,1,1,2,1,2,2,1,9,1,2,9,1,0,0,0,0,0,0,0,0,0,2,9,0,1,0,0,0,0,0,0,0,1,2,3,2,1,1,9,9,2,9,9,9,0,0,1.0,1,1,1,2,1,1,1,1,9,0,1,1,1,1,1,2,2,1,1,1,1
8621109,UTTARAKHAND,CHAMOLI,POKHARI,1,,,Paini,Paini,Pokhari,1,3,1,5,1,246473,2,2,3,0,2,4,19,14,0,0,0,2,2,2,230,1,0,0,0,0,1,2,9,9,1965,1,2,9,2,2,0,0,1,3,1,1,5,2,1,0,0,2,1,2,2,1,1,0,0,0,0,0,0,1,2,2,1,2,2,2,2,2,1,2,2,2,2,1,1,1,1,1,1,1,9,1,1,1,1,0,0,0,0,0,0,0,0,0,2,9,0,2,1,0,0,0,0,0,0,1,2,3,2,2,1,9,9,2,9,9,9,15,15,1.0,1,1,1,2,1,1,1,1,9,0,1,1,2,1,1,2,2,2,1,1,1
3939260,UTTARAKHAND,CHAMOLI,THARALI,1,,,Mal,Kothar,Dwarikhal,1,3,1,5,1,246481,2,2,3,0,2,4,0,0,0,0,0,2,2,1,233,1,0,0,0,0,0,0,9,9,1990,1,2,9,2,1,8,0,1,3,1,1,2,2,1,0,0,2,1,1,1,1,1,0,0,0,0,0,0,1,2,2,1,2,2,2,2,2,1,2,2,2,2,1,1,2,1,1,1,1,9,1,1,1,1,0,0,0,0,0,0,0,0,0,2,9,0,2,1,0,0,0,0,0,0,1,2,3,1,1,1,9,9,2,9,9,9,7,4,1.0,1,1,2,2,1,1,1,1,9,0,1,1,2,1,1,2,2,1,1,1,1
7134679,UTTARAKHAND,CHAMOLI,KARANPRAYAG,1,,,Dungri,Dungri Jaspur,Karnaprayag,1,3,1,5,1,246487,2,2,3,0,2,4,19,0,0,0,0,2,2,2,227,1,0,0,0,0,2,2,9,9,1962,1,2,9,2,2,0,4,1,3,1,1,1,2,1,2,0,0,1,2,1,1,1,1,1,0,0,0,0,1,2,2,1,2,2,2,2,2,1,2,2,2,2,1,1,2,1,1,1,1,9,1,1,1,1,0,0,0,0,0,0,0,0,0,2,9,0,2,1,0,0,0,0,0,0,1,2,3,2,2,1,9,9,2,9,9,9,0,0,1.0,1,1,1,2,1,1,1,1,9,0,1,1,2,1,1,2,2,1,1,1,1
7693688,UTTARAKHAND,CHAMOLI,NARAYANBAGAR,1,,,Silodi,Mauna,Narayanbagar,1,3,1,5,1,246455,2,2,3,0,2,4,19,14,0,0,0,2,2,1,226,1,0,0,0,0,0,0,9,9,1997,1,2,9,2,2,0,0,1,3,1,1,2,2,1,2,0,0,1,1,1,1,1,0,0,0,0,0,0,1,2,2,1,2,2,2,2,2,1,2,2,2,2,1,1,2,1,1,1,1,9,1,1,2,1,0,0,0,0,0,0,0,0,0,2,9,0,0,0,0,0,0,0,0,0,1,2,3,2,2,1,9,9,2,9,9,9,2,0,1.0,1,1,1,2,1,1,1,1,9,0,1,1,6,1,1,2,2,1,1,1,2
6937665,UTTARAKHAND,CHAMOLI,Jyotirmath,1,,,Kalgoth,Kalgoth,Joshimath,1,3,1,5,1,246472,2,2,3,0,2,4,19,14,0,0,0,2,2,1,223,1,0,0,0,0,2,7,9,9,1951,2,2,9,2,1,4,0,2,3,2,2,1,2,1,2,0,0,2,1,1,1,1,0,0,0,0,0,0,1,2,2,1,2,2,2,2,2,1,2,2,2,2,1,1,2,1,1,1,1,9,1,1,1,1,0,0,0,0,0,0,0,0,0,1,2,0,1,1,0,0,0,0,0,0,1,2,3,2,2,1,9,9,2,9,9,9,0,0,1.0,1,1,1,2,1,1,1,1,9,0,1,2,6,2,1,2,2,1,1,1,1
1461990,UTTARAKHAND,CHAMOLI,NANDANAGAR,1,,,Kandai,Kandai,Ghat,1,3,1,5,1,246449,2,2,3,0,2,4,19,0,0,0,0,2,2,2,224,1,0,0,0,0,0,0,9,9,1954,1,2,9,2,1,3,0,1,3,2,1,1,2,1,1,0,1,1,1,0,1,1,0,0,0,0,0,0,1,2,2,1,2,2,2,2,2,1,2,2,2,2,1,1,2,1,1,1,1,9,1,1,1,2,0,0,0,0,0,0,0,0,0,1,2,0,2,3,0,0,0,0,0,0,1,2,3,2,1,1,9,9,2,9,9,9,0,0,1.0,1,1,1,2,1,1,1,1,9,0,1,1,2,1,1,2,2,2,1,1,1
8054517,UTTARAKHAND,CHAMOLI,DASHOLI,2,Nandprayag-Town Panchayat,Nandprayag (NP) -Chandika Mohalla Ward No.4,,,,1,3,1,5,1,246424,2,2,3,0,2,4,19,14,0,0,0,1,2,1,0,1,0,0,0,0,0,0,9,9,1988,2,2,9,2,2,0,0,2,3,2,2,2,3,2,0,0,3,1,1,1,1,1,0,0,0,0,0,0,1,2,2,1,2,2,2,2,2,1,2,2,2,2,1,1,2,1,1,1,1,9,1,1,2,1,0,0,0,0,0,0,0,0,0,2,9,0,1,0,0,0,0,0,0,0,1,2,3,2,2,1,9,9,2,9,9,9,0,0,2.0,1,1,1,2,1,1,1,1,9,0,1,1,2,1,1,2,2,2,1,1,1
8491633,UTTARAKHAND,CHAMOLI,NARAYANBAGAR,1,,,Dungri,Dungri,Narayanbagar,1,3,1,5,1,246455,2,2,3,0,2,4,19,14,0,0,0,2,2,2,230,1,0,0,0,0,0,0,9,9,2005,2,2,9,2,2,0,0,1,3,1,1,2,2,2,2,0,0,1,1,1,1,1,0,0,0,0,0,0,1,2,2,1,2,2,2,2,2,1,2,2,2,1,1,1,2,1,1,1,1,9,1,1,2,2,0,0,0,0,0,0,0,0,0,1,2,0,2,1,0,0,0,0,0,0,1,2,3,2,2,1,9,9,2,9,9,9,0,0,1.0,1,2,2,2,1,1,2,1,9,0,1,2,2,1,1,2,2,1,1,1,2
8749184,UTTARAKHAND,CHAMOLI,POKHARI,1,,,Khas Khal,Khal,Pokhari,4,3,6,8,1,246429,2,2,3,0,2,4,0,0,0,0,0,2,9,9,234,1,0,0,0,0,0,0,9,9,1993,1,2,2,2,2,0,0,1,3,1,1,1,4,2,1,3,0,1,2,1,1,1,0,0,1,1,0,0,1,2,2,1,2,2,2,2,2,1,2,2,2,2,1,2,1,1,1,1,1,9,1,1,1,1,0,0,0,0,0,0,0,0,0,2,9,0,0,3,0,0,0,0,0,0,1,2,3,2,1,1,9,9,9,9,9,9,0,0,1.0,1,1,1,2,1,1,1,1,1,0,1,1,4,1,1,2,2,1,1,1,1
1989257,UTTARAKHAND,CHAMOLI,DASHOLI,2,Chamoli Gopeshwar-Municipality,Chamoli Gopeshwar (MB) -Chamoli Chetrapaal Ward No.11,,,,1,3,1,5,1,246424,2,2,3,0,2,4,19,14,0,0,0,1,2,1,224,1,2,0,0,0,0,0,9,9,1999,1,2,9,2,2,0,13,1,3,1,0,1,2,1,0,2,0,1,2,1,1,1,0,0,0,0,0,0,1,2,2,1,2,2,2,2,2,1,2,2,2,2,1,1,2,1,1,2,1,9,1,1,1,2,0,0,0,0,0,0,0,0,0,2,9,0,3,2,0,0,0,0,0,0,1,2,3,2,1,1,9,9,2,9,9,9,22,22,1.0,1,1,1,2,1,1,1,1,9,0,1,1,2,1,1,2,2,1,1,1,1
2183882,UTTARAKHAND,CHAMOLI,Jyotirmath,1,,,Lanji,Pokhani,Joshimath,7,3,6,10,1,246472,2,2,3,0,2,4,19,14,0,2,0,2,9,9,221,1,0,0,0,0,0,0,9,9,2014,2,2,2,2,1,6,0,2,3,3,2,5,7,1,2,5,0,1,1,1,1,1,0,0,0,0,0,0,1,2,2,1,1,2,2,2,2,1,1,2,2,2,1,1,2,1,1,1,1,9,1,1,1,1,0,0,0,0,0,0,0,0,0,2,9,0,0,4,0,0,0,0,0,0,1,2,3,2,1,1,2,2,9,9,2,9,0,0,1.0,1,2,2,2,1,1,1,1,2,0,1,1,2,1,1,2,2,1,1,1,1
8146543,UTTARAKHAND,CHAMOLI,GAIRSAIN,1,,,Farson,Aagar,Gairsain,1,3,1,5,1,246428,2,2,3,0,2,4,19,14,0,0,0,1,2,1,224,1,0,0,0,0,0,0,9,9,2006,1,2,9,2,1,12,1,1,3,1,1,5,2,2,2,0,0,1,1,1,1,1,0,0,0,0,0,0,1,2,2,1,2,2,2,2,2,1,2,2,2,1,1,1,2,1,2,1,1,9,1,1,1,1,0,0,0,0,0,0,0,0,0,2,9,0,2,1,0,0,0,0,0,0,1,2,3,2,1,1,9,9,2,9,9,9,0,0,1.0,1,1,1,2,1,1,2,1,9,0,1,2,2,1,1,2,2,1,1,1,1
4642091,UTTARAKHAND,CHAMOLI,POKHARI,1,,,Raduva,Raduwa,Pokhari,5,3,6,12,1,246473,2,2,3,0,2,4,19,0,0,1,1,2,9,9,230,1,0,0,0,0,0,0,9,9,1935,1,1,2,2,1,3,50,1,3,7,3,7,14,9,6,1,7,1,2,2,1,1,0,0,0,0,4,2,1,2,2,1,1,2,2,2,2,1,1,2,2,1,1,1,1,1,1,1,1,9,1,1,1,1,2,2,2,3,4,2,4,4,2,1,1,0,0,5,0,1,0,1,2,2,1,1,1,2,1,1,2,2,9,9,2,2,0,0,1.0,1,1,1,1,1,1,1,1,1,20,1,1,3,1,1,2,2,1,1,1,1
9096696,UTTARAKHAND,CHAMOLI,POKHARI,1,,,Ali,Aali,Pokhari,1,3,1,5,1,246446,2,2,3,0,2,4,0,0,0,0,0,2,2,2,221,1,0,0,0,0,1,0,9,9,1930,2,2,9,2,1,9,0,1,3,1,1,1,4,1,4,0,0,1,2,2,1,1,0,0,0,0,0,0,1,2,2,1,2,2,2,2,2,1,2,2,2,2,1,1,2,1,1,1,1,9,1,1,1,1,0,0,0,0,0,0,0,0,0,2,9,0,1,0,0,0,0,0,0,1,1,2,3,2,1,1,9,9,2,9,9,9,0,0,1.0,1,1,1,2,1,1,1,1,9,0,1,1,2,1,1,2,2,1,1,1,2
3044422,UTTARAKHAND,CHAMOLI,GAIRSAIN,1,,,Pindawali,Pindwali,Gairsain,1,3,1,5,1,246440,2,2,3,0,2,4,0,0,0,0,0,2,2,2,234,1,0,0,0,0,0,0,9,9,1948,1,2,9,2,2,0,0,1,3,2,2,2,3,3,3,0,0,1,2,2,1,1,2,2,1,1,1,1,1,2,2,1,2,2,2,2,2,1,2,2,2,1,1,1,1,1,1,1,1,9,1,1,1,1,0,0,0,0,0,0,0,0,0,1,2,0,2,2,0,0,0,0,1,0,1,2,3,2,2,1,9,9,2,9,9,9,0,0,1.0,1,1,1,2,1,1,1,1,9,0,1,1,2,1,1,2,2,1,1,1,1
2342567,UTTARAKHAND,CHAMOLI,KARANPRAYAG,2,Karnaprayag-Municipality,Karnaprayag (NP) -Eda Badhaani Ward No.2,,,,1,3,1,5,1,246444,2,2,3,0,2,4,0,0,0,0,0,1,2,1,230,1,0,0,0,0,0,0,9,9,1999,1,2,9,2,2,0,2,1,3,2,1,1,2,1,0,0,2,2,1,1,1,1,0,0,0,0,0,0,1,2,2,1,2,2,2,2,2,1,2,2,2,2,1,1,2,1,1,1,1,9,1,2,9,1,0,0,0,0,0,0,0,0,0,2,9,0,1,1,0,0,0,0,0,0,1,2,3,2,1,1,9,9,2,9,9,9,6,0,1.0,1,1,1,2,1,1,1,1,9,0,1,1,2,1,1,2,2,1,1,1,1
8794652,UTTARAKHAND,CHAMOLI,THARALI,1,,,Trikot,Trikot,Tharali,1,3,1,5,1,246482,2,2,3,0,2,4,19,0,0,0,0,1,2,1,224,1,0,0,0,0,0,0,9,9,1993,1,2,9,2,2,0,0,1,3,1,1,2,2,1,2,0,0,1,1,1,1,1,0,0,0,0,0,1,1,2,2,1,2,2,2,2,2,1,2,2,2,2,1,1,2,1,1,1,1,9,1,1,1,1,0,0,0,0,0,0,0,0,0,2,9,0,2,1,0,0,0,0,0,0,1,2,3,2,1,1,9,9,2,9,9,9,0,0,1.0,1,2,1,2,1,1,1,1,9,0,1,1,3,1,1,2,2,1,1,1,1
9220297,UTTARAKHAND,CHAMOLI,KARANPRAYAG,1,,,Airwadi,Aeirwadi,Karnaprayag,1,3,1,5,1,246444,2,2,3,0,2,4,0,0,0,0,0,1,2,2,231,1,0,0,0,0,0,0,9,9,1942,1,2,9,2,2,0,4,1,3,1,1,2,2,1,2,0,0,1,1,0,1,1,0,0,0,0,0,0,1,2,2,1,2,2,2,2,2,1,2,2,2,2,1,1,2,1,1,1,1,9,1,1,1,2,0,0,0,0,0,0,0,0,0,2,9,0,2,1,0,0,0,0,0,0,1,2,3,2,1,1,9,9,2,9,9,9,12,12,1.0,1,1,1,2,1,1,1,1,9,0,1,1,2,1,1,2,2,1,1,1,1
3944765,UTTARAKHAND,CHAMOLI,DEWAL,1,,,Malla,Banudi,Dewal,1,3,1,5,1,246427,2,2,3,0,2,4,19,14,0,0,0,2,2,2,232,1,0,0,0,0,0,1,9,9,1995,1,2,9,2,2,0,1,1,3,1,1,2,2,2,2,0,0,1,1,1,1,1,0,0,0,0,1,0,1,2,2,1,2,2,2,2,2,1,2,2,2,2,1,1,2,1,2,1,1,9,1,1,2,1,0,0,0,0,0,0,0,0,0,2,9,0,1,1,0,0,0,0,0,0,1,1,3,2,1,1,9,9,2,9,9,9,6,0,1.0,1,1,1,2,1,1,1,1,9,0,1,1,1,1,1,2,2,1,1,1,1
4541834,UTTARAKHAND,CHAMOLI,NARAYANBAGAR,1,,,Sunabhi,Sunbhi,Narayanbagar,1,3,1,5,1,246453,2,2,3,0,2,4,0,0,0,0,0,1,2,1,230,1,0,0,1,0,0,0,9,9,1982,1,2,9,2,2,0,7,1,3,2,0,5,2,1,0,0,2,1,1,0,1,1,0,0,0,0,0,0,2,2,2,1,2,2,2,2,2,1,2,2,2,2,1,1,2,1,1,1,1,9,1,1,1,1,0,0,0,0,0,0,0,0,0,2,9,0,2,1,0,0,0,0,0,0,1,2,3,2,1,1,9,9,2,9,9,9,6,0,1.0,1,1,1,2,1,1,1,1,9,0,1,1,2,1,1,2,2,1,1,1,2
3369220,UTTARAKHAND,CHAMOLI,DASHOLI,1,,,Kunjonmaikot,Kujoun Maikot,Dasholi,1,3,1,5,1,246426,2,2,3,0,2,4,0,0,0,0,0,1,2,1,230,1,0,0,0,0,0,0,9,9,1952,1,2,9,2,2,0,3,2,3,2,2,1,4,4,4,0,0,1,1,1,1,1,0,0,0,0,0,0,1,2,2,1,2,2,2,2,2,1,2,2,2,2,1,1,2,1,1,1,1,9,1,1,1,1,0,0,0,0,0,0,0,0,0,2,9,0,2,1,0,0,0,0,0,0,1,2,3,2,1,1,9,9,2,9,9,9,0,0,2.0,1,1,1,2,1,1,1,1,9,0,1,1,3,1,1,2,2,1,1,1,1
1488198,UTTARAKHAND,CHAMOLI,GAIRSAIN,1,,,Pindawali,Pindwali,Gairsain,1,3,1,5,1,246440,2,2,3,0,2,4,0,0,0,0,0,2,2,1,226,1,0,0,0,0,0,1,9,9,2005,1,2,9,2,2,0,0,1,3,1,1,5,2,1,2,0,0,1,1,1,1,1,0,0,0,0,1,1,1,2,2,1,2,2,2,2,2,1,2,2,2,1,1,1,2,1,1,1,1,9,1,1,1,1,0,0,0,0,0,0,0,0,0,2,9,0,2,1,0,0,0,0,0,1,1,2,3,2,1,1,9,9,2,9,9,9,0,0,2.0,1,1,1,2,1,1,1,1,9,0,1,1,2,1,1,2,2,1,1,1,1
3162920,UTTARAKHAND,CHAMOLI,GAIRSAIN,1,,,Giratoli,Kaflodi,Gairsain,1,3,1,5,1,246487,2,2,3,0,2,4,19,14,0,0,0,2,2,2,225,1,0,0,0,1,1,0,9,9,1995,1,2,9,2,1,5,0,1,3,1,1,1,2,2,0,1,1,1,1,1,1,1,0,0,0,0,0,0,1,2,2,1,2,2,2,2,2,1,2,2,2,1,1,1,2,1,2,1,1,9,1,1,1,1,0,0,0,0,0,0,0,0,0,2,9,0,2,1,0,0,0,0,0,0,1,2,3,2,1,1,9,9,2,9,9,9,7,0,1.0,1,1,2,2,1,1,2,1,9,0,1,2,1,1,1,2,2,1,1,1,1
1063259,UTTARAKHAND,CHAMOLI,KARANPRAYAG,1,,,Bantoli,Bantoli,Karnaprayag,1,3,1,5,1,246449,2,2,3,0,2,4,19,14,0,0,0,2,2,2,0,1,0,0,0,1,0,1,9,9,1986,1,2,9,2,1,0,0,1,3,1,1,2,1,3,1,0,0,1,1,1,1,1,1,1,1,1,1,1,1,2,2,1,2,2,2,2,2,1,2,2,2,2,1,1,2,1,1,1,2,1,1,1,1,1,0,0,0,0,0,0,0,0,0,2,9,0,1,0,0,0,0,0,0,0,1,2,3,2,1,1,9,9,2,9,9,9,5,5,1.0,1,1,1,2,1,1,1,1,9,0,1,1,2,1,1,2,2,1,1,1,1
2614536,UTTARAKHAND,CHAMOLI,POKHARI,1,,,Pogatha,Pogtha,Pokhari,1,3,1,5,1,246442,2,2,3,0,2,4,19,0,0,0,0,1,2,1,236,1,0,0,0,0,0,0,9,9,2006,1,2,9,2,2,0,0,1,3,1,1,2,2,1,2,0,0,1,1,1,1,1,0,0,0,0,0,0,1,2,2,1,2,2,2,2,2,1,2,2,2,1,1,1,2,1,1,1,1,9,1,1,1,1,0,0,0,0,0,0,0,0,0,2,9,0,2,2,0,0,0,0,0,0,1,2,3,2,1,1,9,9,2,9,9,9,0,0,1.0,1,1,1,2,1,1,1,1,9,0,1,1,2,1,1,2,2,1,1,1,1
2821614,UTTARAKHAND,CHAMOLI,THARALI,1,,,Gugawa,Kakhada,Tharali,1,3,1,5,1,246481,2,2,3,0,2,4,19,14,0,0,0,1,2,2,223,1,0,0,0,0,0,0,9,9,1997,1,2,9,2,2,0,0,1,4,1,1,2,2,0,0,0,2,2,1,0,1,1,0,0,0,0,0,0,1,2,2,1,2,2,2,2,2,1,2,2,2,2,1,1,2,1,1,1,1,9,1,1,1,1,0,0,0,0,0,0,0,0,0,2,9,0,1,0,0,0,0,0,0,0,1,1,3,2,1,1,9,9,2,9,9,9,0,0,1.0,1,2,1,2,1,1,1,1,9,0,1,1,6,1,1,2,2,1,1,1,1
8532489,UTTARAKHAND,CHAMOLI,DASHOLI,1,,,Maithana,Maithana,Dasholi,1,3,1,5,1,246424,2,2,3,0,2,4,14,19,0,0,0,1,2,2,225,1,0,0,0,0,0,0,9,9,1999,1,2,9,2,2,0,0,1,3,1,1,2,3,1,0,0,3,1,1,1,2,2,0,0,1,1,0,0,1,2,2,1,2,2,2,2,2,1,2,2,2,2,1,1,2,1,2,1,1,9,1,1,1,1,0,0,0,0,0,0,0,0,0,2,9,0,2,1,0,0,0,0,0,0,1,2,1,1,1,1,9,9,2,9,9,9,0,0,1.0,1,1,1,2,1,1,1,1,9,0,1,2,3,1,1,2,2,1,1,1,1
3292053,UTTARAKHAND,CHAMOLI,GAIRSAIN,1,,,Kotha,Kota,Gairsain,1,3,1,5,1,246431,2,2,3,0,2,4,0,0,0,0,0,2,2,2,226,1,0,0,0,0,0,0,9,9,1998,1,2,9,2,2,0,0,1,3,1,1,1,3,1,3,0,0,1,1,1,1,1,0,0,0,0,0,0,1,2,2,1,2,2,2,2,2,1,2,2,2,1,1,1,2,1,1,1,1,9,1,1,1,1,0,0,0,0,0,0,0,0,0,2,9,0,2,0,0,0,0,0,0,0,1,2,3,2,2,1,9,9,2,9,9,9,0,0,1.0,1,1,1,2,1,1,1,1,9,0,1,1,5,1,1,2,2,1,1,1,1
4000266,UTTARAKHAND,CHAMOLI,NANDANAGAR,1,,,Nauna,Nauna Banala,Ghat,1,3,1,5,1,246449,2,2,3,0,2,4,19,14,0,0,0,2,2,1,229,1,0,0,0,0,1,0,9,9,1971,1,2,9,2,1,3,0,1,3,2,1,7,3,0,0,0,3,2,0,0,1,1,0,0,0,0,0,0,1,2,2,1,2,2,2,2,2,1,2,2,2,2,1,2,1,1,1,1,1,9,1,1,1,1,0,0,0,0,0,0,0,0,0,2,9,0,2,2,0,0,0,0,0,0,1,1,3,2,1,1,9,9,2,9,9,9,8,0,1.0,1,1,1,2,1,1,1,1,9,0,1,1,3,1,1,2,2,1,1,1,1
1851020,UTTARAKHAND,CHAMOLI,KARANPRAYAG,1,,,Dimar,Dimmar,Karnaprayag,4,3,6,8,5,246474,2,2,3,0,2,4,19,0,0,0,0,2,9,9,230,1,0,0,0,0,0,0,9,9,2004,9,2,2,2,9,0,0,9,1,1,1,1,6,6,6,0,0,1,1,1,1,1,0,0,0,0,1,1,1,2,2,1,2,2,2,2,2,1,2,2,2,2,1,1,2,1,1,1,1,9,1,2,9,1,0,0,0,0,0,0,0,0,0,1,9,0,0,10,0,1,0,0,1,1,1,1,3,2,1,1,9,9,9,9,9,9,0,0,,1,1,1,1,1,1,1,1,1,19,1,2,5,1,1,1,1,1,1,1,1
8480335,UTTARAKHAND,CHAMOLI,Jyotirmath,1,,,Bheta Chak Urgam,Bhenta,Joshimath,1,3,1,5,1,246443,2,2,3,0,2,4,14,19,0,0,0,2,2,1,0,1,0,0,0,0,0,0,9,9,1985,1,2,9,2,1,7,0,1,3,1,1,1,2,0,2,0,0,2,1,1,1,1,0,0,0,0,1,1,1,2,2,1,2,2,2,2,2,1,2,2,2,2,1,1,2,1,1,1,1,9,1,1,2,1,0,0,0,0,0,0,0,0,0,2,9,0,0,2,0,0,0,0,0,0,1,2,3,1,1,1,9,9,1,9,9,9,0,0,1.0,1,2,2,2,1,1,2,1,9,0,1,1,5,1,1,2,2,1,1,1,1
9259484,UTTARAKHAND,CHAMOLI,NARAYANBAGAR,1,,,Chirkhun,Chirkhun,Narayanbagar,1,3,1,5,1,246453,2,2,3,0,2,4,0,0,0,0,0,2,2,1,224,1,0,0,0,0,0,0,9,9,1978,1,2,9,2,2,0,0,1,3,1,1,5,2,2,2,0,0,1,0,0,1,1,0,0,0,0,0,0,1,2,2,1,2,2,2,2,2,1,2,2,2,3,1,1,2,1,1,1,1,9,1,1,2,1,0,0,0,0,0,0,0,0,0,2,9,0,0,1,0,0,0,0,0,0,1,2,3,2,2,1,9,9,2,9,9,9,2,2,2.0,1,1,1,2,1,1,2,1,9,0,1,1,6,1,1,2,2,1,1,1,2
2154740,UTTARAKHAND,CHAMOLI,DASHOLI,1,,,Gawar,Gwad,Dasholi,5,3,6,12,1,246401,2,2,3,0,2,4,0,0,0,2,2,1,9,9,220,1,0,0,0,0,0,0,9,9,1984,1,1,1,2,1,4,0,1,3,4,4,3,9,9,9,0,0,1,1,1,1,1,0,0,0,0,1,1,1,2,2,1,2,2,2,2,2,1,2,2,2,1,1,1,2,1,1,2,1,9,1,1,1,1,4,4,4,4,4,4,4,3,1,1,1,0,0,3,0,0,0,1,0,2,1,1,2,2,1,1,2,2,9,9,2,1,249,249,1.0,1,1,1,1,1,1,1,1,1,22,1,1,2,1,1,2,2,1,1,1,1
8560151,UTTARAKHAND,CHAMOLI,POKHARI,1,,,Danda,Danda Malla,Champawat,1,3,1,5,1,246473,2,2,3,0,2,4,19,14,0,0,0,2,2,2,227,1,0,0,0,0,0,2,9,9,1954,1,2,9,2,2,0,0,1,3,2,1,5,2,2,2,0,0,1,1,1,1,1,0,0,0,0,0,0,1,2,2,1,2,2,2,2,2,1,2,2,2,2,1,1,2,1,1,1,1,9,1,2,9,1,0,0,0,0,0,0,0,0,0,2,9,0,2,1,0,0,0,0,0,0,1,2,3,2,1,1,9,9,2,9,9,9,0,0,2.0,1,1,1,2,1,1,1,1,9,0,1,2,4,1,1,2,2,1,1,1,1
5586451,UTTARAKHAND,CHAMOLI,KARANPRAYAG,1,,,Bidoli,Kankhul Talla,Karnaprayag,4,3,6,8,1,246474,2,2,3,0,2,4,0,0,0,0,0,1,9,9,230,1,0,0,0,0,0,0,9,9,1997,1,2,1,2,2,0,1,1,3,1,1,1,2,3,2,0,0,1,1,1,1,1,0,0,0,0,0,0,1,2,2,1,2,2,2,2,2,1,2,2,2,2,1,1,2,1,1,1,1,9,1,1,1,1,0,0,0,0,0,0,0,0,0,2,9,0,0,0,0,0,0,0,0,0,1,2,3,2,2,1,9,9,9,9,9,9,3,0,1.0,1,1,1,2,1,1,1,1,2,0,1,1,2,1,1,2,2,1,1,1,1
1389802,UTTARAKHAND,CHAMOLI,KARANPRAYAG,1,,,Kaldu (Kaleshwar),Kaleshwar,Karnaprayag,4,3,6,8,1,246487,2,2,3,0,2,4,0,0,0,0,0,1,9,9,230,1,0,0,0,0,0,0,9,9,1997,1,2,2,2,2,0,15,1,3,1,1,2,3,2,0,0,3,1,1,1,1,1,0,0,0,0,0,0,1,2,2,1,2,2,2,2,2,1,2,2,2,2,1,1,2,1,1,1,1,9,1,1,1,1,0,0,0,0,0,0,0,0,0,2,9,0,0,2,0,0,0,0,0,0,1,2,3,2,1,1,9,9,9,9,9,9,27,0,1.0,1,1,1,2,1,1,1,1,1,20,1,1,2,1,1,2,2,1,1,1,1
3252030,UTTARAKHAND,CHAMOLI,GAIRSAIN,1,,,Gaul,Gol,Gairsain,4,3,6,8,1,246428,2,2,3,0,2,4,0,0,0,0,0,1,9,9,226,1,0,0,0,0,0,0,9,9,2004,1,2,2,2,2,0,14,1,3,1,1,7,3,2,3,0,0,1,2,2,2,2,1,1,0,0,1,1,1,2,2,1,2,2,2,2,2,1,2,2,2,1,1,1,2,1,1,1,1,9,1,1,1,1,0,0,0,0,0,0,0,0,0,1,2,0,0,6,0,0,0,0,1,2,1,2,3,2,1,1,9,9,9,9,9,9,0,0,1.0,1,1,1,2,1,1,1,1,2,0,1,1,2,1,1,2,2,1,1,1,1
5755365,UTTARAKHAND,CHAMOLI,GAIRSAIN,2,Gairsain-Town Panchayat,Gairsain (NP) -Gairsain Pashchimi Bhaag Ward No. 4,,,,5,2,6,12,1,246428,2,2,3,0,2,4,19,0,0,2,2,2,9,9,240,1,0,0,0,0,0,0,9,9,1989,1,2,2,2,2,0,10,1,3,3,3,5,7,2,5,2,0,2,0,0,4,4,0,0,0,0,0,4,1,2,2,1,2,2,2,2,2,1,2,2,2,1,1,1,2,1,1,1,2,1,1,2,9,1,4,4,4,4,4,4,4,4,4,1,1,0,0,10,0,0,0,1,0,3,1,1,3,2,2,1,2,2,9,9,2,2,50,67,1.0,1,1,1,1,1,1,2,1,1,92,1,1,4,1,1,2,3,1,1,1,1
7890253,UTTARAKHAND,CHAMOLI,NANDANAGAR,1,,,Khunana,Khunana,Ghat,4,3,6,8,1,246449,2,2,3,0,2,4,19,14,0,0,0,1,9,9,226,1,0,0,0,0,0,0,9,9,1986,1,2,2,2,2,0,13,1,3,1,1,2,3,0,3,0,0,2,1,1,1,1,0,0,0,0,0,0,1,2,2,1,2,2,2,2,2,1,2,2,2,2,1,1,2,1,1,1,1,9,1,1,1,1,0,0,0,0,0,0,0,0,0,1,2,0,0,6,0,0,0,0,0,1,1,2,3,2,2,1,9,9,9,9,9,9,0,0,1.0,1,1,1,2,1,1,1,1,1,2,1,1,1,1,1,2,2,1,1,1,1
2310885,UTTARAKHAND,CHAMOLI,NARAYANBAGAR,1,,,Sankot,Sankot,Narayanbagar,7,3,6,10,1,246455,2,2,3,0,2,4,19,14,0,2,0,2,9,9,0,1,0,0,0,0,0,0,9,9,1990,1,2,2,2,1,6,0,1,3,7,7,2,7,5,7,0,0,1,1,1,1,1,0,0,0,0,0,0,1,2,2,1,2,2,2,2,2,1,2,2,2,2,1,1,1,1,2,1,2,1,1,2,9,1,0,0,0,0,0,0,0,0,0,1,2,0,0,5,0,0,0,2,1,2,1,1,3,2,2,1,2,2,9,9,2,9,53,43,1.0,1,1,2,2,1,1,1,1,1,7,1,2,2,1,1,2,2,1,1,1,2
8498572,UTTARAKHAND,CHAMOLI,KARANPRAYAG,1,,,Nauti,Nauti,Karnaprayag,7,2,6,10,1,246487,2,2,3,0,2,4,14,19,0,2,0,1,9,9,225,1,0,0,0,0,0,0,9,9,1979,1,2,2,2,1,5,10,1,3,4,2,5,10,2,5,0,5,1,0,0,5,5,0,0,5,5,0,5,1,2,2,1,2,2,2,2,2,1,2,2,2,2,1,1,2,1,1,1,1,9,1,2,9,1,0,0,0,0,0,0,0,0,0,2,9,0,0,4,0,0,0,1,0,2,1,2,3,2,1,1,2,2,9,9,2,9,21,35,1.0,1,1,2,2,1,1,1,1,1,44,1,1,1,1,1,2,2,1,1,1,1
6719352,UTTARAKHAND,CHAMOLI,THARALI,1,,,Gerur,Gerud,Tharali,1,3,1,5,1,246481,2,2,3,0,2,4,19,0,0,0,0,1,2,1,225,1,0,0,1,0,0,1,9,9,1965,2,2,9,2,2,0,3,1,3,1,1,2,2,1,0,0,2,1,1,1,1,1,0,0,0,0,0,0,1,2,2,1,2,2,2,2,2,1,2,2,2,1,1,1,1,1,1,1,1,9,1,1,2,1,0,0,0,0,0,0,0,0,0,2,9,0,2,2,0,0,0,0,0,0,1,2,3,2,1,1,9,9,2,9,9,9,21,21,1.0,1,1,1,2,1,1,1,1,9,0,1,1,2,1,1,2,2,2,1,1,1
2247655,UTTARAKHAND,CHAMOLI,Jyotirmath,2,Joshimath-Municipality,Joshimath (MB) - Singhdhaar Ward No.4,,,,4,3,6,8,4,246443,2,2,3,0,2,4,19,0,0,0,0,2,9,9,224,1,0,0,0,0,0,0,9,9,1996,2,2,2,2,1,3,0,1,1,1,1,1,3,2,3,0,0,1,1,1,1,1,0,0,0,0,0,0,1,2,2,1,2,2,2,2,2,1,2,2,2,2,1,1,2,1,1,1,1,9,1,1,2,1,0,0,0,0,0,0,0,0,0,2,9,1,0,0,0,0,0,0,0,0,1,2,3,2,2,1,9,9,9,9,9,9,41,0,1.0,1,1,1,1,1,1,1,1,2,0,1,1,2,1,1,2,2,1,1,2,1
9102550,UTTARAKHAND,CHAMOLI,KARANPRAYAG,1,,,Jhirkoti,Jhirkoti,Karnaprayag,7,3,6,10,1,246429,2,2,3,0,2,4,0,0,0,2,0,1,9,9,230,1,0,0,0,0,0,0,9,9,2011,1,2,2,2,1,5,5,1,3,1,1,5,5,3,0,5,0,1,1,0,1,1,0,0,0,0,1,0,1,2,2,1,2,2,2,2,2,1,2,2,2,1,1,1,2,1,1,1,1,9,1,2,9,1,0,0,0,0,0,0,0,0,0,2,9,0,0,3,0,0,0,0,1,2,1,2,3,2,1,1,2,2,9,9,2,9,21,21,1.0,1,1,1,2,1,1,1,1,1,8,1,1,2,1,1,2,2,1,1,1,1
7869219,UTTARAKHAND,CHAMOLI,NARAYANBAGAR,1,,,Paithani,Paithani,Narayanbagar,1,3,1,5,1,246455,2,2,3,0,2,4,0,0,0,0,0,1,2,1,226,1,0,0,0,0,0,0,9,9,1948,1,2,9,2,2,0,0,1,3,1,1,1,2,1,2,0,0,1,1,1,1,1,0,0,0,0,0,0,1,2,2,1,2,2,2,2,2,1,2,2,2,2,1,1,2,1,1,1,1,9,1,1,1,1,0,0,0,0,0,0,0,0,0,2,9,0,2,1,0,0,0,0,0,0,1,2,3,2,1,1,9,9,2,9,9,9,0,0,1.0,1,2,2,2,1,2,2,1,9,0,1,2,6,1,1,2,2,1,1,1,2
4128417,UTTARAKHAND,CHAMOLI,KARANPRAYAG,1,,,Jhirkoti,Jhirkoti,Karnaprayag,1,3,1,5,1,246429,2,2,3,0,2,4,0,0,0,0,0,2,2,2,225,1,0,0,0,0,0,0,9,9,1945,1,2,9,2,2,0,2,1,3,3,3,1,2,1,2,0,0,1,1,1,1,1,0,0,0,0,0,0,1,2,2,1,2,2,2,2,2,1,2,2,2,2,1,1,2,1,1,1,1,9,1,1,1,1,0,0,0,0,0,0,0,0,0,2,9,0,2,0,0,0,0,0,0,0,1,2,3,2,1,1,9,9,2,9,9,9,0,0,1.0,1,1,1,2,1,1,1,1,9,0,1,1,2,1,1,2,2,1,1,1,1
4854129,UTTARAKHAND,CHAMOLI,THARALI,1,,,Jola,Joula Budjola,Tharali,1,3,1,5,1,246482,2,2,3,0,2,4,0,0,0,0,0,2,2,2,224,1,0,0,0,0,0,0,9,9,1999,1,2,9,2,2,0,4,1,3,1,1,7,2,1,2,0,0,1,2,2,2,2,0,0,0,0,0,0,1,2,2,1,2,2,2,2,2,1,2,2,2,2,1,1,3,1,1,1,1,9,1,1,1,1,0,0,0,0,0,0,0,0,0,2,9,0,1,2,0,0,0,0,0,0,1,2,3,2,2,1,9,9,2,9,9,9,10,0,1.0,1,2,1,2,1,1,1,1,9,0,1,1,2,1,1,2,2,1,1,1,1
4661408,UTTARAKHAND,CHAMOLI,THARALI,1,,,Bunga,Kuridhar,Sult,1,3,1,5,1,246481,2,2,3,0,2,4,0,0,0,0,0,2,2,1,223,1,0,0,0,0,0,0,9,9,2005,2,2,9,2,1,0,5,1,3,1,1,2,2,1,0,1,1,1,1,1,1,1,0,0,0,0,0,0,1,2,2,1,1,2,2,2,2,1,1,2,2,1,1,1,2,1,1,1,1,9,1,1,1,1,0,0,0,0,0,0,0,0,0,1,2,0,0,1,2,0,0,0,0,0,1,2,3,2,1,1,9,9,2,9,9,9,0,0,1.0,1,1,1,2,1,1,1,1,9,0,1,1,3,1,1,2,2,1,1,1,1
5406305,UTTARAKHAND,CHAMOLI,GAIRSAIN,1,,,Taituna,Teituda,Gairsain,1,3,1,5,1,246486,2,2,3,0,2,4,19,14,0,0,0,2,2,2,230,1,0,0,0,0,1,2,9,9,1970,1,2,9,2,2,0,0,1,3,1,0,6,2,2,0,0,2,2,3,2,1,1,1,1,0,0,0,0,1,2,2,1,2,2,2,2,2,1,2,2,2,1,1,1,2,1,1,1,1,9,1,1,1,2,0,0,0,0,0,0,0,0,0,1,2,0,2,1,0,0,0,0,0,0,1,1,3,2,2,1,9,9,2,9,9,9,0,0,1.0,1,1,1,2,1,1,1,1,9,0,1,1,6,1,1,2,2,1,1,1,1
9911458,UTTARAKHAND,CHAMOLI,Jyotirmath,1,,,Jalam,Jelam,Joshimath,1,3,1,5,1,246443,2,2,3,0,2,4,19,14,0,0,0,1,2,1,223,1,0,0,0,0,0,1,9,9,1984,2,2,9,2,2,0,10,2,3,2,2,1,2,1,2,0,0,1,1,1,1,1,0,0,0,0,2,1,1,2,1,1,2,2,2,2,1,1,2,2,2,2,1,1,2,1,1,2,1,9,1,1,1,1,0,0,0,0,0,0,0,0,0,2,9,0,1,1,0,0,0,0,0,0,1,2,3,2,1,1,9,9,2,9,9,9,10,10,1.0,1,2,2,2,1,1,1,1,9,0,1,1,1,1,2,2,2,1,1,1,1
4843996,UTTARAKHAND,CHAMOLI,DASHOLI,1,,,Khainuri,Khainuri,Dasholi,1,3,1,5,1,246424,2,2,3,0,2,4,14,19,0,0,0,1,2,2,222,1,0,0,0,0,0,0,9,9,1956,1,2,9,2,2,0,0,1,3,1,0,1,2,2,2,0,0,1,1,1,1,1,1,1,0,0,0,0,1,2,2,1,2,2,2,2,2,1,2,2,2,2,1,1,2,1,1,1,1,9,1,1,1,1,0,0,0,0,0,0,0,0,0,2,9,0,1,1,0,0,0,0,0,0,1,2,3,2,2,1,9,9,2,9,9,9,0,0,1.0,1,1,1,2,1,1,1,1,9,0,1,1,1,1,1,2,2,1,1,1,1
2258670,UTTARAKHAND,CHAMOLI,Jyotirmath,2,Joshimath-Municipality,Joshimath (MB) - Sunil Ward No.7,,,,1,3,1,5,1,246443,2,2,3,0,2,4,19,14,0,0,0,1,2,2,230,1,0,0,0,0,3,1,9,9,1967,1,2,9,2,1,8,0,1,3,3,3,1,3,3,3,0,0,1,1,0,1,1,1,0,0,0,0,0,1,2,2,1,2,2,2,2,2,1,2,2,2,2,1,1,2,1,2,2,1,9,1,1,1,1,0,0,0,0,0,0,0,0,0,2,9,0,2,1,0,0,0,0,0,0,1,2,3,1,2,1,9,9,2,9,9,9,28,28,1.0,1,2,2,2,1,1,1,1,9,0,1,1,2,1,1,2,2,1,1,1,1
5905077,UTTARAKHAND,CHAMOLI,KARANPRAYAG,1,,,Kanda Maikhura,Kanda Maikhura,Karnaprayag,1,3,1,5,1,246446,2,2,3,0,2,4,19,14,0,0,0,2,2,1,230,1,0,0,0,0,0,0,9,9,1946,1,2,9,2,2,0,3,1,3,1,1,5,1,0,1,0,0,2,1,1,1,1,1,1,0,0,0,0,1,2,2,1,2,2,2,2,2,1,2,2,2,2,1,1,2,1,1,1,1,9,1,1,1,2,0,0,0,0,0,0,0,0,0,2,9,0,2,1,0,0,0,0,0,0,1,2,3,2,1,1,9,9,2,9,9,9,5,5,1.0,1,1,1,2,1,1,1,1,9,0,1,1,1,1,1,2,2,1,1,1,1
1963130,UTTARAKHAND,CHAMOLI,KARANPRAYAG,1,,,Kwagar Lagga Top,Bhatoli Ujjwalpur,Karnaprayag,1,3,1,5,1,246444,2,2,3,0,2,4,19,14,0,0,0,2,2,2,230,1,0,0,0,0,0,0,9,9,1931,1,2,9,2,2,0,2,1,3,1,1,7,2,1,2,0,0,1,1,1,1,1,0,0,0,0,0,0,1,2,2,1,2,2,2,2,2,1,2,2,2,2,1,1,2,1,1,1,1,9,1,1,1,2,0,0,0,0,0,0,0,0,0,2,9,0,1,1,0,0,0,0,0,0,1,2,3,2,1,1,9,9,2,9,9,9,7,7,1.0,1,1,1,2,1,1,1,1,9,0,1,1,1,1,1,2,2,1,1,1,1
1738465,UTTARAKHAND,CHAMOLI,NARAYANBAGAR,1,,,Chhenkuda,Chhekura,Narayanbagar,1,3,1,5,1,246455,2,2,3,0,2,4,19,0,0,0,0,2,2,1,225,1,0,0,1,0,0,0,9,9,1986,1,2,9,2,2,0,3,1,3,2,2,5,3,1,0,2,1,1,1,1,1,1,0,0,0,0,0,0,1,2,2,1,2,2,2,2,2,1,2,2,2,2,1,1,2,1,1,1,1,9,1,1,1,1,0,0,0,0,0,0,0,0,0,2,9,0,2,1,0,0,0,0,0,0,1,2,3,2,1,1,9,9,2,9,9,9,8,8,1.0,1,1,1,2,1,1,1,1,9,0,1,1,6,1,1,2,2,1,1,1,1
6004269,UTTARAKHAND,CHAMOLI,POKHARI,1,,,Jhiloti,Jhiloti,Pokhari,1,3,1,5,1,246446,2,2,3,0,2,4,19,14,0,0,0,2,2,1,225,1,0,0,0,0,0,1,9,9,1953,1,2,9,2,2,0,4,1,3,1,1,1,2,1,2,0,0,1,1,1,1,1,0,0,0,0,0,0,1,2,2,1,2,2,2,2,2,1,2,2,2,2,1,1,2,1,1,1,1,9,1,1,1,1,0,0,0,0,0,0,0,0,0,2,9,0,2,1,0,0,0,0,0,0,1,2,3,2,2,1,9,9,2,9,9,9,0,0,1.0,1,1,1,2,1,1,1,1,9,0,1,1,3,1,1,2,2,2,1,1,1
3953329,UTTARAKHAND,CHAMOLI,KARANPRAYAG,2,Karnaprayag-Municipality,Karnaprayag (NP) -Eda Badhaani Ward No.2,,,,1,3,1,5,1,246444,2,2,3,0,2,4,19,14,0,0,0,1,2,2,223,1,0,0,0,0,0,0,9,9,1998,1,2,9,2,2,0,3,1,3,1,1,2,2,1,2,0,0,1,1,1,1,1,0,0,0,0,0,0,1,2,2,1,2,2,2,2,2,1,2,2,2,2,1,1,2,1,1,1,1,9,1,1,1,1,0,0,0,0,0,0,0,0,0,2,9,0,1,1,0,0,0,0,0,0,1,2,3,2,2,1,9,9,2,9,9,9,0,0,1.0,1,1,1,2,1,1,1,1,9,0,1,1,1,1,1,2,2,1,1,1,1
1758912,UTTARAKHAND,CHAMOLI,GAIRSAIN,1,,,Saring Gaon,Diwadhar,Gairsain,1,3,1,5,1,246486,2,2,3,0,2,4,19,14,0,0,0,2,2,1,223,1,0,0,0,0,0,0,9,9,1972,2,2,9,2,1,5,0,1,3,1,1,1,2,1,0,2,0,1,1,1,1,1,0,0,0,0,0,0,1,2,2,1,2,2,2,2,2,1,2,2,2,2,1,1,2,1,1,1,1,9,1,1,1,1,0,0,0,0,0,0,0,0,0,2,9,0,1,1,0,0,0,0,0,0,1,2,3,2,2,1,9,9,2,9,9,9,0,0,1.0,1,1,1,2,1,1,1,1,9,0,2,2,3,1,1,2,2,1,1,1,1
5274148,UTTARAKHAND,CHAMOLI,NARAYANBAGAR,1,,,Narayan Bagad,Narayan Bagar,Narayanbagar,6,3,1,10,5,246455,2,2,3,0,2,4,0,0,0,2,0,2,1,9,0,1,1,0,0,0,0,0,9,9,1986,9,2,2,2,9,0,0,9,1,1,1,1,10,9,10,0,0,1,2,2,2,2,0,0,0,0,2,2,1,2,2,1,2,2,2,2,2,1,2,2,2,2,1,1,2,1,1,1,1,9,1,2,9,1,0,0,0,0,0,0,0,0,0,1,9,0,0,9,0,0,0,0,0,1,1,2,3,2,1,2,2,2,2,9,2,9,0,0,,1,1,1,1,1,1,2,1,2,0,1,2,6,1,1,1,1,1,1,1,2
6726230,UTTARAKHAND,CHAMOLI,DASHOLI,2,PIPALKOTI-Town Panchayat,Peepalkoti (NP)- Batula-Mayapur Ward No.4,,,,2,3,1,8,5,246472,2,2,3,0,2,4,19,0,0,0,0,1,1,9,220,1,4,3,1,2,0,0,9,9,2000,9,2,2,2,9,0,0,9,1,1,1,1,8,8,8,0,0,1,1,1,1,1,0,0,0,0,1,0,1,2,2,1,2,2,2,2,2,1,2,2,2,2,1,1,2,1,2,1,1,9,1,1,1,1,0,0,0,0,0,0,0,0,0,2,9,0,0,2,0,0,0,0,0,1,1,2,3,2,2,2,9,9,2,9,9,9,0,0,,1,1,1,1,1,1,1,1,2,0,1,1,1,1,1,1,1,1,1,1,1
8326723,UTTARAKHAND,CHAMOLI,NARAYANBAGAR,1,,,Bunga,Boonga,Narayanbagar,1,3,1,5,1,246455,2,2,3,0,2,4,19,14,0,0,0,2,2,1,226,1,0,0,0,0,0,0,9,9,2005,1,2,9,2,2,0,1,1,3,1,1,1,2,1,2,0,0,1,1,1,1,1,0,0,0,0,0,0,1,2,2,1,2,2,2,2,2,1,2,2,2,2,1,1,2,1,1,1,1,9,1,1,1,2,0,0,0,0,0,0,0,0,0,2,9,0,2,1,0,0,0,0,0,0,1,2,3,2,2,1,9,9,2,9,9,9,13,0,1.0,1,1,1,2,1,1,1,1,9,0,1,1,6,1,1,2,2,1,1,1,2
7281157,UTTARAKHAND,CHAMOLI,NARAYANBAGAR,1,,,Kevar Talla,Kewar Malla,Narayanbagar,1,3,1,5,5,246455,2,2,3,0,2,19,4,0,0,0,0,2,1,9,227,1,0,0,0,0,0,0,9,9,2002,9,2,9,2,9,0,0,9,1,1,1,1,7,7,7,0,0,1,1,1,1,1,0,0,0,0,1,1,1,2,2,1,2,2,2,2,2,1,2,2,2,2,1,1,2,1,1,2,1,9,1,2,9,1,0,0,0,0,0,0,0,0,0,1,9,0,0,1,0,0,0,0,0,1,1,2,3,2,1,2,9,9,2,9,9,9,0,0,,1,1,2,1,1,1,2,1,9,0,1,2,4,1,2,2,2,2,1,1,1
2118344,UTTARAKHAND,CHAMOLI,GAIRSAIN,1,,,Devpuri,Devpuri,Gairsain,1,3,1,5,1,246486,2,2,3,0,2,4,19,14,0,0,0,2,2,1,225,1,0,0,0,0,0,0,9,9,1965,1,2,9,2,2,0,4,1,3,1,1,5,3,1,3,0,0,1,1,1,1,1,0,0,0,0,0,0,1,2,2,1,2,2,2,2,2,1,2,2,2,1,1,1,2,1,1,1,1,9,1,1,1,1,0,0,0,0,0,0,0,0,0,1,2,0,2,1,0,0,0,0,0,0,1,1,3,2,1,1,9,9,2,9,9,9,0,0,1.0,1,1,2,2,1,1,2,1,9,0,1,1,1,1,1,2,2,1,1,1,1
2465804,UTTARAKHAND,CHAMOLI,NANDANAGAR,1,,,Sarpani,Sarpani,Ghat,7,3,6,10,1,246435,2,2,3,0,2,4,0,0,0,2,0,2,9,9,226,1,0,0,0,0,0,0,9,9,2005,1,2,2,2,1,0,0,2,3,1,1,5,5,2,5,0,0,1,1,0,1,1,0,0,0,0,0,0,1,2,2,1,2,2,2,2,2,1,2,2,2,2,1,1,2,1,1,1,1,9,1,2,9,1,0,0,0,0,0,0,0,0,0,1,2,0,0,4,0,0,0,2,0,1,1,2,3,1,2,1,2,2,9,9,2,9,0,0,1.0,1,1,1,2,1,1,1,1,1,33,1,1,1,1,1,2,3,1,1,1,1
2325909,UTTARAKHAND,CHAMOLI,THARALI,1,,,Kulsari,Kulsari,Tharali,2,3,1,8,5,246481,2,2,3,0,2,19,4,0,0,0,0,1,1,9,230,1,4,3,0,0,0,0,9,9,2006,9,2,2,2,9,0,0,9,1,2,2,3,12,7,12,0,0,1,2,2,2,2,0,0,0,0,1,1,1,2,2,1,2,2,2,2,2,1,2,2,2,2,1,1,1,1,1,1,1,9,1,1,1,1,0,0,0,0,0,0,0,0,0,2,9,0,0,12,0,0,0,1,1,1,1,2,3,2,1,2,9,9,2,9,9,9,0,0,,1,2,2,1,1,1,1,1,2,0,1,1,6,1,1,2,2,2,1,1,2
2995074,UTTARAKHAND,CHAMOLI,DASHOLI,1,,,Kamyar,Salla Retoli,Dasholi,4,3,6,8,1,246472,2,2,3,0,2,4,19,14,0,0,0,2,9,9,228,1,0,0,0,0,0,0,9,9,2009,1,2,2,2,2,0,0,1,3,1,1,5,3,3,0,0,3,1,1,1,1,1,0,0,0,0,0,0,1,2,2,1,2,2,2,2,2,1,2,2,2,1,1,1,2,1,1,1,1,9,1,1,1,1,0,0,0,0,0,0,0,0,0,2,9,0,0,0,0,0,0,0,0,0,1,2,3,2,1,1,9,9,9,9,9,9,0,0,2.0,1,1,1,2,1,1,1,1,2,0,1,1,1,1,1,2,2,1,1,1,1
2548990,UTTARAKHAND,CHAMOLI,NARAYANBAGAR,1,,,Kaub,Kaub,Narayanbagar,5,3,6,12,1,246455,2,2,3,0,2,4,0,0,0,2,2,2,9,9,228,1,0,0,0,0,0,0,9,9,1985,1,2,2,2,1,8,30,1,3,9,1,5,9,2,0,9,0,1,1,1,1,1,0,0,0,0,1,1,1,2,2,1,2,2,2,2,2,1,2,2,2,2,1,1,2,1,1,1,1,9,1,1,1,1,4,4,4,4,4,4,4,4,4,2,9,0,0,5,0,0,0,3,1,1,1,2,3,2,1,1,2,2,9,9,2,2,0,0,1.0,1,1,1,2,1,1,1,1,1,34,1,1,2,1,1,2,2,1,1,1,1
8268540,UTTARAKHAND,CHAMOLI,DEWAL,1,,,Harmal,Harmal,Dewal,4,3,6,8,1,246427,2,2,3,0,2,4,19,14,0,0,0,2,9,9,238,1,0,0,0,0,0,0,9,9,1985,1,2,2,2,2,0,2,1,3,1,1,2,3,1,1,1,1,1,1,1,1,1,0,0,0,0,0,0,1,2,2,1,2,2,2,2,2,1,2,2,2,1,1,1,1,1,1,2,1,9,1,1,2,1,0,0,0,0,0,0,0,0,0,2,9,0,0,0,0,0,0,0,0,0,2,2,2,2,2,1,9,9,9,9,9,9,3,0,1.0,1,1,1,2,1,1,2,1,2,0,1,2,3,1,1,2,2,1,1,2,2
3412381,UTTARAKHAND,CHAMOLI,DEWAL,1,,,Suiyya,Suieya,Dewal,4,3,6,8,1,246427,2,2,3,0,2,4,19,0,0,0,0,2,9,9,225,1,0,0,0,0,0,0,9,9,1993,1,2,2,2,1,6,0,1,3,1,1,2,3,1,0,3,0,1,1,1,1,1,0,0,0,0,0,0,1,2,2,1,2,2,2,2,2,1,2,2,2,2,1,1,1,1,1,1,1,9,1,1,1,2,0,0,0,0,0,0,0,0,0,2,9,0,0,7,0,0,0,0,1,3,1,2,3,2,1,1,9,9,9,9,9,9,7,7,1.0,1,1,1,2,1,2,1,1,1,12,1,1,1,1,1,2,2,1,1,1,1
6894529,UTTARAKHAND,CHAMOLI,NANDANAGAR,1,,,Sema,Sema,Ghat,4,3,6,8,1,246449,2,2,3,0,2,4,19,14,0,0,0,2,9,9,240,1,0,0,0,0,0,0,9,9,1997,1,2,2,2,2,0,0,1,3,1,0,2,5,2,3,2,0,1,1,1,1,1,0,0,0,0,0,0,1,2,2,1,2,2,2,2,2,1,2,2,2,2,1,1,2,1,1,1,1,9,1,1,1,2,0,0,0,0,0,0,0,0,0,2,9,0,0,3,0,3,0,0,0,1,1,2,3,2,1,1,9,9,9,9,9,9,84,84,1.0,1,1,2,2,1,1,1,1,1,19,1,1,1,1,1,2,2,1,1,1,1
3848816,UTTARAKHAND,CHAMOLI,DASHOLI,1,,,Ropa,Ropa,Dasholi,4,3,6,8,1,246424,2,2,3,0,2,4,14,19,0,0,0,1,9,9,223,1,0,0,0,0,0,0,9,9,1988,1,2,2,2,2,0,0,1,3,1,1,2,3,3,2,1,0,1,1,1,1,1,0,0,0,0,0,0,1,2,2,1,2,2,2,2,2,1,2,2,2,2,1,1,2,1,2,2,1,9,1,1,1,1,0,0,0,0,0,0,0,0,0,2,9,0,0,2,0,0,0,0,0,1,1,2,3,2,1,1,9,9,9,9,9,9,21,0,1.0,1,1,1,2,1,1,1,1,2,0,1,1,1,1,1,2,2,1,1,1,1
7214177,UTTARAKHAND,CHAMOLI,KARANPRAYAG,1,,,Kharkholi,Khadgoli,Karnaprayag,1,3,1,5,1,246449,2,2,3,0,2,4,19,14,0,0,0,2,2,2,222,1,0,0,0,0,0,0,9,9,1998,1,2,9,2,1,10,0,1,3,1,1,5,2,1,2,0,0,1,1,1,1,1,0,0,0,0,0,0,1,2,2,1,2,2,2,2,2,1,2,2,2,2,1,1,2,1,1,1,2,1,1,1,1,1,0,0,0,0,0,0,0,0,0,1,2,0,0,1,0,0,0,0,0,0,1,2,3,2,2,1,9,9,2,9,9,9,0,0,1.0,1,1,1,2,1,1,1,1,9,0,1,1,1,1,1,2,2,1,1,1,1
3144363,UTTARAKHAND,CHAMOLI,DASHOLI,1,,,Syuna,Syuna,Dasholi,1,3,1,5,1,246472,2,2,3,0,2,4,19,14,0,0,0,1,2,2,228,1,0,0,0,0,0,4,9,9,1953,1,2,9,2,2,0,0,1,3,1,1,2,2,0,0,2,0,2,1,0,1,0,0,0,0,0,0,0,1,2,2,1,2,2,2,2,2,1,2,2,2,2,1,1,2,1,1,1,1,9,1,2,9,1,0,0,0,0,0,0,0,0,0,2,9,0,2,1,0,0,0,0,0,0,1,2,3,2,1,1,9,9,2,9,9,9,0,0,1.0,1,1,1,2,1,1,1,1,9,0,1,2,6,1,1,2,2,1,1,1,1
6429263,UTTARAKHAND,CHAMOLI,Jyotirmath,1,,,Payya Chormi,Baragaon,Joshimath,1,3,1,5,1,246443,2,2,3,0,2,4,19,14,0,0,0,2,2,1,225,1,0,0,0,0,0,0,9,9,1978,2,2,9,2,1,5,2,2,3,2,2,2,2,2,2,0,0,1,1,1,1,1,0,0,0,0,0,0,1,2,2,1,2,2,2,2,2,1,2,2,2,2,1,1,2,1,1,1,1,9,1,1,1,2,0,0,0,0,0,0,0,0,0,2,9,0,1,0,0,0,0,0,0,0,1,2,3,2,1,1,9,9,2,9,9,9,0,0,1.0,1,1,1,2,1,1,2,1,9,0,2,2,6,1,1,2,2,1,1,1,1
6814163,UTTARAKHAND,CHAMOLI,THARALI,1,,,Dharwaram,Dharbaram,Tharali,1,3,1,5,1,246481,2,2,3,0,2,4,19,14,0,0,0,1,2,1,226,1,0,0,0,0,0,0,9,9,1998,1,2,9,2,2,0,4,1,3,1,1,2,2,1,2,0,0,1,1,0,2,0,0,0,0,0,0,0,1,2,2,1,2,2,2,2,2,1,2,2,2,2,1,1,2,1,1,1,1,9,1,1,1,1,0,0,0,0,0,0,0,0,0,2,9,0,2,1,0,0,0,0,0,1,1,2,3,2,1,1,9,9,2,9,9,9,20,20,1.0,1,2,1,2,1,1,1,1,9,0,1,1,1,1,1,2,2,1,1,1,1
3323376,UTTARAKHAND,CHAMOLI,Jyotirmath,1,,,Lata,Lata,Joshimath,1,3,1,5,1,246443,2,2,3,0,2,4,19,14,0,0,0,2,2,1,223,1,0,0,0,0,0,0,9,9,1985,1,2,9,2,1,0,1,2,3,1,0,5,2,2,0,2,0,1,1,1,1,1,0,0,0,0,0,0,1,2,2,1,2,2,2,2,2,1,2,2,2,2,1,1,2,1,1,1,1,9,1,1,1,2,0,0,0,0,0,0,0,0,0,2,9,0,1,1,0,0,0,0,0,0,1,2,3,1,1,1,9,9,2,9,9,9,0,0,2.0,1,1,2,2,1,1,1,1,9,0,1,1,1,1,1,2,2,1,1,1,1
1126996,UTTARAKHAND,CHAMOLI,GAIRSAIN,1,,,Kotha,Kota,Gairsain,1,3,1,5,1,246431,2,2,3,0,2,4,19,14,0,0,0,2,2,1,224,1,0,0,0,0,0,0,9,9,1992,1,2,9,2,2,0,3,1,3,1,0,5,2,1,0,0,2,1,1,1,1,1,0,0,0,0,0,0,1,2,2,1,2,2,2,2,2,1,2,2,2,2,1,1,2,1,1,1,1,9,1,1,1,2,0,0,0,0,0,0,0,0,0,2,9,0,2,1,0,0,0,0,0,0,1,2,3,2,1,1,9,9,2,9,9,9,0,0,1.0,1,1,2,2,1,1,2,1,9,0,1,2,2,1,1,2,2,1,1,1,1
1797898,UTTARAKHAND,CHAMOLI,Jyotirmath,1,,,Dwing,Dwing Tapaun,Joshimath,1,3,1,5,1,246472,2,2,3,0,2,4,19,14,0,0,0,2,2,1,227,1,0,0,0,0,0,0,9,9,1986,1,2,9,2,1,3,0,1,3,1,0,5,2,1,0,0,2,1,1,1,1,1,0,0,0,0,0,0,1,2,2,1,2,2,2,2,2,1,2,2,2,2,1,1,2,1,2,1,1,9,1,1,1,1,0,0,0,0,0,0,0,0,0,2,9,0,0,1,0,0,0,0,0,0,1,2,3,1,1,1,9,9,2,9,9,9,4,0,1.0,1,2,2,2,1,1,1,1,9,0,1,2,1,1,1,2,2,1,1,1,1
7507974,UTTARAKHAND,CHAMOLI,DEWAL,1,,,Palwara Laga Odar,Palwara,Dewal,1,3,1,5,1,246427,2,2,3,0,2,4,0,0,0,0,0,2,2,1,220,1,0,0,1,0,3,3,9,9,1984,2,2,9,2,1,4,0,1,3,1,1,2,2,1,0,0,2,1,1,1,1,1,0,0,0,0,0,0,1,2,2,1,2,2,2,2,2,1,2,2,2,2,1,1,2,1,2,1,2,2,1,1,1,1,0,0,0,0,0,0,0,0,0,2,9,0,1,1,0,0,0,0,0,0,2,2,3,2,2,1,9,9,2,9,9,9,0,0,1.0,1,1,1,2,1,1,1,2,9,0,2,2,3,1,1,2,2,1,1,1,2
8296114,UTTARAKHAND,CHAMOLI,POKHARI,1,,,Kalsir,Kalsir,Pokhari,1,3,1,5,1,246473,2,2,3,0,2,4,19,14,0,0,0,2,2,2,227,1,0,0,0,0,0,0,9,9,1996,1,2,9,2,2,0,0,1,3,2,2,5,2,2,2,0,0,1,1,1,1,1,0,0,0,0,1,1,1,2,2,1,2,2,2,2,2,1,2,2,2,2,1,1,2,1,1,2,1,9,1,1,1,1,0,0,0,0,0,0,0,0,0,2,9,0,1,1,0,0,0,0,0,0,1,2,3,2,1,1,9,9,2,9,9,9,0,0,1.0,1,1,1,2,1,1,1,1,9,0,1,2,2,1,1,2,2,1,1,1,1
3413183,UTTARAKHAND,CHAMOLI,GAIRSAIN,1,,,Andrapa,Andrapa,Gairsain,1,3,1,5,1,246428,2,2,3,0,2,4,19,14,0,0,0,2,2,2,230,1,0,0,0,0,0,0,9,9,1953,2,2,9,2,2,0,7,1,3,1,1,5,3,0,1,1,1,2,1,1,1,0,0,0,0,0,0,0,1,2,2,1,2,2,2,2,2,1,2,2,2,2,1,1,2,1,2,1,1,9,1,1,1,1,0,0,0,0,0,0,0,0,0,1,2,0,2,1,0,0,0,0,0,0,1,2,3,2,1,1,9,9,2,9,9,9,0,0,1.0,1,1,2,2,1,1,1,1,9,0,1,1,3,1,1,2,2,1,1,1,1
2494514,UTTARAKHAND,CHAMOLI,Jyotirmath,1,,,Pagnau,Pagno,Joshimath,1,3,1,5,1,246472,2,2,3,0,2,4,19,14,0,0,0,2,2,2,226,1,0,0,0,0,1,0,9,9,1959,1,2,9,2,1,11,0,1,4,1,0,6,1,0,1,0,0,2,0,0,1,1,0,0,0,0,0,0,1,2,2,1,2,2,2,2,2,1,2,2,2,2,1,2,2,1,1,2,2,2,1,1,1,1,0,0,0,0,0,0,0,0,0,2,9,0,1,1,0,0,0,0,0,0,1,2,3,2,2,1,9,9,2,9,9,9,0,0,1.0,1,1,1,2,1,1,1,1,9,0,1,2,1,1,2,2,2,1,1,1,1
1659652,UTTARAKHAND,CHAMOLI,Jyotirmath,1,,,Salud,Salud Dungra,Joshimath,1,3,1,5,1,246443,2,2,3,0,2,4,19,14,18,0,0,2,2,2,224,1,0,0,0,0,2,1,9,9,2007,1,2,9,2,1,8,0,1,3,1,0,1,2,1,0,0,2,1,1,1,1,1,0,0,0,0,0,0,1,2,2,1,2,2,2,2,2,1,2,2,2,2,1,1,2,1,1,1,1,9,1,1,1,2,0,0,0,0,0,0,0,0,0,2,9,0,2,1,0,0,0,0,0,0,2,2,3,2,1,1,9,9,2,9,9,9,0,0,1.0,1,1,1,2,1,1,1,1,9,0,1,1,1,1,1,2,2,1,1,1,1
8402256,UTTARAKHAND,CHAMOLI,Jyotirmath,2,Joshimath-Municipality,Joshimath (MB) - Sunil Ward No.7,,,,1,3,1,5,1,246443,2,2,3,0,2,4,19,14,0,0,0,1,2,2,226,1,0,0,1,0,0,0,9,9,1993,1,2,9,2,1,10,4,1,3,2,0,3,2,1,2,0,0,1,1,1,1,1,0,0,0,0,0,0,1,2,2,1,2,2,2,2,2,1,2,2,2,2,1,1,2,1,1,1,1,9,1,1,2,1,0,0,0,0,0,0,0,0,0,2,9,0,2,1,0,0,0,0,0,0,1,2,3,2,1,1,9,9,2,9,9,9,0,0,2.0,1,1,1,2,1,1,1,1,9,0,1,1,5,1,1,2,2,1,1,1,1
6846802,UTTARAKHAND,CHAMOLI,DEWAL,1,,,Balan Chack Bhrikuti,Balan,Dewal,1,3,1,5,1,246427,2,2,3,0,2,4,0,0,0,0,0,2,2,2,220,1,1,1,0,0,0,0,9,9,2003,1,2,9,2,1,6,0,1,3,1,1,2,2,1,2,0,0,1,0,0,1,1,0,0,0,0,0,1,1,2,2,1,2,2,2,2,2,1,2,2,2,2,1,1,2,1,1,1,1,9,1,1,1,1,0,0,0,0,0,0,0,0,0,2,9,0,1,0,0,0,0,0,0,0,1,2,3,2,1,1,9,9,2,9,9,9,3,3,1.0,1,1,1,2,1,1,1,1,9,0,1,1,4,1,1,2,2,1,1,1,1
6351958,UTTARAKHAND,CHAMOLI,GAIRSAIN,2,Gairsain-Town Panchayat,Gairsain (NP) -Koliyana Ward No. 5,,,,1,3,1,5,1,246428,2,2,3,0,2,4,19,14,0,0,0,2,2,2,227,1,0,0,0,0,0,0,9,9,1999,1,2,9,2,2,0,0,1,3,1,1,2,2,0,2,0,0,2,1,1,1,1,0,0,0,0,1,1,1,2,2,1,2,2,2,2,2,1,2,2,2,2,1,1,2,1,1,1,1,9,1,1,1,2,0,0,0,0,0,0,0,0,0,2,9,0,2,0,0,0,0,0,0,0,1,2,3,2,2,1,9,9,2,9,9,9,0,0,2.0,1,1,2,2,1,1,2,1,9,0,1,1,2,1,1,2,2,1,1,1,1
7749304,UTTARAKHAND,CHAMOLI,GAIRSAIN,1,,,Malai,Malai,Gairsain,1,3,1,5,1,246487,2,2,3,0,2,4,0,0,0,0,0,1,2,1,225,1,0,0,0,0,3,1,9,9,1969,1,2,9,2,2,0,5,1,3,2,1,2,3,1,0,0,3,1,1,1,1,1,0,0,0,0,0,0,1,2,2,1,2,2,2,2,2,1,2,2,2,2,1,1,3,1,1,1,1,9,1,1,1,1,0,0,0,0,0,0,0,0,0,1,2,0,2,1,0,0,0,0,0,0,1,1,3,2,2,1,9,9,2,9,9,9,0,0,1.0,1,1,1,2,1,1,1,1,9,0,1,1,2,1,1,2,2,1,1,1,1
4760414,UTTARAKHAND,CHAMOLI,NANDANAGAR,1,,,Bura,Bura,Ghat,1,3,1,5,1,246435,2,2,3,0,2,4,19,14,0,0,0,2,2,2,224,1,0,0,0,0,0,0,9,9,2007,2,2,9,2,1,2,0,1,3,1,1,5,2,2,0,2,0,1,1,1,1,1,0,0,0,0,0,0,1,2,2,1,2,2,2,2,2,1,2,2,2,2,1,1,1,1,1,1,1,9,1,1,1,1,0,0,0,0,0,0,0,0,0,2,9,0,1,1,0,0,0,0,0,1,1,2,3,2,2,1,9,9,2,9,9,9,0,0,1.0,1,1,2,2,1,1,1,1,9,0,1,1,6,1,1,2,2,2,1,1,1
5669468,UTTARAKHAND,CHAMOLI,DEWAL,1,,,Silkhola Laga Ichchholi,Dewal (Selkhola),Dewal,2,3,1,8,5,246427,2,2,3,0,2,4,19,0,0,0,0,1,1,9,225,1,4,3,1,0,0,0,9,9,2000,9,2,2,2,9,0,0,9,1,2,1,1,14,5,14,0,0,1,4,4,2,2,0,0,0,0,2,1,1,2,2,1,2,2,2,2,2,1,2,2,2,1,1,1,1,1,1,1,1,9,1,2,9,1,0,0,0,0,0,0,0,0,0,1,9,1,0,6,0,0,0,1,1,2,1,1,3,2,1,2,9,9,2,9,9,9,0,0,,1,1,1,1,1,2,1,1,2,0,1,1,1,2,2,1,1,2,1,1,2
7911226,UTTARAKHAND,CHAMOLI,DEWAL,1,,,Kandai,Kandai,Dewal,4,3,6,8,1,246427,2,2,3,0,2,4,0,0,0,0,0,2,9,9,0,1,0,0,0,0,0,0,9,9,2007,1,2,2,2,2,0,0,1,3,1,1,2,3,1,0,0,3,1,0,0,1,1,0,0,0,0,0,0,1,2,2,1,2,2,2,2,2,1,2,2,2,1,1,1,2,1,1,1,1,9,1,1,1,1,0,0,0,0,0,0,0,0,0,1,2,0,0,3,0,0,0,0,0,1,1,2,3,2,1,1,9,9,9,9,9,9,0,0,1.0,1,1,1,2,1,1,1,1,2,0,1,1,1,1,1,2,2,1,1,1,1
1569985,UTTARAKHAND,CHAMOLI,POKHARI,1,,,Beena,Beena,Dhauladevi,7,3,6,10,1,246473,2,2,3,0,2,4,19,14,0,2,0,1,9,9,225,1,0,0,0,0,0,0,9,9,1991,1,2,2,2,1,4,12,1,3,3,3,5,6,0,6,0,0,2,2,2,2,2,0,0,0,0,0,0,1,2,2,1,2,2,2,2,2,1,2,2,2,1,1,1,2,1,1,1,1,9,1,1,1,1,0,0,0,0,0,0,0,0,0,2,9,0,0,4,0,0,0,2,1,1,1,1,3,2,2,1,2,2,9,9,2,9,50,0,1.0,1,1,1,2,1,1,1,1,1,18,1,1,4,1,1,2,2,1,1,1,1
3567829,UTTARAKHAND,CHAMOLI,POKHARI,1,,,Raduva,Raduwa,Pokhari,1,3,1,5,5,246473,2,2,3,0,2,4,19,14,0,0,0,2,1,9,228,1,0,0,1,0,2,1,9,9,1988,9,2,9,2,9,0,0,9,1,1,1,1,4,2,4,0,0,1,1,1,2,2,0,0,0,0,0,0,1,2,2,1,2,2,2,2,2,1,2,2,2,2,1,1,2,1,1,1,1,9,1,1,1,2,0,0,0,0,0,0,0,0,0,2,9,0,0,0,0,0,0,0,0,0,1,2,1,2,1,2,9,9,2,9,9,9,0,0,,1,1,1,1,1,1,1,1,9,0,1,1,2,1,1,1,1,2,1,1,1
8804136,UTTARAKHAND,CHAMOLI,THARALI,1,,,Suna,Soona,Tharali,1,3,1,5,1,246481,2,2,3,0,2,4,0,0,0,0,0,1,2,1,227,1,0,0,0,0,0,0,9,9,1959,1,2,9,2,2,0,0,1,3,1,1,2,2,1,2,0,0,1,1,1,1,1,0,0,0,0,0,0,1,2,2,1,2,2,2,2,2,1,2,2,2,1,1,1,2,1,1,1,1,9,1,1,1,1,0,0,0,0,0,0,0,0,0,2,9,0,1,1,0,0,0,0,0,0,1,2,3,2,2,1,9,9,2,9,9,9,6,0,1.0,1,2,1,2,1,1,1,1,9,0,1,1,2,1,1,2,2,1,1,1,1
7054889,UTTARAKHAND,CHAMOLI,KARANPRAYAG,1,,,Charkhilgwar,Sunak,Karnaprayag,4,3,6,8,1,246429,2,2,3,0,2,4,19,0,0,0,0,2,9,9,226,1,0,0,0,0,0,0,9,9,1997,1,2,2,2,2,0,7,1,3,1,1,2,3,1,3,0,0,1,1,1,2,2,0,0,0,0,0,0,1,2,2,1,2,2,2,2,2,1,2,2,2,2,1,1,2,1,1,1,1,9,1,1,1,1,0,0,0,0,0,0,0,0,0,2,9,0,1,2,0,0,0,0,0,0,1,2,3,2,1,1,9,9,9,9,9,9,0,0,1.0,1,1,1,2,1,1,1,1,2,0,1,1,2,1,1,2,2,1,1,1,1
4679673,UTTARAKHAND,CHAMOLI,GAIRSAIN,1,,,Kot,Kot,Gairsain,4,3,6,8,1,246486,2,2,3,0,2,4,0,0,0,0,0,1,9,9,226,1,0,0,0,0,0,0,9,9,2009,1,2,2,2,1,0,0,1,3,1,1,2,3,3,3,0,0,1,1,1,1,1,0,0,0,0,2,2,1,2,2,1,2,2,2,2,2,1,2,2,2,1,1,1,2,1,1,1,1,9,1,1,1,1,0,0,0,0,0,0,0,0,0,2,9,0,0,3,0,0,0,0,0,1,1,2,3,2,1,1,9,9,9,9,9,9,0,0,1.0,1,1,1,2,1,1,1,1,1,10,1,1,2,1,1,2,2,1,1,1,1
4116285,UTTARAKHAND,CHAMOLI,NARAYANBAGAR,1,,,Chopata,Chopta,Narayanbagar,4,3,6,8,1,246453,2,2,3,0,2,4,19,14,0,0,0,2,9,9,0,1,0,0,0,0,0,0,9,9,2006,1,2,2,2,2,0,10,2,3,1,1,2,3,2,2,0,1,1,1,1,1,1,0,0,0,0,0,0,1,2,2,1,2,2,2,2,2,1,2,2,2,2,1,1,2,1,1,2,1,9,1,1,1,1,0,0,0,0,0,0,0,0,0,1,1,0,0,1,0,0,0,0,0,0,1,2,3,2,1,1,9,9,9,9,9,9,0,0,1.0,1,2,2,2,1,2,2,1,2,0,1,1,3,1,1,2,2,1,1,2,2
9671263,UTTARAKHAND,CHAMOLI,KARANPRAYAG,1,,,Nauti,Nauti,Karnaprayag,5,3,6,12,1,246487,2,2,3,0,2,4,19,0,0,2,2,1,9,9,0,1,0,0,0,0,0,0,9,9,1972,1,1,2,2,1,2,0,1,3,2,0,5,6,3,2,0,4,2,1,1,1,1,1,1,0,0,2,1,1,2,2,1,2,2,2,2,2,1,2,2,2,2,1,1,2,1,1,1,1,9,1,2,9,1,4,4,4,4,4,4,4,4,2,2,9,0,1,4,0,0,0,3,1,1,1,2,3,2,1,1,2,2,9,9,2,2,0,0,2.0,1,1,1,2,1,1,1,1,1,10,1,1,1,1,1,2,2,1,1,1,1
5192250,UTTARAKHAND,CHAMOLI,NARAYANBAGAR,1,,,Jhijhoni,Jhinjhoni,Narayanbagar,7,3,6,10,1,246455,2,2,3,0,2,4,14,19,0,2,0,2,9,9,220,1,0,0,0,0,0,0,9,9,1981,1,2,2,2,1,6,17,2,3,2,2,5,5,5,2,3,0,1,2,2,2,2,0,0,0,0,2,0,1,2,2,1,2,2,2,2,2,1,2,2,2,2,1,1,1,1,1,1,1,9,1,1,1,1,0,0,0,0,0,0,0,0,0,2,9,0,0,3,0,0,0,0,0,2,1,2,3,2,1,1,2,2,9,9,2,9,0,31,1.0,1,1,2,2,1,1,2,1,2,20,1,1,5,1,1,2,3,1,1,1,1
4304615,UTTARAKHAND,CHAMOLI,POKHARI,1,,,Trishula,Trishula,Pokhari,4,3,6,8,1,246449,2,2,3,0,2,4,19,14,0,0,0,2,9,9,230,1,0,0,0,0,0,0,9,9,2010,1,2,2,2,2,0,0,1,3,1,1,2,3,2,0,3,0,1,0,0,1,1,0,0,0,0,0,0,1,2,2,1,2,2,2,2,2,1,2,2,2,2,1,1,2,1,1,1,1,9,1,1,1,1,0,0,0,0,0,0,0,0,0,2,9,0,0,1,0,0,0,0,0,0,1,2,3,2,1,1,9,9,9,9,9,9,0,0,1.0,1,1,1,2,1,1,1,1,2,0,1,1,2,1,1,2,2,1,1,1,1
9400910,UTTARAKHAND,CHAMOLI,DASHOLI,1,,,Kunkuli,Bairagana,Dasholi,4,3,6,8,1,246401,2,2,3,0,2,4,0,0,0,0,0,1,9,9,225,1,0,0,0,0,0,0,9,9,1997,1,2,1,2,1,4,0,1,3,3,2,1,3,1,0,2,1,1,2,1,2,1,0,0,0,0,0,0,1,2,2,1,2,2,2,2,2,1,2,2,2,1,1,1,2,1,1,2,1,9,1,2,9,2,0,0,0,0,0,0,0,0,0,2,9,0,4,4,0,0,0,1,0,1,1,2,3,1,1,1,9,9,9,9,9,9,18,0,1.0,1,1,1,2,1,1,1,1,2,0,1,1,6,1,1,2,2,1,1,1,1
1414405,UTTARAKHAND,CHAMOLI,GAIRSAIN,1,,,Silapata,Langtain (Silpata),Gairsain,5,3,6,12,1,246440,2,2,3,0,2,4,14,19,0,2,2,2,9,9,236,1,0,0,0,0,0,0,9,9,1972,1,2,2,2,1,3,50,1,3,1,0,5,4,6,4,0,0,2,1,1,1,1,0,0,0,0,0,0,1,2,2,1,2,2,2,2,2,1,2,2,2,1,1,1,1,1,2,1,1,9,1,1,1,2,2,2,2,4,4,2,4,4,4,1,2,0,0,2,0,0,0,0,1,1,1,2,3,2,1,1,2,1,9,9,2,2,0,0,1.0,1,1,1,2,1,1,1,1,1,62,1,1,2,1,1,2,3,1,1,1,1
1303435,UTTARAKHAND,CHAMOLI,THARALI,1,,,Gumad Laga Gerud,Gudam,Tharali,4,3,6,8,1,246481,2,2,3,0,2,4,19,0,0,0,0,1,9,9,227,1,0,0,0,0,0,0,9,9,2004,1,2,2,2,2,0,0,1,3,1,1,2,3,1,3,0,0,1,1,1,1,1,0,0,0,0,1,1,1,2,2,1,2,2,2,2,2,1,2,2,2,2,1,1,2,1,1,1,1,9,1,1,1,1,0,0,0,0,0,0,0,0,0,2,9,0,0,1,0,0,0,2,0,1,1,2,3,2,1,1,9,9,9,9,9,9,44,0,1.0,1,1,1,2,1,1,1,1,1,22,1,1,1,1,1,2,2,1,1,1,1
3416496,UTTARAKHAND,CHAMOLI,KARANPRAYAG,1,,,Kamera,Kameda(Choki),Karnaprayag,5,3,6,12,4,246449,2,2,3,0,2,4,14,19,0,2,2,2,9,9,228,1,0,0,0,0,0,0,9,9,1966,1,2,2,2,1,4,2,1,1,2,1,5,3,0,3,0,0,2,1,1,1,1,0,0,0,0,0,0,1,2,2,1,2,2,2,2,2,1,2,2,2,2,1,1,2,1,1,1,1,9,1,2,9,1,4,4,4,4,4,4,4,4,4,2,9,0,0,2,0,0,0,0,0,2,1,2,3,2,1,1,1,2,9,9,2,2,0,0,2.0,1,1,1,2,1,1,1,1,2,0,2,2,2,1,2,1,2,1,1,1,2
9792384,UTTARAKHAND,CHAMOLI,NARAYANBAGAR,1,,,Panti,Panti,Narayanbagar,2,3,1,8,5,246455,2,2,3,0,2,19,4,14,0,0,0,1,1,9,218,1,13,5,0,0,1,1,9,9,2003,9,2,2,2,9,0,0,9,2,1,1,6,10,10,10,0,0,1,2,2,1,1,0,0,0,0,0,0,1,2,2,1,2,2,2,2,2,1,2,2,2,2,1,1,2,1,1,1,1,9,1,2,9,1,0,0,0,0,0,0,0,0,0,1,9,0,0,10,0,0,0,0,0,3,1,2,3,2,2,1,9,9,2,9,9,9,0,0,,1,1,1,1,1,1,1,1,2,0,1,2,4,1,1,1,1,2,1,1,1
3687401,UTTARAKHAND,CHAMOLI,DASHOLI,1,,,Kathur,Kathud,Dasholi,1,3,1,5,1,246424,2,2,3,0,2,4,0,0,0,0,0,1,2,1,222,1,0,0,0,0,0,0,9,9,1985,1,2,9,2,2,0,0,1,3,1,1,5,2,1,2,0,0,1,0,0,1,1,1,1,0,0,0,0,1,2,2,1,2,2,2,2,2,1,2,2,2,2,1,1,2,1,2,2,1,9,2,1,1,1,0,0,0,0,0,0,0,0,0,2,9,0,1,1,0,0,0,0,0,0,1,2,3,2,2,1,9,9,2,9,9,9,0,0,1.0,1,1,1,2,1,1,1,1,9,0,1,1,2,1,1,2,2,1,1,1,1
9525262,UTTARAKHAND,CHAMOLI,GAIRSAIN,1,,,Randoli,Randoli,Gairsain,1,3,1,5,1,246440,2,2,3,0,2,4,19,0,0,0,0,1,2,2,223,1,0,0,0,0,1,1,9,9,1984,1,2,9,2,2,0,0,1,3,1,1,2,2,1,2,0,0,1,1,1,1,1,0,0,0,0,1,0,1,2,2,1,2,2,2,2,2,1,2,2,2,2,1,1,2,1,1,1,1,9,1,1,1,1,0,0,0,0,0,0,0,0,0,2,9,0,1,1,0,0,0,0,1,0,1,2,3,2,2,1,9,9,2,9,9,9,0,0,1.0,1,1,2,2,1,1,1,1,9,0,1,1,2,1,1,2,2,1,1,1,1
9650827,UTTARAKHAND,CHAMOLI,KARANPRAYAG,1,,,Chaudali,Chaundali,Karnaprayag,1,3,1,5,1,246444,2,2,3,0,2,4,14,19,0,0,0,1,2,1,224,1,0,0,0,0,0,0,9,9,1949,1,2,9,2,2,0,0,1,3,1,1,1,2,1,2,0,0,1,1,1,1,1,1,1,0,0,0,0,1,2,2,1,2,2,2,2,2,1,2,2,2,3,1,1,2,1,1,1,1,9,1,1,1,1,0,0,0,0,0,0,0,0,0,2,9,0,2,0,0,0,0,0,0,0,1,2,3,2,2,1,9,9,2,9,9,9,0,0,1.0,1,1,1,2,1,1,1,1,9,0,1,1,1,1,1,2,2,1,1,1,1
7328915,UTTARAKHAND,CHAMOLI,GAIRSAIN,2,Gairsain-Town Panchayat,Gairsain (NP) -Senji Ward No. 7,,,,1,3,1,5,1,246428,2,2,3,0,2,4,19,14,0,0,0,1,2,2,230,1,0,0,1,0,0,0,9,9,1967,1,2,9,2,2,0,12,1,3,2,2,3,3,1,2,0,1,2,1,1,1,1,0,0,0,0,0,0,1,2,2,1,2,2,2,2,2,1,2,2,2,2,1,1,2,1,1,1,1,9,1,1,1,1,0,0,0,0,0,0,0,0,0,2,9,0,2,2,0,0,0,1,0,0,1,2,3,1,2,1,9,9,2,9,9,9,33,0,1.0,1,1,1,2,1,1,1,1,9,0,1,1,6,1,1,2,2,1,1,1,1
8355171,UTTARAKHAND,CHAMOLI,KARANPRAYAG,1,,,Dugalwali,Dhungalwali,Karnaprayag,1,3,1,5,1,246446,2,2,3,0,2,4,0,0,0,0,0,1,2,1,230,1,0,0,0,0,0,0,9,9,1957,1,2,9,2,2,0,3,1,3,2,2,2,2,1,1,1,0,1,1,1,1,1,0,0,0,0,0,0,1,2,2,1,2,2,2,2,2,1,2,2,2,2,1,1,2,1,1,1,1,9,1,1,2,1,0,0,0,0,0,0,0,0,0,2,9,0,1,1,0,0,0,0,1,0,1,2,3,2,1,1,9,9,2,9,9,9,10,0,1.0,1,1,1,2,1,1,1,1,9,0,1,1,2,1,1,2,2,1,1,1,1
9152790,UTTARAKHAND,CHAMOLI,Jyotirmath,1,,,Darmi,Ganai,Joshimath,1,3,1,5,1,246472,2,2,3,0,2,4,19,14,0,0,0,2,2,1,230,1,0,1,0,0,0,0,9,9,1973,1,2,9,2,1,4,0,1,3,2,0,1,2,2,2,0,0,1,1,1,1,1,0,0,0,0,0,0,1,2,2,1,2,2,2,2,2,1,2,2,2,2,1,1,2,1,1,1,1,9,1,1,1,1,0,0,0,0,0,0,0,0,0,2,9,0,0,1,0,0,0,0,0,0,1,1,3,1,1,1,9,9,2,9,9,9,0,0,1.0,1,2,2,2,1,1,1,1,9,0,1,2,6,1,2,2,2,1,1,1,1
7493766,UTTARAKHAND,CHAMOLI,DEWAL,1,,,Tajpur Laga Kandai,Tajpur,Dewal,1,3,1,5,1,246427,2,2,3,0,2,4,19,14,0,0,0,2,2,2,226,1,0,0,0,0,2,2,9,9,1956,1,2,9,2,2,0,0,1,3,1,1,1,2,4,2,0,0,1,2,2,2,2,0,0,0,0,0,0,1,2,2,1,2,2,2,2,2,1,2,2,2,2,1,1,1,1,2,1,1,9,1,1,1,1,0,0,0,0,0,0,0,0,0,2,9,0,2,3,0,0,0,0,0,0,1,1,3,2,2,1,9,9,2,9,9,9,15,0,1.0,1,1,2,2,1,1,1,1,9,0,1,1,1,1,1,2,2,1,1,1,1
9057715,UTTARAKHAND,CHAMOLI,DASHOLI,2,Chamoli Gopeshwar-Municipality,Chamoli Gopeshwar (MB) -Naigwaad Ward No.8,,,,2,3,1,8,5,246401,2,2,3,0,2,4,14,19,0,0,0,1,1,9,218,1,1,1,0,0,0,0,9,9,1984,9,2,1,1,9,0,0,9,1,1,1,7,9,9,9,0,0,1,1,1,1,1,0,0,0,0,0,0,1,2,2,1,2,2,2,2,2,1,2,2,2,2,1,1,1,1,1,2,1,9,1,2,9,1,0,0,0,0,0,0,0,0,0,2,9,0,0,2,0,0,0,0,1,0,1,2,3,2,2,2,9,9,2,9,9,9,0,0,,1,1,1,1,1,1,1,1,2,0,1,1,2,1,1,1,1,1,1,1,1
3216315,UTTARAKHAND,CHAMOLI,NARAYANBAGAR,1,,,Nalgaon Sirgur,Nal Gaon,Narayanbagar,1,3,1,5,1,246453,2,2,3,0,2,4,19,14,0,0,0,1,2,2,228,1,0,0,0,0,3,0,9,9,1957,1,2,9,2,2,0,3,1,3,1,1,2,2,2,0,0,2,1,1,1,1,1,1,1,0,0,0,0,1,2,2,1,2,2,2,2,2,1,2,2,2,2,1,1,2,1,2,1,1,9,1,1,1,1,0,0,0,0,0,0,0,0,0,2,9,0,2,1,0,0,0,0,0,0,1,2,3,2,2,1,9,9,2,9,9,9,0,0,1.0,1,1,1,2,1,1,1,1,9,0,1,1,6,1,1,2,2,1,1,1,2
7480035,UTTARAKHAND,CHAMOLI,KARANPRAYAG,1,,,Dhanai Laga,Dhanai,Karnaprayag,1,3,1,5,1,246487,2,2,3,0,2,4,19,14,0,0,0,1,2,2,227,1,0,0,0,0,0,1,9,9,1980,1,2,9,2,2,0,3,1,3,1,1,2,2,1,0,0,2,1,1,1,1,1,0,0,0,0,0,0,1,2,2,1,2,2,2,2,2,1,2,2,2,2,1,1,2,1,1,1,1,9,1,1,1,1,0,0,0,0,0,0,0,0,0,2,9,0,2,2,0,0,0,0,0,0,1,2,3,2,2,1,9,9,2,9,9,9,13,0,1.0,1,1,1,2,1,1,1,1,9,0,1,1,2,1,1,2,2,1,1,1,1
2060347,UTTARAKHAND,CHAMOLI,POKHARI,1,,,Godi Giwala,Godi Giwala,Pokhari,1,3,1,5,1,246442,2,2,3,0,2,4,14,19,0,0,0,2,2,2,230,1,0,0,0,0,0,1,9,9,1986,1,2,9,2,2,0,0,1,3,1,1,1,2,1,2,0,0,1,1,1,1,1,0,0,0,0,0,0,1,2,2,1,2,2,2,2,2,1,2,2,2,1,1,1,2,1,1,1,1,9,1,1,1,1,0,0,0,0,0,0,0,0,0,2,9,0,1,0,0,0,0,0,0,0,1,1,1,2,2,1,9,9,2,9,9,9,0,0,2.0,1,1,1,2,1,1,1,1,9,0,1,1,2,1,1,2,2,2,1,1,1
7610348,UTTARAKHAND,CHAMOLI,POKHARI,1,,,Dhamak,Dhamak,Pokhari,1,3,1,5,1,246473,2,2,3,0,2,4,14,19,0,0,0,2,2,2,226,1,0,0,0,0,0,0,9,9,1975,1,2,9,2,1,8,0,1,3,1,1,2,2,1,2,0,0,1,1,1,1,1,0,0,0,0,0,0,1,2,2,1,2,2,2,2,2,1,2,2,2,2,1,1,2,1,1,1,1,9,1,1,1,1,0,0,0,0,0,0,0,0,0,1,2,0,2,1,0,0,0,0,0,0,1,2,3,1,2,1,9,9,2,9,9,9,5,0,1.0,1,1,1,2,1,1,1,1,9,0,1,1,1,1,1,2,2,2,1,1,1
3860816,UTTARAKHAND,CHAMOLI,THARALI,2,Tharali-Town Panchayat,Tharali (NP) - Devrada Ward No. 2,,,,1,3,1,5,1,246481,2,2,3,0,2,4,19,14,18,0,0,1,2,2,225,1,0,0,0,0,0,2,9,9,1986,1,2,9,2,2,0,0,1,3,1,1,3,2,2,1,0,1,2,1,1,1,1,0,0,0,0,0,0,1,2,2,1,2,2,2,2,2,1,2,2,2,2,1,1,2,1,1,1,1,9,1,1,2,1,0,0,0,0,0,0,0,0,0,2,9,0,2,1,0,0,0,0,0,0,1,2,3,2,2,1,9,9,2,9,9,9,23,19,1.0,1,1,2,2,1,1,1,1,9,0,1,1,3,1,1,2,2,1,1,1,1
8170979,UTTARAKHAND,CHAMOLI,GAIRSAIN,1,,,Mehal Chauri,Mehal Chauri,Gairsain,2,3,1,8,5,246431,2,2,3,0,2,4,19,14,0,0,0,1,2,9,0,1,0,0,0,0,2,1,9,9,2012,9,2,2,2,9,0,0,9,2,2,2,6,14,14,14,0,0,1,2,2,3,3,0,0,0,0,0,0,1,2,2,1,2,2,2,2,2,1,2,2,2,1,1,1,2,1,1,1,1,9,1,1,1,1,0,0,0,0,0,0,0,0,0,1,9,2,0,6,0,1,0,0,1,1,1,2,3,2,1,1,9,9,2,9,9,9,0,0,,1,1,2,1,1,1,1,1,2,0,1,1,2,1,1,1,1,1,1,1,1
6130930,UTTARAKHAND,CHAMOLI,NARAYANBAGAR,1,,,Chopata,Chopta,Narayanbagar,1,3,1,5,1,246453,2,2,3,0,2,4,19,14,0,0,0,2,2,2,225,1,0,0,1,0,3,3,9,9,1901,1,2,9,2,2,0,10,1,3,2,2,7,5,1,5,0,0,1,2,2,1,1,0,0,0,0,0,0,1,2,2,1,2,2,2,2,2,1,2,2,2,2,1,1,2,1,1,1,2,1,1,1,1,2,0,0,0,0,0,0,0,0,0,2,9,0,4,3,0,0,0,0,0,1,1,2,3,2,1,1,9,9,2,9,9,9,54,54,1.0,1,1,1,2,1,1,1,1,9,0,1,1,6,1,1,2,2,1,1,1,2
6267208,UTTARAKHAND,CHAMOLI,POKHARI,1,,,Sarna,Sharana,Pokhari,1,3,1,5,1,246446,2,2,3,0,2,4,19,14,18,0,0,1,2,1,222,1,0,0,0,0,1,1,9,9,1949,1,2,9,2,1,6,0,1,3,2,1,1,2,2,2,0,0,1,1,1,1,1,0,0,0,0,0,0,1,2,2,1,2,2,2,2,2,1,2,2,2,1,1,1,2,1,1,1,1,9,1,1,1,1,0,0,0,0,0,0,0,0,0,2,9,0,2,1,0,0,0,0,0,0,1,2,3,2,2,1,9,9,2,9,9,9,0,0,1.0,1,1,1,2,1,1,1,1,9,0,1,1,5,1,1,2,2,2,1,1,1
9829271,UTTARAKHAND,CHAMOLI,Jyotirmath,1,,,Pandukaswar,Pandukeshar,Joshimath,1,3,1,5,1,246443,2,2,3,0,2,4,19,14,0,0,0,1,2,2,228,1,0,0,0,0,1,1,9,9,1963,1,2,9,2,1,7,1,1,3,4,4,5,4,2,2,2,0,1,1,1,1,1,1,1,1,1,0,0,1,2,2,1,2,2,2,2,2,1,2,2,2,2,1,1,2,1,1,2,1,9,1,1,1,2,0,0,0,0,0,0,0,0,0,1,2,0,1,1,0,0,0,0,0,0,1,2,3,1,1,1,9,9,2,9,9,9,0,0,1.0,1,1,1,2,1,1,1,1,9,0,1,1,6,1,1,2,2,1,1,1,1
2984786,UTTARAKHAND,CHAMOLI,DASHOLI,2,Chamoli Gopeshwar-Municipality,Chamoli Gopeshwar (MB) -Lower Bazaar Ward No.5,,,,1,3,1,5,5,246401,2,2,3,0,2,4,0,0,0,0,0,1,1,9,220,1,4,2,0,0,0,0,9,9,1984,9,2,9,2,9,0,0,9,1,1,1,1,5,5,5,0,0,1,2,2,1,1,0,0,0,0,0,0,1,2,2,1,2,2,2,2,2,1,2,2,2,2,1,1,2,1,1,1,1,9,1,2,9,1,0,0,0,0,0,0,0,0,0,1,9,1,0,1,0,0,0,0,0,1,1,2,3,2,2,2,9,9,2,9,9,9,0,0,,1,1,2,1,1,1,1,1,9,0,1,1,1,1,1,1,1,1,1,1,1
1030091,UTTARAKHAND,CHAMOLI,NARAYANBAGAR,1,,,Sunabhi,Sunbhi,Narayanbagar,1,3,1,5,5,246453,2,2,3,0,2,4,19,14,0,0,0,2,2,9,231,1,0,2,0,0,0,0,9,9,2002,9,2,9,2,9,0,0,9,2,2,0,2,6,6,0,6,0,1,1,1,1,1,0,0,0,0,0,0,1,2,2,1,2,2,2,2,2,1,2,2,2,2,1,1,2,1,1,2,1,9,1,2,9,1,0,0,0,0,0,0,0,0,0,1,9,0,0,1,0,1,0,0,0,0,1,2,3,2,1,2,9,9,2,9,9,9,0,0,,1,1,1,1,1,1,1,1,9,0,1,1,5,1,1,1,1,2,1,1,2
3625401,UTTARAKHAND,CHAMOLI,NARAYANBAGAR,1,,,Hans Koti,Hanskoti,Narayanbagar,4,3,6,8,1,246444,2,2,3,0,2,4,0,0,0,0,0,2,9,9,228,1,0,0,0,0,0,0,9,9,1993,1,2,2,2,2,0,4,1,3,1,1,5,3,1,3,0,0,1,0,0,1,0,0,0,0,0,0,1,1,2,2,1,2,2,2,2,2,2,2,2,2,2,1,1,2,1,1,2,1,9,1,2,9,1,0,0,0,0,0,0,0,0,0,2,9,0,0,1,0,0,0,0,0,0,1,2,3,2,1,1,9,9,9,9,9,9,6,0,1.0,1,1,2,2,1,1,1,1,1,19,1,1,4,1,1,2,2,1,1,1,1
1718762,UTTARAKHAND,CHAMOLI,Jyotirmath,1,,,Thaing,Theing,Joshimath,7,3,6,10,1,246443,2,2,3,0,2,4,0,0,0,2,0,2,9,9,207,1,0,0,0,0,0,0,9,9,1993,1,2,2,2,1,2,10,1,3,5,2,5,5,2,1,0,4,1,1,1,0,0,0,0,0,0,0,0,1,2,2,1,2,2,2,2,2,1,2,2,2,2,1,1,1,1,1,2,2,1,1,1,2,2,0,0,0,0,0,0,0,0,0,2,9,0,0,4,0,0,0,0,0,0,1,2,3,2,1,1,2,2,9,9,2,9,72,0,1.0,1,2,2,2,1,1,2,1,1,35,1,1,1,1,2,2,2,1,1,2,1
3092843,UTTARAKHAND,CHAMOLI,GAIRSAIN,1,,,Sarkot,Sarkot,Gairsain,4,3,6,8,1,246428,2,2,3,0,2,4,14,19,0,0,0,1,9,9,5,1,0,0,0,0,0,0,9,9,2007,1,2,2,2,2,0,0,1,3,5,5,2,5,2,5,0,0,1,2,2,2,2,0,0,0,0,0,0,1,2,2,1,2,2,2,2,2,1,2,2,2,2,1,1,2,1,1,1,1,9,1,1,1,1,0,0,0,0,0,0,0,0,0,1,2,0,0,7,0,0,0,0,0,1,1,2,3,2,1,1,9,9,9,9,9,9,0,0,2.0,1,1,1,2,1,1,2,1,1,30,1,1,1,1,1,2,2,1,1,1,1
3347368,UTTARAKHAND,CHAMOLI,NARAYANBAGAR,1,,,Angtoli,Angtoli,Narayanbagar,4,3,6,8,1,246455,2,2,3,0,2,4,14,19,0,0,0,2,9,9,225,1,0,0,0,0,0,0,9,9,2010,1,2,2,2,2,0,7,1,3,1,1,2,3,2,3,0,0,1,1,1,1,1,0,0,0,0,0,0,1,2,2,1,2,2,2,2,2,1,2,2,2,2,1,1,2,1,1,1,2,1,1,1,1,1,0,0,0,0,0,0,0,0,0,2,9,0,0,1,0,0,0,0,0,0,1,2,3,2,1,1,9,9,9,9,9,9,7,7,1.0,1,1,1,2,1,1,1,1,2,0,1,1,6,1,1,2,2,1,1,1,2
6979163,UTTARAKHAND,CHAMOLI,NANDANAGAR,1,,,Banswara,Banswada,Ghat,4,3,6,8,1,246449,2,2,3,0,2,4,19,14,0,0,0,2,9,9,0,1,0,0,0,0,0,0,9,9,2006,1,2,2,2,2,0,0,1,3,1,0,1,3,1,3,0,0,1,1,1,1,1,0,0,0,0,0,0,1,2,2,1,2,2,2,2,2,1,2,2,2,2,1,1,2,1,1,1,1,9,1,1,1,2,0,0,0,0,0,0,0,0,0,1,2,0,0,1,0,0,0,0,0,0,1,2,3,2,2,1,9,9,9,9,9,9,0,0,1.0,1,2,2,1,1,1,1,1,2,0,1,1,1,1,2,2,2,1,1,1,1
1933958,UTTARAKHAND,CHAMOLI,GAIRSAIN,1,,,Kunigar Malli,Kunigad Malli,Gairsain,5,3,6,12,1,246431,2,2,3,0,2,4,0,0,0,2,2,2,9,9,0,1,0,0,0,0,0,0,9,9,1983,1,2,2,2,1,5,2,1,3,3,3,5,21,4,8,5,8,1,2,2,1,1,0,0,0,0,1,1,1,2,2,1,2,2,2,2,2,1,2,2,2,2,1,1,2,1,1,1,1,9,1,1,1,1,4,4,4,4,4,4,4,4,3,1,2,0,0,5,0,0,0,0,0,2,1,2,3,2,1,1,2,2,9,9,2,2,51,0,1.0,1,1,2,1,1,1,1,1,1,79,1,1,1,1,1,2,2,1,1,1,1
8597625,UTTARAKHAND,CHAMOLI,POKHARI,1,,,Gugali,Gugali,Augustmuni,4,3,6,8,1,246473,2,2,3,0,2,4,19,0,0,0,0,2,9,9,226,1,0,0,0,0,0,0,9,9,2007,1,2,2,2,2,0,0,1,3,1,1,1,3,2,3,0,0,1,1,1,1,1,0,0,0,0,1,1,1,2,2,1,2,2,2,2,2,1,2,2,2,1,1,1,2,1,1,1,1,9,1,1,1,1,0,0,0,0,0,0,0,0,0,1,2,0,0,3,0,0,0,0,0,1,1,2,3,2,2,1,9,9,9,9,9,9,24,24,1.0,1,1,1,2,1,1,1,1,1,15,1,2,2,1,1,2,2,1,1,1,1
2808694,UTTARAKHAND,CHAMOLI,GAIRSAIN,1,,,Panchali,Panchali,Gairsain,5,3,6,12,1,246428,2,2,3,0,2,4,0,0,0,2,2,1,9,9,240,1,0,0,0,0,0,0,9,9,1979,1,2,2,2,1,0,0,1,3,7,2,5,7,3,5,2,0,1,3,3,2,2,0,0,0,0,0,0,1,2,2,1,2,2,2,2,2,1,2,2,2,1,1,1,2,1,1,1,1,9,1,2,9,1,4,4,4,4,4,4,4,4,4,1,1,0,0,6,0,0,0,1,0,3,1,2,3,2,1,1,2,2,9,9,2,2,0,0,1.0,1,1,1,1,1,1,2,1,1,61,1,1,3,1,1,2,2,1,1,1,1
9053056,UTTARAKHAND,CHAMOLI,DASHOLI,1,,,Lasi,Lasee,Dasholi,1,3,1,5,1,246424,2,2,3,0,2,4,19,14,0,0,0,1,2,2,227,1,0,0,0,0,0,0,9,9,1999,1,2,9,2,2,0,6,1,3,1,0,2,2,1,0,2,0,1,1,1,1,1,0,0,0,0,0,0,1,2,2,1,2,2,2,2,2,1,2,2,2,2,1,1,2,1,1,1,1,9,1,1,1,1,0,0,0,0,0,0,0,0,0,2,9,0,2,1,0,0,0,0,0,0,1,2,3,2,1,1,9,9,2,9,9,9,0,0,1.0,1,1,1,2,1,1,1,1,9,0,1,1,6,1,1,2,2,1,1,1,1
8578560,UTTARAKHAND,CHAMOLI,NANDANAGAR,1,,,Kanol,Kanol,Ghat,1,3,1,5,1,246435,2,2,3,0,2,4,19,14,0,0,0,2,2,2,226,1,0,0,0,0,0,2,9,9,1999,1,2,9,2,2,0,0,1,3,1,1,5,2,0,2,0,0,2,1,1,1,1,0,0,0,0,0,0,1,2,2,1,2,2,2,2,2,1,2,2,2,2,1,1,1,1,1,1,1,9,1,1,2,2,0,0,0,0,0,0,0,0,0,1,2,0,0,1,0,0,0,0,0,0,2,2,3,2,1,1,9,9,2,9,9,9,0,0,1.0,1,1,1,2,1,1,1,1,9,0,1,1,1,1,1,2,2,1,1,1,1
1022466,UTTARAKHAND,CHAMOLI,Jyotirmath,1,,,Dhak,Dhak,Joshimath,1,3,1,5,1,246443,2,2,3,0,2,4,19,14,0,0,0,1,2,1,222,1,0,0,0,1,0,0,9,9,1998,1,2,9,2,1,6,0,1,3,1,1,1,2,1,2,0,0,1,1,1,1,1,0,0,0,0,0,0,1,2,2,1,2,2,2,2,2,1,2,2,2,2,1,1,1,1,1,1,1,9,1,1,2,1,0,0,0,0,0,0,0,0,0,2,9,0,1,3,0,0,0,1,1,1,1,2,3,1,1,1,9,9,2,9,9,9,0,0,1.0,1,1,2,2,1,1,2,1,9,0,1,1,6,1,1,2,2,1,1,1,1
6263131,UTTARAKHAND,CHAMOLI,Jyotirmath,1,,,Tangni Malli,Tangani Malli,Joshimath,1,3,1,5,1,246472,2,2,3,0,2,4,19,14,0,0,0,1,2,1,221,1,0,0,0,0,0,1,9,9,1969,1,2,9,2,1,8,0,1,3,2,2,1,2,2,2,0,0,1,1,1,1,1,0,0,0,0,0,0,1,2,2,1,2,2,2,2,2,1,2,2,2,2,1,1,2,1,1,1,2,2,1,1,1,1,0,0,0,0,0,0,0,0,0,1,2,0,1,1,0,0,0,0,0,0,1,2,3,2,1,1,9,9,2,9,9,9,0,0,2.0,1,2,2,2,1,1,1,1,9,0,1,2,1,1,1,2,2,1,1,1,1
1489194,UTTARAKHAND,CHAMOLI,DEWAL,1,,,Dharkot Laga Suiyya,Dharkot Suiya,Dewal,1,3,1,5,1,246427,2,2,3,0,2,4,0,0,0,0,0,2,2,2,232,1,0,0,0,0,1,1,9,9,1984,1,2,9,2,2,0,0,1,3,1,1,2,2,1,0,2,0,1,1,0,1,1,0,0,0,0,0,0,1,2,2,1,2,2,2,2,2,1,2,2,2,1,1,1,2,1,2,1,1,9,1,1,1,1,0,0,0,0,0,0,0,0,0,2,9,0,0,1,0,0,0,0,0,0,1,2,3,2,1,1,9,9,2,9,9,9,0,0,1.0,1,1,1,2,1,1,1,1,9,0,1,1,1,1,1,2,2,1,1,1,1
5553910,UTTARAKHAND,CHAMOLI,Jyotirmath,1,,,Palla,Jakhola,Joshimath,1,3,1,5,1,246472,2,2,3,0,2,4,19,0,0,0,0,1,2,2,225,1,0,0,0,0,0,1,9,9,2006,1,2,9,2,1,7,1,1,3,1,1,2,2,1,2,0,0,1,1,1,1,1,0,0,0,0,0,0,1,2,2,1,2,2,2,2,2,1,2,2,2,2,1,1,2,1,1,1,1,9,1,1,1,1,0,0,0,0,0,0,0,0,0,2,9,0,1,1,0,0,0,0,0,0,1,2,3,2,2,1,9,9,2,9,9,9,5,0,1.0,1,1,2,2,1,1,1,1,9,0,1,1,1,1,1,2,2,1,1,1,1
7665940,UTTARAKHAND,CHAMOLI,NARAYANBAGAR,1,,,Seeri,Siri,Narayanbagar,1,3,1,5,1,246455,2,2,3,0,2,4,14,19,0,0,0,2,2,1,225,1,0,0,0,0,0,0,9,9,1992,1,2,9,2,2,0,5,1,3,2,2,1,2,2,1,1,0,1,1,1,1,1,0,0,0,0,0,0,1,2,2,1,2,2,2,2,2,1,2,2,2,2,1,1,2,1,2,2,1,9,1,1,1,1,0,0,0,0,0,0,0,0,0,2,9,0,1,1,0,0,0,0,0,0,1,2,3,2,1,1,9,9,2,9,9,9,0,0,1.0,1,1,1,1,1,1,2,1,9,0,1,1,2,1,1,2,2,1,1,1,2
3247776,UTTARAKHAND,CHAMOLI,GAIRSAIN,1,,,Maikholi,Maikholi,Gairsain,1,3,1,5,1,246431,2,2,3,0,2,4,14,19,0,0,0,1,2,1,7,1,0,0,0,0,0,0,9,9,1940,1,2,9,2,1,10,0,1,3,3,2,2,3,4,3,0,0,1,2,2,2,2,0,0,0,0,1,0,1,2,2,1,2,2,2,2,2,1,2,2,2,2,1,1,2,1,1,1,1,9,1,1,1,1,0,0,0,0,0,0,0,0,0,2,9,0,1,1,0,0,0,0,0,0,1,2,3,2,1,1,9,9,2,9,9,9,115,0,1.0,1,1,1,2,1,1,2,1,9,0,1,1,2,1,1,2,2,1,1,1,1
8383272,UTTARAKHAND,CHAMOLI,GAIRSAIN,1,,,Kandari Khor,Kandari Khor,Gairsain,1,3,1,5,1,246486,2,2,3,0,2,4,19,14,0,0,0,2,2,2,235,1,0,0,0,0,0,0,9,9,1988,1,2,9,2,1,8,0,1,3,1,1,1,3,3,3,0,0,1,1,1,1,1,0,0,0,0,0,0,1,2,2,1,2,2,2,2,2,1,2,2,2,1,1,1,2,1,1,1,1,9,1,1,1,2,0,0,0,0,0,0,0,0,0,1,2,0,1,1,0,0,0,0,0,0,1,2,3,2,1,1,9,9,2,9,9,9,0,0,1.0,1,1,1,2,1,1,2,1,9,0,1,1,1,1,1,2,2,1,1,1,1
2777635,UTTARAKHAND,CHAMOLI,NANDANAGAR,1,,,Sutol,Sutol,Ghat,1,3,1,5,1,246435,2,2,3,0,2,4,19,14,0,0,0,1,2,2,0,1,0,1,0,0,0,2,9,9,1949,2,2,9,2,1,2,0,1,3,2,1,2,3,1,1,2,0,1,2,1,2,1,1,1,1,1,0,0,1,2,2,1,2,2,2,2,2,1,2,2,2,2,1,1,2,1,1,1,1,9,1,1,1,1,0,0,0,0,0,0,0,0,0,2,9,0,0,1,0,0,0,0,0,1,2,1,3,2,1,1,9,9,2,9,9,9,0,0,2.0,1,1,1,2,1,1,1,1,9,0,1,1,2,1,1,1,1,2,1,1,1
6779996,UTTARAKHAND,CHAMOLI,Jyotirmath,1,,,Kalgoth,Kalgoth,Joshimath,1,3,1,5,1,246472,2,2,3,0,2,4,19,14,0,0,0,2,2,1,225,1,0,0,0,0,1,0,9,9,2008,1,2,9,2,2,0,0,2,3,1,1,2,1,1,0,1,0,1,1,1,1,1,0,0,0,0,0,0,1,2,2,1,2,2,2,2,2,1,2,2,2,2,1,1,2,1,1,1,1,9,1,1,1,1,0,0,0,0,0,0,0,0,0,1,2,0,0,1,0,0,0,0,0,0,1,2,3,1,1,1,9,9,2,9,9,9,0,0,1.0,1,1,2,2,1,1,1,1,9,0,1,1,5,1,1,2,2,1,1,1,1
1688315,UTTARAKHAND,CHAMOLI,NARAYANBAGAR,1,,,Chidanga Talla,Chidinga Talla,Narayanbagar,1,3,1,5,1,246481,2,2,3,0,2,4,19,14,0,0,0,2,2,1,226,1,0,0,1,0,1,0,9,9,1971,1,2,9,2,2,0,2,1,3,1,0,5,2,1,0,0,2,1,0,0,1,1,0,0,0,0,0,0,1,2,2,1,2,2,2,2,2,1,2,2,2,2,1,1,2,1,1,1,1,9,1,1,2,1,0,0,0,0,0,0,0,0,0,2,9,0,2,1,0,0,0,0,0,0,1,2,3,2,1,1,9,9,2,9,9,9,17,15,1.0,1,1,1,2,1,1,1,1,9,0,1,1,6,1,1,2,2,1,1,1,2
4352601,UTTARAKHAND,CHAMOLI,DASHOLI,1,,,Pilang Chatoli,Pilang,Dasholi,1,3,1,5,1,246424,2,2,3,0,2,4,19,14,0,0,0,1,2,1,224,1,0,0,1,0,0,1,9,9,1960,1,2,9,2,2,0,2,1,3,1,1,2,2,1,0,2,0,1,1,1,1,1,0,0,0,0,0,0,1,2,2,1,2,2,2,2,2,1,2,2,2,2,1,1,2,1,1,1,1,9,1,1,2,1,0,0,0,0,0,0,0,0,0,2,9,0,1,1,0,0,0,0,0,0,1,2,3,2,2,1,9,9,2,9,9,9,0,0,1.0,1,1,1,2,1,1,1,1,9,0,1,1,3,1,1,2,2,1,1,1,1
3079887,UTTARAKHAND,CHAMOLI,DEWAL,1,,,Silkhola Laga Ichchholi,Dewal (Selkhola),Dewal,2,3,1,8,5,246427,2,2,3,0,2,19,4,14,0,0,0,1,1,9,210,1,1,1,1,0,1,1,9,9,2003,9,2,2,2,9,0,0,9,2,13,13,1,13,11,13,0,0,1,2,2,2,2,0,0,0,0,1,1,1,2,2,1,2,2,2,2,2,1,2,2,2,2,1,1,2,1,2,1,1,9,1,2,9,1,0,0,0,0,0,0,0,0,0,1,9,0,0,11,0,0,2,0,0,2,1,2,3,2,2,2,9,9,2,9,9,9,0,0,,1,2,1,1,1,1,1,1,2,0,1,2,1,1,2,1,1,2,2,2,2
2852155,UTTARAKHAND,CHAMOLI,GAIRSAIN,1,,,Kot,Kot,Gairsain,2,3,1,8,5,246486,2,2,3,0,2,4,19,0,0,0,0,1,2,9,0,1,5,4,0,0,0,0,9,9,2006,9,2,2,2,9,0,0,9,1,1,1,1,7,8,7,0,0,1,1,1,2,2,0,0,0,0,0,0,1,2,2,1,2,2,2,2,2,1,2,2,2,2,1,1,2,1,1,1,1,9,1,1,1,1,0,0,0,0,0,0,0,0,0,1,9,0,0,2,0,0,0,0,0,0,1,2,3,2,1,1,9,9,2,9,9,9,0,0,,1,1,1,1,1,1,1,1,2,0,1,1,2,1,1,1,1,1,1,1,1
9905861,UTTARAKHAND,CHAMOLI,KARANPRAYAG,2,Gochar-Municipality,"Gochar (NP) -Shail, Basantpur Ghali Ward No.3",,,,5,3,6,12,5,246429,2,2,3,0,2,4,19,14,0,2,2,1,9,9,0,1,0,0,0,0,0,0,9,9,1991,9,2,2,2,9,0,0,9,1,3,3,1,13,6,13,0,0,1,4,4,3,3,0,0,0,0,0,0,1,2,2,1,2,2,2,2,2,1,2,2,2,2,1,1,1,1,1,1,1,9,1,2,9,1,2,2,2,2,4,4,4,4,4,1,9,1,0,5,0,1,1,1,1,1,1,2,3,2,1,1,2,2,9,9,2,2,0,0,,1,1,1,1,1,1,1,1,2,0,1,2,1,1,2,2,2,1,1,1,2
5714816,UTTARAKHAND,CHAMOLI,Jyotirmath,1,,,Gulabkoti,Gulab Koti,Joshimath,1,3,1,5,1,246472,2,2,3,0,2,4,19,14,0,0,0,1,2,2,224,1,0,0,0,0,0,0,9,9,1964,2,2,9,2,1,11,1,2,3,1,1,5,1,1,1,0,0,2,0,0,1,1,0,0,0,0,0,0,1,2,2,1,2,2,2,2,2,1,2,2,2,2,1,1,2,1,2,1,1,9,1,2,9,1,0,0,0,0,0,0,0,0,0,2,9,0,1,1,0,0,0,0,0,0,1,2,3,2,1,1,9,9,2,9,9,9,0,0,1.0,1,2,2,2,1,1,1,1,9,0,1,2,1,1,2,2,2,2,1,1,1
1307651,UTTARAKHAND,CHAMOLI,DASHOLI,1,,,Mandal,Mandal,Dasholi,1,3,1,5,5,246401,2,2,3,0,2,19,4,14,18,0,0,1,1,9,223,1,7,1,0,0,0,0,9,9,1990,9,2,9,2,9,0,0,9,1,8,6,1,8,6,8,0,0,1,1,1,1,1,1,1,1,1,0,0,1,2,2,1,2,2,2,2,2,1,2,2,2,2,1,1,2,1,1,1,1,9,1,2,9,1,0,0,0,0,0,0,0,0,0,1,9,0,0,2,0,0,0,0,0,0,1,2,3,2,2,2,9,9,2,9,9,9,0,0,,1,1,2,1,1,1,1,1,9,0,1,1,1,1,1,1,1,2,1,1,1
7970995,UTTARAKHAND,CHAMOLI,GAIRSAIN,1,,,Pajyana,Panjyana,Gairsain,5,3,6,12,1,246428,2,2,3,0,2,4,0,0,0,2,2,2,9,9,237,1,0,0,0,0,0,0,9,9,1986,1,2,2,2,1,2,0,1,3,2,2,3,8,3,8,0,0,1,1,1,2,2,0,0,0,0,0,0,1,2,2,1,2,2,2,2,2,1,2,2,2,2,1,1,2,1,1,1,1,9,1,2,9,1,4,4,4,4,4,4,4,4,2,2,9,0,0,4,0,0,0,2,1,2,1,1,3,2,1,1,2,2,9,9,2,2,194,194,1.0,1,1,1,1,1,1,2,1,1,75,1,1,1,1,1,2,2,1,1,1,1
3447894,UTTARAKHAND,CHAMOLI,DASHOLI,1,,,Semdugara,Semdungra,Dasholi,4,3,6,8,1,246424,2,2,3,0,2,4,19,0,0,0,0,2,9,9,225,1,0,0,0,0,0,0,9,9,2005,1,2,2,2,2,0,0,1,3,1,1,2,3,2,1,0,2,1,2,2,2,2,0,0,0,0,0,0,1,2,2,1,2,2,2,2,2,1,2,2,2,2,1,1,2,1,1,1,1,9,1,1,2,1,0,0,0,0,0,0,0,0,0,2,9,0,0,2,0,0,0,2,0,1,1,2,1,2,1,1,9,9,9,9,9,9,16,16,1.0,1,1,1,2,1,1,1,1,2,0,1,1,2,1,1,2,2,1,1,1,1
3783467,UTTARAKHAND,CHAMOLI,KARANPRAYAG,1,,,Chula,Chula,Karnaprayag,7,3,6,10,1,246455,2,2,3,0,2,4,19,14,0,2,0,2,9,9,230,1,0,0,0,0,0,0,9,9,1978,1,2,2,2,1,3,4,1,3,3,2,2,5,2,0,3,2,2,1,1,1,1,0,0,0,0,0,0,1,2,2,1,2,2,2,2,2,1,2,2,2,2,1,1,2,1,1,1,1,9,1,2,9,1,0,0,0,0,0,0,0,0,0,2,9,0,0,3,0,0,0,0,0,1,1,2,3,2,1,1,2,2,9,9,2,9,24,0,1.0,1,1,1,2,1,1,1,1,1,9,1,1,3,1,1,2,2,1,1,1,1
3499661,UTTARAKHAND,CHAMOLI,NARAYANBAGAR,1,,,Kafoli Malli,Kafoli,Narayanbagar,8,3,9,10,4,246453,2,2,3,0,2,4,19,14,0,2,0,2,9,9,224,1,0,0,0,0,0,0,9,9,1998,1,2,9,2,1,3,4,2,1,3,3,5,4,5,4,0,0,2,1,1,1,1,0,0,0,0,1,1,1,2,2,1,2,2,2,2,2,1,2,2,2,2,1,1,2,1,1,1,1,9,1,2,9,1,0,0,0,0,0,0,0,0,0,2,9,0,0,2,0,0,0,0,1,1,1,2,3,1,2,1,2,2,9,9,2,9,28,28,1.0,1,1,1,2,1,1,2,1,2,0,1,1,6,1,1,2,2,1,1,1,2
4855932,UTTARAKHAND,CHAMOLI,DASHOLI,1,,,Gauhana,Gauna,Dasholi,5,3,6,12,1,246424,2,2,3,0,2,4,14,19,0,2,2,2,9,9,198,1,0,0,0,0,0,0,9,9,1990,1,2,2,2,1,3,80,1,3,8,8,7,10,3,7,3,0,1,8,8,10,10,1,1,0,0,8,5,1,2,2,1,2,2,2,2,2,1,2,2,2,2,1,1,1,1,1,1,1,9,1,2,9,1,4,4,4,4,4,4,4,4,4,1,2,0,0,6,0,0,0,1,1,3,1,2,3,2,1,1,2,2,9,9,2,2,0,0,1.0,1,1,1,1,1,1,1,1,1,44,1,1,5,1,1,2,2,1,1,1,1
6479396,UTTARAKHAND,CHAMOLI,Jyotirmath,1,,,Langsi,Langasi,Joshimath,1,3,1,5,1,246472,2,2,3,0,2,4,0,0,0,0,0,1,2,1,225,1,0,0,0,0,0,0,9,9,1955,1,2,9,2,2,0,0,1,3,1,1,2,2,1,2,0,0,1,1,1,1,1,0,0,0,0,0,0,1,2,2,1,2,2,2,2,2,1,2,2,2,2,1,1,2,1,1,1,1,9,1,1,1,1,0,0,0,0,0,0,0,0,0,2,9,0,1,1,0,0,0,0,0,0,1,2,3,2,1,1,9,9,2,9,9,9,0,0,2.0,1,1,1,2,1,1,1,1,9,0,1,2,5,1,2,2,2,1,1,1,1
1606632,UTTARAKHAND,CHAMOLI,NANDANAGAR,1,,,Luntara,Luntara,Ghat,1,3,1,5,1,246435,2,2,3,0,2,4,19,14,0,0,0,2,2,2,224,1,0,0,0,0,0,0,9,9,1986,1,2,9,2,2,0,0,2,3,1,0,2,2,1,1,1,0,1,1,1,1,1,0,0,0,0,0,0,1,2,2,1,2,2,2,2,2,1,2,2,2,2,1,1,2,1,1,1,1,9,1,1,1,1,0,0,0,0,0,0,0,0,0,2,9,0,2,2,0,0,0,0,0,0,1,2,3,2,2,1,9,9,2,9,9,9,0,0,1.0,1,1,1,2,1,1,1,1,9,0,1,1,2,1,1,2,2,1,1,1,1
6407718,UTTARAKHAND,CHAMOLI,POKHARI,1,,,Kandalaga Kwidhi,Kanda,Pokhari,1,3,1,5,1,246429,2,2,3,0,2,4,14,19,0,0,0,2,2,2,0,1,0,0,0,0,1,2,9,9,1997,1,2,9,2,2,0,0,1,3,1,1,1,2,2,2,0,0,1,1,1,1,1,0,0,0,0,0,0,1,2,2,1,2,2,2,2,2,1,2,2,2,1,1,1,2,1,1,1,1,9,1,1,1,1,0,0,0,0,0,0,0,0,0,1,1,0,2,1,0,0,0,0,0,0,1,2,3,2,2,1,9,9,2,9,9,9,0,0,1.0,1,1,1,2,1,1,1,1,9,0,1,1,2,1,1,2,2,2,1,1,1
1943144,UTTARAKHAND,CHAMOLI,NARAYANBAGAR,1,,,Mona Gwar,Angtoli,Narayanbagar,1,3,1,5,1,246453,2,2,3,0,2,4,0,0,0,0,0,2,2,1,226,1,0,0,0,0,0,0,9,9,1985,1,2,9,2,2,0,0,1,3,1,0,7,2,1,0,0,2,1,0,0,1,1,0,0,0,0,0,0,1,2,2,1,2,2,2,2,2,1,2,2,2,2,1,1,2,1,1,1,1,9,1,1,1,1,0,0,0,0,0,0,0,0,0,2,9,0,0,0,0,0,0,0,0,0,1,2,3,2,1,1,9,9,2,9,9,9,3,3,1.0,1,1,1,2,1,1,1,1,9,0,1,1,6,1,1,2,2,1,1,1,2
9202938,UTTARAKHAND,CHAMOLI,DASHOLI,1,,,Pana,Pana,Dasholi,1,3,1,5,1,246424,2,2,3,0,2,4,0,0,0,0,0,2,2,2,230,1,0,0,0,0,0,0,9,9,1953,1,2,9,2,1,7,0,1,3,1,0,1,2,2,2,0,0,1,2,2,2,1,0,0,0,0,0,0,1,2,2,1,2,2,2,2,2,1,2,2,2,1,1,1,2,1,2,1,1,9,1,1,1,1,0,0,0,0,0,0,0,0,0,2,9,0,0,1,0,0,0,0,0,1,1,1,3,2,1,1,9,9,2,9,9,9,15,0,1.0,1,1,1,2,1,1,1,1,9,0,1,1,2,1,1,2,2,2,1,1,1
9089261,UTTARAKHAND,CHAMOLI,GAIRSAIN,1,,,Gogana Talla,Gogna Malla,Gairsain,1,3,1,5,1,246431,2,2,3,0,2,4,0,0,0,0,0,2,2,1,224,1,0,0,0,0,0,0,9,9,1970,1,2,9,2,1,4,0,1,3,1,1,5,3,3,3,0,0,1,2,2,1,1,0,0,0,0,0,0,1,2,2,1,2,2,2,2,2,1,2,2,2,2,1,1,2,1,1,1,1,9,1,1,1,1,0,0,0,0,0,0,0,0,0,2,9,0,1,1,0,0,0,0,0,0,1,2,3,2,2,1,9,9,2,9,9,9,0,0,1.0,1,1,2,2,1,1,1,1,9,0,1,1,2,1,1,2,2,1,1,1,1
7631149,UTTARAKHAND,CHAMOLI,NARAYANBAGAR,1,,,Gairwaram,Gair Baram,Narayanbagar,8,3,9,10,4,246481,2,2,3,0,2,4,0,0,0,2,0,2,9,9,232,1,0,0,0,0,0,0,9,9,1999,1,2,9,2,1,2,5,1,1,3,2,1,3,4,2,0,1,1,1,1,1,1,0,0,0,0,0,0,1,2,2,1,2,2,2,2,2,1,2,2,2,2,1,1,2,1,1,2,1,9,1,2,9,1,0,0,0,0,0,0,0,0,0,2,9,1,0,0,0,0,0,0,0,1,1,2,3,2,1,2,2,2,9,9,2,9,0,0,1.0,1,1,2,2,1,1,1,1,2,0,1,1,2,1,1,1,1,1,1,1,2
4427191,UTTARAKHAND,CHAMOLI,DASHOLI,2,Chamoli Gopeshwar-Municipality,Chamoli Gopeshwar (MB) -Chamoli Chetrapaal Ward No.11,,,,1,3,1,5,1,246424,2,2,3,0,2,4,0,0,0,0,0,1,2,1,227,1,0,0,0,0,0,0,9,9,1865,1,2,9,2,2,0,0,1,3,1,1,1,2,1,2,0,0,1,1,1,1,1,0,0,0,0,0,0,1,2,2,1,1,2,2,2,2,1,1,2,2,1,1,1,2,1,1,1,1,9,1,1,1,1,0,0,0,0,0,0,0,0,0,2,9,0,1,1,0,0,0,0,0,0,1,2,3,2,2,1,9,9,2,9,9,9,9,9,1.0,1,1,1,2,1,1,1,1,9,0,1,1,1,1,1,2,2,1,1,1,1
7118372,UTTARAKHAND,CHAMOLI,KARANPRAYAG,1,,,Sainu,Seinu,Karnaprayag,1,3,1,5,1,246474,2,2,3,0,2,4,0,0,0,0,0,1,2,2,230,1,0,0,0,0,0,1,9,9,1962,1,2,9,2,2,0,3,1,3,1,1,1,2,1,2,0,0,1,1,1,1,1,0,0,0,0,0,0,1,2,2,1,2,2,2,2,2,1,2,2,2,2,1,1,2,1,1,1,1,9,1,1,1,1,0,0,0,0,0,0,0,0,0,2,9,0,1,1,0,0,0,1,0,0,1,2,3,2,1,1,9,9,2,9,9,9,10,0,1.0,1,1,1,2,1,1,1,1,9,0,1,1,1,1,1,2,2,1,1,1,1
1772679,UTTARAKHAND,CHAMOLI,DASHOLI,1,,,Bandwara,Banadwara,Dasholi,1,3,1,5,1,246401,2,2,3,0,2,4,19,14,0,0,0,2,2,1,230,1,0,0,0,0,2,0,9,9,1956,1,2,9,2,1,0,0,1,3,1,1,2,2,1,2,0,0,1,1,1,1,1,0,0,0,0,0,0,1,2,2,1,2,2,2,2,2,1,2,2,2,2,1,1,2,1,1,1,1,9,1,2,9,1,0,0,0,0,0,0,0,0,0,2,9,0,2,1,0,0,0,0,0,0,1,2,1,2,1,1,9,9,2,9,9,9,0,0,1.0,1,1,1,2,1,1,1,1,9,0,1,1,5,1,1,2,2,1,1,1,1
1133942,UTTARAKHAND,CHAMOLI,THARALI,1,,,Gwaldam State,Gwaldam,Tharali,1,3,1,5,1,246441,2,2,3,0,2,4,0,0,0,0,0,1,2,1,223,1,0,0,0,0,1,2,9,9,1996,1,2,9,2,2,0,3,1,3,1,1,1,2,1,2,0,0,1,1,1,1,1,0,0,0,0,0,0,1,2,2,1,2,2,2,2,2,1,2,2,2,2,1,1,2,1,1,1,1,9,1,1,1,2,0,0,0,0,0,0,0,0,0,2,9,0,2,2,0,0,0,0,0,0,1,2,3,2,2,1,9,9,2,9,9,9,13,0,1.0,1,2,1,2,1,1,1,1,9,0,1,1,1,1,1,2,2,1,1,1,1
1267991,UTTARAKHAND,CHAMOLI,DASHOLI,1,,,Mason,Mason,Dasholi,1,3,1,5,1,246449,2,2,3,0,2,4,0,0,0,0,0,1,2,2,224,1,0,0,0,0,0,0,9,9,1972,1,2,9,2,2,0,0,2,3,1,1,2,3,6,3,0,0,1,2,2,1,1,0,0,0,0,0,0,1,2,2,1,2,2,2,2,2,1,2,2,2,1,1,1,3,1,1,2,1,9,1,1,2,1,0,0,0,0,0,0,0,0,0,2,9,0,2,0,0,0,0,0,0,0,1,2,3,2,1,1,9,9,2,9,9,9,0,0,1.0,1,1,1,2,1,1,1,1,9,0,1,1,1,1,1,2,2,1,1,1,1
1118379,UTTARAKHAND,CHAMOLI,Jyotirmath,1,,,Ganai,Ganai,Joshimath,1,3,1,5,1,246472,2,2,3,0,2,4,19,14,0,0,0,2,2,2,224,1,0,0,0,0,0,0,9,9,1948,2,2,9,1,1,0,23,1,3,2,0,2,2,2,0,2,0,1,1,1,1,1,1,1,1,1,0,0,1,2,2,1,2,2,2,2,2,1,2,2,2,2,1,1,2,1,1,1,1,9,1,1,1,1,0,0,0,0,0,0,0,0,0,2,9,0,2,1,0,0,0,0,0,0,2,2,3,2,1,1,9,9,2,9,9,9,115,115,1.0,1,1,2,2,1,1,1,1,9,0,1,1,3,1,1,2,2,1,1,1,1
9131596,UTTARAKHAND,CHAMOLI,NARAYANBAGAR,1,,,Kothara,Kothra,Narayanbagar,1,3,1,5,1,246453,2,2,3,0,2,4,19,14,0,0,0,2,2,2,225,1,0,0,0,0,0,0,9,9,1996,1,2,9,2,2,0,0,1,3,1,1,1,2,1,2,0,0,1,1,1,1,1,1,1,1,1,0,0,1,2,2,1,2,2,2,2,2,1,2,2,2,2,1,1,2,1,1,1,1,9,1,1,1,1,0,0,0,0,0,0,0,0,0,2,9,0,1,0,0,0,0,0,0,0,1,2,2,1,2,1,9,9,2,9,9,9,2,2,1.0,1,1,1,2,1,1,1,1,9,0,1,1,2,1,1,2,2,1,1,1,2
4206155,UTTARAKHAND,CHAMOLI,KARANPRAYAG,1,,,Dothla,Dothla,Karnaprayag,1,3,1,5,1,246446,2,2,3,0,2,4,0,0,0,0,0,2,2,1,230,1,0,0,0,0,0,0,9,9,1992,1,2,9,2,2,0,2,1,3,1,1,1,2,1,2,0,0,1,1,1,1,1,0,0,0,0,0,0,1,2,2,1,2,2,2,2,2,1,2,2,2,2,1,1,1,1,1,1,1,9,1,1,1,1,0,0,0,0,0,0,0,0,0,2,9,0,2,1,0,0,0,0,0,0,1,2,3,2,1,1,9,9,2,9,9,9,8,8,1.0,1,1,1,2,1,1,1,1,9,0,1,1,2,1,1,2,2,1,1,1,1
1116139,UTTARAKHAND,CHAMOLI,DASHOLI,1,,,Dhogarikandai,Dogdi Kandaie,Dasholi,1,3,1,5,1,246401,2,2,3,0,2,4,0,0,0,0,0,2,2,2,220,1,0,0,0,0,0,0,9,9,1966,1,2,9,2,1,3,5,1,3,1,1,1,2,1,2,0,0,1,1,1,1,1,0,0,0,0,0,0,1,2,2,1,2,2,2,2,2,1,2,2,2,2,1,1,2,1,1,2,1,9,1,1,2,1,0,0,0,0,0,0,0,0,0,2,9,0,0,1,0,0,0,0,0,0,1,2,3,2,1,1,9,9,2,9,9,9,0,0,2.0,1,1,1,2,1,1,1,1,9,0,1,1,2,1,1,2,1,1,1,1,1
1961414,UTTARAKHAND,CHAMOLI,Jyotirmath,2,Joshimath-Municipality,Joshimath (MB) - Ravigram Ward No.9,,,,1,3,1,5,1,246443,2,2,3,0,2,4,19,14,0,0,0,2,2,2,225,1,0,0,0,0,0,0,9,9,1953,1,2,9,2,1,13,0,1,3,2,2,1,2,3,2,0,0,1,1,1,1,1,0,0,0,0,0,0,1,2,2,1,2,2,2,2,2,1,2,2,2,2,1,1,2,1,1,1,1,9,1,1,1,1,0,0,0,0,0,0,0,0,0,2,9,0,2,1,0,0,0,0,0,0,1,2,3,1,1,1,9,9,2,9,9,9,18,18,1.0,1,1,1,2,1,1,1,1,9,0,1,1,5,1,1,2,2,1,1,1,1
4898449,UTTARAKHAND,CHAMOLI,NARAYANBAGAR,1,,,Narayan Bagad,Narayan Bagar,Narayanbagar,2,3,1,8,5,246455,2,2,3,0,2,4,19,0,0,0,0,1,1,9,218,1,1,0,1,0,2,3,9,9,1994,9,2,2,2,9,0,0,9,1,1,1,1,10,1,10,0,0,1,1,1,2,2,0,0,0,0,0,0,1,2,2,1,2,2,2,2,2,1,2,2,2,2,1,1,2,1,1,1,1,9,1,1,2,1,0,0,0,0,0,0,0,0,0,1,9,0,0,5,0,0,0,0,1,3,1,2,3,2,2,2,9,9,2,9,9,9,0,0,,1,1,2,1,1,1,1,1,2,0,1,1,6,1,2,1,1,1,1,1,2
5582604,UTTARAKHAND,CHAMOLI,Jyotirmath,1,,,Pandukaswar,Pandukeshar,Joshimath,2,3,1,8,5,246443,2,2,3,0,2,4,19,14,0,0,0,1,1,9,232,1,5,2,1,0,0,0,9,9,1988,9,2,2,2,9,0,0,9,1,2,2,1,8,5,8,0,0,1,1,1,1,1,1,1,1,1,0,0,1,2,2,1,2,2,2,2,2,1,2,2,2,2,1,1,2,1,1,1,1,9,1,2,9,1,0,0,0,0,0,0,0,0,0,2,9,0,0,7,0,0,0,0,0,1,1,2,3,2,2,1,9,9,2,9,9,9,0,0,,1,1,2,1,1,1,1,1,2,0,2,2,6,1,1,2,2,1,1,1,1
2917374,UTTARAKHAND,CHAMOLI,NARAYANBAGAR,1,,,Maltura,Maltura,Narayanbagar,1,3,1,5,1,246481,2,2,3,0,2,4,0,0,0,0,0,1,2,2,222,1,0,0,0,0,0,0,9,9,1982,1,2,9,2,1,8,0,1,3,1,1,2,2,1,0,0,2,1,1,1,1,1,0,0,0,0,0,0,1,2,2,1,2,2,2,2,2,1,2,2,2,2,1,1,2,1,1,1,1,9,1,1,2,1,0,0,0,0,0,0,0,0,0,2,9,0,1,1,0,0,0,0,0,0,1,2,3,2,2,1,9,9,2,9,9,9,3,0,2.0,1,2,2,2,1,1,1,1,9,0,1,1,5,1,1,2,2,1,1,1,1
6310921,UTTARAKHAND,CHAMOLI,DASHOLI,1,,,Hat,Hat,Dasholi,1,3,1,5,1,246472,2,2,3,0,2,4,19,14,0,0,0,1,2,1,220,1,0,0,0,0,2,0,9,9,1998,1,2,9,2,2,0,5,1,3,1,1,2,2,1,0,2,0,1,1,0,1,1,0,0,0,0,0,0,1,2,2,1,2,2,2,2,2,1,2,2,2,2,1,1,2,1,1,1,1,9,1,1,1,2,0,0,0,0,0,0,0,0,0,2,9,0,1,1,0,0,0,0,0,0,1,2,3,2,2,1,9,9,2,9,9,9,0,0,1.0,1,1,1,2,1,1,1,1,9,0,1,1,2,1,1,2,2,1,1,1,1
2915212,UTTARAKHAND,CHAMOLI,KARANPRAYAG,2,Gochar-Municipality,"Gochar (NP) -Panaai Talli, Palsaari Ward No.4",,,,2,3,1,8,5,246446,2,2,3,0,2,4,19,0,0,0,0,1,1,9,219,1,6,5,0,0,0,0,9,9,2019,9,2,2,2,9,0,0,9,2,1,1,1,10,11,10,0,0,1,1,1,1,1,1,1,1,1,1,1,1,2,2,1,2,2,2,2,2,1,2,2,2,2,1,1,2,1,1,2,1,9,1,1,1,1,0,0,0,0,0,0,0,0,0,1,9,1,0,8,0,0,0,1,0,1,1,2,1,2,2,2,9,9,2,9,9,9,0,0,,1,1,1,1,1,1,1,1,1,20,1,1,2,1,1,1,1,2,1,1,1
5404364,UTTARAKHAND,CHAMOLI,POKHARI,2,POKHRI-Town Panchayat,Pokhri (NP) -Pokhri Lower Ward No. 2,,,,4,3,6,8,5,246473,2,2,3,0,2,4,19,0,0,0,0,2,9,9,0,1,0,0,0,0,0,0,9,9,2004,9,2,2,2,9,0,0,9,1,1,1,5,3,4,3,0,0,1,1,1,1,1,0,0,0,0,0,0,1,2,2,1,2,2,2,2,2,1,2,2,2,2,1,1,2,1,1,1,1,9,1,2,9,1,0,0,0,0,0,0,0,0,0,2,9,0,0,0,0,0,0,0,0,0,1,2,3,2,2,2,9,9,9,9,9,9,0,0,,1,1,1,2,1,1,1,1,2,0,1,1,2,1,1,1,2,1,1,1,1
6117397,UTTARAKHAND,CHAMOLI,THARALI,1,,,Sunaun,Sunau Talla,Tharali,5,3,6,12,1,246481,2,2,3,0,2,4,19,0,0,2,2,1,9,9,234,1,0,0,0,0,0,0,9,9,1989,1,2,2,2,1,4,0,1,3,1,1,2,7,7,7,0,0,1,4,0,1,1,0,0,0,0,0,0,1,2,2,1,2,2,2,2,2,1,2,2,2,2,1,1,2,1,1,1,1,9,1,2,9,2,2,2,2,4,4,4,4,4,2,1,2,0,0,11,0,0,0,2,1,3,1,2,3,2,1,1,2,2,9,9,2,2,0,0,1.0,1,1,1,1,1,1,1,1,1,73,1,1,2,1,1,2,2,1,1,1,1
6777908,UTTARAKHAND,CHAMOLI,Jyotirmath,2,Joshimath-Municipality,Joshimath (MB) - Painka-Maarwaadi Ward No.2,,,,4,3,6,8,1,246443,2,2,3,0,2,4,19,14,0,0,0,1,9,9,225,1,0,0,0,0,0,0,9,9,2007,1,2,2,2,1,8,0,1,3,3,3,5,3,0,3,0,0,2,3,1,3,1,0,0,0,0,0,0,1,2,2,1,2,2,2,2,2,1,2,2,2,2,1,1,2,1,1,2,1,9,1,1,1,1,0,0,0,0,0,0,0,0,0,2,9,0,0,4,0,0,0,0,0,1,1,2,3,2,2,1,9,9,9,9,9,9,0,0,1.0,1,1,2,2,1,1,1,1,1,6,1,1,6,1,1,2,2,1,1,1,1
2194884,UTTARAKHAND,CHAMOLI,NANDANAGAR,1,,,Parnmati,Kanol,Ghat,4,3,6,8,1,246435,2,2,3,0,2,4,14,19,0,0,0,2,9,9,224,1,0,0,0,0,0,0,9,9,2010,1,2,2,2,2,0,5,2,3,1,1,2,3,2,3,0,0,1,1,1,1,1,0,0,0,0,0,0,1,2,2,1,2,2,2,2,2,1,2,2,2,2,1,1,2,1,1,1,1,9,1,1,1,1,0,0,0,0,0,0,0,0,0,2,9,0,0,1,0,0,0,0,0,0,1,2,3,2,2,1,9,9,9,9,9,9,0,0,2.0,1,1,1,2,1,1,1,1,1,2,1,1,1,1,2,2,2,1,1,1,1
9872013,UTTARAKHAND,CHAMOLI,GAIRSAIN,1,,,Giratoli,Kaflodi,Gairsain,4,3,6,8,1,246487,2,2,3,0,2,4,0,0,0,0,0,2,9,9,232,1,0,0,0,0,0,0,9,9,2011,1,2,2,2,1,2,0,1,3,1,1,5,3,3,3,0,0,1,1,1,1,1,0,0,0,0,0,0,1,2,2,1,2,2,2,2,2,1,2,2,2,3,1,2,2,1,2,1,1,9,1,1,1,2,0,0,0,0,0,0,0,0,0,2,9,0,0,1,0,0,0,0,0,0,1,2,3,2,1,1,9,9,9,9,9,9,0,0,2.0,1,1,1,2,1,1,2,1,2,0,1,1,2,1,1,2,2,1,1,1,1
3077101,UTTARAKHAND,CHAMOLI,GAIRSAIN,1,,,Ghuma Khet Malla,Jhumakhet,Gairsain,7,3,6,10,1,246486,2,2,3,0,2,4,19,14,0,2,0,1,9,9,244,1,0,0,0,0,0,0,9,9,2005,1,2,2,2,1,2,6,1,3,1,1,5,5,4,2,3,0,1,1,1,1,1,0,0,0,0,0,0,1,2,2,1,2,2,2,2,2,1,2,2,2,2,1,1,2,1,1,1,1,9,1,2,9,1,0,0,0,0,0,0,0,0,0,1,2,0,0,2,0,0,0,0,0,0,1,1,3,2,1,1,2,2,9,9,2,9,0,0,1.0,1,1,2,1,1,1,2,1,1,25,1,1,2,1,1,2,2,1,1,1,1
7185135,UTTARAKHAND,CHAMOLI,DASHOLI,1,,,Syuna,Syuna,Dasholi,8,3,9,10,4,246472,2,2,3,0,2,4,19,14,0,2,0,2,9,9,226,1,0,0,0,0,0,0,9,9,1999,1,2,9,2,1,2,15,1,1,10,7,5,10,7,6,3,1,1,1,1,1,1,1,1,1,1,1,1,1,2,2,1,2,2,1,2,2,1,2,2,1,2,1,1,2,1,1,2,1,9,1,2,9,2,0,0,0,0,0,0,0,0,0,2,9,0,0,2,0,0,0,0,0,1,1,2,3,2,1,2,2,2,9,9,2,9,29,34,1.0,1,1,1,2,1,1,1,1,2,0,1,1,1,1,1,1,1,1,1,1,1
1400756,UTTARAKHAND,CHAMOLI,GAIRSAIN,1,,,Pyura,Pyura,Gairsain,1,3,1,5,1,246440,2,2,3,0,2,4,0,0,0,0,0,1,2,2,223,1,0,0,0,0,2,3,9,9,1964,1,2,9,2,2,0,6,1,3,1,1,2,3,1,3,0,0,1,1,1,1,1,0,0,0,0,0,0,1,2,2,1,2,2,2,2,2,1,2,2,2,1,1,1,2,1,2,1,1,9,1,1,1,1,0,0,0,0,0,0,0,0,0,2,9,0,2,1,0,0,0,0,0,0,1,2,3,2,2,1,9,9,2,9,9,9,21,23,1.0,1,1,2,2,1,1,1,1,9,0,1,1,5,1,1,2,2,1,1,1,1
3559706,UTTARAKHAND,CHAMOLI,DASHOLI,1,,,Sainji,Siron,Dasholi,4,3,6,8,1,246424,2,2,3,0,2,4,19,14,0,0,0,2,9,9,224,1,0,0,0,0,0,0,9,9,2009,1,2,2,2,2,0,5,1,3,1,1,2,3,1,0,3,0,1,1,1,1,1,0,0,0,0,0,0,1,2,2,1,2,2,2,2,2,1,2,2,2,2,1,1,2,1,1,1,1,9,1,1,1,2,0,0,0,0,0,0,0,0,0,1,2,0,0,1,0,0,0,0,0,1,1,2,1,2,1,1,9,9,9,9,9,9,0,0,1.0,1,1,1,2,1,1,1,1,1,16,1,1,5,1,1,2,2,1,1,1,1
1198343,UTTARAKHAND,CHAMOLI,Jyotirmath,1,,,Salna Chak Urgam,Lyari Theina,Joshimath,1,3,1,5,1,246443,2,2,3,0,2,4,19,14,0,0,0,2,2,1,225,1,0,0,0,0,0,0,9,9,1985,1,2,9,2,1,8,2,1,3,2,2,2,2,1,2,0,0,1,1,0,1,1,0,0,0,0,0,0,1,2,2,1,2,2,2,2,2,1,2,2,2,2,1,1,2,1,1,1,1,9,1,1,1,1,0,0,0,0,0,0,0,0,0,2,9,0,1,1,5,0,0,0,0,0,1,1,3,2,1,1,9,9,2,9,9,9,0,0,1.0,1,1,1,2,1,1,1,1,9,0,1,1,2,1,1,2,2,1,1,1,1
2411900,UTTARAKHAND,CHAMOLI,NARAYANBAGAR,1,,,Swan Talla,Naini,Narayanbagar,1,3,1,5,1,246455,2,2,3,0,2,4,0,0,0,0,0,2,2,1,224,1,0,0,0,0,0,0,9,9,1975,1,2,9,2,2,0,2,1,3,1,1,1,1,1,1,0,0,1,1,1,1,1,0,0,0,0,0,0,1,2,2,1,2,2,2,2,2,1,2,2,2,2,1,1,2,1,1,1,1,9,1,1,1,1,0,0,0,0,0,0,0,0,0,2,9,0,1,1,0,0,0,0,0,0,1,2,3,2,1,1,9,9,2,9,9,9,7,7,1.0,1,1,1,2,1,1,1,1,9,0,1,1,6,1,2,2,2,1,1,1,1
3291016,UTTARAKHAND,CHAMOLI,DEWAL,1,,,Naldhura,Naldhura,Dewal,1,3,1,5,1,246427,2,2,3,0,2,4,19,14,0,0,0,2,2,1,228,1,0,0,0,0,0,0,9,9,2008,2,2,9,2,2,0,0,1,3,1,1,5,2,1,2,0,0,1,1,1,1,1,0,0,0,0,0,0,1,2,2,1,2,2,2,2,2,1,2,2,2,2,1,1,2,1,1,1,1,9,1,2,9,1,0,0,0,0,0,0,0,0,0,2,9,0,1,1,0,0,0,0,0,0,1,2,3,2,2,1,9,9,2,9,9,9,0,0,2.0,1,2,2,2,1,2,1,1,9,0,2,1,1,1,2,2,2,1,1,2,2
5963205,UTTARAKHAND,CHAMOLI,NARAYANBAGAR,1,,,Kevar Talla,Kewar Malla,Narayanbagar,1,3,1,5,1,246455,2,2,3,0,2,4,19,14,0,0,0,1,2,2,225,1,0,0,0,0,0,0,9,9,1961,1,2,9,2,2,0,15,1,3,1,1,2,4,1,4,0,0,1,2,2,2,2,0,0,1,1,1,0,1,2,2,1,2,2,2,2,2,1,2,2,2,2,1,1,2,1,1,1,1,9,1,1,1,2,0,0,0,0,0,0,0,0,0,2,9,0,2,5,0,0,0,1,0,0,1,2,3,2,1,1,9,9,2,9,9,9,45,45,1.0,1,1,1,2,1,1,1,1,9,0,1,1,6,1,1,2,2,1,1,1,2
4747136,UTTARAKHAND,CHAMOLI,DASHOLI,1,,,Math Jhadeta,Math Jhadeta,Dasholi,1,3,1,5,1,246472,2,2,3,0,2,4,19,14,0,0,0,2,2,1,222,1,0,0,0,0,0,0,9,9,1991,1,2,9,2,2,0,4,1,3,1,1,2,2,1,0,0,2,1,1,1,1,1,0,0,0,0,0,0,1,2,2,1,2,2,2,2,2,1,2,2,2,2,1,1,2,1,1,1,1,9,1,1,1,2,0,0,0,0,0,0,0,0,0,2,9,0,2,2,0,0,0,0,0,1,1,2,3,2,1,1,9,9,2,9,9,9,0,0,2.0,1,1,1,2,1,1,1,1,9,0,1,1,1,1,1,2,2,2,1,1,1
7486229,UTTARAKHAND,CHAMOLI,GAIRSAIN,1,,,Kuneli Laga Marora,Maroda,Gairsain,1,3,1,5,1,246428,2,2,3,0,2,4,14,19,0,0,0,2,2,2,220,1,0,1,0,0,0,0,9,9,1995,1,2,9,2,1,5,0,1,3,1,1,5,2,1,2,0,0,1,1,1,1,1,0,0,0,0,0,0,1,2,2,1,2,2,2,2,2,1,2,2,2,2,1,1,2,1,1,1,1,9,1,1,1,1,0,0,0,0,0,0,0,0,0,2,9,0,1,0,0,0,0,0,0,0,1,2,3,2,1,1,9,9,2,9,9,9,3,0,2.0,1,1,2,2,1,1,2,1,9,0,1,1,6,1,1,2,2,1,1,1,1
6004342,UTTARAKHAND,CHAMOLI,DASHOLI,1,,,Pagana,Pagna,Dasholi,1,3,1,5,1,246424,2,2,3,0,2,4,14,19,0,0,0,2,2,1,224,1,0,0,0,0,0,0,9,9,1992,1,2,9,2,2,0,0,1,3,1,0,2,3,1,2,1,0,1,1,0,1,1,1,1,0,0,0,0,1,2,2,1,2,2,2,2,2,1,2,2,2,2,1,1,2,1,2,1,1,9,1,1,1,1,0,0,0,0,0,0,0,0,0,2,9,0,3,0,0,0,0,0,0,0,1,2,3,2,2,1,9,9,2,9,9,9,0,0,1.0,1,1,1,2,1,1,1,1,9,0,1,1,2,1,1,2,2,1,1,1,1
9950226,UTTARAKHAND,CHAMOLI,Jyotirmath,1,,,Mana,Mana,Joshimath,1,3,1,5,1,246443,2,2,3,0,2,4,19,14,0,0,0,2,2,1,224,1,0,0,0,0,3,1,9,9,1952,1,2,9,2,2,0,5,1,3,1,1,2,2,1,2,0,0,1,1,1,2,2,0,0,0,0,0,0,1,2,2,1,2,2,2,2,2,1,2,2,2,2,1,1,2,1,1,1,1,9,1,2,9,1,0,0,0,0,0,0,0,0,0,2,9,0,2,1,0,0,0,0,0,0,1,2,2,2,2,1,9,9,2,9,9,9,0,0,1.0,1,2,2,2,1,1,1,1,9,0,1,1,3,1,1,2,2,1,1,1,1
7634909,UTTARAKHAND,CHAMOLI,NARAYANBAGAR,1,,,Panti,Panti,Narayanbagar,1,3,1,5,1,246455,2,2,3,0,2,4,19,14,0,0,0,1,2,1,228,1,0,0,0,1,2,0,9,9,1997,1,2,9,2,2,0,7,1,3,1,1,5,2,2,2,0,0,1,2,2,2,2,0,0,0,0,0,0,1,2,2,1,2,2,2,2,2,1,2,2,2,2,1,1,2,1,1,1,1,9,1,1,1,1,0,0,0,0,0,0,0,0,0,2,9,0,1,1,0,0,0,0,0,0,1,2,3,2,1,1,9,9,2,9,9,9,14,14,1.0,1,1,1,2,1,1,1,1,9,0,1,1,1,1,1,2,2,1,1,1,2
3909481,UTTARAKHAND,CHAMOLI,THARALI,1,,,Banoli,Banoli,Dwarahat,1,3,1,5,1,246481,2,2,3,0,2,4,0,0,0,0,0,2,2,2,224,1,0,0,0,0,0,0,9,9,1961,1,2,9,2,2,0,5,1,3,1,1,2,2,1,2,0,0,1,1,1,1,1,0,0,0,0,0,0,1,2,2,1,2,2,2,2,2,1,2,2,2,1,1,1,2,1,1,1,1,9,1,1,1,1,0,0,0,0,0,0,0,0,0,2,9,0,1,1,0,0,0,0,0,0,1,2,3,2,1,1,9,9,2,9,9,9,0,0,1.0,1,2,1,2,1,1,1,1,9,0,1,1,2,1,1,2,2,1,1,1,1
3528830,UTTARAKHAND,CHAMOLI,GAIRSAIN,1,,,Rohira,Rohida,Gairsain,1,3,1,5,1,246428,2,2,3,0,2,4,19,0,0,0,0,1,2,1,227,1,0,0,0,0,0,0,9,9,1992,1,2,9,2,2,0,0,1,3,3,3,7,3,1,2,1,0,1,1,1,1,1,0,0,0,0,1,1,1,2,2,1,2,2,2,2,2,1,2,2,2,1,1,1,2,1,1,1,1,9,1,1,1,1,0,0,0,0,0,0,0,0,0,2,9,0,1,1,0,0,0,0,0,0,1,1,3,2,1,1,9,9,2,9,9,9,0,0,1.0,1,1,1,2,1,1,2,1,9,0,1,1,2,1,1,2,2,1,1,1,1
5050864,UTTARAKHAND,CHAMOLI,POKHARI,1,,,Bhaduda,Bhaduda,Pokhari,1,3,1,5,1,246449,2,2,3,0,2,4,0,0,0,0,0,2,2,2,228,1,0,0,0,0,0,0,9,9,1977,1,2,9,2,2,0,0,1,3,1,1,2,3,1,3,0,0,1,1,1,1,1,0,0,0,0,0,0,1,2,2,1,2,2,2,2,2,1,2,2,2,2,1,1,2,1,1,1,1,9,1,1,1,1,0,0,0,0,0,0,0,0,0,2,9,0,1,0,0,0,0,0,0,0,1,2,3,2,1,1,9,9,2,9,9,9,5,5,1.0,1,1,1,2,1,1,1,1,9,0,1,1,2,1,1,2,2,2,1,1,1
5360420,UTTARAKHAND,CHAMOLI,DASHOLI,2,Chamoli Gopeshwar-Municipality,Chamoli Gopeshwar (MB) -Chamoli Chetrapaal Ward No.11,,,,1,3,1,5,5,246424,2,2,3,0,2,4,19,0,0,0,0,1,1,9,225,1,0,4,0,0,0,0,9,9,2007,9,2,9,2,9,0,0,9,1,1,1,1,6,1,5,1,0,1,1,1,1,1,0,0,0,0,0,0,1,2,2,1,2,2,2,2,2,1,2,2,2,1,1,1,2,1,1,2,1,9,1,2,9,1,0,0,0,0,0,0,0,0,0,2,9,3,1,6,0,0,0,0,0,3,1,2,3,2,2,1,9,9,2,9,9,9,0,0,,1,1,1,1,1,1,1,1,9,0,1,1,1,1,1,1,1,1,1,1,1
5163264,UTTARAKHAND,CHAMOLI,GAIRSAIN,1,,,Kirasal,Kirsal,Gairsain,1,3,1,5,1,246440,2,2,3,0,2,4,0,0,0,0,0,1,2,2,222,1,0,0,0,1,0,4,9,9,1960,1,2,9,2,2,0,2,1,3,1,1,5,2,1,0,2,0,1,1,1,1,1,0,0,0,0,0,0,1,2,2,1,2,2,2,2,2,1,2,2,2,2,1,1,2,1,2,1,1,9,1,1,1,1,0,0,0,0,0,0,0,0,0,2,9,0,1,1,0,0,0,0,0,0,1,2,3,2,1,1,9,9,2,9,9,9,0,0,1.0,1,1,2,2,1,1,1,1,9,0,1,1,1,1,1,2,2,1,1,1,1
6215214,UTTARAKHAND,CHAMOLI,POKHARI,1,,,Kujasu,Kujasu,Pokhari,1,3,1,5,1,246473,2,2,3,0,2,4,19,14,0,0,0,1,2,2,230,1,0,0,0,0,0,0,9,9,2005,1,2,9,2,1,4,0,1,3,1,1,1,2,1,2,0,0,1,1,1,1,1,0,0,0,0,0,0,1,2,2,1,2,2,2,2,2,1,2,2,2,1,1,1,2,1,2,2,1,9,1,1,1,1,0,0,0,0,0,0,0,0,0,2,9,0,1,1,0,0,0,0,0,0,1,2,3,2,2,1,9,9,2,9,9,9,0,0,2.0,1,1,1,2,1,1,1,1,9,0,1,1,1,1,1,2,2,2,1,1,1
5517450,UTTARAKHAND,CHAMOLI,GAIRSAIN,1,,,Chhari Sain,Chhadisen,Gairsain,1,3,1,5,1,246428,2,2,3,0,2,4,0,0,0,0,0,1,2,2,226,1,0,0,0,0,2,0,9,9,1989,1,2,9,1,1,2,0,1,3,1,0,5,2,3,2,0,0,1,1,1,1,1,1,1,0,0,1,0,1,2,2,1,2,2,2,2,2,1,2,2,2,1,1,1,2,1,1,1,1,9,1,1,1,2,0,0,0,0,0,0,0,0,0,2,9,0,2,1,0,0,0,0,0,0,1,2,3,2,1,1,9,9,2,9,9,9,0,0,1.0,1,1,1,2,1,1,1,1,9,0,1,1,2,1,1,2,2,1,1,1,1
3914494,UTTARAKHAND,CHAMOLI,GAIRSAIN,1,,,Kheti,Kheti,Gairsain,11,3,11,12,5,246428,2,2,3,0,2,4,19,14,0,0,2,1,9,9,220,1,0,0,0,0,0,0,9,9,2000,9,2,9,2,9,0,0,9,1,4,4,1,12,13,12,0,0,1,2,2,2,2,1,1,1,1,0,0,1,2,2,1,2,2,2,2,2,1,2,2,2,1,1,1,2,1,1,1,1,9,1,1,1,1,1,1,4,4,4,1,1,4,1,1,9,0,0,2,0,0,0,0,1,1,1,2,3,2,1,1,1,2,9,9,9,1,0,0,,1,1,1,1,1,1,1,1,1,10,1,1,1,1,1,1,1,1,1,1,1
6395467,UTTARAKHAND,CHAMOLI,KARANPRAYAG,1,,,Gwad,Jaikandi (Barsoli),Karnaprayag,4,3,6,8,1,246474,2,1,3,0,2,4,19,14,0,0,0,1,9,9,230,1,0,0,0,0,0,0,9,9,2006,1,2,2,2,2,0,2,1,3,1,1,1,3,1,3,0,0,1,1,1,1,1,0,0,0,0,0,0,1,2,2,1,2,2,2,2,2,1,2,2,2,2,1,1,2,1,1,1,1,9,1,1,1,1,0,0,0,0,0,0,0,0,0,2,9,0,0,2,0,0,0,1,0,1,1,2,3,2,1,1,9,9,9,9,9,9,5,0,1.0,1,1,1,2,1,1,1,1,2,0,1,1,2,1,1,2,2,1,1,1,1
4270841,UTTARAKHAND,CHAMOLI,Jyotirmath,1,,,Subhai,Subhai,Joshimath,4,3,6,8,1,246443,2,2,3,0,2,4,19,0,0,0,0,1,9,9,230,1,0,0,0,0,0,0,9,9,1991,1,2,2,2,1,4,0,1,3,4,4,5,4,4,4,0,0,1,1,1,1,1,0,0,0,0,0,0,1,2,2,1,2,2,2,2,2,1,2,2,2,1,1,1,2,1,1,1,1,9,1,1,1,1,0,0,0,0,0,0,0,0,0,1,2,0,0,3,0,0,0,0,0,1,1,2,3,1,1,1,9,9,9,9,9,9,0,0,1.0,1,1,1,2,1,1,1,1,1,0,1,2,2,1,1,2,2,2,1,1,1
8492355,UTTARAKHAND,CHAMOLI,DASHOLI,2,Chamoli Gopeshwar-Municipality,Chamoli Gopeshwar (MB) -Naigwaad Ward No.8,,,,7,2,6,10,1,246401,2,2,3,0,2,4,19,14,0,2,0,1,9,9,224,1,0,0,0,0,0,0,9,9,2006,1,2,2,2,1,3,32,1,3,5,1,5,5,5,2,0,3,1,0,0,3,3,0,0,0,0,0,0,1,2,2,1,2,2,2,2,2,1,2,2,2,2,1,1,2,1,2,1,1,9,1,1,1,1,0,0,0,0,0,0,0,0,0,1,1,0,1,5,0,0,0,1,0,1,1,2,3,2,1,1,2,2,9,9,2,9,76,58,1.0,1,1,1,1,1,1,1,1,1,78,1,1,3,1,1,2,2,1,1,1,1
3820617,UTTARAKHAND,CHAMOLI,GAIRSAIN,1,,,Rohira,Rohida,Gairsain,4,3,6,8,1,246428,2,2,3,0,2,4,19,14,0,0,0,1,9,9,226,1,0,0,0,0,0,0,9,9,2010,2,2,2,2,2,0,0,1,3,1,1,7,4,1,4,0,0,1,1,1,1,1,0,0,0,0,1,1,1,2,2,1,2,2,2,2,2,1,2,2,2,3,1,1,2,1,1,1,1,9,1,1,1,1,0,0,0,0,0,0,0,0,0,1,2,0,0,4,0,0,0,0,0,1,1,2,3,2,1,1,9,9,9,9,9,9,0,0,2.0,1,1,2,2,1,1,2,1,2,0,1,1,6,1,1,2,2,1,1,1,1
5571340,UTTARAKHAND,CHAMOLI,NANDANAGAR,1,,,Jakhni,Jakhani,Ghat,1,3,1,5,1,246449,2,2,3,0,2,4,19,14,0,0,0,2,2,2,224,1,0,0,0,0,0,0,9,9,1948,1,2,9,2,1,3,0,1,3,2,2,1,3,1,0,0,3,1,1,1,2,2,0,0,0,0,0,0,1,2,2,1,2,2,2,2,2,1,2,2,2,2,1,1,2,1,1,1,1,9,1,1,1,1,0,0,0,0,0,0,0,0,0,2,9,0,1,2,0,0,0,0,0,0,1,2,3,2,2,1,9,9,2,9,9,9,0,0,1.0,1,1,1,2,1,1,1,1,9,0,1,1,2,1,1,2,2,1,1,1,1
4180327,UTTARAKHAND,CHAMOLI,NARAYANBAGAR,1,,,Kimoli,Kimoli,Narayanbagar,4,3,6,8,1,246455,2,2,3,0,2,4,19,14,0,0,0,1,9,9,221,1,0,0,0,0,0,0,9,9,1976,1,2,2,2,2,0,16,1,3,1,1,2,5,2,3,2,0,1,1,1,1,1,0,0,0,0,0,0,1,2,2,1,2,2,2,2,2,1,2,2,2,2,1,1,2,1,1,2,1,9,1,1,1,1,0,0,0,0,0,0,0,0,0,2,9,0,0,1,0,0,0,0,0,1,1,2,3,2,1,1,9,9,9,9,9,9,70,0,1.0,1,1,1,2,1,1,1,1,1,49,1,1,4,1,1,2,2,1,1,1,1
5263671,UTTARAKHAND,CHAMOLI,NARAYANBAGAR,1,,,Sainj,Jakh Patyun,Narayanbagar,7,3,6,10,1,246453,2,2,3,0,2,4,19,14,0,2,0,2,9,9,230,1,0,0,0,0,0,0,9,9,1972,1,2,2,2,1,4,4,1,3,1,1,1,7,5,4,3,0,1,3,3,2,2,0,0,0,0,3,0,1,2,2,1,2,2,2,2,2,1,2,2,2,2,1,1,2,1,1,2,1,9,1,1,2,1,0,0,0,0,0,0,0,0,0,2,9,0,0,3,0,0,0,0,0,1,1,2,3,2,1,1,2,2,9,9,2,9,17,13,1.0,1,1,1,2,1,1,1,1,1,6,1,1,1,1,1,2,3,1,1,1,1
3706523,UTTARAKHAND,CHAMOLI,NANDANAGAR,1,,,Nagbugar Urf Farkhet,Nagbagar(Farkhet),Ghat,5,3,6,12,1,246435,2,2,3,0,2,4,19,14,0,1,1,2,9,9,220,1,0,0,0,0,0,0,9,9,1969,1,2,2,2,1,3,53,1,3,3,1,7,9,5,9,0,0,1,2,2,2,2,0,0,0,0,1,0,1,2,2,1,2,2,2,2,2,1,2,2,2,1,1,1,2,1,1,1,1,9,1,2,9,1,4,4,4,4,4,4,4,4,4,1,1,0,0,12,0,1,1,1,1,6,1,1,3,2,1,1,2,2,9,9,2,2,283,283,1.0,1,1,1,1,1,1,1,1,1,60,1,1,2,1,1,2,3,1,1,1,1
2854106,UTTARAKHAND,CHAMOLI,GAIRSAIN,1,,,Divadhar,Diwadhar,Gairsain,4,3,6,8,1,246486,2,2,3,0,2,4,0,0,0,0,0,1,9,9,226,1,0,0,0,0,0,0,9,9,2004,1,2,2,2,2,0,7,1,3,1,1,2,4,2,3,1,0,1,2,1,2,1,0,0,1,1,1,0,1,2,2,1,2,2,2,2,2,1,2,2,2,2,1,1,1,1,1,1,1,9,1,1,1,1,0,0,0,0,0,0,0,0,0,2,9,0,0,6,0,0,0,0,1,1,1,2,3,2,1,1,9,9,9,9,9,9,0,0,1.0,1,1,1,2,1,1,1,1,1,21,1,1,3,1,1,2,2,1,1,1,1
6148581,UTTARAKHAND,CHAMOLI,NANDANAGAR,1,,,Bijar,Bijar,Ghat,1,3,1,5,1,246435,2,2,3,0,2,4,19,14,0,0,0,2,2,2,226,1,0,0,0,0,0,1,9,9,1998,1,2,9,2,2,0,10,1,3,1,1,5,2,1,2,0,0,1,1,1,1,1,0,0,0,0,0,0,1,2,2,1,2,2,2,2,2,1,2,2,2,2,1,1,2,1,1,1,1,9,1,1,1,2,0,0,0,0,0,0,0,0,0,2,9,0,2,1,0,0,0,0,0,0,1,2,3,2,2,1,9,9,2,9,9,9,0,0,1.0,1,1,2,2,1,1,1,1,9,0,1,1,1,1,1,2,2,2,1,1,1
1576486,UTTARAKHAND,CHAMOLI,DASHOLI,1,,,Kunkuli,Bairagana,Dasholi,5,3,6,12,4,246401,2,2,3,0,2,4,14,19,18,2,2,2,9,9,225,1,0,0,0,0,0,0,9,9,1954,1,2,2,2,2,0,0,1,1,8,6,5,8,8,5,0,3,1,3,0,2,0,2,1,2,1,2,2,1,1,2,1,2,2,2,1,2,1,2,2,2,1,1,1,1,1,2,1,1,9,1,1,2,1,4,4,4,4,4,4,4,4,1,1,2,0,0,8,0,5,0,0,0,2,1,2,3,1,2,1,2,2,9,9,1,1,0,0,2.0,1,1,1,2,1,1,1,1,2,0,1,1,1,1,2,1,1,1,1,1,1
8338533,UTTARAKHAND,CHAMOLI,Jyotirmath,1,,,Chaien,Chain,Joshimath,1,3,1,5,1,246443,2,2,3,0,2,4,19,14,0,0,0,1,2,1,225,1,0,0,0,0,0,0,9,9,1948,1,2,9,2,1,15,0,1,3,1,1,1,2,1,2,0,0,1,1,1,1,1,1,1,1,1,0,0,1,2,2,1,2,2,2,2,2,1,2,2,2,2,1,1,2,1,1,1,1,9,1,1,1,1,0,0,0,0,0,0,0,0,0,2,9,0,1,1,0,0,0,0,0,0,1,1,2,1,2,1,9,9,2,9,9,9,0,0,1.0,1,1,2,2,1,1,1,1,9,0,1,1,3,1,1,2,2,1,1,1,1
6369990,UTTARAKHAND,CHAMOLI,GAIRSAIN,1,,,Rangchaura,Rangchauda,Gairsain,1,3,1,5,1,246431,2,2,3,0,2,4,19,14,0,0,0,1,2,1,225,1,0,0,0,0,0,0,9,9,1993,1,2,9,2,1,9,0,1,3,1,1,1,2,2,2,0,0,1,1,1,1,1,0,0,0,0,0,0,1,2,2,1,2,2,2,2,2,1,2,2,2,2,1,1,2,1,1,1,1,9,1,1,1,1,0,0,0,0,0,0,0,0,0,2,9,0,1,1,0,0,0,0,0,0,1,2,3,2,2,1,9,9,2,9,9,9,0,0,1.0,1,1,1,2,1,1,2,1,9,0,1,2,1,1,1,2,2,1,1,1,1
4293891,UTTARAKHAND,CHAMOLI,NANDANAGAR,1,,,Kanol,Kanol,Ghat,1,3,1,5,1,246435,2,2,3,0,2,4,19,14,0,0,0,2,2,2,226,1,0,0,0,0,2,0,9,9,2007,1,2,9,2,2,0,0,2,3,1,1,1,2,1,2,0,0,1,1,1,1,1,0,0,0,0,0,0,1,2,2,1,2,2,2,2,2,1,2,2,2,2,1,1,1,1,1,1,1,9,1,1,2,1,0,0,0,0,0,0,0,0,0,1,2,1,0,1,0,0,0,0,0,0,1,2,3,2,2,1,9,9,2,9,9,9,0,0,1.0,1,1,1,2,1,1,1,1,9,0,1,1,1,1,1,2,2,2,1,1,1
2553304,UTTARAKHAND,CHAMOLI,THARALI,1,,,Pastoli,Pastoli,Tharali,1,3,1,5,1,246481,2,2,3,0,2,4,19,14,0,0,0,2,2,1,222,1,0,0,0,0,0,0,9,9,1922,1,2,9,2,2,0,0,1,3,1,1,2,3,1,3,0,0,1,1,1,1,1,0,0,0,0,1,0,1,2,2,1,2,2,2,2,2,1,2,2,2,1,1,1,2,1,1,1,1,9,1,1,1,1,0,0,0,0,0,0,0,0,0,2,9,0,1,1,0,0,0,0,0,0,1,2,3,2,2,1,9,9,2,9,9,9,0,0,1.0,1,1,1,2,1,1,1,1,9,0,1,1,2,1,1,2,2,1,1,1,1
7979215,UTTARAKHAND,CHAMOLI,KARANPRAYAG,1,,,Nauti,Nauti,Karnaprayag,1,3,1,5,1,246487,2,2,3,0,2,4,19,0,0,0,0,1,2,2,227,1,0,0,0,0,0,3,9,9,1906,1,2,9,2,2,0,4,1,3,1,1,2,2,1,2,0,0,2,1,1,1,1,1,0,1,1,0,0,1,2,2,1,2,2,2,2,2,1,2,2,2,2,1,1,2,1,1,1,1,9,1,1,1,1,0,0,0,0,0,0,0,0,0,2,9,0,0,1,0,0,0,0,0,1,1,2,3,2,1,1,9,9,2,9,9,9,0,0,1.0,1,1,1,2,1,1,1,1,9,0,1,1,1,1,1,2,2,1,1,1,1
1865171,UTTARAKHAND,CHAMOLI,NARAYANBAGAR,1,,,Banela,Banela,Narayanbagar,1,3,1,5,1,246455,2,2,3,0,2,4,0,0,0,0,0,2,2,1,223,1,0,0,0,0,0,1,9,9,1990,1,2,9,2,2,0,3,1,3,1,1,2,2,1,0,2,0,1,1,1,1,1,0,0,0,0,0,0,1,2,2,1,2,2,2,2,2,1,2,2,2,2,1,1,2,1,1,1,1,9,1,1,1,1,0,0,0,0,0,0,0,0,0,2,9,0,1,1,0,0,0,0,0,0,1,2,3,2,2,1,9,9,2,9,9,9,10,10,1.0,1,1,1,2,1,1,1,1,9,0,1,2,6,1,1,2,2,1,1,1,2
1312028,UTTARAKHAND,CHAMOLI,KARANPRAYAG,1,,,Sera Pakhudi,Sera Gad,Karnaprayag,1,3,1,5,1,246455,2,2,3,0,2,4,0,0,0,0,0,2,2,2,230,1,0,0,0,0,1,0,9,9,1964,1,2,9,2,2,0,2,1,3,1,1,5,2,1,0,0,2,1,1,1,1,1,0,0,0,0,0,0,1,2,2,1,2,2,2,2,2,1,2,2,2,2,1,1,2,1,1,1,1,9,1,1,2,1,0,0,0,0,0,0,0,0,0,2,9,0,1,0,0,0,0,0,0,0,1,2,3,2,1,1,9,9,2,9,9,9,2,0,1.0,1,1,1,2,1,1,1,1,9,0,1,1,2,1,1,2,2,1,1,1,1
3951778,UTTARAKHAND,CHAMOLI,GAIRSAIN,1,,,Malasi,Malsi,Gairsain,1,3,1,5,1,246440,2,2,3,0,2,4,0,0,0,0,0,1,2,2,224,1,0,0,0,1,3,2,9,9,1975,2,2,9,2,2,0,5,1,3,1,1,7,2,1,2,0,0,1,1,1,1,1,0,0,0,0,2,2,1,2,2,1,2,2,2,2,2,1,2,2,2,2,1,1,2,1,1,1,1,9,1,1,1,2,0,0,0,0,0,0,0,0,0,2,9,0,2,1,0,0,0,0,0,1,1,2,3,2,1,1,9,9,2,9,9,9,0,0,1.0,1,1,1,2,1,1,2,1,9,0,1,2,1,1,1,2,2,1,1,1,1
6013211,UTTARAKHAND,CHAMOLI,POKHARI,1,,,Masauli,Masoli,Pokhari,1,3,1,5,1,246473,2,2,3,0,2,4,19,14,0,0,0,2,2,1,230,1,0,0,0,0,4,3,9,9,1980,1,2,9,2,2,0,5,1,3,3,3,1,5,1,3,2,0,1,2,2,2,1,0,0,0,0,1,0,1,2,2,1,2,2,2,2,2,1,2,2,2,1,1,1,2,1,1,1,1,9,1,1,1,2,0,0,0,0,0,0,0,0,0,2,9,0,5,4,0,4,0,0,0,1,1,2,3,2,1,1,9,9,2,9,9,9,15,0,1.0,1,1,1,2,1,1,1,1,9,0,1,1,2,1,1,2,1,2,1,1,1
7434876,UTTARAKHAND,CHAMOLI,THARALI,1,,,Jola,Joula Budjola,Tharali,1,3,1,5,1,246482,2,2,3,0,2,4,19,14,0,0,0,2,2,2,225,1,0,0,0,0,0,1,9,9,1935,1,2,9,2,2,0,2,1,3,1,1,7,2,1,2,0,0,1,1,1,1,1,0,0,0,0,1,1,1,2,2,1,2,2,2,2,2,1,2,2,2,1,1,1,2,1,1,1,1,9,1,1,1,1,0,0,0,0,0,0,0,0,0,2,9,0,1,2,0,2,0,0,0,0,1,2,3,2,1,1,9,9,2,9,9,9,4,4,1.0,1,1,1,2,1,1,1,1,9,0,1,1,5,1,1,2,2,1,1,1,1
3116746,UTTARAKHAND,CHAMOLI,NANDANAGAR,1,,,Banswara Chak Sainti,Sainti,Ghat,1,3,1,5,1,246435,2,2,3,0,2,4,19,14,0,0,0,2,2,2,226,1,0,0,0,0,0,0,9,9,2007,1,2,9,2,2,0,0,1,3,1,1,5,2,0,2,0,0,2,1,0,1,1,0,0,0,0,0,0,1,2,2,1,2,2,2,2,2,1,2,2,2,2,1,1,2,1,1,1,1,9,1,1,1,2,0,0,0,0,0,0,0,0,0,2,9,0,1,1,0,0,0,0,0,0,1,2,3,2,2,1,9,9,2,9,9,9,0,0,1.0,1,1,1,2,1,1,1,1,9,0,1,1,1,1,1,2,2,1,1,1,1
6249299,UTTARAKHAND,CHAMOLI,GAIRSAIN,1,,,Mehal Chauri,Mehal Chauri,Gairsain,1,3,1,5,5,246431,2,2,3,0,2,4,19,14,0,0,0,1,1,9,3,1,3,4,0,0,0,0,9,9,1998,9,2,9,2,9,0,0,9,1,1,1,6,5,5,5,0,0,1,1,1,1,1,0,0,0,0,0,0,1,2,2,1,2,2,2,2,2,1,2,2,2,1,1,1,2,1,1,1,1,9,1,1,1,1,0,0,0,0,0,0,0,0,0,1,9,0,0,1,0,0,0,0,1,1,1,2,3,2,2,1,9,9,2,9,9,9,0,0,,1,1,1,1,1,1,2,1,9,0,1,2,1,1,1,1,1,1,1,1,1
4167646,UTTARAKHAND,CHAMOLI,THARALI,2,Tharali-Town Panchayat,Tharali (NP) - Uper Bazaar Tharali Ward No. 3,,,,1,3,1,5,5,246481,2,2,3,0,2,4,19,14,0,0,0,1,2,9,227,1,2,0,0,1,0,0,9,9,1999,9,2,9,2,9,0,0,9,2,1,1,1,6,5,6,0,0,1,1,1,1,1,0,0,0,0,1,1,1,2,2,1,2,2,2,2,2,1,2,2,2,2,1,1,1,1,2,1,1,9,1,2,9,1,0,0,0,0,0,0,0,0,0,2,9,10,0,0,0,0,0,0,1,1,1,2,3,2,1,2,9,9,2,9,9,9,0,0,,1,1,2,1,1,1,1,1,9,0,1,1,2,1,1,1,1,2,1,1,2
9743673,UTTARAKHAND,CHAMOLI,POKHARI,1,,,Khalbajetha,Khal Bajetha,Pokhari,1,3,1,5,1,246473,2,2,3,0,2,4,19,14,0,0,0,2,2,1,230,1,0,0,0,0,4,1,9,9,1998,1,2,9,2,2,0,5,1,3,1,1,1,2,1,2,0,0,1,1,1,1,1,0,0,0,0,0,0,2,2,2,1,2,2,2,2,2,1,2,2,2,1,1,1,2,1,1,1,1,9,1,1,1,2,0,0,0,0,0,0,0,0,0,2,9,0,1,0,0,0,0,0,0,0,1,2,3,2,2,1,9,9,2,9,9,9,13,0,1.0,1,1,1,2,1,1,1,1,9,0,1,1,2,1,1,2,2,2,1,1,1
4948701,UTTARAKHAND,CHAMOLI,KARANPRAYAG,1,,,Ratura,Ratura,Karnaprayag,5,3,6,12,1,246474,2,2,3,0,2,4,0,0,0,2,2,2,9,9,222,1,0,0,0,0,0,0,9,9,1975,1,2,2,2,1,3,5,1,3,6,6,5,6,8,0,2,4,2,1,1,1,1,0,0,0,0,0,0,1,2,2,1,2,2,2,2,2,1,2,2,2,2,1,1,2,1,1,1,1,9,1,2,9,1,4,4,4,4,4,4,4,4,4,2,9,0,0,7,0,0,0,2,1,2,1,2,3,2,1,1,2,2,9,9,2,2,48,48,1.0,1,1,1,2,1,1,1,1,1,26,1,1,2,1,1,2,2,1,1,1,1
6447367,UTTARAKHAND,CHAMOLI,KARANPRAYAG,1,,,Dimar,Dimmar,Karnaprayag,1,3,1,5,5,246474,2,2,3,0,2,4,0,0,0,0,0,1,2,9,224,1,0,0,1,0,8,4,9,9,1992,9,2,9,2,9,0,0,9,1,2,2,1,6,3,6,0,0,1,2,2,2,2,0,0,0,0,2,2,1,2,2,1,2,2,2,2,2,1,2,2,2,2,1,1,2,1,1,1,1,9,1,2,9,1,0,0,0,0,0,0,0,0,0,1,9,0,0,10,0,0,1,1,1,1,1,1,3,2,1,1,9,9,2,9,9,9,0,0,,1,1,1,1,1,1,1,1,9,0,1,1,5,1,1,1,1,1,1,1,2
1895174,UTTARAKHAND,CHAMOLI,DASHOLI,1,,,Golim,Golim,Dasholi,4,3,6,8,1,246424,2,2,3,0,2,4,19,14,0,0,0,1,9,9,225,1,0,0,0,0,0,0,9,9,2005,1,2,2,2,2,0,2,1,3,1,1,2,3,3,3,0,0,1,2,2,2,2,0,0,0,0,0,0,1,2,2,1,2,2,2,2,2,1,2,2,2,2,1,1,2,1,1,1,1,9,1,1,1,2,0,0,0,0,0,0,0,0,0,2,9,0,1,2,0,0,0,0,0,1,1,2,3,2,2,1,9,9,9,9,9,9,0,0,1.0,1,1,1,2,1,1,1,1,2,0,1,1,2,1,1,2,2,1,1,1,1
5988154,UTTARAKHAND,CHAMOLI,THARALI,2,Tharali-Town Panchayat,Tharali (NP) - Tharali Gaon Ward No. 4,,,,5,2,6,12,1,246481,2,2,3,0,2,4,19,14,0,2,2,1,9,9,218,1,0,0,0,0,0,0,9,9,1960,1,2,2,2,1,3,0,1,3,3,3,5,9,3,5,4,0,2,0,0,4,4,0,0,0,0,0,2,1,2,2,1,2,2,2,2,2,1,2,2,2,2,1,1,2,1,1,1,1,9,1,1,2,1,4,4,4,4,4,4,4,4,4,1,2,0,0,10,0,0,0,0,0,2,1,2,3,2,2,1,2,2,9,9,2,2,14,0,1.0,1,1,2,1,1,1,1,1,1,147,1,1,3,1,1,2,3,1,1,2,1
6943212,UTTARAKHAND,CHAMOLI,POKHARI,1,,,Thalabair,Thala Beind,Pokhari,5,3,6,12,4,246473,2,2,3,0,2,14,4,19,0,2,2,2,9,9,0,1,0,0,0,0,0,0,9,9,1951,1,2,2,2,1,0,0,1,1,2,2,7,4,0,3,0,1,2,0,0,1,1,0,0,0,0,0,0,1,2,2,1,2,2,2,2,2,1,2,2,2,2,1,1,2,1,1,1,2,1,1,1,1,1,4,4,4,4,4,4,4,4,4,2,9,0,0,0,0,0,0,0,0,0,1,2,3,2,1,2,2,2,9,9,2,2,0,0,2.0,1,1,1,2,1,1,1,1,2,0,1,2,1,1,1,1,1,1,1,1,2
1770554,UTTARAKHAND,CHAMOLI,THARALI,1,,,Chepadon,Chepron,Tharali,1,3,1,5,1,246481,2,2,3,0,2,4,19,14,0,0,0,1,2,2,225,1,0,0,0,0,1,0,9,9,1945,1,2,9,2,1,0,0,1,3,1,1,2,2,3,0,2,0,1,1,1,1,1,1,1,1,1,0,0,1,2,2,1,2,2,2,2,2,1,2,2,2,2,1,1,2,1,2,1,1,9,1,1,1,1,0,0,0,0,0,0,0,0,0,2,9,0,1,1,0,0,0,0,0,0,1,2,3,2,2,1,9,9,2,9,9,9,0,0,1.0,1,1,1,2,1,1,1,1,9,0,1,1,1,1,1,2,2,1,1,1,1
2454904,UTTARAKHAND,CHAMOLI,KARANPRAYAG,1,,,Jhirkoti,Jhirkoti,Karnaprayag,5,3,6,12,4,246429,2,2,3,0,2,4,14,19,0,2,2,1,9,9,230,1,0,0,0,0,0,0,9,9,1934,1,2,2,2,1,5,0,1,3,3,3,5,4,1,4,0,0,1,1,1,1,1,0,0,0,0,0,0,1,2,2,1,1,2,2,2,2,1,1,2,2,2,1,1,2,1,1,1,1,9,1,2,9,1,3,3,3,3,1,3,3,3,3,2,9,0,0,1,0,0,0,0,0,0,1,2,3,2,1,2,2,2,9,9,2,2,5,5,1.0,1,1,1,2,1,1,1,1,1,0,1,2,6,1,2,2,2,1,1,1,1
9782839,UTTARAKHAND,CHAMOLI,DEWAL,1,,,Mopata,Mopata,Dewal,1,3,1,5,1,246427,2,2,3,0,2,4,14,19,0,0,0,1,2,2,224,1,0,0,0,0,0,3,9,9,1964,1,2,9,2,2,0,3,2,3,1,1,2,3,1,3,0,0,1,1,1,1,1,0,0,0,0,0,0,1,2,2,1,2,2,2,2,2,1,2,2,2,2,1,1,2,1,1,1,1,9,1,1,1,1,0,0,0,0,0,0,0,0,0,2,9,2,0,1,0,0,0,0,0,0,1,2,3,2,1,1,9,9,2,9,9,9,0,0,2.0,1,1,2,2,1,1,1,1,9,0,1,2,1,1,1,2,2,1,1,2,2
3477708,UTTARAKHAND,CHAMOLI,DASHOLI,1,,,Hadung Lagga Sainji,Beda,Dasholi,1,3,1,5,1,246424,2,2,3,0,2,4,19,14,0,0,0,2,2,2,222,1,0,0,0,0,0,0,9,9,2006,1,2,9,2,2,0,0,1,3,2,1,2,2,2,1,1,0,1,1,1,1,1,0,0,0,0,0,0,1,2,2,1,2,2,2,2,2,1,2,2,2,1,1,1,2,1,1,2,1,9,1,1,1,1,0,0,0,0,0,0,0,0,0,2,9,0,1,0,0,0,0,0,0,0,2,2,3,2,1,1,9,9,2,9,9,9,0,0,1.0,1,1,1,2,1,1,1,1,9,0,1,2,1,1,1,2,2,1,1,1,1
5666487,UTTARAKHAND,CHAMOLI,DASHOLI,1,,,Dharkot,Dharkot,Dasholi,1,3,1,5,1,246449,2,2,3,0,2,4,19,14,0,0,0,2,2,1,225,1,0,0,0,0,0,1,9,9,1965,1,2,9,2,1,9,6,1,3,1,1,7,2,2,0,0,2,1,1,0,1,1,0,0,0,0,0,0,1,2,2,1,2,2,2,2,2,1,2,2,2,2,1,1,2,1,1,1,2,1,1,1,1,2,0,0,0,0,0,0,0,0,0,2,9,0,2,1,0,0,0,0,0,0,1,2,3,2,1,1,9,9,2,9,9,9,0,22,1.0,1,1,1,2,1,1,1,1,9,0,1,2,2,1,1,2,2,2,1,1,1
2328252,UTTARAKHAND,CHAMOLI,KARANPRAYAG,1,,,Jalgaon,Dewal,Karnaprayag,1,3,1,5,1,246429,2,2,3,0,2,4,0,0,0,0,0,2,2,2,228,1,0,0,0,0,3,0,9,9,1993,1,2,9,2,2,0,3,1,3,1,1,5,2,1,0,2,0,1,1,1,1,1,1,1,0,0,0,0,1,2,2,1,2,2,2,2,2,1,2,2,2,2,1,1,2,1,1,1,1,9,1,1,2,1,0,0,0,0,0,0,0,0,0,2,9,0,2,1,0,0,0,1,0,0,1,2,3,2,2,1,9,9,2,9,9,9,0,0,1.0,1,1,1,2,1,1,1,1,9,0,1,1,5,1,1,2,2,1,1,1,1
4117343,UTTARAKHAND,CHAMOLI,POKHARI,1,,,Jakhmala,Pati Jakhmala,Pokhari,1,3,1,5,1,246473,2,2,3,0,2,4,0,0,0,0,0,2,2,1,223,1,0,0,0,0,0,1,9,9,1954,1,2,9,2,1,5,4,1,3,2,1,1,3,1,1,2,0,1,1,1,1,1,0,0,0,0,0,0,1,2,2,1,2,2,2,2,2,1,2,2,2,2,1,1,2,1,1,1,1,9,1,1,2,1,0,0,0,0,0,0,0,0,0,2,9,0,1,1,0,0,0,0,0,0,1,2,3,2,2,1,9,9,2,9,9,9,6,6,1.0,1,1,1,2,1,1,1,1,9,0,1,1,3,1,1,2,2,1,1,1,2
7620821,UTTARAKHAND,CHAMOLI,THARALI,1,,,Kolpudi,Kolpuri,Tharali,1,3,1,5,1,246481,2,2,3,0,2,4,19,14,18,0,0,1,2,2,223,1,0,0,0,0,0,0,9,9,1975,1,2,9,2,2,0,5,2,3,1,1,2,2,3,2,0,0,1,1,1,1,1,0,0,0,0,0,0,1,2,2,1,2,2,2,2,2,1,2,2,2,1,1,1,1,1,1,1,1,9,1,1,1,1,0,0,0,0,0,0,0,0,0,2,9,0,2,1,0,0,0,0,0,0,1,2,3,2,1,1,9,9,2,9,9,9,0,0,1.0,1,2,2,2,1,1,1,1,9,0,1,1,6,1,1,2,2,1,1,1,1
5874935,UTTARAKHAND,CHAMOLI,DASHOLI,1,,,Maithana,Maithana,Dasholi,1,3,1,5,1,246424,2,2,3,0,2,4,19,14,0,0,0,1,2,1,225,1,0,0,0,0,0,0,9,9,1972,1,2,9,2,2,0,0,1,3,1,0,1,2,1,2,0,0,1,1,1,1,1,0,0,0,0,0,0,1,2,2,1,2,2,2,2,2,1,2,2,2,2,1,1,2,1,1,1,1,9,1,1,1,1,0,0,0,0,0,0,0,0,0,1,2,0,2,1,0,0,0,1,0,0,1,2,3,2,1,1,9,9,2,9,9,9,0,0,1.0,1,1,1,2,1,1,1,1,9,0,1,1,1,1,1,2,2,2,1,1,1
1296295,UTTARAKHAND,CHAMOLI,DEWAL,1,,,Ghes,Ghes,Dewal,1,3,1,5,1,246427,2,2,3,0,2,4,0,0,0,0,0,2,2,2,0,1,0,0,0,0,0,0,9,9,1997,1,2,9,2,1,5,2,1,3,1,1,2,2,1,0,0,2,1,1,1,1,1,0,0,0,0,0,0,1,2,2,1,2,2,2,2,2,1,2,2,2,2,1,1,1,1,1,1,1,9,1,1,1,1,0,0,0,0,0,0,0,0,0,2,9,0,0,1,0,0,0,0,0,0,1,2,3,2,2,1,9,9,2,9,9,9,35,40,1.0,1,1,1,2,1,1,1,1,9,0,1,2,4,1,1,2,2,1,1,1,1
7215442,UTTARAKHAND,CHAMOLI,THARALI,1,,,Thangira,Kurad,Tharali,1,3,1,5,1,246481,2,2,3,0,2,4,19,14,0,0,0,2,2,1,224,1,0,0,0,0,0,0,9,9,2003,1,2,9,2,2,0,0,1,3,1,1,2,2,1,0,2,0,1,1,1,1,1,0,0,0,0,0,0,1,2,2,1,2,2,2,2,2,1,2,2,2,1,1,1,2,1,1,1,1,9,1,1,1,1,0,0,0,0,0,0,0,0,0,2,9,0,2,2,0,0,0,0,0,0,1,2,3,2,2,1,9,9,2,9,9,9,11,0,1.0,1,2,1,2,1,1,1,1,9,0,1,1,6,1,1,2,2,1,1,1,1
9294358,UTTARAKHAND,CHAMOLI,KARANPRAYAG,1,,,Pudiyani,Pudiyani,Karnaprayag,1,3,1,5,1,246444,2,2,3,0,2,4,0,0,0,0,0,1,2,1,230,1,0,0,0,0,2,4,9,9,1944,1,2,9,2,2,0,2,1,3,1,1,2,2,1,2,0,0,1,1,1,1,1,0,0,0,0,0,0,1,2,2,1,2,2,2,2,2,1,2,2,2,2,1,1,2,1,1,1,1,9,1,1,2,1,0,0,0,0,0,0,0,0,0,2,9,0,2,1,0,0,0,0,0,0,1,2,3,2,1,1,9,9,2,9,9,9,23,0,1.0,1,1,1,2,1,1,1,1,9,0,1,1,2,1,1,2,2,1,1,1,1
5906372,UTTARAKHAND,CHAMOLI,DASHOLI,1,,,Salaraitoli,Salla Retoli,Dasholi,1,3,1,5,1,246472,2,2,3,0,2,4,19,14,0,0,0,1,2,1,224,1,0,0,0,0,0,1,9,9,1954,1,2,9,2,2,0,3,1,3,1,1,7,2,1,2,0,0,1,1,1,1,1,0,0,0,0,0,0,1,2,2,1,2,2,2,2,2,1,2,2,2,2,1,1,2,1,2,1,1,9,1,1,1,1,0,0,0,0,0,0,0,0,0,2,9,0,1,1,0,0,0,0,0,0,1,2,3,2,1,1,9,9,2,9,9,9,0,0,1.0,1,1,1,2,1,1,1,1,9,0,1,1,2,1,1,2,2,1,1,1,1
3449472,UTTARAKHAND,CHAMOLI,NARAYANBAGAR,1,,,Kafoli Malli,Kafoli,Narayanbagar,4,3,6,8,1,246453,2,2,3,0,2,4,19,14,0,0,0,2,9,9,225,1,0,0,0,0,0,0,9,9,1991,1,2,2,2,2,0,4,1,3,1,1,2,3,2,3,0,0,1,1,0,1,1,0,0,0,0,0,0,1,2,2,1,2,2,2,2,2,1,2,2,2,2,1,1,2,1,1,1,1,9,1,1,1,1,0,0,0,0,0,0,0,0,0,2,9,0,0,1,0,0,0,0,0,0,1,2,3,2,1,1,9,9,9,9,9,9,17,17,1.0,1,1,1,2,1,1,1,1,2,0,1,1,6,1,1,2,2,1,1,1,2
6166946,UTTARAKHAND,CHAMOLI,Jyotirmath,1,,,Kimana,Kimana,Joshimath,1,3,1,5,1,246472,2,2,3,0,2,4,0,0,0,0,0,2,2,1,3,1,0,0,0,0,1,0,9,9,1948,1,2,9,2,2,0,5,1,3,2,2,5,3,4,3,0,0,1,1,1,1,1,1,1,1,1,0,0,1,2,2,2,1,2,2,2,2,2,1,2,2,2,1,1,2,1,1,1,1,9,1,1,1,2,0,0,0,0,0,0,0,0,0,2,9,0,2,1,0,0,0,0,0,1,1,2,3,2,1,1,9,9,2,9,9,9,0,0,1.0,1,1,1,2,1,1,1,1,9,0,1,2,5,1,1,2,2,1,1,1,1
7283225,UTTARAKHAND,CHAMOLI,NANDANAGAR,1,,,Bhairni,Bherni,Ghat,4,3,6,8,1,246449,2,2,3,0,2,4,19,0,0,0,0,2,9,9,226,1,0,0,0,0,0,0,9,9,1993,1,2,2,2,2,0,0,1,3,1,1,2,4,1,0,0,4,1,1,1,1,1,0,0,0,0,0,0,1,2,2,1,2,2,2,2,2,1,2,2,2,2,1,1,2,1,1,1,1,9,1,1,1,2,0,0,0,0,0,0,0,0,0,2,9,0,0,5,0,0,0,0,0,1,1,2,3,2,1,1,9,9,9,9,9,9,0,0,1.0,1,1,1,2,1,1,1,1,2,0,1,1,2,1,2,2,2,1,1,1,1
8512727,UTTARAKHAND,CHAMOLI,THARALI,1,,,Jola,Joula Budjola,Tharali,5,3,6,12,1,246482,2,2,3,0,2,4,0,0,0,2,2,1,9,9,225,1,0,0,0,0,0,0,9,9,2006,1,2,2,2,1,3,0,1,3,3,3,2,7,7,3,1,3,1,1,1,1,1,0,0,0,0,0,0,1,2,2,1,2,2,2,2,2,1,2,2,2,1,1,1,1,1,1,1,1,9,1,1,1,2,2,2,2,2,2,2,2,2,2,1,1,0,0,9,0,0,0,2,1,1,1,2,3,2,1,1,2,2,9,9,2,2,45,25,1.0,1,2,1,2,1,1,1,1,1,22,1,1,2,1,1,2,2,1,1,1,1
3835285,UTTARAKHAND,CHAMOLI,THARALI,1,,,Kasbi Nagar,Kasvinagar,Tharali,4,3,6,8,1,246482,2,2,3,0,2,4,0,0,0,0,0,2,9,9,224,1,0,0,0,0,0,0,9,9,2006,1,2,2,2,1,5,6,1,3,1,1,2,3,5,3,0,0,1,1,1,1,1,1,1,0,0,0,0,1,2,2,1,2,2,2,2,2,1,2,2,2,1,1,1,2,1,1,1,1,9,1,1,1,1,0,0,0,0,0,0,0,0,0,1,2,0,0,4,0,0,0,0,0,1,1,2,3,2,2,1,9,9,9,9,9,9,0,0,1.0,1,1,1,2,1,1,1,1,1,12,1,1,2,1,1,2,2,1,1,1,1
4916180,UTTARAKHAND,CHAMOLI,GAIRSAIN,1,,,Kandari Khor,Kandari Khor,Gairsain,4,3,6,8,1,246486,2,2,3,0,2,4,0,0,0,0,0,2,9,9,226,1,0,0,0,0,0,0,9,9,1997,1,2,2,2,2,0,3,1,3,1,1,5,3,2,3,0,0,1,1,1,1,1,0,0,0,0,0,0,1,2,2,1,2,2,2,2,2,1,2,2,2,2,1,1,2,1,2,1,1,9,1,1,1,1,0,0,0,0,0,0,0,0,0,1,2,0,0,3,0,0,0,0,0,1,1,2,3,2,2,1,9,9,9,9,9,9,9,0,1.0,1,1,1,2,1,1,2,1,2,0,1,1,1,1,1,2,2,1,1,1,1
8221044,UTTARAKHAND,CHAMOLI,Jyotirmath,1,,,Kalgoth,Kalgoth,Joshimath,7,3,6,10,1,246472,2,2,3,0,2,4,19,14,0,2,0,2,9,9,225,1,0,0,0,0,0,0,9,9,1978,1,2,2,2,1,2,0,1,3,3,3,5,6,2,6,0,0,1,1,0,1,0,0,0,0,0,1,1,1,2,2,1,2,2,2,2,2,1,2,2,2,2,1,1,2,1,1,1,1,9,1,2,9,2,0,0,0,0,0,0,0,0,0,2,9,0,0,5,0,0,0,0,0,1,1,2,3,2,1,1,2,2,9,9,2,9,15,8,1.0,1,2,2,2,1,1,2,1,2,0,1,1,1,1,1,2,2,1,1,1,1
1398050,UTTARAKHAND,CHAMOLI,POKHARI,1,,,Simkholi,Simkholi,Pokhari,4,3,6,8,1,246444,2,2,3,0,2,4,0,0,0,0,0,2,9,9,230,1,0,0,0,0,0,0,9,9,1997,1,2,2,2,2,0,0,1,3,1,1,5,5,2,3,2,0,1,1,1,1,1,0,0,0,0,0,0,1,2,2,2,1,2,2,2,2,2,1,2,2,2,1,1,2,1,1,1,1,9,1,1,2,1,0,0,0,0,0,0,0,0,0,2,9,0,0,1,0,0,0,0,0,0,1,2,3,2,1,1,9,9,9,9,9,9,0,0,2.0,1,1,1,2,1,2,1,1,2,0,1,1,2,1,1,2,2,1,1,1,1
4925594,UTTARAKHAND,CHAMOLI,NANDANAGAR,1,,,Chari,Chari,Ghat,1,3,1,5,1,246449,2,2,3,0,2,4,19,14,0,0,0,2,2,2,226,1,0,0,0,0,0,0,9,9,1998,1,2,9,2,2,0,0,2,3,1,1,2,2,1,1,1,0,1,1,1,1,1,0,0,0,0,0,0,1,2,2,1,2,2,2,2,2,1,2,2,2,2,1,1,2,1,1,1,1,9,1,1,1,1,0,0,0,0,0,0,0,0,0,1,2,0,2,1,0,0,0,0,0,0,1,2,3,2,2,1,9,9,2,9,9,9,0,0,1.0,1,1,1,2,1,1,1,1,9,0,1,1,1,1,1,2,2,2,1,1,1
1627191,UTTARAKHAND,CHAMOLI,THARALI,2,Tharali-Town Panchayat,Tharali (NP) - Uper Bazaar Tharali Ward No. 3,,,,4,3,6,8,1,246481,2,2,3,0,2,4,14,19,0,0,0,1,9,9,225,1,0,0,0,0,0,0,9,9,1977,1,2,2,2,2,0,3,1,3,1,1,2,3,2,0,3,0,1,1,1,1,1,0,0,0,0,0,0,1,2,2,1,2,2,2,2,2,1,2,2,2,1,1,1,2,1,1,1,1,9,1,1,2,1,0,0,0,0,0,0,0,0,0,2,9,0,0,2,0,0,0,0,0,0,1,2,3,2,2,1,9,9,9,9,9,9,9,9,1.0,1,1,1,2,1,1,1,1,2,0,1,1,3,1,2,2,2,1,1,1,1
9472438,UTTARAKHAND,CHAMOLI,KARANPRAYAG,1,,,Kola Dungari,Kola Dungri,Karnaprayag,4,3,6,8,1,246474,2,2,3,0,2,4,0,0,0,0,0,1,9,9,226,1,0,0,0,0,0,0,9,9,1976,1,2,2,2,2,0,2,1,3,1,1,2,3,5,0,1,2,1,1,1,1,1,0,0,0,0,0,0,1,2,2,1,2,2,2,2,2,1,2,2,2,2,1,1,2,1,1,1,1,9,1,1,1,1,0,0,0,0,0,0,0,0,0,2,9,0,0,2,0,0,0,0,0,0,1,2,3,2,1,1,9,9,9,9,9,9,7,7,1.0,1,1,1,2,1,1,1,1,2,0,1,1,1,1,1,2,2,1,1,1,1
1233490,UTTARAKHAND,CHAMOLI,NARAYANBAGAR,1,,,Dungri,Dungri,Narayanbagar,5,3,6,12,1,246455,2,2,3,0,2,4,0,0,0,2,2,2,9,9,210,1,0,0,0,0,0,0,9,9,1989,1,1,2,2,1,4,20,1,3,6,6,7,10,10,8,0,2,1,2,0,4,4,0,0,0,0,0,0,1,2,2,1,2,2,2,2,2,1,2,2,2,2,1,1,1,1,1,2,1,9,1,1,2,1,3,3,3,4,4,4,4,4,2,2,9,1,0,4,0,0,0,1,1,2,1,2,3,2,1,1,2,2,9,9,2,2,0,0,1.0,1,2,1,2,1,1,1,1,1,74,1,1,2,1,1,2,2,1,1,1,1
8037245,UTTARAKHAND,CHAMOLI,POKHARI,2,POKHRI-Town Panchayat,Pokhri (NP) -Dever Ward No. 7,,,,5,3,6,12,1,246473,2,2,2,7,2,4,19,0,0,1,1,1,9,9,230,1,0,0,0,0,0,0,9,9,1901,1,2,2,2,1,2,20,1,3,4,4,7,15,25,15,0,0,1,4,4,4,2,1,0,0,0,4,1,1,1,2,1,2,2,2,1,2,1,2,2,2,1,1,1,1,1,1,1,1,9,1,2,9,1,1,1,1,1,4,1,4,4,2,1,2,0,0,21,0,0,0,0,0,1,1,2,3,2,1,1,1,2,9,9,2,2,0,0,1.0,1,1,1,1,1,1,1,1,1,74,1,1,1,1,1,2,2,1,1,1,1
2112739,UTTARAKHAND,CHAMOLI,DEWAL,1,,,Lingadi,Lingari,Dewal,1,3,1,5,1,246427,2,2,3,0,2,4,0,0,0,0,0,1,2,2,0,1,0,0,0,0,0,1,9,9,1991,2,2,9,2,2,0,0,1,3,2,0,2,2,1,0,2,0,1,1,0,1,1,0,0,0,0,1,0,1,2,2,1,2,2,2,2,2,1,2,2,2,2,1,1,2,1,1,1,1,9,2,1,1,1,0,0,0,0,0,0,0,0,0,2,9,0,1,1,0,0,0,0,0,0,1,2,3,2,2,1,9,9,2,9,9,9,0,0,1.0,1,1,1,2,1,1,1,1,9,0,1,1,4,1,1,2,2,1,1,1,2
5143372,UTTARAKHAND,CHAMOLI,GAIRSAIN,1,,,Bina,Veena,Gairsain,1,3,1,5,1,246428,2,2,3,0,2,4,14,19,0,0,0,2,2,2,210,1,0,0,0,0,0,0,9,9,2006,1,2,9,2,1,5,0,1,3,1,1,5,2,1,0,2,0,1,1,1,1,1,0,0,0,0,1,1,1,2,2,1,2,2,2,2,2,1,2,2,2,1,1,1,2,1,1,1,1,9,1,1,1,2,0,0,0,0,0,0,0,0,0,1,2,0,1,1,0,0,0,0,0,0,1,2,3,2,1,1,9,9,2,9,9,9,0,0,1.0,1,1,1,2,1,1,2,1,9,0,1,1,6,1,1,2,2,1,1,1,1
1179149,UTTARAKHAND,CHAMOLI,NANDANAGAR,1,,,Gairi,Geri,Ghat,1,3,1,5,1,246435,2,2,3,0,2,4,19,0,0,0,0,2,2,2,228,1,0,0,0,0,0,0,9,9,1985,1,2,9,2,2,0,0,1,3,1,0,5,2,1,0,2,0,1,1,1,1,1,0,0,0,0,0,0,1,2,2,1,2,2,2,2,2,1,2,2,2,2,1,1,1,1,1,1,1,9,1,1,2,1,0,0,0,0,0,0,0,0,0,1,2,0,1,1,0,0,0,0,0,1,1,2,3,2,2,1,9,9,2,9,9,9,0,0,1.0,1,2,2,2,1,1,1,1,9,0,2,1,1,1,1,2,2,1,1,1,1
6386163,UTTARAKHAND,CHAMOLI,NARAYANBAGAR,1,,,Kansola,Kansola,Narayanbagar,1,3,1,5,1,246444,2,2,3,0,2,4,0,0,0,0,0,2,2,2,228,1,0,0,0,0,0,0,9,9,2007,1,2,9,2,2,0,2,1,3,1,1,1,2,1,0,2,0,1,1,1,1,1,0,0,0,0,0,0,1,2,2,1,2,2,2,2,2,1,2,2,2,2,1,1,2,1,1,1,1,9,1,1,1,1,0,0,0,0,0,0,0,0,0,2,9,0,2,1,0,0,0,0,0,0,1,2,3,2,1,1,9,9,2,9,9,9,9,0,1.0,1,1,1,2,1,1,1,1,9,0,1,1,6,1,1,2,2,1,1,1,2
5933186,UTTARAKHAND,CHAMOLI,NARAYANBAGAR,1,,,Kaub,Kaub,Narayanbagar,1,3,1,5,1,246455,2,2,3,0,2,4,14,19,0,0,0,2,2,1,224,1,0,0,0,0,0,0,9,9,1983,1,2,9,2,1,8,3,1,3,1,1,2,2,1,2,0,0,1,1,1,1,1,0,0,0,0,0,0,1,2,2,1,2,2,2,2,2,1,2,2,2,2,1,1,2,1,1,1,1,9,1,1,1,1,0,0,0,0,0,0,0,0,0,2,9,0,2,1,0,0,0,0,0,0,1,2,3,2,1,1,9,9,2,9,9,9,7,7,1.0,1,1,1,2,1,1,1,1,9,0,1,1,6,1,1,2,2,1,1,1,1
3861306,UTTARAKHAND,CHAMOLI,GAIRSAIN,1,,,Kalyana Talla,Kalyani Talli,Gairsain,1,3,1,5,1,246431,2,2,3,0,2,4,14,19,0,0,0,2,2,2,227,1,0,0,0,0,0,0,9,9,1963,1,2,9,2,2,0,4,1,3,1,1,5,2,1,0,2,0,1,1,1,1,1,0,0,0,0,1,1,1,2,2,1,2,2,2,2,2,1,2,2,2,1,1,1,2,1,1,1,1,9,1,1,1,2,0,0,0,0,0,0,0,0,0,2,9,0,1,1,0,0,0,0,0,0,1,2,3,2,1,1,9,9,2,9,9,9,0,0,1.0,1,1,1,2,1,1,2,1,9,0,1,1,6,1,1,2,2,1,1,1,1
7785562,UTTARAKHAND,CHAMOLI,POKHARI,1,,,Kwithi,Kwinthi,Pokhari,1,3,1,5,1,246429,2,2,3,0,2,4,19,14,0,0,0,2,2,2,231,1,0,0,0,0,0,0,9,9,2005,1,2,9,2,2,0,0,1,3,1,1,1,2,1,2,0,0,1,1,1,1,1,0,0,0,0,0,0,1,2,2,1,2,2,2,2,2,1,2,2,2,2,1,1,2,1,1,1,1,9,1,1,1,1,0,0,0,0,0,0,0,0,0,2,9,0,1,1,0,0,0,0,0,0,1,2,3,2,2,1,9,9,2,9,9,9,6,6,1.0,1,1,1,2,1,2,1,1,9,0,1,1,2,1,1,2,2,1,1,1,1
8904970,UTTARAKHAND,CHAMOLI,NANDANAGAR,1,,,Phali,Fali,Ghat,1,3,1,5,1,246435,2,2,3,0,2,4,19,14,0,0,0,1,2,2,224,1,1,1,0,0,1,0,9,9,1986,1,2,9,2,2,0,3,1,3,1,1,2,2,1,2,0,0,1,1,0,1,0,1,1,0,0,0,0,1,2,2,1,2,2,2,2,2,1,2,2,2,2,1,1,2,1,1,1,1,9,1,1,1,1,0,0,0,0,0,0,0,0,0,2,9,0,2,2,0,0,0,0,0,0,1,2,3,2,2,1,9,9,2,9,9,9,0,0,1.0,1,1,2,2,1,1,1,1,9,0,1,2,1,1,1,2,2,2,1,1,1
3020821,UTTARAKHAND,CHAMOLI,THARALI,1,,,Bunga,Kuridhar,Sult,1,3,1,5,1,246481,2,2,3,0,2,4,0,0,0,0,0,1,2,1,223,1,0,0,0,0,0,0,9,9,1955,1,2,9,2,2,0,6,1,3,1,1,2,4,1,3,0,1,1,1,1,2,2,0,0,0,0,0,0,1,2,2,1,2,2,2,2,2,1,2,2,2,1,1,1,2,1,1,1,1,9,1,1,1,1,0,0,0,0,0,0,0,0,0,2,9,0,2,1,0,0,0,0,0,0,1,2,3,2,1,1,9,9,2,9,9,9,22,22,1.0,1,2,1,2,1,1,1,1,9,0,1,1,2,1,1,2,2,1,1,1,1
2612611,UTTARAKHAND,CHAMOLI,KARANPRAYAG,1,,,Sidoli,Sidoli,Karnaprayag,4,2,6,8,1,246429,2,2,3,0,2,4,0,0,0,0,0,2,9,9,227,1,0,0,0,0,0,0,9,9,2002,1,2,2,2,2,0,6,1,3,1,1,5,3,2,0,0,3,1,0,0,2,2,0,0,0,0,0,0,1,2,2,1,2,2,2,2,2,1,2,2,2,2,1,1,2,1,1,1,1,9,1,1,2,2,0,0,0,0,0,0,0,0,0,2,9,0,0,4,0,0,0,0,0,1,1,2,3,2,2,1,9,9,9,9,9,9,27,27,1.0,1,1,1,2,1,1,1,1,1,27,1,1,2,1,1,2,2,1,1,1,1
7886507,UTTARAKHAND,CHAMOLI,DASHOLI,1,,,Kathur,Kathud,Dasholi,1,3,1,5,1,246401,2,2,3,0,2,4,0,0,0,0,0,1,2,2,225,1,0,0,0,0,0,0,9,9,1986,1,2,9,2,2,0,0,2,3,1,1,1,2,2,0,0,2,1,1,1,1,1,1,1,0,0,0,0,1,2,2,1,2,2,2,2,2,1,2,2,2,2,1,1,2,1,1,2,1,9,1,1,1,2,0,0,0,0,0,0,0,0,0,2,9,0,2,1,0,0,0,0,0,0,1,2,3,2,2,1,9,9,2,9,9,9,0,0,2.0,1,1,1,2,1,1,1,1,9,0,1,1,1,1,1,2,2,1,1,1,1
2419734,UTTARAKHAND,CHAMOLI,KARANPRAYAG,1,,,Gain Saja Kata,Ganoli,Karnaprayag,1,3,1,5,1,246446,2,2,3,0,2,4,0,0,0,0,0,2,2,1,230,1,0,0,0,0,0,0,9,9,1972,1,2,9,2,2,0,1,1,3,1,0,1,2,1,2,0,0,1,1,1,1,1,0,0,0,0,0,0,1,2,2,1,2,2,2,2,2,1,2,2,2,2,1,1,2,1,1,1,1,9,1,1,1,1,0,0,0,0,0,0,0,0,0,2,9,0,1,1,0,0,0,0,0,0,1,2,3,2,1,1,9,9,2,9,9,9,8,0,1.0,1,1,1,2,1,1,1,1,9,0,1,1,2,1,1,2,2,1,1,1,1
7755644,UTTARAKHAND,CHAMOLI,DASHOLI,1,,,Mason,Mason,Dasholi,1,3,1,5,5,246449,2,2,3,0,2,4,19,0,0,0,0,1,1,9,210,1,2,3,0,0,0,0,9,9,2009,9,2,9,2,9,0,0,9,1,3,3,1,3,1,3,0,0,1,1,1,1,1,0,0,0,0,0,0,1,2,2,1,2,2,2,2,2,1,2,2,2,2,1,1,2,1,1,1,1,9,1,2,9,1,0,0,0,0,0,0,0,0,0,2,9,0,0,1,0,0,0,0,0,1,1,2,3,2,1,2,9,9,2,9,9,9,0,0,,1,1,1,1,1,1,1,1,9,0,1,2,1,1,1,1,1,2,1,1,1
7370977,UTTARAKHAND,CHAMOLI,DASHOLI,2,Chamoli Gopeshwar-Municipality,Chamoli Gopeshwar (MB) -Lower Bazaar Ward No.5,,,,5,3,6,12,1,246401,2,2,3,0,2,4,19,0,0,1,1,1,9,9,220,1,0,0,0,0,0,0,9,9,1960,1,1,2,2,1,5,65,1,3,3,0,7,15,12,6,3,6,1,3,3,2,2,0,0,0,0,1,1,1,2,2,1,2,2,2,2,2,1,2,2,2,1,1,1,2,1,1,1,1,9,1,1,2,1,1,1,1,1,4,2,4,4,1,1,2,1,2,14,0,4,0,6,1,4,1,1,3,2,1,1,1,1,9,9,1,1,523,201,1.0,1,1,1,1,1,1,1,1,1,110,1,1,2,1,1,2,2,1,1,1,1
5661100,UTTARAKHAND,CHAMOLI,DASHOLI,1,,,Jainsal,Jaisal,Dasholi,4,3,6,8,1,246472,2,2,3,0,2,4,0,0,0,0,0,1,9,9,226,1,0,0,0,0,0,0,9,9,1990,1,2,2,2,2,0,0,1,3,1,0,2,3,2,0,0,3,1,1,1,1,1,1,1,0,0,0,0,1,2,2,1,2,2,2,2,2,1,2,2,2,1,1,1,2,1,1,1,1,9,1,1,1,1,0,0,0,0,0,0,0,0,0,2,9,0,0,1,0,0,0,0,0,0,1,2,3,2,2,1,9,9,9,9,9,9,0,0,1.0,1,1,1,2,1,1,1,1,2,0,1,1,2,1,1,2,2,1,1,1,1
5534969,UTTARAKHAND,CHAMOLI,GAIRSAIN,1,,,Malasi,Malsi,Gairsain,5,3,6,12,1,246440,2,2,3,0,2,4,19,14,0,2,2,1,9,9,0,1,0,0,0,0,0,0,9,9,1998,1,2,2,2,1,5,30,1,3,7,7,5,9,9,0,6,3,1,1,1,1,1,1,1,1,0,0,1,1,2,2,1,2,2,2,2,2,1,2,2,2,1,1,1,2,1,1,1,1,9,1,1,1,1,1,1,1,1,1,1,1,4,1,1,2,0,0,6,0,0,0,0,2,1,1,1,3,2,1,1,2,2,9,9,2,2,0,0,1.0,1,1,1,2,1,1,1,1,1,20,1,1,4,1,1,2,2,1,1,1,1
9661057,UTTARAKHAND,CHAMOLI,GAIRSAIN,1,,,Rohira,Rohida,Gairsain,8,3,9,10,5,246428,2,2,3,0,2,4,0,0,0,2,0,1,9,9,0,1,0,0,0,0,0,0,9,9,2006,9,2,9,2,9,0,0,9,1,2,2,1,5,5,5,0,0,1,3,3,2,2,0,0,0,0,0,0,1,2,2,1,2,2,2,2,2,1,2,2,2,1,1,1,1,1,1,1,1,9,1,1,1,1,0,0,0,0,0,0,0,0,0,1,9,0,0,2,0,0,0,0,0,1,1,1,1,1,1,1,2,2,9,9,2,9,0,0,,1,1,1,1,1,1,1,1,2,0,1,1,1,1,1,1,1,1,1,1,1
2035746,UTTARAKHAND,CHAMOLI,DASHOLI,1,,,Bamiyala,Bamiyala,Dasholi,4,3,6,8,1,246401,2,2,3,0,2,4,19,14,0,0,0,2,9,9,224,1,0,0,0,0,0,0,9,9,2000,1,2,2,2,1,10,4,1,3,1,1,1,3,1,3,0,0,2,1,1,1,1,0,0,0,0,0,0,1,2,1,1,2,2,2,2,1,1,2,2,2,1,1,1,2,1,1,1,1,9,1,1,2,2,0,0,0,0,0,0,0,0,0,1,2,0,0,3,0,1,0,0,0,1,1,1,3,2,1,1,9,9,9,9,9,9,0,0,1.0,1,1,1,2,1,1,1,1,1,0,1,1,5,1,1,2,2,1,1,1,1
5568164,UTTARAKHAND,CHAMOLI,GAIRSAIN,1,,,Ghandiyal Lagga Chhapali,Ghandiyal,Gairsain,7,3,6,10,1,246428,2,2,3,0,2,4,19,14,0,2,0,2,9,9,24,1,0,0,0,0,0,0,9,9,1976,1,2,2,2,1,0,0,1,3,2,2,2,6,2,6,0,0,1,1,1,1,1,0,0,0,0,0,0,1,2,2,1,2,2,2,2,2,1,2,2,2,2,1,1,2,1,1,1,1,9,1,1,1,1,0,0,0,0,0,0,0,0,0,1,1,0,0,1,0,0,0,0,0,1,1,2,3,2,1,1,1,2,9,9,1,9,131,131,1.0,1,1,2,2,1,1,2,1,1,25,1,1,2,1,1,2,2,1,1,1,1
9035432,UTTARAKHAND,CHAMOLI,DASHOLI,2,Chamoli Gopeshwar-Municipality,Chamoli Gopeshwar (MB) -Naigwaad Ward No.8,,,,2,3,1,8,5,246401,2,2,3,0,2,4,19,14,0,0,0,1,1,9,223,1,15,11,0,1,0,0,9,9,1994,9,2,2,2,9,0,0,9,2,1,1,1,11,13,11,0,0,1,3,3,3,3,0,0,0,0,3,3,1,2,2,1,2,2,2,2,2,1,2,2,2,2,1,1,2,1,1,1,1,9,1,2,9,1,0,0,0,0,0,0,0,0,0,1,9,0,0,5,0,0,0,0,0,2,1,1,3,2,2,2,9,9,2,9,9,9,0,0,,1,1,1,1,1,1,1,1,2,0,1,1,6,1,1,2,2,1,1,1,1
8114135,UTTARAKHAND,CHAMOLI,Jyotirmath,2,Joshimath-Municipality,Joshimath (MB) - Ravigram Ward No.9,,,,6,3,1,10,5,246443,2,2,3,0,2,4,19,14,0,2,0,1,1,9,210,1,8,3,0,0,0,0,9,9,2003,9,2,2,2,9,0,0,9,1,15,10,1,15,15,15,0,0,1,3,2,2,2,0,0,0,0,1,1,1,2,1,1,2,2,2,2,1,1,2,2,2,2,1,1,2,1,1,1,1,9,1,1,1,1,0,0,0,0,0,0,0,0,0,1,9,1,1,7,0,0,0,0,0,1,1,1,3,1,2,1,1,2,2,9,2,9,0,0,,1,1,1,1,1,1,1,1,2,0,1,2,3,1,1,2,2,1,1,1,1
6678433,UTTARAKHAND,CHAMOLI,GAIRSAIN,1,,,Muson,Moonson,Gairsain,1,3,1,5,1,246428,2,2,3,0,2,4,14,19,0,0,0,1,2,1,226,1,0,0,0,0,0,0,9,9,2007,1,2,9,2,2,0,3,1,3,1,1,2,3,1,0,0,3,2,1,0,1,0,0,0,0,0,0,0,2,2,2,1,2,2,2,2,2,1,2,2,2,2,1,1,2,1,1,1,2,2,1,1,1,1,0,0,0,0,0,0,0,0,0,2,9,0,1,0,0,0,0,0,0,0,1,2,3,2,2,1,9,9,2,9,9,9,0,0,1.0,1,1,2,2,1,1,1,1,9,0,1,1,2,1,1,2,2,1,1,1,1
2321004,UTTARAKHAND,CHAMOLI,DASHOLI,2,Chamoli Gopeshwar-Municipality,Chamoli Gopeshwar (MB) -Subhash Nagar Shivaji Ward No.7,,,,1,3,1,5,5,246401,2,2,3,0,2,4,14,19,0,0,0,2,1,9,230,1,4,3,0,0,0,0,9,9,1987,9,2,9,2,9,0,0,9,1,1,1,1,6,6,6,0,0,1,2,2,2,1,0,0,0,0,0,0,1,2,2,1,2,2,2,2,2,1,2,2,2,2,1,1,2,1,1,2,1,9,1,2,9,1,0,0,0,0,0,0,0,0,0,1,9,0,0,3,0,0,0,0,0,1,1,2,3,2,2,2,9,9,2,9,9,9,0,0,,1,1,1,1,1,1,1,1,9,0,1,2,1,1,1,1,1,1,1,1,1
7307032,UTTARAKHAND,CHAMOLI,THARALI,1,,,Ratgaon Chak,Ratgaon,Tharali,1,3,1,5,1,246481,2,2,3,0,2,4,19,14,0,0,0,2,2,1,226,1,0,0,0,0,3,2,9,9,1990,1,2,9,2,2,0,0,1,3,3,3,2,3,1,0,0,3,1,1,1,1,1,0,0,0,0,0,0,1,2,2,1,2,2,2,2,2,1,2,2,2,1,1,1,1,1,1,1,1,9,1,1,1,1,0,0,0,0,0,0,0,0,0,2,9,0,3,1,0,0,0,0,0,0,1,2,3,2,2,1,9,9,2,9,9,9,0,0,1.0,1,2,1,2,1,1,1,1,9,0,1,1,2,1,1,2,2,1,1,1,1
8644952,UTTARAKHAND,CHAMOLI,KARANPRAYAG,1,,,Jasyara,Jasyara,Karnaprayag,1,3,1,5,1,246488,2,2,3,0,2,4,19,14,0,0,0,2,2,2,230,1,0,0,0,0,2,1,9,9,1956,1,2,9,2,2,0,8,1,3,1,1,1,3,1,3,0,0,1,1,1,1,1,0,0,0,0,0,0,1,2,2,1,2,2,2,2,2,1,2,2,2,2,1,1,2,1,1,1,1,9,1,1,2,1,0,0,0,0,0,0,0,0,0,2,9,0,2,1,0,1,0,0,0,0,1,2,3,2,2,1,9,9,2,9,9,9,24,24,1.0,1,1,1,2,1,1,1,1,9,0,1,1,2,1,1,2,2,1,1,1,1
4419758,UTTARAKHAND,CHAMOLI,NANDANAGAR,1,,,Bhainswara Chak Vaduk,Vaduk,Ghat,1,3,1,5,1,246435,2,2,3,0,2,4,19,14,0,0,0,2,2,1,226,1,0,0,0,0,0,0,9,9,2008,1,2,9,2,1,2,0,2,3,1,1,2,2,0,0,0,2,2,1,1,1,0,0,0,0,0,0,0,1,2,2,1,2,2,2,2,2,1,2,2,2,2,1,2,2,1,1,1,1,9,1,1,1,1,0,0,0,0,0,0,0,0,0,2,9,0,1,1,0,0,0,0,0,0,1,2,1,2,2,1,9,9,2,9,9,9,0,0,1.0,1,1,1,2,1,1,1,1,9,0,1,1,1,1,1,2,2,1,1,1,1
5433605,UTTARAKHAND,CHAMOLI,KARANPRAYAG,1,,,Kanda,Kanda,Karnaprayag,1,3,1,5,1,246429,2,2,3,0,2,4,0,0,0,0,0,1,2,2,224,1,0,0,0,0,1,2,9,9,1988,1,2,9,2,2,0,1,1,3,1,0,1,2,1,0,2,0,1,1,1,1,1,0,0,0,0,0,0,1,2,2,1,2,2,2,2,2,1,2,2,2,2,1,1,2,1,1,1,1,9,1,1,1,1,0,0,0,0,0,0,0,0,0,2,9,0,2,0,20,0,0,1,0,0,1,2,3,2,2,1,9,9,2,9,9,9,10,0,1.0,1,1,1,2,1,1,1,1,9,0,1,1,3,1,1,2,2,2,1,1,1
1752592,UTTARAKHAND,CHAMOLI,GAIRSAIN,1,,,Dungri,Dungri,Gairsain,1,3,1,5,1,246428,2,2,3,0,2,4,19,14,0,0,0,1,2,2,226,1,0,0,1,0,0,0,9,9,1995,1,2,9,2,2,0,1,1,3,1,1,6,2,0,2,0,0,2,0,0,1,1,0,0,0,0,0,0,1,2,2,1,2,2,2,2,2,1,2,2,2,2,1,1,2,1,2,1,1,9,1,1,1,1,0,0,0,0,0,0,0,0,0,2,9,0,1,0,0,0,0,0,0,0,1,2,3,2,1,1,9,9,2,9,9,9,0,0,1.0,1,1,1,2,1,1,2,1,9,0,1,1,2,1,1,2,2,1,1,1,1
8990937,UTTARAKHAND,CHAMOLI,Jyotirmath,2,Joshimath-Municipality,Joshimath (MB) - Singhdhaar Ward No.4,,,,1,3,1,5,1,246443,2,2,3,0,2,4,19,14,0,0,0,1,2,2,235,1,1,1,0,0,0,0,9,9,1967,1,2,9,2,2,0,17,1,3,1,1,2,2,1,2,0,0,1,1,1,1,1,0,0,0,0,0,0,1,2,2,1,2,2,2,2,2,1,2,2,2,2,1,1,2,1,1,1,1,9,1,1,1,1,0,0,0,0,0,0,0,0,0,2,9,0,0,1,0,0,0,0,0,0,1,2,3,2,1,1,9,9,2,9,9,9,0,0,2.0,1,2,2,2,1,1,1,1,9,0,1,1,1,1,1,2,2,1,1,1,1
7292707,UTTARAKHAND,CHAMOLI,THARALI,1,,,Jabar Kot,Jabar Kot,Tharali,1,3,1,5,1,246481,2,2,3,0,2,4,19,14,0,0,0,1,2,1,224,1,0,0,0,0,0,0,9,9,1982,1,2,9,2,2,0,3,1,3,1,1,2,2,1,1,0,1,1,1,1,1,1,0,0,0,0,0,0,1,2,2,1,2,2,2,2,2,1,2,2,2,2,1,1,2,1,2,1,1,9,1,1,1,2,0,0,0,0,0,0,0,0,0,2,9,0,1,0,0,0,0,0,0,0,1,2,3,2,2,1,9,9,2,9,9,9,0,0,1.0,1,1,1,2,1,1,1,1,9,0,1,1,1,1,1,2,2,1,1,1,1
2464820,UTTARAKHAND,CHAMOLI,POKHARI,1,,,Simlasu,Simlasu,Pokhari,1,3,1,5,1,246473,2,2,3,0,2,4,19,14,0,0,0,2,2,1,224,1,0,0,0,0,0,1,9,9,1997,1,2,9,2,2,0,0,1,3,1,1,2,2,1,0,0,2,1,1,1,1,1,0,0,0,0,0,0,1,2,2,1,2,2,2,2,2,1,2,2,2,2,1,1,2,1,1,1,1,9,1,1,1,1,0,0,0,0,0,0,0,0,0,2,9,0,1,1,0,0,0,0,0,0,1,2,3,2,1,1,9,9,2,9,9,9,2,2,1.0,1,1,1,2,1,1,1,1,9,0,1,1,2,1,1,2,2,2,1,1,1
1685893,UTTARAKHAND,CHAMOLI,DASHOLI,1,,,Kunjpothani,Konj Pothani,Dasholi,1,3,1,5,1,246426,2,2,3,0,2,4,14,0,0,0,0,2,2,1,222,1,0,0,0,0,0,4,9,9,1985,1,2,9,2,2,0,3,1,3,1,1,2,2,1,0,0,2,1,1,0,1,0,0,0,0,0,0,0,1,2,2,1,2,2,2,2,2,1,2,2,2,2,1,1,2,1,1,1,1,9,1,1,1,1,0,0,0,0,0,0,0,0,0,2,9,0,2,1,0,0,0,0,0,0,1,2,3,2,2,1,9,9,2,9,9,9,0,0,1.0,1,1,1,2,1,1,1,1,9,0,1,1,1,1,1,2,2,1,1,1,1
4857165,UTTARAKHAND,CHAMOLI,NARAYANBAGAR,1,,,Angoth,Angoth,Narayanbagar,1,3,1,5,1,246444,2,2,3,0,2,4,19,14,0,0,0,1,2,2,225,1,0,0,0,1,0,0,9,9,1993,1,2,9,2,2,0,5,1,3,1,0,7,2,1,1,1,0,1,1,1,1,1,1,1,1,1,1,0,1,2,2,1,2,2,2,2,2,1,2,2,2,2,1,1,2,1,1,1,1,9,1,1,1,1,0,0,0,0,0,0,0,0,0,2,9,0,2,1,0,1,0,0,0,0,1,2,3,2,1,1,9,9,2,9,9,9,0,0,1.0,1,1,2,2,1,1,1,1,9,0,1,1,3,1,1,2,2,1,1,1,1
1352434,UTTARAKHAND,CHAMOLI,GAIRSAIN,2,Gairsain-Town Panchayat,Gairsain (NP) -Ganwali Ward No. 6,,,,1,3,1,5,1,246428,2,2,3,0,2,4,0,0,0,0,0,1,2,1,2,1,0,0,0,0,0,0,9,9,1995,1,2,9,2,1,5,0,1,3,1,1,2,3,1,0,1,2,1,1,1,1,1,0,0,0,0,0,0,1,2,2,1,2,2,2,2,2,1,2,2,2,1,1,1,2,1,1,1,1,9,1,1,1,1,0,0,0,0,0,0,0,0,0,2,9,0,1,0,0,0,0,0,0,0,1,2,3,2,1,1,9,9,2,9,9,9,0,0,1.0,1,1,1,2,1,1,2,1,9,0,1,2,3,1,1,2,2,1,1,1,1
4931706,UTTARAKHAND,CHAMOLI,NANDANAGAR,1,,,Huna Lagga Ramani,Ramani,Ghat,1,3,1,5,1,246435,2,2,3,0,2,4,19,0,0,0,0,2,2,2,225,1,0,0,0,0,0,0,9,9,1999,1,2,9,2,2,0,0,1,3,1,1,5,2,1,2,0,0,1,1,1,1,1,0,0,1,1,0,0,1,2,2,1,2,2,2,2,2,1,2,2,2,2,1,1,1,1,1,1,1,9,1,1,2,1,0,0,0,0,0,0,0,0,0,2,9,0,2,1,0,0,0,0,0,0,1,2,3,2,1,1,9,9,2,9,9,9,7,0,1.0,1,2,2,2,1,1,1,1,9,0,1,1,6,1,1,2,2,2,1,1,1
2218028,UTTARAKHAND,CHAMOLI,Jyotirmath,1,,,Raigari,Regdi,Joshimath,1,3,1,5,1,246483,2,2,3,0,2,4,14,19,0,0,0,1,2,2,227,1,0,0,0,0,1,0,9,9,1955,1,2,9,2,2,0,10,1,3,1,1,2,2,1,0,0,2,1,1,1,1,1,0,0,0,0,0,0,1,2,2,1,2,2,2,2,2,1,2,2,2,2,1,1,2,1,1,1,1,9,1,1,1,1,0,0,0,0,0,0,0,0,0,2,9,0,2,1,0,0,0,0,0,0,1,2,3,2,1,1,9,9,2,9,9,9,24,24,1.0,1,1,1,2,1,1,1,1,9,0,1,1,1,1,1,2,2,1,1,1,1
7332865,UTTARAKHAND,CHAMOLI,POKHARI,1,,,Kujni,Masoli,Pokhari,1,3,1,5,1,246473,2,2,3,0,2,4,14,19,0,0,0,2,2,2,232,1,0,0,0,0,1,0,9,9,2006,1,2,9,2,2,0,0,1,3,1,0,1,1,1,1,0,0,1,0,0,1,1,0,0,0,0,1,0,2,2,2,1,2,2,2,2,2,1,2,2,2,2,1,1,2,1,1,1,1,9,1,1,2,1,0,0,0,0,0,0,0,0,0,2,9,0,1,0,0,0,0,0,0,0,1,2,3,2,1,1,9,9,2,9,9,9,0,0,1.0,1,1,1,2,1,1,2,1,9,0,1,1,1,1,1,2,2,2,1,1,1
1838271,UTTARAKHAND,CHAMOLI,KARANPRAYAG,2,Karnaprayag-Municipality,Karnaprayag (NP) -Eda Badhaani Ward No.2,,,,1,3,1,5,1,246444,2,2,3,0,2,4,0,0,0,0,0,1,2,2,233,1,0,0,0,0,0,0,9,9,1964,1,2,9,2,2,0,0,1,3,1,1,1,2,2,2,0,0,1,1,1,1,1,0,0,0,0,1,0,1,2,2,1,2,2,2,2,2,1,2,2,2,2,1,1,2,1,1,1,1,9,1,1,1,1,0,0,0,0,0,0,0,0,0,2,9,0,2,1,0,0,0,0,0,0,1,2,1,2,1,1,9,9,2,9,9,9,0,0,1.0,1,1,1,2,1,1,1,1,9,0,1,1,2,1,1,2,2,1,1,1,1
2204860,UTTARAKHAND,CHAMOLI,DASHOLI,1,,,Pagana,Pagna,Dasholi,7,3,6,10,1,246424,2,2,3,0,2,4,0,0,0,2,0,2,9,9,225,1,0,0,0,0,0,0,9,9,2005,1,2,2,2,1,2,0,1,3,2,2,5,5,1,3,2,0,1,2,1,1,1,0,0,0,0,0,0,1,2,2,1,2,2,2,2,2,1,2,2,2,2,1,1,2,1,1,2,1,9,1,1,1,1,0,0,0,0,0,0,0,0,0,2,9,0,0,5,0,0,0,0,0,0,1,2,3,2,1,1,2,2,9,9,2,9,0,0,1.0,1,1,1,2,1,1,1,1,1,28,1,1,1,1,1,2,2,1,1,1,1
3837379,UTTARAKHAND,CHAMOLI,KARANPRAYAG,2,Gochar-Municipality,Gochar (NP) -Rawalnagar Talla Ward No.2,,,,5,2,6,12,1,246429,2,2,3,0,2,4,0,0,0,2,2,1,9,9,233,1,0,0,0,0,0,0,9,9,1969,1,1,2,2,1,3,309,1,3,13,6,1,13,13,0,8,5,1,0,0,8,5,0,0,0,0,0,4,1,2,2,1,2,2,2,2,2,1,2,2,2,2,1,1,2,1,1,1,1,9,1,2,9,1,1,1,1,1,4,4,1,4,1,1,2,0,0,25,0,0,1,1,1,4,1,2,3,2,1,1,1,2,9,9,2,2,351,0,1.0,1,1,1,1,1,1,1,1,1,55,1,1,2,1,1,2,2,1,1,2,1
2162195,UTTARAKHAND,CHAMOLI,DASHOLI,1,,,Bemru,Bemaru,Dasholi,4,3,6,8,1,246472,2,2,3,0,2,4,19,14,0,0,0,1,9,9,224,1,0,0,0,0,0,0,9,9,1979,1,2,2,2,2,0,10,1,3,1,1,2,3,3,2,1,0,1,2,2,1,1,0,0,0,0,0,0,1,2,2,1,2,2,2,2,2,1,2,2,2,2,1,1,2,1,1,1,1,9,1,1,1,1,0,0,0,0,0,0,0,0,0,1,1,0,0,2,0,0,0,0,1,1,1,2,3,2,1,1,9,9,9,9,9,9,3,0,1.0,1,1,1,2,1,1,1,1,1,20,1,1,5,1,1,2,2,1,1,1,1
5137553,UTTARAKHAND,CHAMOLI,Jyotirmath,1,,,Topovan,Tapovan,Joshimath,5,3,6,12,1,246483,2,2,3,0,2,4,19,0,0,1,1,1,9,9,225,1,0,0,0,0,0,0,9,9,1981,1,1,2,2,1,3,304,1,3,3,3,1,7,13,0,7,0,1,3,3,3,3,2,2,2,2,0,0,1,2,2,1,2,2,2,2,2,1,2,2,2,2,1,1,1,1,1,1,1,9,1,2,9,1,2,2,2,2,3,2,3,3,2,1,1,1,3,24,0,0,0,3,2,4,1,1,3,2,1,1,2,1,9,9,2,2,285,285,1.0,1,1,1,1,1,1,1,1,1,146,1,1,2,1,1,2,2,1,1,1,1
5742651,UTTARAKHAND,CHAMOLI,NANDANAGAR,1,,,Bijar,Bijar,Ghat,4,3,6,8,1,246435,2,2,3,0,2,4,19,14,0,0,0,2,9,9,226,1,0,0,0,0,0,0,9,9,1991,1,2,2,2,2,0,0,2,3,1,1,5,3,1,1,0,2,2,1,1,1,1,0,0,0,0,0,0,1,2,2,1,2,2,2,2,2,1,2,2,2,2,1,1,2,1,1,1,1,9,1,1,1,2,0,0,0,0,0,0,0,0,0,2,9,0,0,2,0,0,0,0,0,0,1,2,3,2,1,1,9,9,9,9,9,9,0,0,1.0,1,1,1,2,1,1,1,1,2,0,1,2,1,1,2,2,2,1,1,1,1
1456990,UTTARAKHAND,CHAMOLI,KARANPRAYAG,2,Karnaprayag-Municipality,Karnaprayag (NP) -Tehseel Colony Ward No.4,,,,5,1,6,12,1,246444,2,2,3,0,2,4,0,0,0,2,2,2,9,9,240,1,0,0,0,0,0,0,9,9,1918,1,2,2,2,1,3,0,1,3,2,2,1,12,8,12,0,0,1,4,4,0,0,0,0,0,0,4,0,1,2,2,1,2,2,2,2,2,1,2,2,2,2,1,1,2,1,1,1,1,9,1,1,1,1,2,2,2,2,3,2,3,3,2,1,2,0,0,4,0,0,1,0,2,3,1,2,3,2,1,1,1,2,9,9,2,2,162,0,1.0,1,1,1,1,1,1,1,1,9,0,1,1,2,1,1,2,2,1,1,1,1
7382632,UTTARAKHAND,CHAMOLI,GAIRSAIN,1,,,Sera,Sera,Gairsain,4,3,6,8,1,246431,2,2,3,0,2,4,0,0,0,0,0,2,9,9,225,1,0,0,0,0,0,0,9,9,2009,2,2,2,2,2,0,7,1,3,1,1,5,5,2,4,1,0,1,1,1,1,1,0,0,0,0,0,0,1,2,2,1,2,2,2,2,2,1,2,2,2,1,1,1,2,1,1,1,1,9,1,1,1,1,0,0,0,0,0,0,0,0,0,2,9,0,0,1,0,0,0,0,0,0,1,2,3,2,1,1,9,9,9,9,9,9,0,0,1.0,1,1,1,2,1,1,1,1,2,0,1,1,2,1,1,2,2,1,1,1,1
5492823,UTTARAKHAND,CHAMOLI,DASHOLI,2,Chamoli Gopeshwar-Municipality,Chamoli Gopeshwar (MB) -Gopeshwer Gaon Ward No.2,,,,5,3,6,12,5,246401,2,2,3,0,2,4,19,0,0,2,2,1,9,9,224,1,0,0,0,0,0,0,9,9,1990,9,2,2,2,9,0,0,9,1,2,2,1,13,5,13,0,0,1,3,3,3,3,0,0,0,0,3,0,1,2,2,1,2,2,2,2,2,1,2,2,2,2,1,1,2,1,1,2,1,9,1,2,9,1,2,1,2,4,4,4,4,4,1,1,9,1,0,9,0,0,1,1,2,1,1,2,3,2,1,2,2,2,9,9,2,2,0,0,,1,1,1,1,1,1,1,1,2,0,1,1,2,1,1,1,1,1,1,1,1
3308633,UTTARAKHAND,CHAMOLI,POKHARI,1,,,Pogatha,Pogtha,Pokhari,1,3,1,5,5,246442,2,2,3,0,2,4,0,0,0,0,0,1,2,9,234,1,0,0,0,0,1,2,9,9,1992,9,2,9,2,9,0,0,9,1,1,1,1,5,2,5,0,0,1,1,1,1,1,0,0,0,0,0,0,1,2,2,1,2,2,2,2,2,1,2,2,2,2,1,1,2,1,1,2,1,9,1,2,9,1,0,0,0,0,0,0,0,0,0,2,9,0,0,0,0,0,0,0,0,0,1,2,3,2,2,2,9,9,2,9,9,9,0,0,,1,1,1,1,1,1,1,1,9,0,1,1,2,1,1,1,1,1,1,1,1
3886177,UTTARAKHAND,CHAMOLI,DEHRADUN REGION,1,,,Gwaldam State,Gwaldam,Tharali,3,3,1,12,92,246441,2,2,3,0,2,19,4,0,0,1,1,1,2,2,250,1,0,0,13,11,0,0,9,9,2003,1,1,2,2,1,4,0,1,6,3,3,1,14,12,12,2,0,1,4,4,4,4,1,1,1,1,8,0,1,2,2,1,2,2,2,2,2,1,2,2,2,2,1,1,2,1,2,1,2,1,1,1,2,1,1,1,1,4,4,4,4,4,1,1,2,1,0,25,250,0,0,14,2,5,1,2,1,1,2,2,2,2,2,9,2,2,257,0,1.0,1,1,1,1,1,1,1,1,2,0,1,2,5,1,1,1,3,1,1,1,2
5613260,UTTARAKHAND,CHAMOLI,NANDANAGAR,1,,,Dhola Chak Ustoli,Ustoli,Ghat,1,3,1,5,5,246435,2,2,3,0,2,4,19,14,0,0,0,1,1,9,218,1,10,15,0,1,0,0,9,9,1989,9,2,9,2,9,0,0,9,1,1,1,1,5,3,5,0,0,1,2,2,2,2,0,0,0,0,0,0,1,2,2,1,2,2,2,2,2,1,2,2,2,2,1,1,2,1,2,1,1,9,1,1,2,2,0,0,0,0,0,0,0,0,0,1,9,0,0,2,0,0,0,0,0,1,1,2,3,2,2,2,9,9,2,9,9,9,0,0,,1,1,1,1,1,1,1,1,9,0,1,1,1,1,1,1,1,2,1,1,1
8111315,UTTARAKHAND,CHAMOLI,GAIRSAIN,1,,,Pungaon,Pungaon,Gairsain,1,3,1,5,1,246440,2,2,3,0,2,4,0,0,0,0,0,1,2,1,228,1,0,0,0,0,4,3,9,9,1944,1,2,9,2,2,0,4,1,3,2,1,5,3,1,3,0,0,1,1,1,1,1,0,0,0,0,0,0,1,2,2,1,2,2,2,2,2,1,2,2,2,1,1,1,2,1,1,1,1,9,1,1,1,1,0,0,0,0,0,0,0,0,0,2,9,0,1,2,0,0,0,0,0,1,1,2,3,2,1,1,9,9,2,9,9,9,0,0,1.0,1,1,1,2,1,1,2,1,9,0,1,1,2,1,1,2,2,1,1,1,1
1666076,UTTARAKHAND,CHAMOLI,KARANPRAYAG,1,,,Bidoli,Kankhul Talla,Karnaprayag,1,3,1,5,1,246474,2,2,3,0,2,4,0,0,0,0,0,1,2,1,230,1,0,0,0,0,0,0,9,9,1908,1,2,9,2,2,0,1,1,3,1,1,2,2,1,2,0,0,1,1,1,1,1,0,0,0,0,0,0,1,2,2,1,2,2,2,2,2,1,2,2,2,2,1,1,2,1,1,1,1,9,1,1,2,1,0,0,0,0,0,0,0,0,0,2,9,0,0,0,0,0,0,0,0,0,1,2,3,2,1,1,9,9,2,9,9,9,2,0,1.0,1,1,1,2,1,1,1,1,9,0,1,1,1,1,1,2,2,1,1,1,1
5706625,UTTARAKHAND,CHAMOLI,GAIRSAIN,1,,,Airoli,Airoli,Gairsain,1,3,1,5,1,246487,2,2,3,0,2,4,0,0,0,0,0,2,2,1,226,1,0,0,0,0,0,0,9,9,1991,1,2,9,2,2,0,0,1,3,1,1,2,2,1,2,0,0,1,1,1,1,1,0,0,0,0,0,0,1,2,2,1,2,2,2,2,2,1,2,2,2,2,1,1,2,1,2,1,1,9,1,1,1,1,0,0,0,0,0,0,0,0,0,1,2,0,1,1,0,0,0,0,0,0,1,2,3,2,2,1,9,9,2,9,9,9,0,0,1.0,1,1,2,2,1,1,1,1,9,0,1,2,6,1,1,2,2,1,1,1,1
9389803,UTTARAKHAND,CHAMOLI,NANDANAGAR,1,,,Matai,Matai,Ghat,1,3,1,5,1,246449,2,2,3,0,2,4,19,14,0,0,0,1,2,1,229,1,0,0,0,0,0,1,9,9,1935,1,2,9,2,1,2,0,1,3,1,1,2,2,1,2,0,0,1,1,1,1,0,0,0,0,0,0,0,1,2,2,1,2,2,2,2,2,1,2,2,2,2,1,1,2,1,1,1,1,9,1,1,1,1,0,0,0,0,0,0,0,0,0,2,9,0,2,2,0,0,0,0,0,1,1,1,3,2,1,1,9,9,2,9,9,9,0,0,1.0,1,1,1,2,1,1,1,1,9,0,1,1,2,1,1,2,2,2,1,1,1
6382512,UTTARAKHAND,CHAMOLI,NANDANAGAR,1,,,Banj Bagar,Ropa Semdugra,Dasholi,1,3,1,5,1,246435,2,2,3,0,2,4,0,0,0,0,0,2,2,2,226,1,0,0,0,0,0,0,9,9,1995,1,2,9,2,1,6,4,1,3,1,1,2,2,1,2,0,0,1,2,1,2,1,0,0,0,0,0,0,1,2,2,1,2,2,2,2,2,1,2,2,2,2,1,1,2,1,1,1,1,9,1,1,1,1,0,0,0,0,0,0,0,0,0,2,9,0,1,1,0,0,0,0,0,0,1,2,3,2,2,1,9,9,2,9,9,9,12,12,1.0,1,1,1,2,1,1,1,1,9,0,1,1,1,1,1,2,2,1,1,1,1
2212645,UTTARAKHAND,CHAMOLI,NARAYANBAGAR,1,,,Bunga,Boonga,Narayanbagar,1,3,1,5,1,246455,2,2,3,0,2,4,0,0,0,0,0,2,2,1,227,1,0,0,0,0,0,1,9,9,1970,1,2,9,2,1,4,2,2,3,1,1,5,2,2,2,0,0,1,1,1,1,1,0,0,0,0,0,0,1,2,2,1,2,2,2,2,2,1,2,2,2,2,1,1,2,1,1,1,1,9,1,1,1,2,0,0,0,0,0,0,0,0,0,2,9,0,1,1,0,0,0,0,0,0,1,2,3,2,1,1,9,9,2,9,9,9,5,5,1.0,1,1,1,2,1,1,1,1,9,0,1,1,6,1,2,2,2,1,1,1,1
3712866,UTTARAKHAND,CHAMOLI,Jyotirmath,1,,,Mana,Mana,Joshimath,1,3,1,5,1,246443,2,2,3,0,2,4,19,14,0,0,0,1,2,1,223,1,0,0,0,0,1,0,9,9,1950,2,2,9,2,2,0,2,1,3,1,0,2,4,1,2,2,0,1,1,1,2,1,0,0,0,0,0,0,1,2,2,1,2,2,2,2,2,1,2,2,2,2,1,1,3,1,1,1,1,9,1,1,1,1,0,0,0,0,0,0,0,0,0,2,9,0,1,1,0,0,0,0,0,0,1,2,3,2,1,1,9,9,2,9,9,9,0,0,1.0,1,1,1,2,1,1,1,1,9,0,1,1,1,1,1,2,2,1,1,1,1
5792563,UTTARAKHAND,CHAMOLI,NARAYANBAGAR,1,,,Chirong Laga Bedula,Naini,Narayanbagar,1,3,1,5,1,246455,2,2,3,0,2,4,19,14,0,0,0,1,2,2,228,1,0,0,0,0,0,0,9,9,1995,1,2,9,2,2,0,2,1,3,1,1,1,2,1,2,0,0,1,1,1,1,1,0,0,0,0,0,0,1,2,2,1,2,2,2,2,2,1,2,2,2,2,1,1,2,1,1,1,2,1,1,1,2,2,0,0,0,0,0,0,0,0,0,2,9,0,2,1,0,0,0,0,0,0,1,2,3,2,2,1,9,9,2,9,9,9,8,0,1.0,1,1,1,2,1,1,1,1,9,0,1,1,2,1,1,2,2,1,1,1,1
1106047,UTTARAKHAND,CHAMOLI,DASHOLI,1,,,Gawar,Gwad,Dasholi,1,3,1,5,1,246401,2,2,3,0,2,4,0,0,0,0,0,1,2,1,225,1,2,0,1,0,0,0,9,9,1993,1,2,9,2,2,0,0,1,3,1,1,1,2,1,2,0,0,1,2,1,1,1,0,0,0,0,0,0,1,2,2,1,2,2,2,2,2,1,2,2,2,1,1,1,2,1,1,2,1,9,1,1,1,1,0,0,0,0,0,0,0,0,0,2,9,0,2,1,0,0,0,0,1,0,1,2,3,2,1,1,9,9,2,9,9,9,0,0,1.0,1,1,1,2,1,1,1,1,9,0,1,1,1,1,1,2,2,1,1,1,1
8523951,UTTARAKHAND,CHAMOLI,NANDANAGAR,1,,,Kanol,Kanol,Ghat,7,3,6,10,1,246435,2,2,3,0,2,4,19,14,0,2,0,2,9,9,224,1,0,0,0,0,0,0,9,9,1986,1,2,2,2,1,3,0,1,3,1,0,1,5,3,5,0,0,1,1,1,2,2,0,0,0,0,0,0,1,2,2,1,2,2,2,2,2,1,2,2,2,2,1,1,2,1,1,1,1,9,1,1,1,1,0,0,0,0,0,0,0,0,0,2,9,0,0,4,0,0,0,0,0,2,2,1,3,2,1,1,2,2,9,9,2,9,0,0,1.0,1,1,1,2,1,1,1,1,1,56,1,1,3,1,2,2,2,1,1,1,1
4396974,UTTARAKHAND,CHAMOLI,KARANPRAYAG,1,,,Khatyari,Khatyari,Karnaprayag,1,3,1,5,1,246488,2,2,3,0,2,4,19,14,0,0,0,2,2,1,230,1,0,0,0,0,1,0,9,9,1996,1,2,9,2,2,0,2,1,3,1,1,1,2,1,0,2,0,1,1,1,1,1,0,0,0,0,0,0,1,2,2,1,2,2,2,2,2,1,2,2,2,2,1,1,2,1,1,1,1,9,1,1,2,1,0,0,0,0,0,0,0,0,0,2,9,0,1,1,0,0,0,0,0,0,1,2,3,2,2,1,9,9,2,9,9,9,0,0,1.0,1,1,1,2,1,1,1,1,9,0,1,1,2,1,1,2,2,1,1,1,1
5722409,UTTARAKHAND,CHAMOLI,GAIRSAIN,1,,,Andrapa,Andrapa,Gairsain,7,3,6,10,1,246428,2,2,3,0,2,4,19,0,0,2,0,2,9,9,223,1,0,0,0,0,0,0,9,9,1992,2,2,2,2,1,4,11,1,3,1,1,5,5,4,1,0,4,1,1,1,1,1,0,0,0,0,0,0,1,2,2,1,2,2,2,2,2,1,2,2,2,2,1,1,2,1,1,1,2,1,1,2,9,1,0,0,0,0,0,0,0,0,0,1,2,0,0,3,0,0,0,0,1,1,1,1,3,2,1,1,2,2,9,9,2,9,82,0,1.0,1,1,2,1,1,1,2,1,1,17,1,1,6,1,1,2,3,1,1,1,1
7679563,UTTARAKHAND,CHAMOLI,DEWAL,1,,,Silkhola Laga Ichchholi,Dewal (Selkhola),Dewal,5,3,6,12,1,246427,2,2,3,0,2,4,0,0,0,1,1,2,9,9,208,1,0,0,0,0,0,0,9,9,1972,1,1,2,2,1,2,0,1,3,2,1,5,8,7,6,2,0,1,4,4,4,4,0,0,0,0,4,4,1,2,2,1,2,2,2,2,2,1,2,2,2,2,1,1,1,1,2,2,2,1,1,2,9,1,2,2,2,4,4,2,4,4,4,2,9,0,3,9,0,0,1,1,1,3,1,1,3,2,1,1,2,2,9,9,2,2,308,0,1.0,1,1,1,1,1,1,1,1,1,40,1,1,2,1,1,2,2,1,1,1,1
9107605,UTTARAKHAND,CHAMOLI,GAIRSAIN,1,,,Malethi,Malethi,Gairsain,4,3,6,8,1,246487,2,2,3,0,2,4,0,0,0,0,0,1,9,9,225,1,0,0,0,0,0,0,9,9,2011,1,2,2,2,1,11,0,1,3,1,1,5,4,4,3,1,0,1,1,1,1,1,0,0,0,0,0,0,1,2,2,1,2,2,2,2,2,1,2,2,2,2,1,1,2,1,2,1,1,9,1,1,1,1,0,0,0,0,0,0,0,0,0,2,9,0,0,1,0,0,0,0,0,0,1,2,3,2,1,1,9,9,9,9,9,9,0,0,1.0,1,1,2,2,1,1,1,1,2,0,1,2,6,1,1,2,2,1,1,1,1
1272782,UTTARAKHAND,CHAMOLI,NARAYANBAGAR,1,,,Harmani Malli,Harmani Malli,Narayanbagar,5,3,6,12,1,246481,2,2,3,0,2,4,19,14,0,2,2,1,9,9,230,1,0,0,0,0,0,0,9,9,1968,1,2,2,2,1,4,0,1,3,16,13,7,16,7,0,4,12,2,1,1,4,4,0,0,0,0,1,3,1,2,2,1,2,2,2,2,2,1,2,2,2,2,1,1,2,1,2,2,1,9,1,1,2,2,2,2,2,3,3,2,3,3,2,1,1,0,0,2,0,0,0,1,0,1,1,1,3,2,1,1,2,2,9,9,2,2,0,0,1.0,1,2,2,2,1,1,1,1,1,35,1,1,1,1,2,2,2,1,1,1,2
2635573,UTTARAKHAND,CHAMOLI,Jyotirmath,1,,,Dungra,Dungri,Joshimath,4,3,6,8,1,246443,2,2,3,0,2,4,0,0,0,0,0,2,9,9,225,1,0,0,0,0,0,0,9,9,1972,2,2,2,2,1,3,0,1,3,1,1,5,3,2,0,3,0,1,1,1,1,1,1,1,1,1,0,0,1,2,2,1,2,2,2,2,2,1,2,2,2,2,1,1,2,1,1,2,1,9,1,1,1,1,0,0,0,0,0,0,0,0,0,2,9,0,0,4,0,0,0,0,0,1,1,1,3,2,1,1,9,9,9,9,9,9,0,0,1.0,1,1,1,2,1,1,1,1,1,42,1,1,1,1,1,2,2,1,1,1,1
3646707,UTTARAKHAND,CHAMOLI,GAIRSAIN,1,,,Rohira,Rohida,Gairsain,5,3,6,12,1,246428,2,2,3,0,2,4,19,0,0,1,1,2,9,9,229,1,0,0,0,0,0,0,9,9,1964,1,1,2,2,1,7,0,1,3,2,1,5,11,6,8,3,0,1,2,2,2,2,0,0,0,0,1,1,1,2,2,1,2,2,2,2,2,1,2,2,2,1,1,1,1,1,1,1,1,9,1,1,2,1,2,2,2,4,4,4,4,4,4,2,9,1,0,4,0,1,0,1,1,2,1,2,3,2,1,1,2,2,9,9,2,2,90,66,1.0,1,2,2,1,1,1,1,1,1,60,1,1,3,1,1,2,3,1,1,1,1
5702508,UTTARAKHAND,CHAMOLI,POKHARI,1,,,Bhikauna,Bhikona,Pokhari,7,3,6,10,1,246473,2,2,3,0,2,4,19,14,0,2,0,2,9,9,222,1,0,0,0,0,0,0,9,9,2004,1,2,2,2,1,4,0,1,3,4,4,5,4,3,4,0,0,2,2,1,3,1,0,0,0,0,0,1,1,2,2,1,2,2,2,2,2,1,2,2,2,1,1,1,2,1,1,1,1,9,1,1,1,1,0,0,0,0,0,0,0,0,0,2,9,0,0,7,0,7,0,0,1,3,1,1,3,2,2,1,2,2,9,9,2,9,59,0,1.0,1,1,1,2,1,1,1,1,1,17,1,1,2,1,1,2,2,1,1,1,1
1498326,UTTARAKHAND,CHAMOLI,GAIRSAIN,1,,,Kwilakh,Koylakh,Gairsain,1,3,1,5,1,246428,2,2,3,0,2,4,19,14,0,0,0,2,2,2,225,1,0,0,0,0,1,0,9,9,1990,1,2,9,2,2,0,10,1,3,1,1,5,2,1,2,0,0,1,1,1,1,1,0,0,0,0,0,0,1,2,2,1,2,2,2,2,2,1,2,2,2,2,1,1,2,1,1,1,1,9,1,1,1,1,0,0,0,0,0,0,0,0,0,2,9,0,2,1,0,0,0,0,0,0,1,2,3,2,1,1,9,9,2,9,9,9,30,0,1.0,1,1,1,2,1,1,1,1,9,0,1,1,2,1,1,2,2,1,1,1,1
9995704,UTTARAKHAND,CHAMOLI,DASHOLI,2,Chamoli Gopeshwar-Municipality,Chamoli Gopeshwar (MB) -Kund Colony Ward No.3,,,,2,3,1,8,5,246401,2,2,3,0,2,4,0,0,0,0,0,1,1,9,215,1,0,5,0,1,0,0,9,9,2019,9,2,2,2,9,0,0,9,1,2,2,7,11,13,11,0,0,1,3,3,3,3,0,0,0,0,1,0,1,2,2,1,2,2,2,2,2,1,2,2,2,2,1,1,2,1,1,2,1,9,1,2,9,1,0,0,0,0,0,0,0,0,0,1,9,0,0,2,0,0,0,0,0,1,1,2,3,2,2,2,9,9,2,9,9,9,0,0,,1,1,1,1,1,1,1,1,2,0,1,2,1,1,1,1,1,2,1,1,1
3098071,UTTARAKHAND,CHAMOLI,NANDANAGAR,1,,,Mokhmalla,Mokh Malla,Ghat,1,3,1,5,1,246449,2,2,3,0,2,4,0,0,0,0,0,2,2,2,224,1,0,0,0,0,0,0,9,9,1997,1,2,9,2,1,0,10,1,3,2,1,5,2,3,2,0,0,1,1,1,1,1,0,0,0,0,0,0,1,2,2,1,2,2,2,2,2,1,2,2,2,2,1,1,2,1,2,1,1,9,1,1,1,1,0,0,0,0,0,0,0,0,0,2,9,0,2,2,0,0,0,0,0,0,1,2,3,2,1,1,9,9,2,9,9,9,0,0,1.0,1,1,1,2,1,1,1,1,9,0,1,1,5,1,1,2,2,1,1,1,1
5214479,UTTARAKHAND,CHAMOLI,NARAYANBAGAR,1,,,Saned,Saned,Narayanbagar,1,3,1,5,1,246444,2,2,3,0,2,4,19,14,0,0,0,2,2,1,222,1,0,0,0,0,0,0,9,9,1988,1,2,9,2,2,0,0,1,3,1,1,1,2,1,2,0,0,1,1,1,1,1,0,0,0,0,0,0,1,2,2,1,2,2,2,2,2,1,2,2,2,2,1,1,2,1,1,1,1,9,1,1,2,1,0,0,0,0,0,0,0,0,0,2,9,0,2,1,0,0,0,0,0,1,1,2,3,2,2,1,9,9,2,9,9,9,0,0,1.0,1,1,2,2,1,1,1,1,9,0,1,1,2,1,1,2,2,1,1,1,1
5873009,UTTARAKHAND,CHAMOLI,THARALI,1,,,Gwaldam State,Gwaldam,Tharali,1,3,1,5,1,246441,2,2,3,0,2,4,0,0,0,0,0,1,2,1,227,1,0,1,0,0,0,0,9,9,1962,1,2,9,2,2,0,0,1,3,1,1,5,2,1,2,0,0,1,1,1,1,1,0,0,0,0,0,0,1,2,2,1,2,2,2,2,2,1,2,2,2,2,1,1,2,1,1,1,1,9,1,1,1,1,0,0,0,0,0,0,0,0,0,2,9,0,2,2,0,0,0,0,0,0,1,2,3,2,1,1,9,9,2,9,9,9,14,0,1.0,1,2,1,2,1,1,1,1,9,0,1,1,1,1,1,2,2,1,1,1,1
5410019,UTTARAKHAND,CHAMOLI,KARANPRAYAG,1,,,Dharkot,Dharkot,Karnaprayag,1,3,1,5,1,246444,2,2,3,0,2,4,0,0,0,0,0,1,2,2,230,1,0,0,0,0,1,2,9,9,1957,1,2,9,2,2,0,5,1,3,1,1,1,3,1,3,0,0,1,1,1,1,1,0,0,0,0,0,0,1,2,2,1,2,2,2,2,2,1,2,2,2,2,1,1,2,1,1,1,1,9,1,1,1,1,0,0,0,0,0,0,0,0,0,2,9,0,2,1,0,0,0,0,0,0,1,2,1,2,1,1,9,9,2,9,9,9,12,12,1.0,1,1,1,2,1,1,1,1,9,0,1,1,1,1,1,2,2,1,1,1,1
8182605,UTTARAKHAND,CHAMOLI,KARANPRAYAG,1,,,Khageli,Sem,Karnaprayag,1,3,1,5,1,246444,2,2,3,0,2,4,0,0,0,0,0,2,2,1,232,1,0,0,0,0,2,3,9,9,1998,1,2,9,2,1,6,7,1,3,2,2,2,3,1,3,0,0,1,1,1,1,1,0,0,0,0,0,0,1,2,2,1,2,2,2,2,2,1,2,2,2,2,1,1,2,1,1,1,1,9,1,1,1,1,0,0,0,0,0,0,0,0,0,2,9,0,1,1,0,0,0,0,0,0,1,2,3,2,2,1,9,9,2,9,9,9,20,20,1.0,1,1,1,2,1,1,1,1,9,0,1,1,5,1,1,2,2,1,1,1,1
4896199,UTTARAKHAND,CHAMOLI,GAIRSAIN,1,,,Aali Majyari,Aason (Aali Majyadi),Gairsain,1,3,1,5,1,246440,2,2,3,0,2,4,19,14,18,0,0,1,2,1,229,1,0,0,0,1,1,0,9,9,1975,1,2,9,2,2,0,5,1,3,2,2,1,2,2,2,0,0,1,1,1,1,1,0,0,0,0,0,0,1,2,2,1,2,2,2,2,2,1,2,2,2,2,1,1,2,1,2,1,1,9,1,1,1,1,0,0,0,0,0,0,0,0,0,1,2,0,2,1,0,0,0,0,0,0,1,1,3,2,1,1,9,9,2,9,9,9,0,0,1.0,1,1,1,2,1,1,1,1,9,0,1,1,2,1,1,2,2,1,1,1,1
1673628,UTTARAKHAND,CHAMOLI,GAIRSAIN,1,,,Bheriyana Laga Lakheri,Bhatiyana,Gairsain,1,3,1,5,1,246428,2,2,3,0,2,4,19,0,0,0,0,2,2,1,223,1,0,0,0,0,3,1,9,9,2004,1,2,9,2,1,5,4,1,3,1,1,5,3,1,0,0,3,1,0,0,1,1,0,0,0,0,2,0,1,2,2,1,2,2,2,2,2,1,2,2,2,2,1,1,2,1,1,1,1,9,1,1,1,1,0,0,0,0,0,0,0,0,0,2,9,0,2,1,0,0,0,0,0,1,1,2,3,2,2,1,9,9,2,9,9,9,0,0,1.0,1,1,1,2,1,1,2,1,9,0,1,1,1,1,1,2,2,1,1,1,1
3353046,UTTARAKHAND,CHAMOLI,DEWAL,1,,,Nand Keshari,Kothi,Dewal,1,3,1,5,1,246427,2,2,3,0,2,4,19,14,0,0,0,1,2,2,225,1,1,0,0,0,0,0,9,9,1929,1,2,9,2,1,2,0,1,3,1,1,1,2,1,2,0,0,1,0,0,1,1,0,0,1,1,0,1,1,2,2,1,2,2,2,2,2,1,2,2,2,1,1,1,2,1,2,1,1,9,1,1,2,1,0,0,0,0,0,0,0,0,0,2,9,0,1,0,0,0,0,0,0,0,1,2,3,2,2,1,9,9,2,9,9,9,2,2,1.0,1,1,1,2,1,1,1,1,9,0,1,1,3,1,1,2,2,1,1,1,1
8706216,UTTARAKHAND,CHAMOLI,DASHOLI,1,,,Kilondi,Kilondi,Dasholi,1,3,1,5,1,246424,2,2,3,0,2,4,14,19,0,0,0,1,2,2,224,1,0,0,0,0,0,0,9,9,1991,1,2,9,2,2,0,0,1,3,1,0,2,2,2,0,2,0,1,1,1,1,1,0,0,0,0,1,1,1,2,2,1,2,2,2,2,2,1,2,2,2,2,1,1,2,1,1,1,1,9,1,1,1,2,0,0,0,0,0,0,0,0,0,2,9,0,2,1,0,0,0,0,0,0,1,2,3,2,2,1,9,9,1,9,9,9,15,15,1.0,1,1,1,2,1,1,1,1,9,0,1,1,5,1,1,2,2,1,1,1,1
7878276,UTTARAKHAND,CHAMOLI,THARALI,1,,,Kimani,Kimani,Tharali,1,3,1,5,1,246481,2,2,3,0,2,4,0,0,0,0,0,2,2,1,225,1,0,0,0,0,0,0,9,9,1991,1,2,9,2,2,0,6,1,3,1,1,2,2,1,2,0,0,1,1,1,1,1,0,0,0,0,0,0,1,2,2,1,2,2,2,2,2,1,2,2,2,1,1,1,2,1,1,1,1,9,1,1,2,1,0,0,0,0,0,0,0,0,0,2,9,0,0,1,0,0,0,0,0,0,1,2,3,2,2,1,9,9,2,9,9,9,0,0,1.0,1,2,1,2,1,1,1,1,9,0,1,1,2,1,1,2,2,1,1,1,1
2818308,UTTARAKHAND,CHAMOLI,POKHARI,1,,,Kalsir,Kalsir,Pokhari,1,3,1,5,1,246473,2,2,3,0,2,4,19,14,0,0,0,1,2,2,230,1,0,0,0,0,0,0,9,9,1952,1,2,9,2,2,0,0,1,3,1,1,2,2,1,2,0,0,1,1,1,1,1,0,0,0,0,0,0,1,2,2,1,2,2,2,2,2,1,2,2,2,1,1,1,2,1,1,1,1,9,1,1,1,1,0,0,0,0,0,0,0,0,0,2,9,0,2,1,0,0,0,0,0,0,1,2,3,2,1,1,9,9,2,9,9,9,0,0,1.0,1,1,1,2,1,1,1,1,9,0,1,1,1,1,1,2,2,2,1,1,1
8394767,UTTARAKHAND,CHAMOLI,POKHARI,1,,,Thalabair,Thala Beind,Pokhari,1,3,1,5,1,246473,2,2,3,0,2,4,19,14,0,0,0,2,2,1,230,1,0,0,0,0,0,1,9,9,1962,1,2,9,2,2,0,0,1,3,1,1,2,2,1,2,0,0,1,1,1,1,1,1,1,0,0,0,0,1,2,2,1,2,2,2,2,2,1,2,2,2,1,1,1,2,1,1,1,1,9,1,1,1,1,0,0,0,0,0,0,0,0,0,2,9,0,1,1,0,0,0,0,0,0,1,2,3,2,1,1,9,9,2,9,9,9,0,0,1.0,1,1,1,2,1,1,1,1,9,0,1,1,3,1,1,2,2,2,1,1,1
2900490,UTTARAKHAND,CHAMOLI,KARANPRAYAG,1,,,Bansoli Walli,Banasoli,Karnaprayag,1,3,1,5,1,246488,2,2,3,0,2,4,0,0,0,0,0,1,2,1,230,1,0,0,0,0,0,0,9,9,1948,1,2,9,2,2,0,3,1,3,1,1,1,2,1,2,0,0,1,1,1,1,1,0,0,0,0,0,0,1,2,2,1,2,2,2,2,2,1,2,2,2,1,1,1,2,1,1,1,1,9,1,1,1,1,0,0,0,0,0,0,0,0,0,2,9,0,2,0,0,0,0,0,0,0,1,2,3,2,1,1,9,9,2,9,9,9,8,8,1.0,1,1,1,2,1,1,1,1,9,0,1,1,2,1,1,2,2,1,1,1,1
1917101,UTTARAKHAND,CHAMOLI,DEWAL,1,,,Odar,Odar,Dewal,1,3,1,5,1,246427,2,2,3,0,2,4,19,14,0,0,0,1,2,1,224,1,0,0,0,1,1,1,9,9,2003,1,2,9,2,2,0,1,1,3,1,1,5,1,0,0,1,0,2,0,0,1,1,0,0,0,0,0,0,1,2,2,1,2,2,2,2,2,1,2,2,2,2,1,1,2,1,2,1,1,9,1,1,1,1,0,0,0,0,0,0,0,0,0,2,9,0,1,0,0,0,0,0,0,0,1,2,3,2,2,1,9,9,2,9,9,9,0,0,1.0,1,1,1,2,1,1,1,1,9,0,1,1,2,1,1,2,2,1,1,1,2
8482618,UTTARAKHAND,CHAMOLI,DASHOLI,1,,,Bairagana,Bairagana,Dasholi,1,3,1,5,1,246401,2,2,3,0,2,4,19,0,0,0,0,1,2,1,230,1,1,2,0,0,0,0,9,9,1963,1,2,9,2,2,0,0,1,3,1,1,2,2,2,2,0,0,1,1,1,1,1,1,1,0,0,0,0,1,2,2,1,2,2,2,2,2,1,2,2,2,1,1,1,2,1,2,1,1,9,1,1,1,1,0,0,0,0,0,0,0,0,0,2,9,0,2,1,0,0,0,0,1,0,1,2,3,2,1,1,9,9,2,9,9,9,0,0,2.0,1,1,2,2,1,1,1,1,9,0,1,1,2,1,1,2,2,1,1,1,1
1296093,UTTARAKHAND,CHAMOLI,GAIRSAIN,1,,,Gaul,Gol,Gairsain,1,3,1,5,1,246428,2,2,3,0,2,4,19,0,0,0,0,2,2,1,225,1,0,0,0,0,1,0,9,9,1953,1,2,9,2,2,0,12,1,3,1,1,5,4,3,2,2,0,1,1,1,1,1,1,1,1,1,1,0,1,2,2,1,1,2,2,2,2,1,1,2,2,2,1,1,2,1,1,1,1,9,1,1,1,1,0,0,0,0,0,0,0,0,0,2,9,0,2,1,0,0,0,0,0,0,1,2,3,2,1,1,9,9,2,9,9,9,0,0,1.0,1,1,1,2,1,1,2,1,9,0,1,2,6,1,1,2,2,1,1,1,1
2981421,UTTARAKHAND,CHAMOLI,NARAYANBAGAR,1,,,Sainj,Jakh Patyun,Narayanbagar,4,3,6,8,1,246453,2,2,3,0,2,4,0,0,0,0,0,1,9,9,226,1,0,0,0,0,0,0,9,9,1991,1,2,2,2,2,0,5,1,3,1,1,5,3,2,3,0,0,1,1,1,1,1,0,0,1,1,0,0,1,2,2,1,2,2,2,2,2,1,2,2,2,2,1,1,2,1,1,1,1,9,1,1,1,1,0,0,0,0,0,0,0,0,0,2,9,0,0,2,0,0,0,0,0,1,1,2,3,2,1,1,9,9,9,9,9,9,18,0,1.0,1,1,1,2,1,1,1,1,1,0,1,1,2,1,1,2,2,1,1,1,2
2922615,UTTARAKHAND,CHAMOLI,KARANPRAYAG,1,,,Bangaon Talla,Banagoan,Karnaprayag,4,3,6,8,1,246474,2,2,3,0,2,4,0,0,0,0,0,2,9,9,234,1,0,0,0,0,0,0,9,9,1997,1,2,2,2,1,0,0,1,3,1,1,1,3,1,3,0,0,1,1,1,1,1,1,1,0,0,0,0,1,2,2,1,2,2,2,2,2,1,2,2,2,3,1,1,2,1,1,1,1,9,1,2,9,1,0,0,0,0,0,0,0,0,0,2,9,0,0,2,0,2,0,0,0,1,1,2,3,2,1,1,9,9,9,9,9,9,0,0,1.0,1,1,1,2,1,1,1,1,2,0,1,1,1,1,1,2,2,1,1,1,1
6544858,UTTARAKHAND,CHAMOLI,POKHARI,1,,,Ali,Aali,Pokhari,5,3,6,12,1,246446,2,2,3,0,2,4,0,0,0,2,2,1,9,9,228,1,0,0,0,0,0,0,9,9,1973,1,2,2,2,1,3,10,1,3,1,1,3,7,2,7,0,0,1,1,1,1,1,1,1,1,1,0,0,1,2,2,1,2,2,2,2,2,1,2,2,2,2,1,1,2,1,1,2,1,9,1,1,1,2,3,3,3,2,3,3,3,3,4,1,1,0,0,5,0,2,0,0,1,2,1,2,3,2,1,1,2,2,9,9,2,2,0,0,1.0,1,1,1,2,1,1,1,1,1,36,1,1,4,1,1,2,2,1,1,1,1
4274921,UTTARAKHAND,CHAMOLI,KARANPRAYAG,1,,,Thirpak,Thirpak,Karnaprayag,5,3,6,12,1,246449,2,2,3,0,2,4,19,14,0,2,2,1,9,9,233,1,0,0,0,0,0,0,9,9,2000,1,2,2,2,1,1,180,1,3,11,7,1,11,11,9,0,2,1,4,4,4,4,0,0,0,0,3,3,1,2,2,1,2,2,2,2,2,1,2,2,2,2,1,1,2,1,1,1,1,9,1,1,1,1,2,2,2,4,4,4,4,4,4,2,9,1,1,8,0,1,1,1,1,2,1,2,3,2,1,1,2,2,9,9,2,2,78,78,1.0,1,1,1,1,1,1,1,1,1,180,1,1,2,1,1,2,2,1,1,1,1
8178507,UTTARAKHAND,CHAMOLI,GAIRSAIN,1,,,Muson,Moonson,Gairsain,4,3,6,8,1,246428,2,2,3,0,2,4,0,0,0,0,0,1,9,9,234,1,0,0,0,0,0,0,9,9,2012,1,2,2,2,2,0,0,1,3,1,1,2,3,2,0,3,0,1,1,1,1,1,0,0,0,0,0,0,1,2,2,1,2,2,2,2,2,1,2,2,2,2,1,2,1,1,1,1,1,9,1,2,9,1,0,0,0,0,0,0,0,0,0,1,2,0,0,0,150,0,0,0,0,0,1,1,3,2,1,1,9,9,9,9,9,9,3,0,1.0,1,1,2,2,2,1,1,1,1,6,1,1,3,1,1,2,2,1,1,1,1
9516926,UTTARAKHAND,CHAMOLI,DASHOLI,2,PIPALKOTI-Town Panchayat,Peepalkoti (NP)- Naurakh Peepalkoti Ward No.1,,,,2,3,1,8,5,246472,2,2,3,0,2,4,19,14,0,0,0,1,1,9,218,1,9,16,0,1,0,0,9,9,2005,9,2,2,2,9,0,0,9,1,1,1,1,11,13,11,0,0,1,1,1,1,1,0,0,0,0,0,0,1,2,2,1,2,2,2,2,2,1,2,2,2,2,1,1,2,1,2,1,1,9,1,2,9,1,0,0,0,0,0,0,0,0,0,1,9,0,0,3,0,0,0,0,0,1,1,2,3,1,2,2,9,9,2,9,9,9,0,0,,1,1,1,2,1,1,1,1,2,0,1,1,1,1,1,2,2,1,1,1,1
8187970,UTTARAKHAND,CHAMOLI,GAIRSAIN,1,,,Panchali,Panchali,Gairsain,1,3,1,5,5,246428,2,2,3,0,2,4,19,0,0,0,0,1,2,9,0,1,5,2,0,0,0,0,9,9,2009,9,2,9,2,9,0,0,9,1,1,1,1,5,5,5,0,0,1,1,1,1,1,0,0,0,0,1,1,1,2,2,1,2,2,2,2,2,1,2,2,2,2,1,1,2,1,1,1,1,9,1,1,1,1,0,0,0,0,0,0,0,0,0,1,9,0,0,2,0,1,0,0,0,0,1,2,3,2,1,1,9,9,2,9,9,9,0,0,,1,1,2,1,1,1,2,1,9,0,1,1,2,1,1,1,1,1,1,1,1
4376869,UTTARAKHAND,CHAMOLI,DASHOLI,2,Chamoli Gopeshwar-Municipality,Chamoli Gopeshwar (MB) -Basant Bihaar Ward No.6,,,,3,3,1,12,5,246401,2,2,3,0,2,19,4,14,0,1,1,1,1,9,220,1,6,8,1,0,0,0,9,9,1986,9,2,2,2,9,0,0,9,1,2,2,1,17,17,17,0,0,1,4,4,4,4,0,0,0,0,0,0,1,2,2,1,2,2,2,2,2,1,2,2,2,2,1,1,2,1,1,1,1,9,1,2,9,1,1,1,1,1,4,4,4,4,1,1,9,0,0,15,0,1,1,0,1,2,1,2,3,2,1,2,2,2,2,9,2,2,0,0,,1,1,1,1,1,1,1,1,2,0,1,1,1,1,1,1,1,1,1,1,1
3959767,UTTARAKHAND,CHAMOLI,THARALI,1,,,Hari Nagar Urf Laital,Harinagar ( Letal ),Tharali,1,3,1,5,1,246481,2,2,3,0,2,4,19,14,0,0,0,2,2,2,225,1,0,0,0,0,0,0,9,9,2007,1,2,9,2,2,0,7,1,3,1,1,2,2,1,1,0,1,1,1,1,1,1,0,0,0,0,1,1,1,2,2,1,2,2,2,2,2,1,2,2,2,1,1,1,3,1,1,1,1,9,1,1,2,1,0,0,0,0,0,0,0,0,0,2,9,0,2,1,0,0,0,0,0,0,1,1,3,2,1,1,9,9,2,9,9,9,0,0,1.0,1,1,1,2,1,1,1,1,9,0,1,1,1,1,1,2,2,1,1,1,1
3895183,UTTARAKHAND,CHAMOLI,GAIRSAIN,1,,,Melbagar,Ghandiyal,Gairsain,10,3,9,12,4,246428,2,2,3,0,2,4,0,0,0,2,2,2,9,9,220,1,0,0,0,0,0,0,9,9,2002,1,2,9,2,1,6,0,1,1,1,1,1,11,7,11,0,0,1,4,4,4,4,0,0,0,0,2,2,1,2,2,1,2,2,2,2,2,1,2,2,2,2,1,1,1,1,1,1,1,9,1,1,1,1,2,2,2,4,4,2,2,4,4,2,9,3,0,2,0,0,1,0,1,2,1,1,3,2,1,1,2,2,9,9,2,2,143,102,1.0,1,1,2,1,1,1,1,1,1,30,1,1,2,1,1,2,3,1,1,1,1
6016995,UTTARAKHAND,CHAMOLI,DASHOLI,1,,,Sartoli,Sartoli,Dasholi,1,3,1,5,1,246449,2,2,3,0,2,4,19,14,0,0,0,1,2,1,225,1,2,1,0,0,0,0,9,9,1958,1,2,9,2,1,4,12,1,3,2,2,1,3,2,2,0,1,1,2,2,1,1,1,1,0,0,0,0,1,2,2,1,2,2,2,2,2,1,2,2,2,2,1,1,2,1,1,1,1,9,1,1,1,1,0,0,0,0,0,0,0,0,0,2,9,0,2,3,0,0,0,0,0,1,1,2,3,2,1,1,9,9,2,9,9,9,0,0,1.0,1,2,2,2,1,1,1,1,9,0,1,1,1,1,1,2,2,2,1,1,1
6726226,UTTARAKHAND,CHAMOLI,KARANPRAYAG,1,,,Ghatuda,Ghatora,Karnaprayag,1,3,1,5,1,246444,2,2,3,0,2,4,19,14,0,0,0,2,2,2,227,1,0,0,0,0,0,0,9,9,1979,1,2,9,2,1,0,1,1,3,1,1,1,2,1,1,1,0,1,1,1,1,1,0,0,0,0,0,0,1,2,2,1,2,2,2,2,2,1,2,2,2,2,1,1,2,1,1,1,1,9,1,1,1,1,0,0,0,0,0,0,0,0,0,2,9,0,1,1,0,0,0,1,0,0,1,2,3,2,2,1,9,9,2,9,9,9,0,0,1.0,1,1,1,2,1,1,1,1,9,0,1,1,3,1,1,2,2,1,1,1,1
8006033,UTTARAKHAND,CHAMOLI,NANDANAGAR,1,,,Ghuni,Ghuni,Ghat,1,3,1,5,1,246435,2,2,3,0,2,4,19,0,0,0,0,2,2,2,226,1,0,0,0,0,1,1,9,9,2009,1,2,9,2,2,0,0,1,3,1,1,1,2,1,2,0,0,1,1,1,1,1,0,0,0,0,0,0,1,2,2,1,2,2,2,2,2,1,2,2,2,2,1,1,2,1,1,1,1,9,1,1,2,1,0,0,0,0,0,0,0,0,0,2,9,0,2,1,0,0,0,0,0,0,1,2,3,2,2,1,9,9,2,9,9,9,0,0,1.0,1,2,2,2,1,1,1,1,9,0,1,1,1,1,1,2,2,2,1,1,1
4248227,UTTARAKHAND,CHAMOLI,DEWAL,1,,,Losari,Lousari,Dewal,7,3,6,10,1,246427,2,2,3,0,2,4,19,14,0,2,0,2,9,9,230,1,0,0,0,0,0,0,9,9,1975,2,2,2,2,1,5,26,1,3,2,2,5,7,7,4,2,1,1,2,2,1,1,0,0,0,0,1,1,1,2,2,1,2,2,2,2,2,1,2,2,2,2,1,1,2,1,1,1,1,9,1,1,1,1,0,0,0,0,0,0,0,0,0,2,9,0,0,5,0,0,0,1,0,2,1,2,3,2,1,1,2,2,9,9,2,9,84,0,1.0,1,1,1,2,1,1,1,1,1,20,1,1,1,1,1,2,2,1,1,1,1
5216242,UTTARAKHAND,CHAMOLI,GAIRSAIN,1,,,Mathakot,Mathkot,Gairsain,4,3,6,8,1,246428,2,2,3,0,2,4,19,14,0,0,0,1,9,9,0,1,0,0,0,0,0,0,9,9,2009,1,2,2,2,2,0,0,1,3,1,1,5,3,2,3,0,0,1,1,1,2,2,0,0,0,0,1,0,1,2,2,1,2,2,2,2,2,1,2,2,2,1,1,1,1,1,1,1,1,9,1,1,1,1,0,0,0,0,0,0,0,0,0,2,9,0,0,6,0,0,0,0,0,0,1,2,3,2,1,1,9,9,9,9,9,9,0,0,2.0,1,1,1,2,1,1,1,1,1,23,1,1,2,1,1,2,2,1,1,1,1
3048866,UTTARAKHAND,CHAMOLI,THARALI,1,,,Sahu Gaon Laga Junidhar,Gothinda,Tharali,4,3,6,8,1,246481,2,2,3,0,2,4,19,0,0,0,0,2,9,9,221,1,0,0,0,0,0,0,9,9,2005,1,2,2,2,2,0,4,1,3,1,1,1,3,1,3,0,0,1,1,1,1,1,0,0,0,0,0,0,1,2,2,1,2,2,2,2,2,1,2,2,2,2,1,1,2,1,1,1,1,9,1,1,1,1,0,0,0,0,0,0,0,0,0,2,9,0,0,1,0,0,0,0,0,0,1,1,3,2,1,1,9,9,9,9,9,9,0,0,1.0,1,1,1,2,1,1,1,1,2,0,1,1,3,1,2,2,2,1,1,1,1
5437720,UTTARAKHAND,CHAMOLI,NANDANAGAR,1,,,Seek Chak Geri,Geri,Ghat,1,3,1,5,1,246435,2,2,3,0,2,4,19,14,0,0,0,2,2,2,230,1,0,0,0,0,0,0,9,9,1999,1,2,9,2,1,0,0,1,3,1,0,2,2,1,0,0,2,1,1,0,1,1,0,0,0,0,0,0,1,2,2,1,2,2,2,2,2,1,2,2,2,2,1,1,2,1,1,1,1,9,1,1,1,2,0,0,0,0,0,0,0,0,0,2,9,0,2,2,0,0,0,0,0,0,1,2,3,2,2,1,9,9,2,9,9,9,1,0,1.0,1,1,1,2,1,1,1,1,9,0,1,1,1,1,1,2,2,2,1,1,1
5261615,UTTARAKHAND,CHAMOLI,KARANPRAYAG,1,,,Aind,End,Karnaprayag,4,3,6,8,1,246444,2,2,3,0,2,4,0,0,0,0,0,1,9,9,230,1,0,0,0,0,0,0,9,9,2006,1,2,2,2,2,0,3,1,3,1,1,1,3,2,3,0,0,1,1,1,1,1,0,0,0,0,0,0,1,2,2,1,2,2,2,2,2,1,2,2,2,2,1,1,2,1,1,1,1,9,1,1,1,1,0,0,0,0,0,0,0,0,0,2,9,0,0,0,0,0,0,0,0,0,1,2,3,2,1,1,9,9,9,9,9,9,7,0,1.0,1,1,1,2,1,1,1,1,2,0,1,1,2,1,1,2,2,1,1,1,1
3001330,UTTARAKHAND,CHAMOLI,NANDANAGAR,1,,,Narangi,Narangi,Ghat,1,3,1,5,1,246435,2,2,3,0,2,4,19,0,0,0,0,2,2,2,224,1,0,0,0,0,0,0,9,9,1979,1,2,9,2,1,4,0,1,3,1,1,3,2,1,2,0,0,1,0,0,1,1,0,0,0,0,1,0,1,2,2,1,2,2,2,2,2,1,2,2,2,2,1,1,2,1,1,1,1,9,1,1,2,1,0,0,0,0,0,0,0,0,0,2,9,0,1,1,0,0,0,0,0,0,1,2,3,2,2,1,9,9,2,9,9,9,10,0,1.0,1,1,1,2,1,1,1,1,9,0,1,1,2,1,1,2,2,1,1,1,1
6344271,UTTARAKHAND,CHAMOLI,GAIRSAIN,1,,,Bisarakheta Palla,Mehal Chauri,Gairsain,1,3,1,5,1,246431,2,2,3,0,2,4,19,14,0,0,0,1,2,1,230,1,0,0,0,0,1,0,9,9,1998,1,2,9,2,2,0,4,1,3,1,1,1,2,1,0,1,1,1,1,1,1,1,1,1,0,0,0,0,1,2,2,1,2,2,2,2,2,1,2,2,2,1,1,1,2,1,1,1,1,9,1,1,1,1,0,0,0,0,0,0,0,0,0,2,9,0,2,1,0,0,0,0,0,0,1,2,3,2,1,1,9,9,2,9,9,9,13,0,1.0,1,1,1,2,1,1,2,1,9,0,1,1,3,1,1,2,2,1,1,1,1
6123823,UTTARAKHAND,CHAMOLI,DASHOLI,1,,,Ghorsal,Ghudshal,Dasholi,1,3,1,5,1,246424,2,2,3,0,2,4,19,14,0,0,0,1,2,2,225,1,0,0,0,0,0,0,9,9,1960,1,2,9,2,2,0,0,1,3,1,1,2,2,2,2,0,0,1,1,1,1,1,0,0,0,0,0,0,1,2,2,1,2,2,2,2,2,1,2,2,2,2,1,1,2,1,1,1,1,9,1,1,1,1,0,0,0,0,0,0,0,0,0,2,9,0,2,1,0,0,0,0,0,0,1,2,3,2,1,1,9,9,2,9,9,9,0,0,1.0,1,1,1,2,1,1,1,1,9,0,1,2,6,1,1,2,2,1,1,1,1
8793667,UTTARAKHAND,CHAMOLI,KARANPRAYAG,2,Gochar-Municipality,Gochar (NP) -Rawalnagar Talla Ward No.2,,,,1,3,1,5,1,246429,2,2,3,0,2,4,19,14,0,0,0,1,2,2,230,1,0,0,1,0,4,4,9,9,1964,1,2,9,2,1,0,155,1,3,4,4,2,4,1,2,1,1,1,2,1,2,1,0,0,0,0,0,0,1,2,2,1,2,2,2,2,2,1,2,2,2,2,1,1,2,1,1,1,1,9,1,1,1,1,0,0,0,0,0,0,0,0,0,2,9,1,3,4,0,0,0,0,1,2,1,2,3,2,1,1,9,9,2,9,9,9,74,74,1.0,1,1,1,2,1,1,1,1,9,0,1,1,2,1,1,2,2,1,1,1,1
9466793,UTTARAKHAND,CHAMOLI,Jyotirmath,2,Joshimath-Municipality,Joshimath (MB) - Uper Bazaar-Daando Ward No.6,,,,7,3,6,10,1,246443,2,2,2,2,2,19,4,14,0,2,0,1,9,9,224,1,0,0,0,0,0,0,9,9,2015,1,2,2,2,1,3,14,1,4,2,1,1,5,5,5,0,0,1,1,1,1,1,0,0,0,0,1,1,1,2,2,1,2,2,2,2,2,1,2,2,2,2,1,1,2,1,1,1,1,9,1,1,1,1,0,0,0,0,0,0,0,0,0,2,9,0,0,5,0,0,0,1,1,2,1,2,3,2,1,1,2,2,9,9,1,9,63,0,1.0,1,1,1,2,1,1,1,1,1,25,1,2,2,1,1,2,2,1,1,1,1
7881446,UTTARAKHAND,CHAMOLI,GAIRSAIN,1,,,Sarkot,Sarkot,Gairsain,1,3,1,5,1,246428,2,2,3,0,2,4,19,0,0,0,0,2,2,2,224,1,0,0,0,0,0,0,9,9,1955,2,2,9,2,1,9,15,1,3,1,1,5,4,1,2,2,0,2,2,2,2,2,1,1,0,0,3,2,1,2,2,1,2,2,2,2,2,1,2,2,2,2,1,1,2,1,2,1,1,9,1,2,9,1,0,0,0,0,0,0,0,0,0,2,9,0,2,1,0,0,0,0,0,0,1,2,3,2,1,1,9,9,2,9,9,9,0,0,1.0,1,1,2,2,1,1,2,1,9,0,1,2,1,1,1,2,2,1,1,1,1
6102244,UTTARAKHAND,CHAMOLI,DEWAL,1,,,Mundoli,Mundoli,Dewal,1,3,1,5,1,246427,2,2,3,0,2,4,0,0,0,0,0,2,2,2,228,1,0,0,0,0,0,0,9,9,1998,1,2,9,2,1,4,0,1,3,1,0,2,2,1,0,0,2,1,1,1,1,1,0,0,0,0,0,0,1,2,2,1,2,2,2,2,2,1,2,2,2,2,1,1,2,1,2,1,2,1,1,1,1,1,0,0,0,0,0,0,0,0,0,2,9,0,1,1,0,0,0,0,0,0,1,2,3,2,2,1,9,9,2,9,9,9,0,0,1.0,1,1,1,2,1,1,2,1,9,0,1,1,2,1,1,2,2,2,1,1,2
6637024,UTTARAKHAND,CHAMOLI,DASHOLI,2,Chamoli Gopeshwar-Municipality,Chamoli Gopeshwar (MB) -Paduli Papdiyana Ward No.9,,,,2,3,1,8,5,246401,2,2,3,0,2,4,19,0,0,0,0,1,1,9,220,1,4,4,0,0,0,0,9,9,1997,9,2,2,2,9,0,0,9,2,1,1,1,9,4,9,0,0,1,1,1,1,1,1,1,1,1,0,0,1,2,2,1,2,2,2,2,2,1,2,2,2,2,1,1,2,1,2,2,1,9,1,2,9,1,0,0,0,0,0,0,0,0,0,2,9,1,0,3,0,1,1,0,0,1,1,2,3,2,1,2,9,9,2,9,9,9,0,0,,1,1,2,1,1,1,1,1,2,0,1,1,1,1,1,2,2,1,1,1,1
2553058,UTTARAKHAND,CHAMOLI,GAIRSAIN,2,Gairsain-Town Panchayat,Gairsain (NP) -Gairsain Purvi Bhaag Ward No. 3,,,,1,3,1,5,5,246428,2,2,3,0,2,4,19,14,0,0,0,1,1,9,0,1,11,6,0,0,0,0,9,9,1989,9,2,9,2,9,0,0,9,1,1,1,3,6,6,6,0,0,1,2,2,3,3,1,1,1,1,3,3,1,2,2,1,2,2,2,2,2,1,2,2,2,1,1,1,2,1,1,1,1,9,1,1,1,1,0,0,0,0,0,0,0,0,0,1,9,0,0,1,0,0,0,0,1,0,1,2,3,2,1,1,9,9,2,9,9,9,0,0,,1,1,1,1,1,1,2,1,9,0,1,1,1,1,1,1,1,1,1,1,1
6824094,UTTARAKHAND,CHAMOLI,DASHOLI,2,Nandprayag-Town Panchayat,Nandprayag (NP) -Muniyaali Ward No.1,,,,5,3,6,12,1,246449,2,2,3,0,2,4,19,14,0,2,2,1,9,9,215,1,0,0,0,0,0,0,9,9,1943,1,1,2,2,1,8,245,1,3,5,5,5,14,14,14,0,0,1,6,6,1,1,0,0,0,0,0,0,1,2,2,1,2,2,2,2,2,1,2,2,2,2,1,1,1,1,2,1,1,9,1,1,1,1,2,2,2,3,3,3,3,3,3,1,2,0,0,18,0,0,0,1,0,3,1,2,3,2,1,1,2,2,9,9,2,2,313,313,1.0,1,1,1,1,1,1,1,1,1,137,1,1,1,1,1,2,2,1,1,1,1
6116666,UTTARAKHAND,CHAMOLI,Jyotirmath,2,Joshimath-Municipality,Joshimath (MB) - Singhdhaar Ward No.4,,,,3,3,1,12,5,246443,2,2,3,0,1,19,4,0,0,3,3,1,1,9,210,1,32,12,5,4,0,0,9,9,1978,9,2,2,2,9,0,0,9,1,2,2,1,21,11,21,0,0,1,10,10,10,10,1,1,1,1,6,6,1,2,2,1,2,2,2,2,2,1,2,2,2,2,1,1,2,1,1,1,1,9,1,1,1,1,1,1,1,4,4,4,4,4,1,1,9,2,0,41,0,34,1,2,1,5,1,2,3,1,2,1,1,1,2,9,2,2,0,0,,1,1,1,1,1,1,1,1,2,0,1,1,5,1,1,2,3,1,1,1,1
9938605,UTTARAKHAND,CHAMOLI,NANDANAGAR,1,,,Bairau,Bairon,Ghat,1,3,1,5,1,246449,2,2,3,0,2,4,19,14,0,0,0,2,2,1,224,1,0,0,0,0,2,1,9,9,1968,1,2,9,2,2,0,0,1,3,1,1,1,2,2,2,0,0,1,1,1,1,1,0,0,0,0,0,0,1,2,2,1,2,2,2,2,2,1,2,2,2,2,1,1,2,1,1,1,1,9,1,1,2,2,0,0,0,0,0,0,0,0,0,2,9,0,2,2,0,0,0,0,0,0,1,2,3,2,2,1,9,9,2,9,9,9,0,0,1.0,1,1,1,2,1,1,1,1,9,0,1,1,3,1,1,2,2,2,1,1,1
7795583,UTTARAKHAND,CHAMOLI,NANDANAGAR,1,,,Ghuni,Ghuni,Ghat,1,3,1,5,1,246435,2,2,3,0,2,4,19,14,0,0,0,2,2,1,224,1,0,0,0,0,0,2,9,9,1996,1,2,9,2,2,0,10,1,3,2,2,1,3,4,3,0,0,1,1,1,1,0,0,0,0,0,0,0,1,2,2,1,2,2,2,2,2,1,2,2,2,2,1,1,1,1,1,1,1,9,1,1,2,1,0,0,0,0,0,0,0,0,0,2,9,0,2,1,0,0,0,0,0,1,1,2,3,2,2,1,9,9,2,9,9,9,0,0,1.0,1,2,2,2,1,1,1,1,9,0,1,1,3,1,1,2,2,2,1,1,1
3956203,UTTARAKHAND,CHAMOLI,NANDANAGAR,1,,,Vaduk,Vaduk,Ghat,1,3,1,5,1,246435,2,2,3,0,2,4,19,14,0,0,0,2,2,2,226,1,0,0,0,0,0,1,9,9,1949,1,2,9,2,2,0,0,1,3,1,1,1,2,1,2,0,0,1,1,1,1,1,0,0,0,0,0,0,1,2,2,1,2,2,2,2,2,1,2,2,2,2,1,1,1,1,1,1,1,9,1,2,9,1,0,0,0,0,0,0,0,0,0,2,9,0,0,1,0,0,0,0,0,0,1,2,3,2,2,1,9,9,2,9,9,9,0,0,1.0,1,1,1,2,1,1,1,1,9,0,1,1,1,1,1,2,2,1,1,1,1
5868048,UTTARAKHAND,CHAMOLI,DEWAL,1,,,Kheta Manvati,Kheta Manmati,Dewal,1,3,1,5,1,246427,2,2,3,0,2,4,19,14,0,0,0,2,2,2,0,1,0,0,0,0,0,2,9,9,1980,1,2,9,2,1,0,0,1,3,1,1,2,2,1,2,0,0,1,1,1,1,1,0,0,0,0,0,0,1,2,2,1,2,2,2,2,2,1,2,2,2,1,1,1,2,1,1,2,1,9,1,1,1,1,0,0,0,0,0,0,0,0,0,2,9,0,1,1,0,0,0,0,0,0,2,2,3,2,1,1,9,9,2,9,9,9,0,0,2.0,1,1,2,2,1,2,2,1,9,0,1,2,6,1,1,2,2,2,1,1,2
3179881,UTTARAKHAND,CHAMOLI,DASHOLI,1,,,Gairgunth,Tangsa,Dasholi,1,3,1,5,1,246401,2,2,3,0,2,4,0,0,0,0,0,1,2,1,230,1,0,0,1,0,0,0,9,9,1995,1,2,9,2,2,0,0,1,3,1,0,1,2,2,0,2,0,1,1,1,1,1,0,0,0,0,0,0,1,2,2,1,2,2,2,2,2,1,2,2,2,1,1,1,2,1,1,2,1,9,1,1,1,2,0,0,0,0,0,0,0,0,0,2,9,0,2,1,0,0,0,0,0,0,1,2,3,2,2,1,9,9,2,9,9,9,0,0,2.0,1,1,1,2,1,1,1,1,9,0,1,1,2,1,1,2,2,1,1,1,1
6561953,UTTARAKHAND,CHAMOLI,POKHARI,1,,,Kujasu,Kujasu,Pokhari,7,3,6,10,1,246473,2,2,3,0,2,4,0,0,0,2,0,2,9,9,230,1,0,0,0,0,0,0,9,9,1991,1,2,2,1,1,3,22,1,3,3,3,7,5,2,2,3,0,1,1,1,1,1,0,0,0,0,0,0,1,2,2,1,2,2,2,2,2,1,2,2,2,2,1,1,2,1,1,1,2,1,1,2,9,1,0,0,0,0,0,0,0,0,0,1,1,0,0,3,0,0,0,2,0,1,1,1,3,2,1,1,2,2,9,9,2,9,39,39,1.0,1,1,1,2,1,1,1,1,1,18,1,1,2,1,1,2,2,1,1,1,1
7806829,UTTARAKHAND,CHAMOLI,THARALI,1,,,Kurad,Kurad,Tharali,1,3,1,5,1,246481,2,2,3,0,2,4,0,0,0,0,0,2,2,2,226,1,0,0,0,0,1,0,9,9,2007,2,2,9,2,2,0,4,1,3,1,1,1,2,1,2,0,0,1,1,1,1,1,0,0,0,0,1,0,1,2,2,1,2,2,2,2,2,1,2,2,2,1,1,1,2,1,1,1,1,9,1,1,1,1,0,0,0,0,0,0,0,0,0,2,9,0,2,2,0,0,0,0,0,1,1,1,3,2,1,1,9,9,2,9,9,9,0,0,1.0,1,2,1,2,1,1,1,1,9,0,1,1,4,1,1,2,2,2,1,1,1
1354151,UTTARAKHAND,CHAMOLI,KARANPRAYAG,1,,,Gainthi,Gainthi,Karnaprayag,1,3,1,5,1,246429,2,2,3,0,2,4,19,14,0,0,0,2,2,2,230,1,0,0,0,0,0,1,9,9,1948,1,2,9,2,2,0,4,1,3,1,1,1,2,1,0,0,2,1,1,0,1,1,0,0,0,0,0,0,1,2,2,1,2,2,2,2,2,1,2,2,2,2,1,1,2,1,1,1,1,9,1,1,1,1,0,0,0,0,0,0,0,0,0,2,9,0,2,1,0,0,0,0,0,0,1,2,2,2,2,1,9,9,2,9,9,9,11,0,1.0,1,1,1,2,1,1,1,1,9,0,1,1,2,1,1,2,2,1,1,1,1
3157773,UTTARAKHAND,CHAMOLI,KARANPRAYAG,1,,,Dimar,Dimmar,Karnaprayag,2,3,1,8,5,246474,2,2,3,0,2,4,0,0,0,0,0,1,1,9,0,1,7,5,0,1,0,0,9,9,1987,9,2,2,2,9,0,0,9,1,3,2,1,9,3,9,0,0,1,1,1,1,1,0,0,0,0,1,1,1,2,1,1,2,2,2,2,1,1,2,2,2,2,1,1,2,1,1,1,1,9,1,2,9,1,0,0,0,0,0,0,0,0,0,1,9,1,0,5,0,0,0,1,1,2,1,2,3,2,1,2,9,9,2,9,9,9,0,0,,1,1,1,1,1,1,1,1,2,0,1,2,6,1,1,2,2,2,1,1,1
1664430,UTTARAKHAND,CHAMOLI,DASHOLI,2,Chamoli Gopeshwar-Municipality,Chamoli Gopeshwar (MB) -Sagar Gangol Gaon Ward No.1,,,,2,3,1,8,5,246401,2,2,3,0,2,19,0,0,0,0,0,1,1,9,200,1,13,4,4,1,0,0,9,9,2024,9,2,2,2,9,0,0,9,2,1,1,1,10,2,10,0,0,1,1,1,1,1,0,0,0,0,0,0,1,2,2,1,2,2,2,2,2,1,2,2,2,2,1,1,2,1,2,2,1,9,1,2,9,1,0,0,0,0,0,0,0,0,0,2,9,0,0,1,0,0,0,0,0,0,1,2,3,2,1,2,9,9,2,9,9,9,0,0,,1,1,1,1,1,1,1,1,2,0,1,1,6,1,1,1,1,2,1,1,1
6704392,UTTARAKHAND,CHAMOLI,NARAYANBAGAR,1,,,Chaliya Pani,Chaliyapani,Narayanbagar,4,3,6,8,1,246455,2,2,3,0,2,4,19,0,0,0,0,2,9,9,226,1,0,0,0,0,0,0,9,9,1990,1,2,2,2,1,4,0,1,3,1,1,7,3,2,3,0,0,1,1,1,1,1,0,0,0,0,0,0,1,2,2,1,1,2,2,2,2,1,1,2,2,2,1,1,2,1,1,1,1,9,1,1,1,1,0,0,0,0,0,0,0,0,0,2,9,0,0,2,0,0,0,0,0,1,1,2,3,2,1,1,9,9,9,9,9,9,7,7,1.0,1,1,1,2,1,1,1,1,2,0,1,1,6,1,1,2,2,1,1,1,2
4710764,UTTARAKHAND,CHAMOLI,GAIRSAIN,1,,,Rohira,Rohida,Gairsain,4,3,6,8,4,246428,2,2,3,0,2,4,19,14,0,0,0,1,9,9,236,1,0,0,0,0,0,0,9,9,2006,1,2,2,2,2,0,0,1,1,3,3,1,3,8,3,0,0,1,3,3,2,2,0,0,0,0,0,0,1,2,2,1,2,2,2,2,2,1,2,2,2,1,1,1,1,1,1,1,1,9,1,1,1,1,0,0,0,0,0,0,0,0,0,1,2,0,0,2,0,0,0,0,0,1,1,1,1,1,1,1,9,9,9,9,9,9,3,6,2.0,1,1,2,1,1,1,1,1,1,30,1,1,2,1,1,2,2,1,1,1,1
5586389,UTTARAKHAND,CHAMOLI,NARAYANBAGAR,1,,,Nam Tol,Namtol,Narayanbagar,4,3,6,8,1,246481,2,2,3,0,2,4,0,0,0,0,0,2,9,9,225,1,0,0,0,0,0,0,9,9,2010,1,2,2,2,2,0,3,1,3,1,1,2,3,2,0,0,3,1,1,1,1,1,0,0,0,0,0,0,1,2,2,1,2,2,2,2,2,1,2,2,2,2,1,1,2,1,1,1,1,9,1,1,2,2,0,0,0,0,0,0,0,0,0,1,2,0,0,1,0,0,0,0,0,0,1,2,3,2,1,1,9,9,9,9,9,9,11,11,1.0,1,1,1,2,1,1,1,1,2,0,1,1,6,1,1,2,2,1,1,1,2
2177407,UTTARAKHAND,CHAMOLI,THARALI,1,,,Suna,Soona,Tharali,4,3,6,8,1,246481,2,2,3,0,2,4,19,14,0,0,0,1,9,9,237,1,0,0,0,0,0,0,9,9,2006,1,2,2,2,1,5,0,1,3,1,1,2,3,2,3,0,0,1,1,1,1,1,0,0,0,0,0,0,1,2,2,1,2,2,2,2,2,1,2,2,2,2,1,1,2,1,1,1,1,9,1,1,1,1,0,0,0,0,0,0,0,0,0,2,9,0,0,1,0,0,0,0,0,0,1,2,3,2,1,1,9,9,9,9,9,9,5,5,1.0,1,1,1,2,1,1,1,1,2,0,1,1,2,1,1,2,2,1,1,1,1
3527434,UTTARAKHAND,CHAMOLI,GAIRSAIN,1,,,Gogana Talla,Gogna Malla,Gairsain,7,3,6,10,1,246486,2,2,3,0,2,4,19,0,0,2,0,2,9,9,234,1,0,0,0,0,0,0,9,9,1988,1,2,2,2,1,10,90,1,3,3,3,7,6,3,3,3,0,1,2,2,3,3,0,0,0,0,2,1,1,2,2,1,2,2,2,2,2,1,2,2,2,2,1,1,2,1,1,1,1,9,1,1,1,2,0,0,0,0,0,0,0,0,0,2,9,0,0,6,0,0,0,2,0,1,1,2,3,2,1,1,2,2,9,9,2,9,515,515,1.0,1,1,2,2,1,1,2,1,1,56,1,1,2,1,1,2,2,1,1,1,1
3668612,UTTARAKHAND,CHAMOLI,GAIRSAIN,1,,,Kansuwa,Kansuwa,Gairsain,5,3,6,12,1,246440,2,2,3,0,2,4,0,0,0,2,2,2,9,9,180,1,0,0,0,0,0,0,9,9,1975,1,2,2,2,1,2,0,1,3,2,2,1,9,8,9,0,0,1,4,4,4,4,0,0,0,0,0,0,1,2,2,1,2,2,2,2,2,1,2,2,2,2,1,1,2,1,1,1,1,9,1,1,1,2,2,2,2,2,4,4,4,4,4,2,9,0,0,8,0,0,0,1,1,3,1,2,3,2,1,1,2,2,9,9,2,2,0,0,1.0,1,2,2,2,1,1,2,1,1,30,1,1,6,1,1,2,3,1,1,2,1
9841424,UTTARAKHAND,CHAMOLI,GAIRSAIN,1,,,Farakande Talli,Farkande,Gairsain,1,3,1,5,1,246428,2,2,3,0,2,4,19,0,0,0,0,2,2,1,225,1,0,0,0,0,4,5,9,9,1936,1,2,9,2,1,1,10,1,3,4,3,2,5,1,1,0,4,1,1,1,1,1,0,0,0,0,1,0,1,2,2,1,2,2,2,2,2,1,2,2,2,1,1,1,2,1,1,1,1,9,1,1,1,1,0,0,0,0,0,0,0,0,0,2,9,0,2,2,0,0,0,0,0,1,1,2,3,2,1,1,9,9,2,9,9,9,63,63,1.0,1,1,1,2,1,1,1,1,9,0,1,1,4,1,1,2,2,1,1,1,1
7368502,UTTARAKHAND,CHAMOLI,NARAYANBAGAR,1,,,Kafoli Malli,Kafoli,Narayanbagar,1,3,1,5,1,246453,2,2,3,0,2,4,19,14,0,0,0,2,2,1,226,1,0,0,0,0,0,0,9,9,1964,1,2,9,2,2,0,4,1,3,1,1,2,2,1,0,1,1,1,1,1,1,1,0,0,1,1,0,0,1,2,2,1,2,2,2,2,2,1,2,2,2,2,1,1,2,1,1,1,1,9,1,1,1,1,0,0,0,0,0,0,0,0,0,2,9,0,1,1,0,0,0,0,0,0,1,1,3,2,2,1,9,9,2,9,9,9,14,0,1.0,1,1,1,2,1,1,1,1,9,0,1,1,3,1,1,2,2,1,1,1,2
4072337,UTTARAKHAND,CHAMOLI,GAIRSAIN,1,,,Chorda,Chorda,Gairsain,1,3,1,5,1,246440,2,2,3,0,2,4,14,19,0,0,0,1,2,2,224,1,0,0,0,0,2,1,9,9,1965,1,2,9,2,1,7,5,1,3,1,1,2,3,3,2,1,0,1,0,0,1,1,0,0,0,0,0,0,1,2,2,1,2,2,2,2,2,1,2,2,2,1,1,1,2,1,1,1,1,9,1,1,1,1,0,0,0,0,0,0,0,0,0,1,2,0,1,2,0,0,0,0,0,0,1,2,3,2,1,1,9,9,2,9,9,9,0,0,1.0,1,1,2,2,1,1,1,1,9,0,1,1,1,1,1,2,2,1,1,2,1
2510109,UTTARAKHAND,CHAMOLI,GAIRSAIN,1,,,Jakhet,Jakhet,Gairsain,1,3,1,5,1,246487,2,2,3,0,2,4,0,0,0,0,0,1,2,2,210,1,0,0,0,0,2,1,9,9,1999,1,2,9,2,2,0,2,1,3,1,1,1,2,1,0,2,0,1,1,0,1,1,0,0,0,0,0,0,1,2,2,1,2,2,2,2,2,1,2,2,2,2,1,1,2,1,2,1,1,9,1,1,1,1,0,0,0,0,0,0,0,0,0,2,9,0,2,1,0,0,0,0,0,0,1,2,3,2,1,1,9,9,2,9,9,9,0,0,1.0,1,1,1,2,1,1,1,1,9,0,1,1,1,1,1,2,2,1,1,1,1
6586562,UTTARAKHAND,CHAMOLI,THARALI,1,,,Kera,Main,Tharali,1,3,1,5,1,246481,2,2,3,0,2,4,0,0,0,0,0,2,2,1,224,1,0,0,0,0,1,0,9,9,1993,1,2,9,2,2,0,5,1,3,1,1,1,2,1,0,2,0,1,1,1,1,1,0,0,0,0,0,0,1,2,2,1,2,2,2,2,2,1,2,2,2,1,1,1,2,1,1,1,1,9,1,1,1,1,0,0,0,0,0,0,0,0,0,2,9,0,1,1,0,0,0,0,0,0,1,2,3,2,1,1,9,9,2,9,9,9,0,0,1.0,1,2,1,2,1,1,1,1,9,0,1,1,6,1,1,2,2,1,1,1,1
7270669,UTTARAKHAND,CHAMOLI,DASHOLI,1,,,Rauligwar,Roli,Dasholi,1,3,1,5,1,246401,2,2,3,0,2,4,0,0,0,0,0,1,2,1,224,1,0,0,0,0,1,0,9,9,1991,1,2,9,2,2,0,4,1,3,1,1,5,2,1,0,2,0,1,1,1,1,1,0,0,0,0,0,1,1,2,2,1,2,2,2,2,2,2,2,2,2,2,1,1,2,1,1,1,1,9,1,1,1,1,0,0,0,0,0,0,0,0,0,2,9,0,2,1,0,0,0,0,0,0,1,2,3,2,1,1,9,9,2,9,9,9,0,0,1.0,1,1,1,2,1,1,1,1,9,0,1,1,2,1,1,2,2,1,1,1,1
1201146,UTTARAKHAND,CHAMOLI,DEWAL,1,,,Kheta Manvati,Kheta Manmati,Dewal,1,3,1,5,1,246427,2,2,3,0,2,4,19,14,0,0,0,1,2,2,0,1,0,0,0,0,0,2,9,9,2004,1,2,9,2,2,0,0,1,3,1,1,2,2,1,0,1,1,2,0,0,1,1,0,0,0,0,0,1,1,2,2,1,2,2,2,2,2,1,2,2,2,2,1,1,1,1,1,2,1,9,1,1,2,2,0,0,0,0,0,0,0,0,0,2,9,0,1,1,0,0,0,0,0,0,1,2,2,2,2,1,9,9,2,9,9,9,2,2,1.0,1,1,2,2,1,1,1,2,9,0,1,2,4,1,1,2,2,1,1,1,2
7210665,UTTARAKHAND,CHAMOLI,POKHARI,1,,,Sugi,Sugi,Pokhari,1,3,1,5,1,246429,2,2,3,0,2,4,19,14,0,0,0,1,2,2,224,1,0,0,0,0,1,2,9,9,1977,1,2,9,2,2,0,1,1,3,1,1,2,3,1,3,0,0,1,1,1,1,1,0,0,0,0,0,0,2,2,2,1,2,2,2,2,2,1,2,2,2,2,1,1,2,1,1,1,1,9,1,1,1,1,0,0,0,0,0,0,0,0,0,2,9,0,2,1,0,0,0,0,0,0,1,2,3,1,2,1,9,9,2,9,9,9,7,3,1.0,1,1,1,2,1,1,1,1,9,0,1,1,2,1,1,2,2,2,1,1,1
4323376,UTTARAKHAND,CHAMOLI,DASHOLI,2,PIPALKOTI-Town Panchayat,Peepalkoti (NP)- Naurakh Peepalkoti Ward No.1,,,,1,3,1,5,1,246472,2,2,3,0,2,4,19,14,18,0,0,2,2,1,230,1,0,0,0,1,0,0,9,9,1963,1,2,9,2,1,0,0,1,3,1,1,1,2,2,1,1,0,1,1,0,1,1,0,0,0,0,0,0,1,2,2,1,2,2,2,2,2,1,2,2,2,3,1,1,2,1,1,1,1,9,1,1,2,2,0,0,0,0,0,0,0,0,0,2,9,0,1,1,0,0,0,0,0,0,1,2,1,2,1,1,9,9,2,9,9,9,0,0,2.0,1,1,1,2,1,1,1,1,9,0,1,1,3,1,1,2,2,1,1,1,1
1997968,UTTARAKHAND,CHAMOLI,DASHOLI,1,,,Gauna Chak Dhar Kumala,Dharkumala,Dasholi,1,3,1,5,1,246424,2,2,3,0,2,4,0,0,0,0,0,2,2,2,223,1,0,0,0,0,0,0,9,9,2007,1,2,9,2,2,0,0,1,3,1,1,2,2,2,0,1,1,1,1,1,1,0,0,0,0,0,0,0,1,2,2,1,2,2,2,2,2,1,2,2,2,1,1,1,2,1,1,2,1,9,1,1,1,1,0,0,0,0,0,0,0,0,0,2,9,0,2,1,0,0,0,0,0,0,1,2,3,2,2,1,9,9,2,9,9,9,0,0,1.0,1,1,1,2,1,1,1,1,9,0,1,1,1,1,1,2,2,1,1,1,1
9165827,UTTARAKHAND,CHAMOLI,NANDANAGAR,1,,,Bura,Bura,Ghat,1,3,1,5,1,246435,2,2,3,0,2,4,19,14,0,0,0,2,2,1,225,1,0,0,0,0,4,3,9,9,1948,1,2,9,2,1,0,2,1,3,1,0,2,3,2,0,2,1,1,1,0,2,1,0,0,0,0,0,0,1,2,2,1,2,2,2,2,2,1,2,2,2,2,1,1,1,1,2,1,1,9,1,1,1,1,0,0,0,0,0,0,0,0,0,1,2,0,3,1,0,0,0,0,0,1,1,2,3,2,1,1,9,9,2,9,9,9,3,0,1.0,1,1,1,2,1,1,1,1,9,0,1,1,3,1,1,2,2,2,1,1,1
3266720,UTTARAKHAND,CHAMOLI,DEWAL,1,,,Vaan,Van,Dewal,1,3,1,5,1,246427,2,2,3,0,2,4,19,14,0,0,0,2,2,2,224,1,0,1,0,0,0,0,9,9,1997,1,2,9,2,2,0,0,1,3,1,1,2,3,1,3,0,0,1,1,1,1,1,0,0,0,0,0,0,1,2,2,1,2,2,2,2,2,1,2,2,2,2,1,1,3,1,1,1,1,9,1,1,1,1,0,0,0,0,0,0,0,0,0,2,9,0,2,2,0,0,0,0,0,1,1,2,3,2,1,1,9,9,2,9,9,9,0,0,2.0,1,1,1,2,1,1,2,1,9,0,1,1,1,1,1,2,2,1,1,1,1
9350703,UTTARAKHAND,CHAMOLI,POKHARI,1,,,Sugi,Sugi,Pokhari,1,3,1,5,1,246429,2,2,3,0,2,4,14,19,0,0,0,1,2,2,226,1,0,0,0,0,0,0,9,9,1991,1,2,9,2,2,0,0,1,3,1,1,1,2,1,2,0,0,1,1,1,1,1,0,0,0,0,0,0,1,2,2,1,2,2,2,2,2,1,2,2,2,2,1,1,2,1,1,1,1,9,1,1,1,1,0,0,0,0,0,0,0,0,0,2,9,0,1,1,0,0,0,0,0,0,1,2,3,2,1,1,9,9,2,9,9,9,9,9,1.0,1,1,1,2,1,1,1,1,9,0,1,1,2,1,1,2,2,2,1,1,1
8219337,UTTARAKHAND,CHAMOLI,KARANPRAYAG,1,,,Chhatauli,Chhatoli,Karnaprayag,1,3,1,5,1,246487,2,2,3,0,2,4,19,14,0,0,0,2,2,2,223,1,0,3,0,0,0,0,9,9,1971,1,2,9,2,1,8,0,1,3,1,1,7,2,1,0,2,0,1,1,1,1,1,0,0,0,0,0,0,1,2,2,1,2,2,2,2,2,1,2,2,2,2,1,1,2,1,1,1,1,9,1,1,1,1,0,0,0,0,0,0,0,0,0,2,9,0,2,1,0,0,0,0,0,0,1,2,3,2,1,1,9,9,2,9,9,9,23,23,1.0,1,1,1,2,1,1,1,1,9,0,1,1,2,1,1,2,2,1,1,1,1
4642004,UTTARAKHAND,CHAMOLI,GAIRSAIN,2,Gairsain-Town Panchayat,Gairsain (NP) -Senji Ward No. 7,,,,2,3,1,8,5,246428,2,2,3,0,2,19,4,14,0,0,0,1,1,9,210,1,5,4,0,0,0,0,9,9,1981,9,2,2,2,9,0,0,9,1,2,1,7,13,13,0,13,0,1,2,2,2,2,0,0,0,0,2,0,1,2,2,1,2,2,2,2,2,1,2,2,2,2,1,1,2,1,1,1,1,9,1,1,1,1,0,0,0,0,0,0,0,0,0,1,9,2,2,6,0,4,0,1,1,3,1,1,3,2,1,1,9,9,2,9,9,9,0,0,,1,1,1,1,1,1,1,1,2,0,1,2,2,1,1,1,1,1,1,1,1
3782091,UTTARAKHAND,CHAMOLI,THARALI,1,,,Gumad Laga Gerud,Gudam,Tharali,1,3,1,5,1,246481,2,2,3,0,2,4,19,14,0,0,0,2,2,1,220,1,0,0,0,0,0,0,9,9,1998,1,2,9,2,1,0,0,1,3,1,1,5,2,1,0,1,1,1,1,0,1,1,0,0,0,0,0,0,1,2,2,1,2,2,2,2,2,1,2,2,2,1,1,1,3,1,1,1,1,9,1,1,1,1,0,0,0,0,0,0,0,0,0,2,9,0,1,1,0,0,0,0,0,0,1,2,3,2,1,1,9,9,2,9,9,9,5,5,1.0,1,1,1,2,1,1,1,1,9,0,1,1,4,1,1,2,2,1,1,1,1
4674017,UTTARAKHAND,CHAMOLI,DASHOLI,1,,,Bachher,Bachher,Dasholi,1,3,1,5,5,246424,2,2,3,0,2,4,0,0,0,0,0,1,1,9,220,1,0,0,0,0,0,0,9,9,1991,9,2,9,2,9,0,0,9,1,1,1,1,2,2,2,0,0,1,1,1,1,1,0,0,0,0,0,0,1,2,2,1,2,2,2,2,2,1,2,2,2,2,1,1,2,1,2,1,1,9,1,2,9,1,0,0,0,0,0,0,0,0,0,2,9,0,0,2,0,0,0,0,0,1,2,2,3,1,2,2,9,9,2,9,9,9,0,0,,1,1,2,1,1,1,1,1,9,0,1,2,1,1,1,1,1,2,1,1,1
5333490,UTTARAKHAND,CHAMOLI,GAIRSAIN,2,Gairsain-Town Panchayat,Gairsain (NP) -Koliyana Ward No. 5,,,,7,3,6,10,5,246428,2,2,3,0,2,4,14,19,0,2,0,1,9,9,0,1,0,0,0,0,0,0,9,9,2009,9,2,2,2,9,0,0,9,1,1,1,7,8,8,8,0,0,1,2,2,2,2,0,0,0,0,2,2,1,2,2,1,2,2,2,2,2,1,2,2,2,1,1,1,2,1,1,1,1,9,1,1,1,1,0,0,0,0,0,0,0,0,0,1,9,1,0,2,0,0,0,0,1,1,1,2,3,2,1,1,2,2,9,9,2,9,0,0,,1,1,1,1,1,1,1,1,2,0,1,2,2,1,1,1,1,1,1,1,1
4603236,UTTARAKHAND,CHAMOLI,THARALI,1,,,Kulsari,Kulsari,Tharali,5,3,6,12,1,246481,2,2,3,0,2,4,19,0,0,2,2,1,9,9,207,1,0,0,0,0,0,0,9,9,1965,1,2,2,2,1,4,48,1,3,13,8,5,13,5,8,5,0,1,2,1,2,1,0,0,0,0,0,0,1,1,2,1,2,2,2,1,2,1,2,2,2,2,1,1,2,1,1,1,1,9,1,1,2,1,4,2,2,4,4,4,4,4,4,2,9,0,0,4,0,0,0,2,0,1,1,1,3,2,1,1,2,2,9,9,2,2,92,0,1.0,1,1,1,2,1,1,1,1,1,40,1,1,2,1,2,2,2,1,1,1,1
2344092,UTTARAKHAND,CHAMOLI,GAIRSAIN,1,,,Bina,Veena,Gairsain,1,3,1,5,1,246428,2,2,3,0,2,4,0,0,0,0,0,2,2,1,226,1,0,0,0,0,0,0,9,9,1979,1,2,9,2,2,0,3,1,3,2,2,1,4,1,3,1,0,1,1,1,1,0,0,0,0,0,1,1,1,2,2,1,2,2,2,2,2,1,2,2,2,2,1,1,2,1,1,1,1,9,1,1,1,1,0,0,0,0,0,0,0,0,0,1,1,0,1,0,0,0,0,0,0,0,1,2,3,2,1,1,9,9,2,9,9,9,0,0,1.0,1,1,1,2,1,1,2,1,9,0,1,2,2,1,1,2,2,1,1,1,1
6101635,UTTARAKHAND,CHAMOLI,DEWAL,1,,,Sawad,Sawad,Dewal,5,3,6,12,1,246427,2,2,3,0,2,4,19,0,0,2,2,2,9,9,0,1,0,0,0,0,0,0,9,9,1981,1,2,2,2,1,5,40,1,3,6,3,5,6,2,4,0,2,1,2,2,3,3,0,0,0,0,0,0,1,2,2,1,2,2,2,2,2,1,2,2,2,2,1,1,2,1,1,1,1,9,1,2,9,2,2,2,2,4,4,4,4,4,4,2,9,0,0,4,0,0,0,1,1,3,1,2,3,2,1,1,2,2,9,9,2,2,7,0,1.0,1,1,1,2,1,1,1,1,2,0,1,2,2,1,1,2,2,1,1,1,1
1269696,UTTARAKHAND,CHAMOLI,Jyotirmath,1,,,Pakhi,Pakhi,Joshimath,7,3,6,10,1,246472,2,2,3,0,2,4,19,14,0,2,0,1,9,9,226,1,0,0,0,0,0,0,9,9,1976,1,2,2,2,1,2,10,1,3,4,3,5,6,6,4,1,1,1,3,3,3,3,0,0,0,0,0,0,1,2,2,1,2,2,2,2,2,1,2,2,2,2,1,1,1,1,1,1,1,9,1,1,2,1,0,0,0,0,0,0,0,0,0,1,2,0,0,6,0,0,0,1,0,1,1,2,3,1,1,1,2,2,9,9,2,9,0,0,1.0,1,1,1,2,1,1,1,1,1,16,1,1,2,1,1,2,2,1,1,1,1
8203390,UTTARAKHAND,CHAMOLI,KARANPRAYAG,1,,,Sunali,Sunali,Karnaprayag,4,3,6,8,1,246446,2,2,3,0,2,4,14,19,0,0,0,1,9,9,222,1,0,0,0,0,0,0,9,9,1983,1,2,2,2,2,0,2,1,3,1,0,2,3,2,0,0,3,1,1,1,2,1,0,0,0,0,0,0,1,2,2,1,2,2,2,2,2,1,2,2,2,2,1,1,2,1,1,1,1,9,1,1,1,1,0,0,0,0,0,0,0,0,0,2,9,0,0,1,0,0,0,0,0,0,1,2,3,2,1,1,9,9,9,9,9,9,11,11,1.0,1,1,1,2,1,1,1,1,2,0,1,1,1,1,1,2,2,1,1,1,1
1081208,UTTARAKHAND,CHAMOLI,GAIRSAIN,1,,,Khet,Kheth,Gairsain,7,3,6,10,1,246440,2,2,3,0,2,4,14,19,0,2,0,1,9,9,230,1,0,0,0,0,0,0,9,9,1978,1,2,2,2,1,6,0,1,3,2,2,2,5,4,2,0,3,2,1,1,2,2,0,0,0,0,0,0,1,2,2,1,2,2,2,2,2,1,2,2,2,2,1,1,2,1,1,1,1,9,1,1,1,2,0,0,0,0,0,0,0,0,0,1,2,0,0,6,0,2,0,1,2,2,1,1,3,2,1,1,2,2,9,9,2,9,0,0,1.0,1,1,2,2,1,1,1,1,1,41,1,1,2,1,1,2,2,1,1,1,1
8188749,UTTARAKHAND,CHAMOLI,DEWAL,1,,,Kheta Manvati,Kheta Manmati,Dewal,4,3,6,8,1,246427,2,2,3,0,2,4,19,14,0,0,0,2,9,9,0,1,0,0,0,0,0,0,9,9,2006,1,2,2,2,2,0,0,1,3,1,1,5,3,0,0,0,3,2,0,0,1,1,0,0,0,0,0,1,1,2,2,1,2,2,2,2,2,1,2,2,2,1,1,1,1,1,1,2,1,9,1,1,1,2,0,0,0,0,0,0,0,0,0,1,2,0,0,2,0,0,0,0,0,0,1,2,1,2,1,1,9,9,9,9,9,9,0,0,2.0,1,2,2,2,1,1,2,2,2,0,1,1,4,1,1,2,2,1,1,1,2
4359757,UTTARAKHAND,CHAMOLI,DASHOLI,1,,,Harmani,Harmani,Dasholi,4,3,6,8,1,246424,2,2,3,0,2,4,19,14,18,0,0,1,9,9,224,1,0,0,0,0,0,0,9,9,1974,1,2,2,2,2,0,0,1,3,1,1,1,3,4,3,0,0,1,1,1,1,0,0,0,0,0,0,0,1,2,2,1,2,2,2,2,2,1,2,2,2,2,1,1,2,1,1,2,1,9,1,1,1,1,0,0,0,0,0,0,0,0,0,1,2,1,0,5,0,0,0,0,0,0,1,2,3,2,1,1,9,9,9,9,9,9,0,0,1.0,1,1,1,2,1,2,1,1,1,39,1,1,2,1,1,2,2,1,1,1,1
9943603,UTTARAKHAND,CHAMOLI,POKHARI,1,,,Uttaraun,Uttraon,Pokhari,1,3,1,5,1,246446,2,2,3,0,2,4,0,0,0,0,0,2,2,2,226,1,0,0,0,0,1,2,9,9,1998,2,2,9,2,2,0,0,1,3,1,1,2,2,1,2,0,0,1,1,1,1,1,0,0,0,0,0,0,1,2,2,1,2,2,2,2,2,1,2,2,2,1,1,1,3,1,1,1,1,9,1,1,1,1,0,0,0,0,0,0,0,0,0,2,9,0,2,1,0,0,0,0,0,0,1,2,3,2,1,1,9,9,2,9,9,9,0,0,1.0,1,1,1,2,1,1,1,1,9,0,1,1,2,1,1,2,2,2,1,1,1
1542986,UTTARAKHAND,CHAMOLI,Jyotirmath,1,,,Dungra,Dungri,Joshimath,10,3,9,12,4,246443,2,2,3,0,2,4,19,14,0,2,2,1,9,9,245,1,0,0,0,0,0,0,9,9,1994,1,2,9,2,1,4,0,1,1,3,3,1,6,8,6,0,0,1,1,1,1,1,0,0,0,0,0,0,1,2,2,1,2,2,2,2,2,1,2,2,2,2,1,1,2,1,1,1,1,9,1,1,1,1,4,4,4,4,4,4,4,4,4,2,9,0,0,4,0,0,0,0,0,2,1,2,3,1,1,1,2,2,9,9,2,2,0,0,1.0,1,1,2,2,1,1,2,1,2,0,1,1,2,1,1,2,2,1,1,1,2
2489372,UTTARAKHAND,CHAMOLI,NANDANAGAR,1,,,Lwani,Lwaani,Ghat,1,3,1,5,1,246435,2,2,3,0,2,4,19,0,0,0,0,1,2,2,225,1,0,0,0,1,1,6,9,9,1948,1,2,9,2,1,3,10,1,3,1,1,2,3,3,0,0,3,1,2,2,1,0,0,0,0,0,0,0,1,2,2,1,2,2,2,2,2,1,2,2,2,2,1,1,1,1,1,1,1,9,1,1,1,2,0,0,0,0,0,0,0,0,0,2,9,0,2,1,0,0,1,0,0,1,1,2,3,2,1,1,9,9,2,9,9,9,0,0,1.0,1,1,1,2,1,1,1,1,9,0,1,1,1,1,1,2,2,2,1,1,1
1371055,UTTARAKHAND,CHAMOLI,KARANPRAYAG,1,,,Simtoli,Aeirwadi,Karnaprayag,1,3,1,5,1,246444,2,2,3,0,2,4,0,0,0,0,0,1,2,2,230,1,0,0,0,0,3,1,9,9,1986,1,2,9,2,2,0,7,1,3,1,1,2,2,1,0,1,1,1,1,0,1,1,0,0,0,0,0,0,1,2,2,1,2,2,2,2,2,1,2,2,2,2,1,1,2,1,1,1,1,9,1,1,1,2,0,0,0,0,0,0,0,0,0,2,9,0,2,1,0,0,0,0,0,0,1,2,3,2,1,1,9,9,2,9,9,9,6,0,1.0,1,1,1,2,1,1,1,1,9,0,1,1,1,1,1,2,2,1,1,1,1
3928664,UTTARAKHAND,CHAMOLI,POKHARI,1,,,Jaurasi,Jaurasi,Pokhari,4,3,6,8,1,246473,2,2,3,0,2,4,19,14,0,0,0,2,9,9,230,1,0,0,0,0,0,0,9,9,2009,1,2,2,2,2,0,15,1,3,2,2,3,2,0,2,0,0,2,2,2,2,2,0,0,0,0,0,0,1,2,2,1,2,2,2,2,2,1,2,2,2,1,1,1,3,1,1,1,2,1,1,1,1,1,0,0,0,0,0,0,0,0,0,2,9,0,0,2,0,0,0,0,0,0,1,1,3,2,2,1,9,9,9,9,9,9,37,23,1.0,1,1,1,2,1,1,1,1,1,23,1,1,2,1,1,2,2,1,1,1,1
1294104,UTTARAKHAND,CHAMOLI,Jyotirmath,2,Joshimath-Municipality,Joshimath (MB) - Singhdhaar Ward No.4,,,,1,3,1,5,5,246443,2,2,3,0,2,4,19,14,0,0,0,1,1,9,224,1,4,2,0,0,0,0,9,9,1988,9,2,9,2,9,0,0,9,2,1,1,1,6,1,6,0,0,1,2,2,1,1,0,0,0,0,0,0,1,2,2,1,2,2,2,2,2,1,2,2,2,2,1,1,2,1,1,1,1,9,1,2,9,1,0,0,0,0,0,0,0,0,0,1,9,0,0,5,0,0,0,0,1,1,1,2,3,2,2,2,9,9,2,9,9,9,0,0,,1,1,2,1,1,1,1,1,9,0,1,1,2,1,1,1,1,1,1,1,1
6002698,UTTARAKHAND,CHAMOLI,NARAYANBAGAR,1,,,Meeng,Meeng,Narayanbagar,7,3,6,10,1,246444,2,2,3,0,2,4,19,0,0,2,0,1,9,9,223,1,0,0,0,0,0,0,9,9,1991,1,2,2,2,1,7,24,1,3,2,2,2,5,2,5,0,0,1,2,2,2,2,0,0,0,0,0,0,1,2,2,1,2,2,2,2,2,1,2,2,2,2,1,1,2,1,1,1,1,9,1,1,1,1,0,0,0,0,0,0,0,0,0,2,9,0,0,3,0,0,0,0,0,1,1,2,3,2,1,1,2,2,9,9,2,9,6,0,1.0,1,2,2,2,1,1,1,1,1,30,1,1,1,1,1,2,2,1,1,1,1
3242467,UTTARAKHAND,CHAMOLI,KARANPRAYAG,1,,,Kankhul Malla,Kankhul Malla,Karnaprayag,1,3,1,5,1,246474,2,2,3,0,2,4,0,0,0,0,0,2,2,2,230,1,0,0,0,0,0,0,9,9,2007,1,2,9,2,1,6,4,1,3,1,1,2,2,2,2,0,0,1,1,1,1,1,0,0,0,0,0,0,1,2,2,1,2,2,2,2,2,1,2,2,2,2,1,1,2,1,1,1,1,9,1,1,1,1,0,0,0,0,0,0,0,0,0,2,9,0,0,0,0,0,0,0,0,0,1,2,3,2,2,1,9,9,2,9,9,9,0,0,1.0,1,1,1,2,1,1,1,1,9,0,1,2,6,1,1,2,2,1,1,1,1
1957630,UTTARAKHAND,CHAMOLI,Jyotirmath,1,,,Pandukaswar,Pandukeshar,Joshimath,1,3,1,5,1,246443,2,1,3,0,2,4,14,19,18,0,0,1,2,2,234,1,0,0,0,0,0,0,9,9,1953,1,2,9,2,2,0,0,1,3,1,1,1,2,1,2,0,0,1,1,1,1,1,0,0,0,0,1,0,1,2,2,1,2,2,2,2,2,1,2,2,2,2,1,1,2,1,1,1,1,9,1,1,1,1,0,0,0,0,0,0,0,0,0,2,9,0,0,1,0,0,0,0,0,0,1,2,3,2,2,1,9,9,2,9,9,9,0,0,1.0,1,2,2,2,1,1,2,1,9,0,1,1,6,1,1,2,2,1,1,1,1
5030756,UTTARAKHAND,CHAMOLI,THARALI,1,,,Kurad,Kurad,Tharali,1,3,1,5,1,246481,2,2,3,0,2,4,19,14,0,0,0,2,2,1,224,1,0,0,0,0,0,0,9,9,1945,1,2,9,2,2,0,6,1,3,1,1,2,2,1,2,0,0,1,1,1,1,1,0,0,0,0,0,0,1,2,2,1,2,2,2,2,2,1,2,2,2,1,1,1,2,1,1,1,1,9,1,1,2,1,0,0,0,0,0,0,0,0,0,2,9,0,1,1,0,0,0,0,0,0,1,2,3,2,1,1,9,9,2,9,9,9,0,0,1.0,1,1,2,2,1,1,1,1,9,0,1,1,2,1,1,2,2,1,1,1,1
5007593,UTTARAKHAND,CHAMOLI,NARAYANBAGAR,1,,,Kothali,Kothuli,Narayanbagar,1,3,1,5,1,246453,2,2,3,0,2,4,0,0,0,0,0,2,2,1,224,1,0,0,0,0,0,0,9,9,1923,1,2,9,2,2,0,3,1,3,2,2,5,2,1,0,0,2,1,2,2,3,3,0,0,0,0,0,0,1,2,2,1,2,2,2,2,2,1,2,2,2,2,1,1,2,1,2,2,1,9,1,1,1,1,0,0,0,0,0,0,0,0,0,2,9,0,2,1,0,0,0,0,0,0,1,2,3,2,1,1,9,9,2,9,9,9,11,11,1.0,1,1,1,2,1,1,1,1,9,0,1,1,6,1,1,2,2,1,1,1,2
5739919,UTTARAKHAND,CHAMOLI,NANDANAGAR,1,,,Khaltara,Khaltara,Ghat,1,3,1,5,1,246449,2,2,3,0,2,4,19,14,0,0,0,1,2,1,224,1,0,0,0,0,0,0,9,9,1993,1,2,9,2,1,5,0,1,3,1,1,2,2,2,1,1,0,1,1,1,1,0,0,0,0,0,0,0,1,2,2,1,2,2,2,2,2,1,2,2,2,2,1,1,2,1,1,1,1,9,1,1,2,1,0,0,0,0,0,0,0,0,0,2,9,0,1,1,0,0,0,0,0,0,1,1,3,2,1,1,9,9,2,9,9,9,10,0,1.0,1,1,1,2,1,1,1,1,9,0,1,1,2,1,1,2,2,2,1,1,1
3207494,UTTARAKHAND,CHAMOLI,KARANPRAYAG,1,,,Ratura,Ratura,Karnaprayag,1,3,1,5,1,246474,2,2,3,0,2,4,0,0,0,0,0,1,2,1,224,1,2,0,0,0,0,0,9,9,1902,1,2,9,2,2,0,0,1,3,1,1,2,2,3,2,0,0,2,1,1,1,1,0,0,0,0,0,0,1,2,2,1,2,2,2,2,2,1,2,2,2,2,1,1,2,1,1,1,1,9,1,1,1,1,0,0,0,0,0,0,0,0,0,2,9,0,2,0,0,0,0,0,0,0,1,2,3,2,1,1,9,9,2,9,9,9,10,10,1.0,1,1,1,2,1,1,1,1,9,0,1,1,1,1,1,2,2,1,1,1,1
9756818,UTTARAKHAND,CHAMOLI,DEWAL,1,,,Udaypur Laga Choting,Udaypur,Dewal,1,3,1,5,1,246427,2,2,3,0,2,4,14,19,0,0,0,2,2,2,0,1,0,0,0,0,0,0,9,9,1991,1,2,9,2,1,0,0,1,3,1,1,1,2,2,1,1,0,1,0,0,1,1,0,0,1,1,0,1,1,2,2,1,2,2,2,2,2,1,2,2,2,1,1,1,2,1,1,2,1,9,1,1,2,1,0,0,0,0,0,0,0,0,0,2,9,0,1,0,0,0,0,0,0,0,2,2,3,2,2,1,9,9,2,9,9,9,0,0,2.0,1,1,1,1,1,1,1,1,9,0,1,1,6,1,1,2,2,2,1,1,1
9252407,UTTARAKHAND,CHAMOLI,Jyotirmath,1,,,Thaing,Theing,Joshimath,1,3,1,5,1,246443,2,2,3,0,2,4,19,14,0,0,0,2,2,1,224,1,0,0,0,0,0,0,9,9,1953,2,2,9,2,1,10,0,1,3,3,3,7,3,3,1,1,1,1,1,1,1,1,1,1,0,0,0,0,1,2,2,1,2,2,2,2,2,1,2,2,2,2,1,1,2,1,1,1,1,9,1,1,1,1,0,0,0,0,0,0,0,0,0,2,9,0,1,1,0,0,0,0,0,1,1,2,3,1,1,1,9,9,2,9,9,9,0,0,1.0,1,2,2,2,1,1,1,1,9,0,1,1,3,1,1,2,2,1,1,1,1
6142185,UTTARAKHAND,CHAMOLI,KARANPRAYAG,2,Gochar-Municipality,"Gochar (NP) -Panaai Talli, Palsaari Ward No.4",,,,1,3,1,5,5,246429,2,2,3,0,2,4,0,0,0,0,0,1,1,9,230,1,0,1,0,0,0,0,9,9,2010,9,2,9,2,9,0,0,9,1,1,1,1,4,1,4,0,0,1,1,1,1,1,0,0,0,0,0,0,1,2,2,1,2,2,2,2,2,1,2,2,2,2,1,1,2,1,1,2,1,9,1,1,2,1,0,0,0,0,0,0,0,0,0,2,9,0,0,0,0,0,0,0,0,0,1,2,3,2,2,2,9,9,2,9,9,9,0,0,,1,1,1,1,1,1,1,1,9,0,1,1,6,1,1,1,1,1,1,1,1
5643069,UTTARAKHAND,CHAMOLI,GAIRSAIN,1,,,Bina,Veena,Gairsain,2,3,1,8,5,246431,2,2,3,0,2,4,19,0,0,0,0,1,1,9,225,1,2,1,0,0,0,0,9,9,2012,9,2,2,2,9,0,0,9,1,2,2,6,8,4,8,0,0,1,2,2,2,2,0,0,0,0,0,0,1,2,2,1,2,2,2,2,2,1,2,2,2,2,1,1,2,1,1,1,1,9,1,2,9,1,0,0,0,0,0,0,0,0,0,2,9,1,0,4,0,0,0,0,0,0,1,2,3,2,1,1,9,9,2,9,9,9,0,0,,1,2,2,1,1,1,1,1,2,0,1,1,2,1,1,2,2,1,1,1,1
4754230,UTTARAKHAND,CHAMOLI,POKHARI,1,,,Beena,Beena,Dhauladevi,1,3,1,5,1,246473,2,2,3,0,2,4,0,0,0,0,0,2,2,1,230,1,0,0,0,0,1,0,9,9,1955,1,2,9,2,2,0,0,1,3,1,1,2,2,1,2,0,0,1,2,2,1,1,0,0,0,0,0,0,1,2,2,1,2,2,2,2,2,1,2,2,2,2,1,1,2,1,1,1,1,9,1,1,1,1,0,0,0,0,0,0,0,0,0,2,9,0,1,1,0,0,0,0,0,0,1,2,3,1,1,1,9,9,2,9,9,9,5,5,1.0,1,1,1,2,1,1,1,1,9,0,1,1,1,1,1,2,2,1,1,1,1
5014435,UTTARAKHAND,CHAMOLI,THARALI,2,Tharali-Town Panchayat,Tharali (NP) - Tharali Gaon Ward No. 4,,,,4,3,6,8,4,246481,2,2,3,0,2,4,0,0,0,0,0,1,9,9,224,1,0,0,0,0,0,0,9,9,1991,1,2,2,2,2,0,0,1,1,1,1,1,3,2,3,0,0,1,1,1,1,1,0,0,0,0,1,1,1,2,2,1,2,2,2,2,2,1,2,2,2,1,1,1,2,1,1,1,1,9,1,1,2,1,0,0,0,0,0,0,0,0,0,2,9,0,0,0,0,0,0,0,0,0,1,2,3,2,2,1,9,9,9,9,9,9,8,0,1.0,1,2,1,2,1,1,1,1,2,0,1,1,2,1,2,2,2,1,1,1,1
3928543,UTTARAKHAND,CHAMOLI,LUCKNOW REGION,2,PIPALKOTI-Town Panchayat,Peepalkoti (NP)- Naurakh Peepalkoti Ward No.1,,,,5,3,6,12,93,246472,2,2,1,10,2,4,19,0,0,1,1,1,9,9,245,1,0,0,0,0,0,0,9,9,2001,1,2,2,1,1,5,396,1,3,5,5,3,14,8,14,0,0,1,60,60,60,60,1,1,1,1,120,120,1,1,2,1,2,2,2,1,2,1,2,2,2,2,1,1,1,1,2,1,1,9,1,1,1,1,1,1,1,1,1,1,3,3,1,1,2,41,63,40,0,2,0,1,2,8,1,1,1,1,1,1,1,1,9,9,1,1,0,0,1.0,1,1,1,1,1,1,1,1,1,133,1,1,1,1,1,1,3,1,1,1,1
6689838,UTTARAKHAND,CHAMOLI,DEWAL,1,,,Melkhet,Mel Khet,Dewal,5,3,6,12,1,246427,2,2,3,0,2,4,0,0,0,2,2,2,9,9,0,1,0,0,0,0,0,0,9,9,1968,1,2,1,2,1,4,20,1,3,7,0,2,9,4,5,2,2,2,3,3,1,1,0,0,0,0,3,1,1,2,2,1,2,2,2,2,2,1,2,2,2,1,1,1,2,1,1,1,1,9,1,2,9,2,2,4,2,4,4,4,4,4,4,2,9,0,0,4,0,0,0,1,1,1,1,2,3,2,1,1,2,2,9,9,2,2,0,0,1.0,1,1,2,2,1,1,1,1,1,60,1,2,1,1,2,2,2,1,1,1,2
8570899,UTTARAKHAND,CHAMOLI,KARANPRAYAG,1,,,Matholi,Chulakot,Karnaprayag,1,3,1,5,1,246474,2,2,3,0,2,4,0,0,0,0,0,1,2,1,230,1,0,0,0,0,0,0,9,9,1998,1,2,9,2,2,0,1,1,3,1,1,1,2,1,0,0,2,1,1,0,1,1,0,0,0,0,0,0,1,2,2,1,2,2,2,2,2,1,2,2,2,2,1,1,2,1,1,1,1,9,1,1,1,1,0,0,0,0,0,0,0,0,0,2,9,0,1,0,0,0,0,0,0,0,1,2,3,2,2,1,9,9,2,9,9,9,10,0,1.0,1,1,1,2,1,1,1,1,9,0,1,1,2,1,1,2,2,1,1,1,1
3251576,UTTARAKHAND,CHAMOLI,DASHOLI,1,,,Saikot,Saikot,Dasholi,5,3,6,12,1,246424,2,2,3,0,2,4,0,0,0,2,2,1,9,9,205,1,0,0,0,0,0,0,9,9,1977,1,2,2,2,1,4,8,1,3,3,3,5,9,7,7,1,1,1,1,1,1,1,0,0,0,0,0,0,1,2,2,1,2,2,2,2,2,1,2,2,2,2,1,1,2,1,1,1,1,9,1,2,9,1,4,4,4,4,4,4,4,4,4,1,1,0,0,3,0,0,0,0,0,2,1,2,3,2,1,1,2,2,9,9,2,2,0,0,1.0,1,1,1,1,1,1,1,1,1,70,1,1,1,1,1,2,3,1,1,1,1
1098336,UTTARAKHAND,CHAMOLI,DEWAL,1,,,Ghes,Ghes,Dewal,5,3,6,12,1,246427,2,2,3,0,2,4,19,14,0,2,2,1,9,9,224,1,0,0,0,0,0,0,9,9,1975,2,2,2,2,1,10,0,1,3,3,1,5,4,3,2,0,2,2,1,1,1,1,0,0,0,0,1,0,1,2,2,1,2,2,2,2,2,1,2,2,2,2,1,1,1,2,2,2,1,9,1,2,9,1,4,4,4,4,4,4,4,4,4,2,9,0,0,5,0,0,0,1,1,3,2,2,3,2,1,1,2,2,9,9,2,2,108,0,1.0,1,1,1,2,1,1,1,1,1,51,1,1,4,1,1,2,2,1,1,1,1
5590055,UTTARAKHAND,CHAMOLI,GAIRSAIN,1,,,Maikholi,Maikholi,Gairsain,7,3,6,10,1,246431,2,2,3,0,2,4,14,19,0,2,0,1,9,9,235,1,0,0,0,0,0,0,9,9,1990,1,2,2,2,1,10,50,1,3,5,5,5,5,6,2,0,3,1,2,2,2,2,0,0,0,0,4,3,1,2,2,1,2,2,2,2,2,1,2,2,2,1,1,1,2,1,1,1,1,9,1,1,1,1,0,0,0,0,0,0,0,0,0,1,2,0,0,2,0,0,0,0,0,1,1,2,3,1,2,1,1,2,9,9,2,9,0,0,1.0,1,1,1,2,1,1,2,1,2,0,1,1,6,1,1,2,2,1,1,1,1
2765006,UTTARAKHAND,CHAMOLI,POKHARI,1,,,Kimoda,Kimotha,Pokhari,5,3,6,12,4,246473,2,2,3,0,2,14,4,0,0,2,2,2,9,9,242,1,0,0,0,0,0,0,9,9,1880,1,2,2,2,1,0,0,1,1,1,1,4,4,1,2,0,2,1,1,1,1,1,0,0,0,0,0,0,1,2,2,1,2,2,2,2,2,1,2,2,2,2,1,2,2,1,1,1,1,9,1,1,2,1,4,4,4,4,4,4,4,4,4,2,9,0,0,0,0,0,0,0,0,0,1,2,3,2,1,2,2,2,9,9,2,2,0,0,2.0,1,1,1,2,1,1,1,1,2,0,1,2,1,1,1,2,1,1,1,1,1
2771212,UTTARAKHAND,CHAMOLI,Jyotirmath,1,,,Ringi,Ringi,Joshimath,4,3,6,8,1,246483,2,2,3,0,2,4,19,0,0,0,0,2,9,9,226,1,0,0,0,0,0,0,9,9,2007,1,2,2,2,2,0,4,1,3,1,1,1,3,1,3,0,0,1,2,1,2,1,0,0,0,0,0,0,1,2,2,1,2,2,2,2,2,1,2,2,2,2,1,1,2,1,1,1,2,1,1,2,9,1,0,0,0,0,0,0,0,0,0,2,9,0,0,4,0,0,0,0,0,1,2,2,3,2,1,1,9,9,9,9,9,9,8,7,1.0,1,1,2,2,1,1,1,1,2,0,1,2,2,1,1,2,2,1,1,1,1
3410544,UTTARAKHAND,CHAMOLI,NARAYANBAGAR,1,,,Raigaon,Raigaon,Narayanbagar,1,3,1,5,1,246455,2,2,3,0,2,4,19,14,0,0,0,1,2,2,225,1,0,0,0,0,0,0,9,9,1998,1,2,9,2,2,0,0,1,3,1,1,6,2,1,2,0,0,1,1,1,1,1,0,0,0,0,1,1,1,2,2,1,2,2,2,2,2,1,2,2,2,2,1,1,2,1,1,1,1,9,1,1,1,1,0,0,0,0,0,0,0,0,0,1,2,0,2,1,0,0,0,0,0,0,1,2,3,2,1,1,9,9,2,9,9,9,0,0,1.0,1,2,2,2,1,1,2,1,9,0,1,1,5,1,1,2,2,1,1,1,2
2862818,UTTARAKHAND,CHAMOLI,POKHARI,1,,,Simkholi,Simkholi,Pokhari,1,3,1,5,1,246473,2,2,3,0,2,4,0,0,0,0,0,2,2,2,226,1,0,0,0,0,1,0,9,9,1973,1,2,9,2,2,0,0,1,3,1,1,2,3,1,3,0,0,1,0,0,1,1,0,0,0,0,0,0,1,2,2,1,2,2,2,2,2,1,2,2,2,1,1,1,3,1,1,1,1,9,1,1,1,1,0,0,0,0,0,0,0,0,0,2,9,0,2,1,0,0,0,0,0,0,1,2,3,2,1,1,9,9,2,9,9,9,9,9,1.0,1,1,1,2,1,1,1,1,9,0,1,1,2,1,1,2,2,2,1,1,1
3041770,UTTARAKHAND,CHAMOLI,NARAYANBAGAR,1,,,Bhatiyana,Bhatiyana,Tharali,1,3,1,5,1,246453,2,2,3,0,2,4,19,14,0,0,0,2,2,1,227,1,0,0,0,0,2,0,9,9,1955,1,2,9,2,2,0,4,1,3,1,1,1,2,1,2,0,0,1,1,1,1,1,1,1,0,0,0,0,1,2,2,1,2,2,2,2,2,1,2,2,2,2,1,1,1,1,1,1,1,9,1,1,1,1,0,0,0,0,0,0,0,0,0,1,2,0,2,1,0,0,0,0,0,0,1,2,3,2,1,1,9,9,2,9,9,9,0,0,1.0,1,1,1,2,1,1,1,1,9,0,1,1,6,1,1,2,2,1,1,1,2
6981495,UTTARAKHAND,CHAMOLI,Jyotirmath,1,,,Jalgwar,Pakhi,Joshimath,1,3,1,5,1,246472,2,2,3,0,2,4,19,14,0,0,0,1,2,2,225,1,0,0,0,0,1,2,9,9,1989,1,2,9,2,1,0,3,1,3,1,1,1,2,1,0,0,2,1,1,1,1,1,0,0,0,0,0,0,1,2,2,1,2,2,2,2,2,1,2,2,2,2,1,1,2,1,1,1,1,9,1,1,1,1,0,0,0,0,0,0,0,0,0,2,9,0,1,1,0,0,0,0,0,0,1,2,3,1,1,1,9,9,2,9,9,9,0,0,1.0,1,1,2,2,1,1,1,1,9,0,1,1,1,1,1,2,2,1,1,1,1
4277654,UTTARAKHAND,CHAMOLI,DASHOLI,1,,,Maithana,Maithana,Dasholi,1,3,1,5,1,246424,2,2,3,0,2,4,0,0,0,0,0,1,2,1,225,1,0,0,0,0,0,0,9,9,1904,1,2,9,2,2,0,0,1,3,1,0,2,2,1,1,1,0,1,1,1,1,1,0,0,0,0,0,0,1,2,2,1,2,2,2,2,2,1,2,2,2,2,1,1,2,1,1,1,1,9,1,1,1,1,0,0,0,0,0,0,0,0,0,2,9,0,2,0,0,0,0,1,0,0,1,2,3,2,1,1,9,9,2,9,9,9,0,0,1.0,1,1,1,2,1,1,1,1,9,0,1,1,1,1,1,2,2,1,1,1,1
3099148,UTTARAKHAND,CHAMOLI,DASHOLI,2,PIPALKOTI-Town Panchayat,Peepalkoti (NP)- Batula-Mayapur Ward No.4,,,,1,3,1,5,1,246472,2,2,3,0,2,4,19,14,0,0,0,1,2,1,220,1,0,0,0,0,0,0,9,9,1962,1,2,9,2,2,0,17,1,3,1,1,1,3,3,0,0,3,1,1,1,1,1,0,0,0,0,0,0,1,2,2,1,2,2,2,2,2,1,2,2,2,2,1,1,2,1,2,1,1,9,1,1,1,1,0,0,0,0,0,0,0,0,0,2,9,0,1,0,0,0,0,0,0,0,1,2,3,2,1,1,9,9,2,9,9,9,18,18,1.0,1,1,1,2,1,1,1,1,9,0,1,1,2,1,1,2,2,1,1,1,1
3409343,UTTARAKHAND,CHAMOLI,KARANPRAYAG,2,Karnaprayag-Municipality,Karnaprayag (NP) - Uper Bazaar Ward No.7,,,,1,3,1,5,1,246444,2,2,3,0,2,4,19,14,0,0,0,1,2,1,230,1,0,0,0,0,0,1,9,9,1947,1,2,9,2,2,0,1,1,3,2,2,1,2,1,2,0,0,1,1,1,1,1,0,0,0,0,0,0,1,2,2,1,2,2,2,2,2,1,2,2,2,2,1,1,2,1,1,1,1,9,1,1,1,1,0,0,0,0,0,0,0,0,0,2,9,0,2,1,0,0,0,0,0,0,1,2,3,2,1,1,9,9,2,9,9,9,14,0,1.0,1,1,1,2,1,1,1,1,9,0,1,1,2,1,1,2,2,1,1,1,1
3082285,UTTARAKHAND,CHAMOLI,DASHOLI,1,,,Pana,Pana,Dasholi,1,3,1,5,1,246424,2,2,3,0,2,4,19,14,0,0,0,2,2,2,223,1,0,0,0,0,0,0,9,9,2006,1,2,9,2,2,0,0,1,3,1,0,2,3,1,0,3,0,1,1,1,1,1,0,0,0,0,0,0,1,2,2,1,2,2,2,2,2,1,2,2,2,2,1,1,2,1,1,1,1,9,1,2,9,1,0,0,0,0,0,0,0,0,0,2,9,0,2,1,0,0,0,0,0,0,1,2,3,2,1,1,9,9,2,9,9,9,40,0,1.0,1,1,1,2,1,1,1,1,9,0,1,1,1,1,1,2,2,1,1,1,1
8574309,UTTARAKHAND,CHAMOLI,GAIRSAIN,1,,,Mathar,Malethi,Gairsain,1,3,1,5,1,246440,2,2,3,0,2,4,0,0,0,0,0,2,2,1,225,1,0,0,0,0,0,2,9,9,1993,1,2,9,2,1,10,0,1,3,1,1,5,2,2,0,0,2,1,1,1,1,1,0,0,0,0,0,0,1,2,2,1,2,2,2,2,2,1,2,2,2,2,1,1,3,1,1,1,1,9,1,1,1,1,0,0,0,0,0,0,0,0,0,2,9,0,3,1,0,0,0,0,0,0,1,2,3,2,1,1,9,9,2,9,9,9,0,0,1.0,1,1,2,2,1,1,1,1,9,0,1,2,6,1,1,2,2,1,1,1,1
1999473,UTTARAKHAND,CHAMOLI,NARAYANBAGAR,1,,,Kimoli,Kimoli,Narayanbagar,1,3,1,5,1,246455,2,2,3,0,2,4,0,0,0,0,0,2,2,2,225,1,0,0,0,1,3,3,9,9,1948,1,2,9,2,2,0,5,1,3,1,1,2,3,1,2,0,1,1,2,2,1,1,1,1,0,0,0,0,1,2,2,1,2,2,2,2,2,1,2,2,2,2,1,1,2,1,1,1,1,9,1,1,1,1,0,0,0,0,0,0,0,0,0,2,9,0,4,1,0,0,0,1,0,0,1,2,3,2,1,1,9,9,2,9,9,9,16,0,1.0,1,1,1,2,1,1,1,1,9,0,1,1,6,1,1,2,2,1,1,1,2
9241834,UTTARAKHAND,CHAMOLI,NARAYANBAGAR,1,,,Gairwaram,Gair Baram,Narayanbagar,1,3,1,5,1,246481,2,2,3,0,2,4,19,14,0,0,0,2,2,1,228,1,0,0,0,0,0,0,9,9,1961,1,2,9,2,2,0,1,1,3,2,2,2,2,1,0,2,0,1,1,1,1,1,0,0,0,0,0,0,1,2,2,1,2,2,2,2,2,1,2,2,2,2,1,1,2,1,1,1,1,9,1,1,1,1,0,0,0,0,0,0,0,0,0,2,9,0,2,1,0,0,0,0,0,0,1,2,3,2,2,1,9,9,2,9,9,9,28,28,1.0,1,2,2,2,1,1,1,1,9,0,1,1,3,1,1,2,2,2,1,1,2
3693558,UTTARAKHAND,CHAMOLI,Jyotirmath,1,,,Karachhon,Karchhon,Joshimath,1,3,1,5,1,246483,2,2,3,0,2,4,19,0,0,0,0,2,2,1,227,1,0,0,0,0,0,0,9,9,1978,2,2,9,2,1,0,0,1,3,2,2,2,2,1,0,0,2,1,1,1,1,1,0,0,0,0,0,0,1,2,2,1,2,2,2,2,2,1,2,2,2,2,1,1,2,1,1,1,1,9,1,1,1,1,0,0,0,0,0,0,0,0,0,2,9,0,2,1,0,0,0,0,0,0,1,2,3,2,2,1,9,9,2,9,9,9,21,0,1.0,1,1,2,2,1,1,1,1,9,0,1,1,4,1,1,2,2,2,1,1,1
1566265,UTTARAKHAND,CHAMOLI,THARALI,1,,,Ruisan,Rui Sana,Tharali,1,3,1,5,1,246481,2,2,3,0,2,4,0,0,0,0,0,2,2,2,222,1,0,0,0,0,0,1,9,9,1998,1,2,9,2,1,6,0,1,3,2,1,2,2,1,2,0,0,1,1,1,1,1,0,0,0,0,0,0,1,2,2,1,2,2,2,2,2,1,2,2,2,2,1,1,2,1,1,1,1,9,1,1,2,1,0,0,0,0,0,0,0,0,0,2,9,0,0,2,0,0,0,0,0,0,1,2,3,2,2,1,9,9,2,9,9,9,0,0,2.0,1,2,1,2,1,1,1,1,9,0,1,1,3,1,1,2,2,1,1,1,1
6818519,UTTARAKHAND,CHAMOLI,Jyotirmath,2,Joshimath-Municipality,Joshimath (MB) - Gaandhinagar Ward No.1,,,,1,3,1,5,1,246443,2,2,3,0,2,4,19,0,0,0,0,1,2,2,228,1,0,0,0,0,0,0,9,9,1941,1,2,9,2,1,11,15,1,3,1,1,1,3,1,3,0,0,1,1,1,1,1,0,0,0,0,0,0,1,2,2,1,2,2,2,2,2,1,2,2,2,2,1,1,2,1,1,1,1,9,1,1,1,1,0,0,0,0,0,0,0,0,0,2,9,0,5,4,0,0,0,2,1,1,1,1,3,2,1,1,9,9,2,9,9,9,0,0,1.0,1,2,2,2,1,1,2,1,9,0,1,2,6,1,1,2,2,1,1,1,1
1274404,UTTARAKHAND,CHAMOLI,NANDANAGAR,1,,,Kandai,Kandai,Ghat,1,3,1,5,5,246449,2,2,3,0,2,4,0,0,0,0,0,1,2,9,226,1,0,0,0,0,0,4,9,9,2007,9,2,9,2,9,0,0,9,1,1,1,1,6,5,6,0,0,1,1,1,1,1,1,1,1,1,1,1,1,2,2,1,2,2,2,2,2,1,2,2,2,3,1,1,2,1,1,1,1,9,1,1,1,1,0,0,0,0,0,0,0,0,0,2,9,0,0,12,0,1,0,0,0,1,1,2,3,2,1,2,9,9,2,9,9,9,0,0,,1,1,1,1,1,1,1,1,9,0,1,1,1,1,1,1,1,2,1,1,1
5947348,UTTARAKHAND,CHAMOLI,POKHARI,2,POKHRI-Town Panchayat,Pokhri (NP) -Vinayakdhaar Ward No. 3,,,,5,3,6,12,5,246473,2,2,3,0,2,19,4,0,0,2,2,2,9,9,234,1,0,0,0,0,0,0,9,9,2015,9,2,2,2,9,0,0,9,1,2,2,1,11,11,11,0,0,1,2,2,2,2,0,0,0,0,2,2,1,2,2,1,2,2,2,2,2,1,2,2,2,2,1,1,2,1,1,1,1,9,1,2,9,1,1,1,1,2,2,3,3,3,1,1,9,10,0,7,0,1,0,0,1,1,1,2,3,2,1,2,1,2,9,9,2,2,0,0,,1,1,1,1,1,1,1,1,2,0,1,1,2,1,1,1,1,1,1,1,1
6480007,UTTARAKHAND,CHAMOLI,POKHARI,2,POKHRI-Town Panchayat,Pokhri (NP) -Guniyala Ward No. 4,,,,1,3,1,5,5,246473,2,2,3,0,2,19,4,0,0,0,0,1,2,9,232,1,5,10,0,1,0,0,9,9,2009,9,2,9,2,9,0,0,9,2,1,1,1,10,5,10,0,0,1,3,3,2,2,0,0,0,0,0,0,1,2,2,1,1,2,2,2,2,1,1,2,2,1,1,1,2,1,2,1,1,9,1,1,1,1,0,0,0,0,0,0,0,0,0,2,9,1,2,7,0,0,0,0,0,1,1,1,2,2,1,2,9,9,2,9,9,9,0,0,,1,1,1,1,1,1,1,1,9,0,1,1,5,1,1,1,1,1,1,1,1
8544400,UTTARAKHAND,CHAMOLI,KARANPRAYAG,1,,,Nauti,Nauti,Karnaprayag,2,3,1,8,5,246487,2,2,3,0,2,4,0,0,0,0,0,1,2,9,220,1,0,0,0,0,0,0,9,9,1990,9,2,2,2,9,0,0,9,2,1,1,5,8,2,8,0,0,1,3,3,3,3,1,1,1,1,0,0,1,2,2,1,2,2,2,2,2,1,2,2,2,2,1,1,2,1,1,1,1,9,1,2,9,1,0,0,0,0,0,0,0,0,0,2,9,3,0,1,0,0,0,0,0,2,1,2,3,2,1,2,9,9,2,9,9,9,0,0,,1,1,1,1,1,1,1,1,2,0,1,2,1,1,1,1,1,2,1,1,2
7476203,UTTARAKHAND,CHAMOLI,KARANPRAYAG,2,Gochar-Municipality,Gochar (NP) -Rawalnagar Talla Ward No.2,,,,4,3,6,8,1,246429,2,2,3,0,2,4,19,0,0,0,0,1,9,9,230,1,0,0,0,0,0,0,9,9,1964,1,2,2,2,2,0,22,1,3,2,2,2,3,2,0,0,3,1,1,1,1,1,0,0,0,0,0,0,1,2,2,1,2,2,2,2,2,1,2,2,2,2,1,1,2,1,1,1,1,9,1,1,1,1,0,0,0,0,0,0,0,0,0,2,9,0,0,5,0,0,0,0,1,2,1,2,3,2,1,1,9,9,9,9,9,9,67,67,1.0,1,1,1,2,1,1,1,1,1,33,1,1,5,1,1,2,2,1,1,1,1
1841916,UTTARAKHAND,CHAMOLI,GAIRSAIN,1,,,Matiyala Laga Kirsal,Kirsal,Gairsain,4,3,6,8,1,246440,2,2,3,0,2,19,4,14,18,0,0,2,9,9,236,1,0,0,0,0,0,0,9,9,2009,1,2,2,2,1,5,3,1,3,1,1,1,3,2,3,0,0,2,1,1,1,1,0,0,0,0,0,0,1,2,2,1,2,2,2,2,2,1,2,2,2,1,1,1,2,1,1,1,1,9,1,1,1,1,0,0,0,0,0,0,0,0,0,1,2,0,0,1,0,0,0,0,0,0,1,2,3,2,1,1,9,9,9,9,9,9,0,0,2.0,1,1,1,2,1,1,2,1,2,0,1,1,2,1,1,2,2,1,1,1,1
5435935,UTTARAKHAND,CHAMOLI,GAIRSAIN,1,,,Randoli,Randoli,Gairsain,4,3,6,8,1,246440,2,2,3,0,2,4,19,14,0,0,0,1,9,9,0,1,0,0,0,0,0,0,9,9,2011,1,2,2,2,2,0,0,1,3,1,1,5,3,1,3,0,0,1,1,1,1,1,0,0,0,0,0,0,1,2,2,1,2,2,2,2,2,1,2,2,2,2,1,1,2,1,1,1,1,9,1,1,1,1,0,0,0,0,0,0,0,0,0,1,2,0,0,1,0,0,0,0,0,0,1,2,3,2,1,1,9,9,9,9,9,9,0,6,1.0,1,1,1,2,1,1,1,1,1,1,1,1,4,1,1,2,2,1,1,1,1
4571575,UTTARAKHAND,CHAMOLI,KARANPRAYAG,1,,,Uttaraun,Uttraon,Karnaprayag,5,3,6,12,1,246446,2,2,3,0,2,4,19,14,0,2,2,1,9,9,200,1,0,0,0,0,0,0,9,9,1956,1,2,2,2,1,2,10,1,3,3,2,7,9,12,7,0,2,1,2,2,2,2,1,1,0,0,3,0,1,2,2,1,2,2,2,2,2,1,2,2,2,3,1,1,1,1,1,1,1,9,1,2,9,1,2,2,2,4,2,4,4,4,4,1,2,0,0,11,0,0,0,2,3,2,1,2,3,2,1,1,1,2,9,9,2,2,231,231,1.0,1,1,1,2,1,1,1,1,1,41,1,1,2,1,1,2,2,1,1,1,1
6081954,UTTARAKHAND,CHAMOLI,KARANPRAYAG,1,,,Jakh,Jakh,Karnaprayag,5,3,6,12,1,246444,2,2,3,0,2,4,19,0,0,2,2,2,9,9,233,1,0,0,0,0,0,0,9,9,1980,1,2,2,2,1,0,0,1,3,5,2,5,12,7,7,2,3,2,1,1,1,1,0,0,0,0,0,0,1,2,1,1,2,2,2,2,1,1,2,2,2,2,1,1,2,1,1,1,1,9,1,2,9,1,4,4,4,4,4,4,4,4,3,1,1,0,0,5,0,0,0,0,0,2,1,2,3,2,2,1,2,2,9,9,2,2,35,0,1.0,1,1,1,2,1,1,1,1,1,15,1,1,2,1,1,2,2,1,1,1,1
2665309,UTTARAKHAND,CHAMOLI,POKHARI,1,,,Birsansera,Birsan Sera,Pokhari,7,3,6,10,1,246473,2,2,3,0,2,4,19,14,0,2,0,2,9,9,226,1,0,0,0,0,0,0,9,9,2007,1,2,2,2,1,2,5,1,3,3,3,5,5,2,2,2,1,2,1,1,1,1,0,0,0,0,0,0,1,2,2,1,2,2,2,2,2,1,2,2,2,2,1,1,2,1,1,2,2,1,1,1,1,1,0,0,0,0,0,0,0,0,0,2,9,0,0,3,0,0,0,0,1,1,1,1,3,2,2,1,2,2,9,9,2,9,17,0,1.0,1,1,1,2,1,1,1,1,2,0,1,1,4,1,1,2,2,1,1,1,1
1032195,UTTARAKHAND,CHAMOLI,GAIRSAIN,1,,,Kushrani Malli,Kusrani,Gairsain,1,3,1,5,1,246486,2,2,3,0,2,4,19,14,18,0,0,2,2,1,228,1,0,0,0,0,0,0,9,9,1991,2,2,9,2,1,0,0,1,3,2,1,2,2,0,2,0,0,2,1,1,1,1,0,0,0,0,0,0,1,2,2,1,2,2,2,2,2,1,2,2,2,2,1,1,2,1,1,1,1,9,1,1,1,1,0,0,0,0,0,0,0,0,0,2,9,0,2,1,0,0,0,0,0,0,1,2,3,2,2,1,9,9,2,9,9,9,0,0,1.0,1,1,1,2,1,1,2,1,9,0,1,2,6,1,1,2,2,1,1,1,1
1944047,UTTARAKHAND,CHAMOLI,NANDANAGAR,1,,,Ala Chak Bura,Aala Jokhana,Ghat,1,3,1,5,1,246435,2,2,3,0,2,4,19,14,0,0,0,2,2,2,224,1,0,0,0,0,1,0,9,9,1989,1,2,9,2,1,3,0,1,3,2,0,2,2,1,2,0,0,1,0,0,1,1,0,0,1,1,1,0,1,2,2,1,2,2,2,2,2,1,2,2,2,2,1,1,1,1,1,1,1,9,1,1,2,2,0,0,0,0,0,0,0,0,0,2,9,0,2,2,0,0,0,0,0,0,1,2,3,2,2,1,9,9,2,9,9,9,30,30,1.0,1,1,1,2,1,1,1,1,9,0,1,1,2,1,1,2,2,1,1,1,1
6694733,UTTARAKHAND,CHAMOLI,KARANPRAYAG,1,,,Sindwani Laga Jhirkoti,Sindrawani,Karnaprayag,1,3,1,5,1,246429,2,2,3,0,2,4,0,0,0,0,0,2,2,1,230,1,0,0,0,2,0,0,9,9,1993,1,2,9,2,2,0,3,1,3,1,1,5,2,1,0,0,2,1,1,0,1,1,0,0,0,0,0,0,1,2,2,1,2,2,2,2,2,1,2,2,2,2,1,1,2,1,1,1,1,9,1,1,2,1,0,0,0,0,0,0,0,0,0,2,9,0,2,1,0,0,0,0,0,0,1,2,3,2,2,1,9,9,2,9,9,9,17,0,1.0,1,1,1,2,1,1,1,1,9,0,1,1,2,1,1,2,2,1,1,1,1
8601160,UTTARAKHAND,CHAMOLI,KARANPRAYAG,1,,,Chatigyala,Bantoli,Karnaprayag,1,3,1,5,1,246449,2,2,3,0,2,4,0,0,0,0,0,2,2,2,224,1,0,0,0,0,0,0,9,9,1970,1,2,9,2,2,0,2,1,3,1,1,5,1,0,0,1,0,2,0,0,1,1,0,0,0,0,0,0,1,2,2,1,2,2,2,2,2,1,2,2,2,2,1,1,2,1,1,1,1,9,1,1,1,1,0,0,0,0,0,0,0,0,0,2,9,0,1,1,0,0,0,0,0,0,1,2,3,2,1,1,9,9,2,9,9,9,0,0,1.0,1,1,1,2,1,1,1,1,9,0,1,1,1,1,1,2,2,1,1,1,1
9402479,UTTARAKHAND,CHAMOLI,GAIRSAIN,1,,,Syalkot,Dhamkar,Gairsain,1,3,1,5,1,246440,2,2,3,0,2,4,14,19,0,0,0,1,2,1,227,1,0,0,0,0,1,1,9,9,2006,1,2,9,2,2,0,2,1,3,1,1,5,2,0,2,0,0,2,1,1,1,1,0,0,0,0,0,0,1,2,2,1,2,2,2,2,2,1,2,2,2,2,1,1,2,1,2,1,1,9,1,1,1,1,0,0,0,0,0,0,0,0,0,1,2,0,0,1,0,0,0,0,0,0,1,2,3,2,2,1,9,9,2,9,9,9,3,0,1.0,1,1,2,2,1,1,1,1,9,0,1,1,2,1,1,2,2,1,1,1,1
2392691,UTTARAKHAND,CHAMOLI,NARAYANBAGAR,1,,,Dewali Laga Chhenkuda,Chhekura,Narayanbagar,1,3,1,5,1,246455,2,2,3,0,2,4,19,0,0,0,0,2,2,1,225,1,0,0,0,0,0,0,9,9,2006,1,2,9,2,2,0,4,1,3,1,1,2,2,1,2,0,0,1,1,1,1,1,0,0,0,0,0,0,1,2,2,1,2,2,2,2,2,1,2,2,2,2,1,1,2,1,1,1,1,9,1,1,1,1,0,0,0,0,0,0,0,0,0,2,9,0,1,1,0,0,0,0,0,0,1,2,3,2,1,1,9,9,2,9,9,9,13,13,1.0,1,1,1,2,1,1,1,1,9,0,1,1,6,1,1,2,2,1,1,1,1
7713114,UTTARAKHAND,CHAMOLI,POKHARI,1,,,Dang Dhar,Ranau,Pokhari,1,3,1,5,1,246473,2,2,3,0,2,4,19,14,0,0,0,2,2,2,227,1,0,0,0,0,0,0,9,9,1982,1,2,9,2,2,0,0,1,3,1,1,2,2,1,2,0,0,1,1,1,1,1,0,0,0,0,0,0,2,2,2,1,2,2,2,2,2,1,2,2,2,1,1,1,2,1,1,1,1,9,1,1,1,1,0,0,0,0,0,0,0,0,0,2,9,0,1,1,0,0,0,0,0,0,1,2,3,2,2,1,9,9,2,9,9,9,0,0,1.0,1,1,1,2,1,1,1,1,9,0,1,1,2,1,1,2,2,1,1,1,1
6061799,UTTARAKHAND,CHAMOLI,DEWAL,1,,,Sarkot,Sarkot,Dewal,1,3,1,5,1,246427,2,2,3,0,2,4,19,0,0,0,0,2,2,2,227,1,0,0,0,0,0,0,9,9,1979,1,2,9,2,2,0,0,1,3,1,1,5,2,1,2,0,0,1,1,0,1,1,0,0,0,0,0,0,1,2,2,1,2,2,2,2,2,1,2,2,2,1,1,1,2,1,1,1,1,9,1,1,1,1,0,0,0,0,0,0,0,0,0,2,9,0,0,1,0,0,0,0,0,0,1,2,3,2,1,1,9,9,2,9,9,9,0,0,1.0,1,1,1,2,1,1,1,1,9,0,1,2,4,1,1,2,2,1,1,1,1
2319635,UTTARAKHAND,CHAMOLI,GAIRSAIN,1,,,Kheti,Kheti,Gairsain,1,3,1,5,1,246440,2,2,3,0,2,4,19,14,0,0,0,2,2,2,228,1,0,0,1,0,0,2,9,9,1948,1,2,9,2,1,10,0,1,3,1,1,5,3,3,0,3,0,1,1,1,2,2,0,0,0,0,0,0,1,2,2,1,2,2,2,2,2,1,2,2,2,2,1,1,2,1,1,1,1,9,1,1,1,1,0,0,0,0,0,0,0,0,0,2,9,0,2,1,0,0,0,0,0,1,1,2,3,2,1,1,9,9,2,9,9,9,5,0,1.0,1,1,1,2,1,1,1,1,9,0,1,2,1,1,1,2,2,1,1,1,1
4191050,UTTARAKHAND,CHAMOLI,KARANPRAYAG,1,,,Sunali,Sunali,Karnaprayag,1,3,1,5,1,246446,2,2,3,0,2,4,0,0,0,0,0,1,2,2,222,1,0,0,0,0,2,0,9,9,1963,1,2,9,2,2,0,4,1,3,1,1,2,3,1,3,0,0,1,2,2,2,2,0,0,0,0,0,0,1,2,2,2,1,2,2,2,2,2,1,2,2,2,1,1,2,1,1,1,1,9,1,1,1,1,0,0,0,0,0,0,0,0,0,2,9,0,2,1,0,0,0,0,0,0,1,2,3,2,1,1,9,9,2,9,9,9,0,0,1.0,1,1,1,2,1,1,1,1,9,0,1,1,1,1,1,2,2,1,1,1,1
9732052,UTTARAKHAND,CHAMOLI,KARANPRAYAG,1,,,Dewal,Dewal,Karnaprayag,1,3,1,5,1,246429,2,2,3,0,2,4,0,0,0,0,0,1,2,1,222,1,0,0,0,1,1,1,9,9,1946,1,2,9,2,2,0,5,1,3,1,1,2,2,3,2,0,0,1,1,1,1,1,0,0,0,0,0,0,1,2,2,1,2,2,2,2,2,1,2,2,2,2,1,1,2,1,1,1,1,9,1,1,1,1,0,0,0,0,0,0,0,0,0,2,9,0,2,1,0,0,0,0,0,0,1,2,3,2,2,1,9,9,2,9,9,9,19,15,1.0,1,1,1,2,1,1,1,1,9,0,1,1,1,1,1,2,2,1,1,1,1
8000013,UTTARAKHAND,CHAMOLI,NANDANAGAR,1,,,Syari Lagga Bangali,Syari Bangali,Ghat,1,3,1,5,1,246435,2,2,3,0,2,4,19,14,0,0,0,2,2,2,227,1,0,0,0,0,4,5,9,9,1992,1,2,9,2,2,0,0,2,3,1,1,5,2,3,2,0,0,1,1,0,1,1,0,0,0,0,0,0,1,2,2,1,2,2,2,2,2,1,2,2,2,2,1,1,2,1,1,1,1,9,1,1,1,1,0,0,0,0,0,0,0,0,0,2,9,0,2,3,0,0,0,0,1,2,1,2,2,2,1,1,9,9,2,9,9,9,0,0,1.0,1,1,1,2,1,1,1,1,9,0,1,1,1,1,1,2,2,2,1,1,1
6093651,UTTARAKHAND,CHAMOLI,DASHOLI,1,,,Baunla,Boala,Dasholi,1,3,1,5,1,246426,2,2,3,0,2,4,0,0,0,0,0,1,2,2,228,1,0,0,0,0,1,1,9,9,1959,2,2,9,2,1,3,2,2,3,1,0,7,3,1,1,0,2,2,1,1,1,1,0,0,0,0,1,1,2,2,2,1,2,2,2,2,2,1,2,2,2,1,1,1,2,1,1,1,1,9,1,1,1,1,0,0,0,0,0,0,0,0,0,2,9,0,1,1,0,0,0,0,0,0,1,2,3,1,1,1,9,9,2,9,9,9,0,0,1.0,1,1,1,2,1,1,1,1,9,0,1,1,2,1,1,2,2,2,1,1,1
5878162,UTTARAKHAND,CHAMOLI,DASHOLI,1,,,Lasi,Lasee,Dasholi,1,3,1,5,1,246424,2,2,3,0,2,4,14,19,0,0,0,1,2,2,212,1,0,1,0,0,0,0,9,9,1945,1,2,9,2,2,0,0,1,3,1,1,2,3,4,0,1,2,1,2,1,2,2,1,1,0,0,0,0,1,2,2,1,2,2,2,2,2,1,2,2,2,2,1,1,2,1,2,1,1,9,1,1,1,1,0,0,0,0,0,0,0,0,0,2,9,0,1,1,0,0,0,0,0,0,1,2,3,2,1,1,9,9,2,9,9,9,0,0,1.0,1,1,1,2,1,1,1,1,9,0,1,1,1,1,1,2,2,2,1,1,1
4548238,UTTARAKHAND,CHAMOLI,DASHOLI,1,,,Maithana,Maithana,Dasholi,1,3,1,5,1,246424,2,2,3,0,2,4,19,14,0,0,0,1,2,2,223,1,0,0,0,0,0,0,9,9,2009,2,2,9,2,2,0,0,2,3,1,1,1,2,0,2,0,0,2,1,1,1,1,0,0,0,0,0,0,1,2,2,1,2,2,2,2,2,1,2,2,2,2,1,1,2,1,1,1,1,9,1,1,2,1,0,0,0,0,0,0,0,0,0,2,9,0,1,1,0,0,0,0,0,0,1,2,3,2,2,1,9,9,2,9,9,9,0,0,1.0,1,1,1,2,1,1,1,1,9,0,1,1,1,1,1,2,2,2,1,1,1
4010873,UTTARAKHAND,CHAMOLI,GAIRSAIN,1,,,Bhalason Urf Jhurkande,Bhalson,Gairsain,1,3,1,5,1,246440,2,2,3,0,2,4,0,0,0,0,0,1,2,1,228,1,0,0,0,0,0,0,9,9,1960,1,2,9,2,2,0,5,1,3,1,0,2,2,0,2,0,0,2,1,1,1,1,0,0,0,0,0,0,1,2,2,1,2,2,2,2,2,1,2,2,2,1,1,1,2,1,1,1,1,9,1,1,1,1,0,0,0,0,0,0,0,0,0,2,9,0,1,1,0,0,0,0,0,0,1,1,3,2,2,1,9,9,2,9,9,9,0,0,1.0,1,1,2,2,1,1,2,1,9,0,1,1,2,1,1,2,2,1,1,1,1
6118955,UTTARAKHAND,CHAMOLI,GAIRSAIN,1,,,Khet,Kheth,Gairsain,1,3,1,5,1,246440,2,2,3,0,2,4,0,0,0,0,0,1,2,2,0,1,0,0,0,0,3,0,9,9,1995,1,2,9,2,1,5,0,1,3,1,1,2,2,2,1,1,0,1,1,1,1,1,0,0,0,0,0,0,1,2,2,1,2,2,2,2,2,1,2,2,2,1,1,1,2,1,1,1,1,9,1,1,1,1,0,0,0,0,0,0,0,0,0,1,2,0,1,1,0,0,0,0,0,0,1,2,3,2,2,1,9,9,2,9,9,9,23,23,1.0,1,1,2,2,1,1,1,1,9,0,1,1,2,1,1,2,2,1,1,1,1
3903328,UTTARAKHAND,CHAMOLI,DASHOLI,2,Chamoli Gopeshwar-Municipality,Chamoli Gopeshwar (MB) -Paduli Papdiyana Ward No.9,,,,1,3,1,5,1,246401,2,2,3,0,2,4,0,0,0,0,0,1,2,2,230,1,2,2,0,0,0,0,9,9,1957,1,2,9,2,2,0,0,1,3,1,1,2,2,2,2,0,0,1,1,0,1,1,0,0,0,0,0,0,1,2,2,1,2,2,2,2,2,1,2,2,2,1,1,1,2,1,1,2,1,9,1,2,9,2,0,0,0,0,0,0,0,0,0,2,9,0,1,1,0,0,0,0,0,0,1,2,3,2,1,1,9,9,2,9,9,9,5,5,1.0,1,1,1,2,1,1,1,1,9,0,1,1,2,1,1,2,2,1,1,1,1
8693316,UTTARAKHAND,CHAMOLI,THARALI,1,,,Gwaldam State,Gwaldam,Tharali,1,3,1,5,1,246441,2,2,3,0,2,4,19,0,0,0,0,2,2,1,2,1,0,0,1,0,1,0,9,9,1986,1,2,9,2,2,0,6,1,3,1,1,7,2,2,2,0,0,1,1,1,1,1,0,0,0,0,0,0,1,2,2,1,2,2,2,2,2,1,2,2,2,1,1,1,2,1,1,1,1,9,1,1,1,1,0,0,0,0,0,0,0,0,0,2,9,0,2,1,0,0,0,0,0,0,1,2,3,2,2,1,9,9,2,9,9,9,0,0,2.0,1,2,1,2,1,1,1,1,9,0,1,2,2,1,1,2,2,1,1,1,1
3706841,UTTARAKHAND,CHAMOLI,GAIRSAIN,1,,,Kunakhet,Kunkhet,Gairsain,1,3,1,5,1,246428,2,2,3,0,2,4,19,14,0,0,0,1,2,1,227,1,1,1,0,0,0,0,9,9,1959,1,2,9,2,1,0,0,1,3,1,1,2,2,2,2,0,0,1,1,1,1,1,0,0,0,0,0,0,1,2,2,1,2,2,2,2,2,1,2,2,2,1,1,1,2,1,1,1,1,9,1,1,1,1,0,0,0,0,0,0,0,0,0,1,2,0,1,1,0,0,0,0,0,0,1,2,3,2,1,1,9,9,2,9,9,9,5,0,1.0,1,1,2,2,1,1,1,1,9,0,1,1,2,1,1,2,2,2,1,1,1
6019751,UTTARAKHAND,CHAMOLI,GAIRSAIN,1,,,Bunga,Boonga,Gairsain,1,3,1,5,1,246440,2,2,3,0,2,4,19,14,0,0,0,1,2,1,227,1,0,0,0,0,5,1,9,9,1999,1,2,9,2,2,0,25,1,3,1,1,2,3,3,2,1,0,2,1,1,1,1,0,0,0,0,3,0,1,2,2,1,2,2,2,2,2,1,2,2,2,1,1,1,2,1,1,1,1,9,1,1,1,1,0,0,0,0,0,0,0,0,0,2,9,0,2,1,0,0,0,0,0,0,1,2,3,2,1,1,9,9,2,9,9,9,25,25,1.0,1,1,1,2,1,1,1,1,9,0,1,2,1,1,1,2,2,1,1,1,1
1065317,UTTARAKHAND,CHAMOLI,DASHOLI,2,Chamoli Gopeshwar-Municipality,Chamoli Gopeshwar (MB) -Kund Colony Ward No.3,,,,1,3,1,5,5,246401,2,2,3,0,2,4,19,0,0,0,0,1,1,9,219,1,5,15,0,1,0,0,9,9,2001,9,2,9,2,9,0,0,9,1,2,2,1,7,2,7,0,0,1,1,1,1,1,0,0,0,0,0,0,1,2,2,1,2,2,2,2,2,1,2,2,2,2,1,1,2,1,2,2,1,9,1,2,9,1,0,0,0,0,0,0,0,0,0,2,9,0,0,1,0,0,0,0,0,0,1,2,3,2,1,2,9,9,2,9,9,9,0,0,,1,1,2,1,1,1,1,1,9,0,1,1,1,1,1,1,1,1,1,1,1
1328638,UTTARAKHAND,CHAMOLI,NARAYANBAGAR,1,,,Kei Painti,Kein Penti,Narayanbagar,8,3,9,10,4,246455,2,2,3,0,2,4,19,0,0,2,0,2,9,9,225,1,0,0,0,0,0,0,9,9,2002,1,2,9,2,1,4,16,1,1,5,3,4,9,5,7,2,0,1,1,1,2,2,0,0,0,0,0,0,1,2,2,1,1,2,2,2,2,1,1,2,2,2,1,1,2,1,1,1,1,9,1,1,2,1,0,0,0,0,0,0,0,0,0,2,9,0,0,3,0,0,0,0,0,1,1,2,3,2,1,2,2,2,9,9,2,9,29,29,1.0,1,1,1,2,1,1,1,1,2,0,1,1,6,1,1,1,3,1,1,2,2
7777595,UTTARAKHAND,CHAMOLI,THARALI,1,,,Ratgaon Chak,Ratgaon,Tharali,4,3,6,8,5,246481,2,2,3,0,2,4,19,14,0,0,0,1,9,9,227,1,0,0,0,0,0,0,9,9,2005,9,2,2,2,9,0,0,9,2,1,1,1,3,7,3,0,0,1,1,1,1,1,0,0,0,0,1,1,1,2,2,1,2,2,2,2,2,1,2,2,2,2,1,1,2,1,2,1,1,9,1,2,9,1,0,0,0,0,0,0,0,0,0,2,9,5,0,0,0,0,0,0,1,1,1,2,3,2,1,2,9,9,9,9,9,9,0,0,,1,1,2,1,1,1,1,1,2,0,1,2,2,1,1,2,2,1,1,1,1
4797549,UTTARAKHAND,CHAMOLI,POKHARI,1,,,Ali,Aali,Pokhari,1,3,1,5,1,246446,2,2,3,0,2,4,19,0,0,0,0,2,2,1,231,1,0,0,0,0,0,0,9,9,1993,1,2,9,2,2,0,1,1,3,1,1,1,3,1,0,1,2,1,1,1,1,1,0,0,0,0,0,0,1,2,2,1,2,2,2,2,2,1,2,2,2,2,1,1,2,1,1,1,2,1,1,1,1,1,0,0,0,0,0,0,0,0,0,2,9,0,2,1,0,0,0,0,0,0,1,2,3,2,2,1,9,9,2,9,9,9,35,35,1.0,1,1,1,2,1,1,1,1,9,0,1,1,4,1,1,2,2,1,1,1,1
9849958,UTTARAKHAND,CHAMOLI,DEWAL,1,,,Choting,Choting,Dewal,1,3,1,5,1,246427,2,2,3,0,2,4,19,14,0,0,0,2,2,2,22,1,0,0,0,0,0,3,9,9,1976,1,2,9,2,2,0,0,1,3,1,1,2,2,1,0,0,2,1,0,0,1,1,0,0,0,0,0,1,1,2,2,1,2,2,2,2,2,1,2,2,2,1,1,1,3,1,1,1,1,9,1,1,1,1,0,0,0,0,0,0,0,0,0,2,9,0,1,1,0,0,0,0,0,0,2,2,1,2,1,1,9,9,2,9,9,9,0,0,1.0,1,2,2,2,1,1,2,1,9,0,1,2,4,1,1,1,2,1,1,1,2
4250527,UTTARAKHAND,CHAMOLI,KARANPRAYAG,1,,,Top,Top,Karnaprayag,1,3,1,5,1,246440,2,2,3,0,2,4,0,0,0,0,0,1,2,2,230,1,0,0,0,0,4,1,9,9,1998,1,2,9,2,2,0,5,1,3,1,1,1,3,1,0,1,2,1,1,0,1,1,0,0,0,0,0,0,1,2,2,1,2,2,2,2,2,1,2,2,2,2,1,1,2,1,1,1,1,9,1,1,2,1,0,0,0,0,0,0,0,0,0,2,9,0,2,1,0,0,0,0,0,0,1,2,3,2,2,1,9,9,2,9,9,9,15,15,1.0,1,1,1,2,1,1,1,1,9,0,1,1,2,1,1,2,2,1,1,1,1
4358574,UTTARAKHAND,CHAMOLI,GAIRSAIN,1,,,Kushrani Talli,Kusrani Talli,Gairsain,2,3,1,8,5,246486,2,2,3,0,2,19,4,0,0,0,0,2,1,9,0,1,1,0,5,2,0,0,9,9,2025,9,9,1,2,9,0,0,9,1,1,1,1,11,12,11,0,0,1,2,2,2,2,1,1,1,1,1,1,1,2,1,1,2,2,2,2,1,1,2,2,2,1,1,1,2,1,1,1,1,9,2,1,1,1,0,0,0,0,0,0,0,0,0,1,9,1,1,5,0,1,1,1,1,2,1,2,3,1,1,1,9,9,2,9,9,9,0,0,,1,1,1,1,1,1,1,1,2,0,1,1,5,1,1,2,2,1,1,1,1
8386799,UTTARAKHAND,CHAMOLI,GAIRSAIN,1,,,Gogana Malla,Gogna Malla,Gairsain,1,3,1,5,1,246486,2,2,3,0,2,4,0,0,0,0,0,1,2,2,235,1,0,0,0,0,0,0,9,9,1998,1,2,9,2,2,0,0,1,3,1,1,5,2,1,0,2,0,1,1,1,1,1,0,0,0,0,0,0,1,2,2,1,2,2,2,2,2,1,2,2,2,2,1,1,2,1,2,1,1,9,1,1,1,1,0,0,0,0,0,0,0,0,0,1,2,0,0,1,0,0,0,0,0,0,1,2,3,2,1,1,9,9,2,9,9,9,0,0,1.0,1,1,1,2,1,1,1,1,9,0,1,1,2,1,1,2,2,1,1,1,1
3190968,UTTARAKHAND,CHAMOLI,NANDANAGAR,1,,,Kumjug,Kumjug,Ghat,1,3,1,5,1,246435,2,2,3,0,2,4,19,14,0,0,0,1,2,2,226,1,0,0,0,0,0,0,9,9,2004,1,2,9,2,1,4,9,1,3,1,1,7,2,1,0,2,0,1,1,1,1,1,0,0,0,0,0,0,1,2,2,1,2,2,2,2,2,1,2,2,2,2,1,1,1,1,1,1,1,9,1,1,1,1,0,0,0,0,0,0,0,0,0,2,9,0,2,2,0,0,0,0,0,1,1,1,3,2,2,1,9,9,2,9,9,9,25,0,1.0,1,1,1,1,1,1,1,1,9,0,1,1,4,1,1,2,2,2,1,1,1
7221134,UTTARAKHAND,CHAMOLI,Jyotirmath,1,,,Malari,Malari,Joshimath,1,3,1,5,1,246443,2,1,3,0,2,4,19,14,0,0,0,1,2,2,226,1,0,0,0,0,0,0,9,9,1961,1,2,9,2,2,0,4,1,3,1,1,1,1,0,1,0,0,2,1,1,1,1,0,0,0,0,0,0,1,2,2,1,2,2,2,2,2,1,2,2,2,2,1,1,2,1,1,1,1,9,1,1,1,1,0,0,0,0,0,0,0,0,0,1,2,0,2,1,0,0,0,0,0,0,1,2,3,2,2,1,9,9,2,9,9,9,10,10,1.0,1,1,1,2,1,1,2,1,9,0,1,1,1,1,1,2,2,1,1,1,1
2100955,UTTARAKHAND,CHAMOLI,NANDANAGAR,1,,,Moling Chak Dhurma,Dhurma,Ghat,5,3,6,12,1,246449,2,2,3,0,2,4,14,19,0,2,2,2,9,9,227,1,0,0,0,0,0,0,9,9,1977,1,2,2,2,1,3,14,1,3,5,2,2,9,6,6,3,0,1,3,3,2,2,0,0,0,0,2,0,1,2,1,1,2,2,2,2,1,1,2,2,2,2,1,1,1,1,2,1,1,9,1,1,1,1,4,4,4,4,4,4,4,4,4,2,9,0,0,10,0,0,0,1,1,1,1,2,3,2,1,1,2,2,9,9,2,2,33,0,1.0,1,2,2,2,1,1,1,1,1,25,1,1,1,1,2,2,2,1,1,1,1
4241182,UTTARAKHAND,CHAMOLI,DEWAL,1,,,Sawad,Sawad,Dewal,1,3,1,5,1,246427,2,2,3,0,2,4,0,0,0,0,0,1,2,2,225,1,0,0,0,0,1,0,9,9,1948,1,2,9,2,2,0,5,1,3,1,1,2,2,1,2,0,0,2,2,2,1,1,0,0,0,0,0,0,1,2,2,1,2,2,2,2,2,1,2,2,2,2,1,1,2,1,1,1,1,9,1,1,1,2,0,0,0,0,0,0,0,0,0,2,9,0,2,1,0,0,0,0,0,0,1,1,3,2,1,1,9,9,2,9,9,9,0,0,1.0,1,1,1,2,1,1,1,1,9,0,1,2,4,1,1,2,2,1,1,1,2
2437079,UTTARAKHAND,CHAMOLI,NARAYANBAGAR,1,,,Ratani,Kewar Malla,Narayanbagar,1,3,1,5,1,246455,2,2,3,0,2,4,0,0,0,0,0,2,2,1,224,1,0,0,0,0,0,1,9,9,1992,1,2,9,2,2,0,3,1,3,1,1,5,2,1,0,0,2,1,0,0,1,1,0,0,0,0,0,1,1,2,2,1,2,2,2,2,2,1,2,2,2,2,1,1,2,1,1,1,2,1,1,1,1,2,0,0,0,0,0,0,0,0,0,2,9,0,2,1,0,0,0,0,0,0,1,2,3,2,1,1,9,9,2,9,9,9,13,13,1.0,1,1,1,2,1,1,1,1,9,0,1,1,6,1,1,2,2,1,1,1,1
5368291,UTTARAKHAND,CHAMOLI,KARANPRAYAG,1,,,Siri,Siri,Karnaprayag,1,3,1,5,1,246444,2,2,3,0,2,4,19,0,0,0,0,2,2,2,230,1,0,0,0,0,2,0,9,9,1984,1,2,9,2,2,0,5,1,3,1,1,2,2,1,2,0,0,1,1,1,1,1,0,0,0,0,0,0,1,2,2,1,2,2,2,2,2,1,2,2,2,2,1,1,2,1,1,1,1,9,1,1,1,1,0,0,0,0,0,0,0,0,0,2,9,0,2,1,0,0,0,0,0,0,1,2,3,2,2,1,9,9,2,9,9,9,13,0,1.0,1,1,1,2,1,1,1,1,9,0,1,1,2,1,1,2,2,1,1,1,1
6156417,UTTARAKHAND,CHAMOLI,Jyotirmath,1,,,Sailang,Selang,Joshimath,1,3,1,5,1,246443,2,2,3,0,2,4,14,0,0,0,0,2,2,2,225,1,1,1,0,0,0,0,9,9,2001,1,2,9,2,2,0,8,1,3,2,2,1,2,1,2,0,0,1,1,1,1,1,0,0,0,0,0,0,1,2,2,1,2,2,2,2,2,1,2,2,2,2,1,1,2,1,1,1,1,9,1,1,1,1,0,0,0,0,0,0,0,0,0,2,9,0,2,1,0,0,0,0,0,0,1,2,3,1,1,1,9,9,2,9,9,9,26,26,1.0,1,1,2,2,1,1,1,1,9,0,1,1,5,1,1,2,2,1,1,1,1
9019297,UTTARAKHAND,CHAMOLI,KARANPRAYAG,1,,,Saij,Silangi,Karnaprayag,1,3,1,5,1,246446,2,2,3,0,2,4,0,0,0,0,0,2,2,1,233,1,0,0,0,0,0,0,9,9,1992,1,2,9,2,2,0,2,1,3,1,0,1,2,1,2,0,0,1,1,0,1,1,0,0,0,0,0,0,1,2,2,1,2,2,2,2,2,1,2,2,2,2,1,1,2,1,1,1,1,9,1,1,1,1,0,0,0,0,0,0,0,0,0,2,9,0,2,1,0,0,0,0,0,0,1,2,3,2,2,1,9,9,2,9,9,9,12,0,1.0,1,1,1,2,1,1,1,1,9,0,1,1,2,1,1,2,2,1,1,1,1
9182131,UTTARAKHAND,CHAMOLI,POKHARI,1,,,Kandai,Kandai Chadrashila,Pokhari,1,3,1,5,1,246446,2,2,3,0,2,4,19,14,0,0,0,2,2,1,224,1,0,0,0,0,1,0,9,9,1999,1,2,9,2,2,0,0,1,3,1,1,5,3,1,3,0,0,1,1,1,1,1,0,0,0,0,1,1,1,2,2,1,2,2,2,2,2,1,2,2,2,1,1,1,2,1,1,1,1,9,1,1,1,1,0,0,0,0,0,0,0,0,0,2,9,1,2,0,0,0,0,0,0,0,1,2,2,2,1,1,9,9,2,9,9,9,0,0,2.0,1,1,1,2,1,1,1,1,9,0,1,1,3,1,1,2,2,1,1,1,1
9706513,UTTARAKHAND,CHAMOLI,GAIRSAIN,1,,,Burakholi,Kheth,Gairsain,1,3,1,5,1,246440,2,2,3,0,2,4,0,0,0,0,0,2,2,2,228,1,0,0,0,0,0,0,9,9,1967,1,2,9,2,1,10,0,1,3,1,1,5,2,1,0,0,2,1,0,0,1,1,0,0,0,0,0,1,1,2,2,1,2,2,2,2,2,1,2,2,2,2,1,1,2,1,1,1,1,9,1,1,1,2,0,0,0,0,0,0,0,0,0,2,9,0,2,1,0,0,0,0,0,0,1,2,3,2,1,1,9,9,2,9,9,9,0,0,1.0,1,1,1,2,1,1,1,1,9,0,1,1,1,1,1,2,2,1,1,1,1
9523556,UTTARAKHAND,CHAMOLI,POKHARI,1,,,Sinau Palla,Sinau Palla,Pokhari,1,3,1,5,1,246473,2,2,3,0,2,4,19,14,0,0,0,2,2,2,230,1,0,0,0,0,0,0,9,9,1903,1,2,9,2,2,0,0,1,3,1,1,1,2,1,2,0,0,1,1,1,1,1,0,0,0,0,0,0,1,2,2,1,2,2,2,2,2,1,2,2,2,2,1,1,2,1,1,1,2,1,1,1,1,2,0,0,0,0,0,0,0,0,0,2,9,0,2,2,0,0,0,0,0,0,1,2,3,2,1,1,9,9,2,9,9,9,0,0,1.0,1,1,1,2,1,1,1,1,9,0,1,1,3,1,1,2,2,2,1,1,1
7334278,UTTARAKHAND,CHAMOLI,THARALI,1,,,Chidanga Khalsa,Chidinga Malla,Tharali,1,3,1,5,1,246441,2,2,3,0,2,4,0,0,0,0,0,2,2,2,224,1,0,0,0,0,1,1,9,9,1971,1,2,9,2,1,6,0,1,3,1,1,5,2,0,0,0,2,2,1,1,1,1,0,0,0,0,1,0,1,2,2,1,2,2,2,2,2,1,2,2,2,1,1,1,2,1,1,1,1,9,1,1,2,2,0,0,0,0,0,0,0,0,0,2,9,0,2,0,0,0,0,0,0,0,1,2,3,2,1,1,9,9,2,9,9,9,0,0,2.0,1,2,1,2,1,1,1,1,9,0,1,1,6,1,1,2,2,1,1,1,1
6194176,UTTARAKHAND,CHAMOLI,POKHARI,1,,,Tamundi,Tamundi,Pokhari,1,3,1,5,1,246473,2,2,3,0,2,4,0,0,0,0,0,2,2,2,228,1,0,0,0,0,0,1,9,9,1999,1,2,9,2,2,0,3,1,3,1,1,2,2,1,1,1,0,1,0,0,1,1,0,0,0,0,0,0,1,2,2,1,2,2,2,2,2,1,2,2,2,2,1,1,2,1,1,1,1,9,1,1,1,2,0,0,0,0,0,0,0,0,0,2,9,0,1,1,0,0,0,0,0,0,1,1,3,2,1,1,9,9,2,9,9,9,7,0,1.0,1,1,1,2,1,1,2,1,9,0,1,1,2,1,1,2,2,2,1,1,1
9408040,UTTARAKHAND,CHAMOLI,DASHOLI,1,,,Gauhana,Gauna,Dasholi,1,3,1,5,1,246424,2,2,3,0,2,4,14,19,0,0,0,2,2,2,224,1,0,0,0,0,2,0,9,9,1948,1,2,9,2,2,0,10,1,3,1,1,1,5,2,5,0,0,1,2,2,2,2,1,1,0,0,0,0,1,2,2,1,2,2,2,2,2,1,2,2,2,2,1,1,2,1,1,1,1,9,1,1,1,1,0,0,0,0,0,0,0,0,0,2,9,0,2,1,0,0,0,0,0,0,2,2,3,2,1,1,9,9,2,9,9,9,0,0,1.0,1,1,1,2,1,1,1,1,9,0,1,1,1,1,1,2,2,2,1,1,1
5948665,UTTARAKHAND,CHAMOLI,NANDANAGAR,1,,,Padairgaon,Padergaon,Ghat,1,3,1,5,1,246435,2,2,3,0,2,4,19,14,0,0,0,2,2,2,223,1,0,0,0,0,2,3,9,9,1962,1,2,9,2,2,0,0,1,3,1,1,1,2,1,2,0,0,1,2,1,1,1,1,0,0,0,0,0,1,2,2,1,2,2,2,2,2,1,2,2,2,2,1,1,1,1,1,1,1,9,1,1,2,1,0,0,0,0,0,0,0,0,0,2,9,0,2,1,0,0,0,0,0,0,1,1,3,2,1,1,9,9,2,9,9,9,0,0,1.0,1,2,2,2,1,1,1,1,9,0,1,1,1,1,1,2,2,2,1,1,1
1163274,UTTARAKHAND,CHAMOLI,Jyotirmath,1,,,Pagnau,Pagno,Joshimath,1,3,1,5,1,246472,2,2,3,0,2,4,19,14,0,0,0,2,2,2,225,1,0,0,0,0,0,2,9,9,1999,2,2,9,2,1,0,0,1,3,2,2,1,2,1,2,0,0,1,1,1,1,1,0,0,0,0,0,0,1,2,2,1,2,2,2,2,2,1,2,2,2,2,1,1,2,1,2,2,1,9,1,1,1,2,0,0,0,0,0,0,0,0,0,2,9,0,1,1,0,0,0,0,0,0,1,2,3,1,1,1,9,9,2,9,9,9,0,0,1.0,1,2,2,2,1,1,1,1,9,0,1,1,6,1,1,2,2,1,1,1,1
7420987,UTTARAKHAND,CHAMOLI,DEWAL,1,,,Vaan,Van,Dewal,5,3,6,12,1,246427,2,2,3,0,2,4,0,0,0,2,2,2,9,9,210,1,0,0,0,0,0,0,9,9,1976,1,2,2,2,1,0,0,1,3,2,0,5,7,0,0,4,3,2,1,1,2,2,0,0,0,0,0,0,1,2,2,1,2,2,2,2,2,1,2,2,2,2,1,1,1,1,2,2,2,2,1,1,1,2,4,4,4,4,4,4,4,4,4,2,9,0,0,4,0,1,0,0,0,1,1,2,3,2,1,1,2,2,9,9,2,2,0,0,1.0,1,1,1,1,1,1,2,1,1,102,1,1,2,1,1,2,2,1,1,1,2
7967841,UTTARAKHAND,CHAMOLI,NARAYANBAGAR,1,,,Jakh,Jakh Patyun,Narayanbagar,1,3,1,5,1,246455,2,2,3,0,2,4,19,14,0,0,0,2,2,1,228,1,0,0,0,0,0,0,9,9,1999,2,2,9,2,2,0,0,1,3,2,2,2,3,1,1,0,2,2,1,1,2,1,0,0,0,0,0,0,1,2,2,1,2,2,2,2,2,1,2,2,2,2,1,1,2,1,1,1,1,9,1,2,9,2,0,0,0,0,0,0,0,0,0,2,9,0,1,1,0,0,0,0,0,0,1,2,3,2,1,1,9,9,2,9,9,9,0,0,1.0,1,2,2,2,1,1,1,1,9,0,1,1,5,1,1,2,2,1,1,1,2
2094465,UTTARAKHAND,CHAMOLI,NANDANAGAR,1,,,Khunana,Khunana,Ghat,1,3,1,5,1,246449,2,2,3,0,2,4,19,14,0,0,0,1,2,1,225,1,0,0,0,0,0,0,9,9,1964,1,2,9,2,2,0,25,1,3,2,2,2,4,1,4,0,0,1,1,0,1,1,0,0,0,0,0,0,1,2,2,1,2,2,2,2,2,1,2,2,2,2,1,1,2,1,1,1,1,9,1,1,1,1,0,0,0,0,0,0,0,0,0,1,2,0,2,2,0,0,0,0,0,0,1,2,3,2,2,1,9,9,2,9,9,9,0,0,1.0,1,1,1,2,1,1,1,1,9,0,1,1,1,1,1,2,2,2,1,1,1
3432159,UTTARAKHAND,CHAMOLI,NANDANAGAR,1,,,Banswara,Banswada,Ghat,10,3,9,12,4,246449,2,2,3,0,2,4,19,14,0,2,2,1,9,9,236,1,0,0,0,0,0,0,9,9,1999,1,2,9,2,1,2,14,1,1,9,5,2,9,9,9,0,0,1,1,1,1,1,0,0,0,0,2,2,1,2,2,1,2,2,2,2,2,1,2,2,2,2,1,1,2,1,1,1,1,9,1,2,9,1,2,2,2,3,3,3,3,3,2,1,2,2,0,2,0,1,0,0,0,1,1,2,3,1,1,1,2,2,9,9,2,2,0,0,1.0,1,1,1,2,1,1,1,1,2,0,1,1,3,1,2,2,2,1,1,1,1
5327638,UTTARAKHAND,CHAMOLI,GAIRSAIN,1,,,Bhandari Khor,Bhandari Khor,Gairsain,2,3,1,8,5,246431,2,2,3,0,2,4,19,14,0,0,0,1,1,9,225,1,0,1,0,0,0,1,9,9,2003,9,2,2,2,9,0,0,9,1,1,1,1,6,2,6,0,0,1,1,1,1,1,0,0,0,0,0,0,1,2,2,1,2,2,2,2,2,1,2,2,2,2,1,1,2,1,1,1,1,9,1,1,1,2,0,0,0,0,0,0,0,0,0,1,9,1,0,3,0,0,0,0,0,1,1,2,3,2,1,1,9,9,2,9,9,9,0,0,,1,1,1,1,1,1,1,1,2,0,1,2,1,1,1,1,1,1,1,1,1
5443985,UTTARAKHAND,CHAMOLI,Jyotirmath,1,,,Paini,Paini,Joshimath,7,3,6,10,1,246443,2,2,3,0,2,4,19,0,0,2,0,1,9,9,223,1,0,0,0,0,0,0,9,9,1985,1,2,2,2,1,5,18,1,3,2,2,5,3,3,2,0,1,1,1,1,1,1,0,0,0,0,0,0,1,2,2,1,2,2,2,2,2,1,2,2,2,2,1,1,2,1,1,2,1,9,1,2,9,1,0,0,0,0,0,0,0,0,0,1,1,1,0,3,0,1,0,1,1,2,1,1,3,2,1,1,2,2,9,9,2,9,46,43,1.0,1,1,1,1,1,1,1,1,1,21,1,1,2,1,2,2,2,1,1,1,1
3144528,UTTARAKHAND,CHAMOLI,POKHARI,1,,,Masauli,Masoli,Pokhari,7,3,6,10,1,246473,2,2,3,0,2,4,19,0,0,2,0,2,9,9,223,1,0,0,0,0,0,0,9,9,2007,1,2,2,2,1,2,12,1,3,2,2,4,5,2,2,0,3,1,1,1,1,1,1,1,1,1,1,1,1,2,2,1,2,2,2,2,2,1,2,2,2,2,1,1,2,1,1,1,1,9,1,1,1,1,0,0,0,0,0,0,0,0,0,2,9,0,0,4,0,0,0,2,1,1,1,2,3,2,1,1,2,2,9,9,2,9,0,0,1.0,1,1,1,1,1,1,2,1,1,21,1,1,4,1,1,2,2,1,1,1,1
5994124,UTTARAKHAND,CHAMOLI,POKHARI,1,,,Nauli,Nauli,Pokhari,4,3,6,8,1,246473,2,2,3,0,2,4,14,19,0,0,0,2,9,9,228,1,0,0,0,0,0,0,9,9,2010,1,2,2,2,2,0,0,1,3,1,1,2,3,2,3,0,0,1,1,1,1,1,1,1,0,0,0,0,1,2,2,1,2,2,2,2,2,1,2,2,2,1,1,1,2,1,1,1,1,9,1,1,1,1,0,0,0,0,0,0,0,0,0,2,9,0,0,0,0,0,0,0,0,0,1,2,3,2,1,1,9,9,9,9,9,9,0,0,1.0,1,1,1,2,1,1,1,1,2,0,1,1,2,1,1,2,2,1,1,1,1
1374922,UTTARAKHAND,CHAMOLI,THARALI,1,,,Banoli,Banoli,Dwarahat,4,3,6,8,1,246481,2,2,3,0,2,4,19,14,0,0,0,2,9,9,223,1,0,0,0,0,0,0,9,9,2007,1,2,2,2,1,7,0,1,3,1,1,5,3,2,3,0,0,1,1,1,1,1,0,0,0,0,0,0,1,2,2,1,2,2,2,2,2,1,2,2,2,2,1,1,3,1,1,1,1,9,1,2,9,1,0,0,0,0,0,0,0,0,0,2,9,0,0,0,0,0,0,0,0,0,1,2,3,2,2,1,9,9,9,9,9,9,4,5,1.0,1,1,2,2,1,1,1,1,1,0,1,1,2,1,1,2,2,1,1,1,1
5998765,UTTARAKHAND,CHAMOLI,Jyotirmath,1,,,Jakhola,Jakhola,Joshimath,5,3,6,12,1,246472,2,1,3,0,2,4,19,14,0,2,2,2,9,9,226,1,0,0,0,0,0,0,9,9,1980,1,2,2,2,1,3,1,1,3,2,2,5,7,4,3,1,3,1,1,1,1,1,1,1,1,1,1,1,1,2,2,1,1,2,2,2,2,1,1,2,2,2,1,1,1,1,1,2,1,9,1,1,2,1,2,2,2,2,2,2,2,2,2,2,9,0,0,6,0,0,0,2,1,2,1,2,3,1,1,1,2,2,9,9,2,2,103,0,1.0,1,1,2,2,1,1,1,1,1,20,1,1,2,1,1,2,2,1,1,1,1
8496292,UTTARAKHAND,CHAMOLI,Jyotirmath,1,,,Pagnau,Pagno,Joshimath,4,3,6,8,1,246472,2,2,3,0,2,4,14,19,0,0,0,2,9,9,226,1,0,0,0,0,0,0,9,9,2005,2,2,2,2,2,0,0,1,3,1,1,2,3,2,3,0,0,1,2,2,2,2,0,0,0,0,0,0,1,2,2,1,2,2,2,2,2,1,2,2,2,2,1,1,2,1,1,1,1,9,1,1,1,1,0,0,0,0,0,0,0,0,0,2,9,0,0,1,0,0,0,0,0,1,1,2,3,2,1,1,9,9,9,9,9,9,17,17,1.0,1,1,2,2,1,1,1,1,2,0,1,1,1,1,1,2,2,1,1,1,1
8835224,UTTARAKHAND,CHAMOLI,POKHARI,1,,,Kwithi,Kwinthi,Pokhari,7,3,6,10,1,246429,2,2,3,0,2,4,14,19,0,2,0,2,9,9,195,1,0,0,0,0,0,0,9,9,1983,1,2,2,2,1,3,20,1,3,7,7,5,7,2,7,0,0,2,1,1,2,1,0,0,0,0,0,0,1,2,2,1,2,2,2,2,2,1,2,2,2,1,1,1,2,1,1,1,1,9,1,1,1,1,0,0,0,0,0,0,0,0,0,1,2,0,0,5,0,0,0,2,1,1,1,2,3,2,1,1,2,2,9,9,2,9,42,0,1.0,1,1,1,2,1,1,1,1,1,28,1,1,3,1,1,2,3,1,1,1,1
5764901,UTTARAKHAND,CHAMOLI,Jyotirmath,1,,,Dungra,Dungri,Joshimath,1,3,1,5,1,246443,2,2,3,0,2,4,19,14,0,0,0,2,2,1,224,1,0,0,0,0,4,0,9,9,1951,1,2,9,2,2,0,35,1,3,1,0,2,3,1,1,1,1,1,1,1,1,1,1,1,1,1,0,0,1,2,2,1,2,2,2,2,2,1,2,2,2,2,1,1,2,1,1,1,1,9,1,1,1,2,0,0,0,0,0,0,0,0,0,2,9,0,2,1,0,0,0,0,0,0,1,1,3,2,1,1,9,9,2,9,9,9,16,0,1.0,1,1,1,2,1,1,1,1,9,0,1,1,5,1,1,2,2,1,1,1,1
3834809,UTTARAKHAND,CHAMOLI,THARALI,1,,,Hari Nagar Urf Laital,Harinagar ( Letal ),Tharali,1,3,1,5,1,246481,2,2,3,0,2,4,19,14,0,0,0,2,2,1,225,1,0,0,0,0,3,2,9,9,1985,2,2,9,2,2,0,0,1,3,1,1,1,2,1,2,0,0,1,1,1,1,1,0,0,0,0,0,0,1,2,2,1,2,2,2,2,2,1,2,2,2,1,1,1,1,1,1,1,1,9,1,1,1,1,0,0,0,0,0,0,0,0,0,2,9,0,1,1,0,0,0,0,0,0,1,2,3,2,1,1,9,9,2,9,9,9,0,0,1.0,1,2,1,2,1,1,1,1,9,0,1,1,1,1,1,2,2,1,1,1,1
4322642,UTTARAKHAND,CHAMOLI,NARAYANBAGAR,1,,,Bainoli Talli,Beinauli,Narayanbagar,1,3,1,5,1,246444,2,2,3,0,2,4,14,19,0,0,0,2,2,1,225,1,0,0,0,0,1,0,9,9,1978,1,2,9,2,2,0,4,1,3,1,0,2,2,1,0,0,2,1,1,0,1,1,1,1,0,0,0,0,1,2,2,1,2,2,2,2,2,1,2,2,2,2,1,1,2,1,1,1,1,9,1,1,1,1,0,0,0,0,0,0,0,0,0,1,2,0,2,1,0,0,0,0,0,0,1,2,3,2,1,1,9,9,2,9,9,9,13,15,1.0,1,1,1,2,1,1,1,1,9,0,1,1,6,1,1,2,2,1,1,1,2
1758479,UTTARAKHAND,CHAMOLI,GAIRSAIN,1,,,Pajyana Malla,Pyura,Gairsain,1,3,1,5,1,246440,2,2,3,0,2,4,0,0,0,0,0,2,2,2,220,1,0,0,0,1,9,5,9,9,1945,1,2,9,2,2,0,5,1,3,2,1,2,4,5,4,0,0,1,1,1,2,2,0,0,0,0,0,0,1,2,2,1,2,2,2,2,2,1,2,2,2,2,1,1,2,1,2,1,1,9,1,1,1,1,0,0,0,0,0,0,0,0,0,2,9,0,2,3,0,0,0,0,0,1,1,2,3,2,1,1,9,9,2,9,9,9,0,0,1.0,1,1,1,2,1,1,1,1,9,0,1,1,1,1,1,2,2,1,1,1,1
6549090,UTTARAKHAND,CHAMOLI,KARANPRAYAG,1,,,Kuneth,Kuneth,Karnaprayag,1,3,1,5,1,246488,2,2,3,0,2,4,19,14,0,0,0,1,2,2,224,1,0,0,0,0,0,1,9,9,2005,1,2,9,2,1,8,4,1,3,1,1,7,2,1,0,2,0,1,1,0,1,1,0,0,0,0,0,0,1,2,2,1,2,2,2,2,2,1,2,2,2,2,1,1,2,1,1,1,1,9,1,1,1,2,0,0,0,0,0,0,0,0,0,2,9,0,1,1,0,0,0,1,0,0,1,2,3,2,1,1,9,9,2,9,9,9,0,0,1.0,1,1,1,2,1,1,1,1,9,0,1,1,1,1,1,2,2,1,1,1,1
3104308,UTTARAKHAND,CHAMOLI,NANDANAGAR,1,,,Kanol,Kanol,Ghat,4,3,6,8,1,246435,2,2,3,0,2,4,0,0,0,0,0,2,9,9,0,1,0,0,0,0,0,0,9,9,2024,1,2,2,2,1,1,0,2,6,1,1,1,1,0,1,0,0,2,1,1,1,1,0,0,0,0,0,0,1,2,2,1,2,2,2,2,2,1,2,2,2,2,1,1,2,2,2,2,1,9,1,2,9,2,0,0,0,0,0,0,0,0,0,2,9,0,0,0,0,0,0,0,0,0,2,2,3,2,2,1,9,9,9,9,9,9,0,0,2.0,1,1,1,2,2,1,1,1,2,0,1,1,2,1,2,2,2,2,1,1,1
1129430,UTTARAKHAND,CHAMOLI,NARAYANBAGAR,1,,,Ased,Aser,Narayanbagar,5,3,6,12,1,246455,2,2,3,0,2,4,19,14,0,2,2,2,9,9,222,1,0,0,0,0,0,0,9,9,1982,1,2,2,2,1,2,25,1,3,1,1,5,13,4,9,0,4,1,1,1,1,1,0,0,0,0,0,0,1,2,2,1,2,2,2,2,2,1,2,2,2,3,1,1,2,1,1,2,2,1,1,1,2,1,4,4,4,4,4,4,4,4,4,1,1,0,0,10,0,0,0,1,1,3,1,1,3,2,1,1,2,2,9,9,2,2,0,0,1.0,1,1,2,1,1,1,2,1,1,70,1,1,2,1,2,2,2,1,1,1,2
9509485,UTTARAKHAND,CHAMOLI,GAIRSAIN,1,,,Sugar,Bhalson,Gairsain,1,3,1,5,1,246440,2,2,3,0,2,4,0,0,0,0,0,1,2,2,223,1,0,0,0,0,1,3,9,9,1986,1,2,9,2,2,0,0,1,3,1,1,7,3,1,2,1,0,1,1,1,1,1,1,1,0,0,0,0,1,2,2,1,2,2,2,2,2,1,2,2,2,2,1,1,2,1,2,1,1,9,1,1,1,1,0,0,0,0,0,0,0,0,0,2,9,0,2,1,0,0,0,0,0,1,1,2,3,2,1,1,9,9,2,9,9,9,0,0,1.0,1,1,1,2,1,1,1,1,9,0,1,1,2,1,1,2,2,1,1,1,1
8459755,UTTARAKHAND,CHAMOLI,DASHOLI,1,,,Hat,Hat,Dasholi,1,3,1,5,1,246472,2,2,3,0,2,4,19,14,0,0,0,1,2,1,221,1,0,0,0,0,0,0,9,9,1935,1,2,9,2,2,0,3,1,3,1,1,1,2,1,0,2,0,1,2,2,1,1,0,0,0,0,2,2,1,2,2,1,2,2,2,2,2,1,2,2,2,2,1,1,2,1,1,1,1,9,1,1,1,1,0,0,0,0,0,0,0,0,0,2,9,0,2,1,0,0,0,0,0,0,1,2,3,2,1,1,9,9,2,9,9,9,0,0,1.0,1,1,1,2,1,1,1,1,9,0,1,2,2,1,1,2,2,1,1,1,1
5957597,UTTARAKHAND,CHAMOLI,NARAYANBAGAR,1,,,Kandwal Gaon,Kandwal Gaon,Narayanbagar,1,3,1,5,1,246455,2,2,3,0,2,4,19,0,0,0,0,2,2,1,225,1,0,0,0,0,0,0,9,9,1948,1,2,9,2,2,0,2,1,3,2,1,7,2,1,2,0,0,1,1,1,1,1,0,0,0,0,0,0,1,2,2,1,2,2,2,2,2,1,2,2,2,2,1,1,2,1,1,1,1,9,1,1,1,2,0,0,0,0,0,0,0,0,0,2,9,0,1,1,0,0,0,0,0,0,1,2,3,2,1,1,9,9,2,9,9,9,7,7,1.0,1,1,1,2,1,1,1,1,9,0,1,1,4,1,1,2,2,1,1,1,2
8427150,UTTARAKHAND,CHAMOLI,POKHARI,1,,,Sangud,Sagud,Pokhari,1,3,1,5,1,246449,2,2,3,0,2,4,19,14,0,0,0,2,2,2,234,1,0,0,0,0,1,0,9,9,2002,1,2,9,2,2,0,0,1,3,1,1,2,2,1,0,0,2,2,1,1,1,1,0,0,0,0,0,0,1,2,2,1,2,2,2,2,2,1,2,2,2,2,1,1,2,1,1,1,1,9,1,1,1,2,0,0,0,0,0,0,0,0,0,2,9,0,1,1,0,0,0,0,0,0,1,2,3,2,1,1,9,9,2,9,9,9,0,0,1.0,1,1,1,2,1,1,1,1,9,0,1,1,2,1,1,2,2,2,1,1,1
8603308,UTTARAKHAND,CHAMOLI,DASHOLI,2,Chamoli Gopeshwar-Municipality,Chamoli Gopeshwar (MB) -Chamoli Chetrapaal Ward No.11,,,,2,3,1,8,5,246424,2,2,3,0,2,4,0,0,0,0,0,1,1,9,219,1,1,0,0,0,1,0,9,9,1991,9,2,2,2,9,0,0,9,1,1,1,1,6,2,6,0,0,1,2,2,1,1,0,0,0,0,1,1,1,2,2,1,2,2,2,2,2,1,2,2,2,2,1,1,2,1,1,1,1,9,1,2,9,1,0,0,0,0,0,0,0,0,0,1,9,0,0,5,0,0,0,0,0,0,1,2,3,2,1,2,9,9,2,9,9,9,0,0,,1,1,1,1,1,1,1,1,2,0,1,1,2,1,1,2,2,1,1,1,1
3073542,UTTARAKHAND,CHAMOLI,DASHOLI,2,Chamoli Gopeshwar-Municipality,Chamoli Gopeshwar (MB) -Lower Bazaar Ward No.5,,,,4,3,6,8,4,246401,2,2,3,0,2,4,0,0,0,0,0,1,9,9,204,1,0,0,0,0,0,0,9,9,1984,1,2,2,2,2,0,0,1,1,1,1,1,4,5,4,0,0,1,1,1,1,1,1,1,1,1,0,0,1,2,2,1,2,2,2,2,2,1,2,2,2,2,1,1,2,1,1,2,1,9,1,2,9,1,0,0,0,0,0,0,0,0,0,1,2,0,0,1,0,0,1,0,0,1,1,2,3,2,2,1,9,9,9,9,9,9,12,21,1.0,1,1,1,1,1,1,1,1,2,0,1,1,1,1,1,2,2,1,1,1,1
9784401,UTTARAKHAND,CHAMOLI,POKHARI,1,,,Jilasu,Jilasu,Pokhari,2,3,1,8,5,246446,2,2,3,0,2,19,4,0,0,0,0,1,2,9,230,1,0,0,0,0,0,0,9,9,2012,9,2,2,2,9,0,0,9,1,1,1,2,8,17,8,0,0,1,2,2,2,2,0,0,0,0,3,3,1,2,2,1,2,2,2,2,2,1,2,2,2,1,1,1,2,1,1,1,1,9,1,2,9,1,0,0,0,0,0,0,0,0,0,1,9,0,0,10,0,0,0,0,0,1,1,2,3,1,1,2,9,9,2,9,9,9,0,0,,1,1,1,1,1,1,1,1,1,0,1,1,3,1,1,1,1,1,1,1,1
4176349,UTTARAKHAND,CHAMOLI,GAIRSAIN,2,Gairsain-Town Panchayat,Gairsain (NP) -Koliyana Ward No. 5,,,,3,3,1,12,5,246428,2,2,3,0,2,4,19,14,0,2,2,1,1,9,218,1,14,11,0,0,0,1,9,9,2004,9,2,1,1,9,0,0,9,1,2,2,1,18,18,18,0,0,1,5,5,5,5,0,0,0,0,2,0,1,2,2,1,2,2,2,2,2,1,2,2,2,1,1,1,2,1,1,1,1,9,1,1,1,1,1,1,1,2,4,2,4,4,1,1,9,2,0,15,0,0,0,1,1,1,1,2,3,2,1,1,2,2,2,9,2,2,0,0,,1,1,2,1,1,1,1,1,1,20,1,2,2,1,1,1,1,1,1,1,1
