site_id,site_name,site_cluster,village_name,urban_local_body_name,ward_name,block_name,district_name,matched_settlement_id,matched_address,latitude,longitude,coordinate_confidence,coordinate_match_method,school_category_code,school_type_code,total_classrooms,good_classrooms,minor_repair_classrooms,major_repair_classrooms,normal_classroom_capacity,temporary_capacity,available_capacity,building_score,road_score,water_score,electricity_score,land_score,boundary_wall_score,safety_score,accessibility_score,capacity_score,infrastructure_score,facility_suitability_score,safe_site_score,nearest_settlement_id,nearest_settlement_name,nearest_settlement_distance_km,site_status
4086306,Educational Facility,Majyu Lagga Bemru,Majyu Lagga Bemru,,,Dasholi,CHAMOLI,,,,,UNRESOLVED,UNRESOLVED,1,3,2,2,0,0,50,25.0,25,100.0,100.0,100.0,100.0,100.0,0.0,100.0,100.0,6.061,90.0,76.515,65.62,,,,MEDIUM_SUITABILITY
9202177,Educational Facility,Kolson,Kolson,,,Karnaprayag,CHAMOLI,,,,,UNRESOLVED,UNRESOLVED,1,3,3,2,1,0,50,25.0,25,66.667,100.0,100.0,100.0,0.0,100.0,100.0,100.0,6.061,85.0,66.515,60.87,,,,MEDIUM_SUITABILITY
6628377,Educational Facility,Panchali,Panchali,,,Gairsain,CHAMOLI,,,,,UNRESOLVED,UNRESOLVED,1,3,2,2,0,0,50,25.0,25,100.0,0.0,100.0,100.0,0.0,0.0,100.0,40.0,6.061,75.0,61.515,45.37,,,,LOW_SUITABILITY
1780963,Educational Facility,Kot,Kot,,,Narayanbagar,CHAMOLI,,,,,UNRESOLVED,UNRESOLVED,1,3,2,2,0,0,50,25.0,25,100.0,0.0,100.0,100.0,100.0,100.0,100.0,40.0,6.061,100.0,61.515,49.12,,,,LOW_SUITABILITY
5829185,Educational Facility,Sidoli,Sidoli,,,Karnaprayag,CHAMOLI,,,,,UNRESOLVED,UNRESOLVED,1,3,5,5,0,0,125,62.5,62,100.0,0.0,100.0,100.0,100.0,100.0,33.333,40.0,15.152,90.0,57.121,48.14,,,,LOW_SUITABILITY
5188887,Educational Facility,Manakhi,Manakhi,,,Ghat,CHAMOLI,,,,,UNRESOLVED,UNRESOLVED,1,3,2,2,0,0,50,25.0,25,100.0,0.0,100.0,100.0,100.0,0.0,100.0,40.0,6.061,90.0,61.515,47.62,,,,LOW_SUITABILITY
4325108,Educational Facility,Bingar,Bingar,,,Pokhari,CHAMOLI,,,,,UNRESOLVED,UNRESOLVED,1,3,2,2,0,0,50,25.0,25,100.0,0.0,100.0,100.0,0.0,0.0,100.0,40.0,6.061,75.0,61.515,45.37,,,,LOW_SUITABILITY
3090189,Educational Facility,Bhatmwali,Bhatmwali,,,Gairsain,CHAMOLI,,,,,UNRESOLVED,UNRESOLVED,5,3,6,6,0,0,150,75.0,75,100.0,0.0,100.0,100.0,100.0,100.0,100.0,40.0,18.182,100.0,64.545,53.36,,,,MEDIUM_SUITABILITY
9853968,Educational Facility,Topovan,Topovan,,,Joshimath,CHAMOLI,SETTLEMENT_40873,Topovan,30.4861,79.4639,MEDIUM,VILLAGE_NAME,1,3,2,2,0,0,50,25.0,25,100.0,100.0,100.0,100.0,100.0,100.0,100.0,100.0,6.061,100.0,76.515,67.12,SETTLEMENT_40873,Topovan,0.0,MEDIUM_SUITABILITY
7835805,Educational Facility,Kumjug,Kumjug,,,Ghat,CHAMOLI,,,,,UNRESOLVED,UNRESOLVED,7,3,5,2,3,0,50,25.0,25,40.0,100.0,100.0,100.0,100.0,0.0,100.0,100.0,6.061,90.0,58.515,58.42,,,,MEDIUM_SUITABILITY
6410195,Educational Facility,Kwithi,Kwithi,,,Pokhari,CHAMOLI,,,,,UNRESOLVED,UNRESOLVED,1,3,2,2,0,0,50,25.0,25,100.0,0.0,100.0,100.0,0.0,0.0,100.0,40.0,6.061,75.0,61.515,45.37,,,,LOW_SUITABILITY
8856964,Educational Facility,Padmalla,Padmalla,,,Dewal,CHAMOLI,,,,,UNRESOLVED,UNRESOLVED,1,3,3,3,0,0,75,37.5,38,100.0,100.0,100.0,100.0,100.0,100.0,100.0,100.0,9.091,100.0,77.273,68.18,,,,MEDIUM_SUITABILITY
9012679,Educational Facility,Kurad,Kurad,,,Tharali,CHAMOLI,,,,,UNRESOLVED,UNRESOLVED,1,3,3,3,0,0,75,37.5,38,100.0,100.0,100.0,100.0,0.0,100.0,66.667,100.0,9.091,80.0,73.939,63.85,,,,MEDIUM_SUITABILITY
9815463,Educational Facility,Gawar,Gawar,,,Dasholi,CHAMOLI,,,,,UNRESOLVED,UNRESOLVED,1,3,3,3,0,0,75,37.5,38,100.0,100.0,100.0,100.0,0.0,0.0,100.0,100.0,9.091,75.0,77.273,64.43,,,,MEDIUM_SUITABILITY
1009881,Educational Facility,Ghes,Ghes,,,Dewal,CHAMOLI,,,,,UNRESOLVED,UNRESOLVED,1,3,2,2,0,0,50,25.0,25,100.0,0.0,100.0,100.0,100.0,100.0,100.0,40.0,6.061,100.0,61.515,49.12,,,,LOW_SUITABILITY
1822939,Educational Facility,Torati,Torati,,,Dewal,CHAMOLI,,,,,UNRESOLVED,UNRESOLVED,1,3,2,2,0,0,50,25.0,25,100.0,0.0,100.0,100.0,100.0,0.0,100.0,40.0,6.061,90.0,61.515,47.62,,,,LOW_SUITABILITY
9122080,Educational Facility,Raigari,Raigari,,,Joshimath,CHAMOLI,SETTLEMENT_40869,Raigari,30.477774,79.612045,MEDIUM,VILLAGE_NAME,7,3,6,6,0,0,150,75.0,75,100.0,100.0,100.0,100.0,100.0,0.0,100.0,100.0,18.182,90.0,79.545,69.86,SETTLEMENT_40869,Raigari,0.0,MEDIUM_SUITABILITY
9987436,Educational Facility,Bhikauna,Bhikauna,,,Pokhari,CHAMOLI,,,,,UNRESOLVED,UNRESOLVED,1,3,2,2,0,0,50,25.0,25,100.0,0.0,100.0,100.0,100.0,0.0,100.0,40.0,6.061,90.0,61.515,47.62,,,,LOW_SUITABILITY
8980249,Educational Facility,Salaraitoli,Salaraitoli,,,Dasholi,CHAMOLI,,,,,UNRESOLVED,UNRESOLVED,4,3,3,3,0,0,75,37.5,38,100.0,100.0,100.0,100.0,100.0,100.0,100.0,100.0,9.091,100.0,77.273,68.18,,,,MEDIUM_SUITABILITY
8150328,Educational Facility,Bairagana,Bairagana,,,Dasholi,CHAMOLI,,,,,UNRESOLVED,UNRESOLVED,5,3,9,5,3,1,125,62.5,62,55.556,100.0,100.0,100.0,100.0,0.0,100.0,100.0,15.152,90.0,65.455,63.47,,,,MEDIUM_SUITABILITY
5296571,Educational Facility,Joshimath-Municipality,,Joshimath-Municipality,Joshimath (MB) - Gaandhinagar Ward No.1,,CHAMOLI,,,,,UNRESOLVED,UNRESOLVED,3,3,18,18,0,0,450,225.0,225,100.0,100.0,100.0,100.0,100.0,100.0,100.0,100.0,54.545,100.0,88.636,84.09,,,,HIGH_SUITABILITY
9624332,Educational Facility,Nagbugar Urf Farkhet,Nagbugar Urf Farkhet,,,Ghat,CHAMOLI,,,,,UNRESOLVED,UNRESOLVED,7,3,9,8,1,0,200,100.0,100,88.889,0.0,100.0,100.0,0.0,100.0,100.0,40.0,24.242,85.0,62.727,51.9,,,,MEDIUM_SUITABILITY
3750340,Educational Facility,Joshimath-Municipality,,Joshimath-Municipality,Joshimath (MB) - Uper Bazaar-Daando Ward No.6,,CHAMOLI,,,,,UNRESOLVED,UNRESOLVED,5,3,7,7,0,0,175,87.5,88,100.0,100.0,100.0,100.0,100.0,100.0,66.667,100.0,21.212,95.0,76.97,70.34,,,,HIGH_SUITABILITY
6570989,Educational Facility,Tharali-Town Panchayat,,Tharali-Town Panchayat,Tharali (NP) - Uper Bazaar Tharali Ward No. 3,,CHAMOLI,,,,,UNRESOLVED,UNRESOLVED,1,3,5,5,0,0,125,62.5,62,100.0,100.0,100.0,100.0,100.0,100.0,100.0,100.0,15.152,100.0,78.788,70.3,,,,HIGH_SUITABILITY
5597551,Educational Facility,Kanda Maikhura,Kanda Maikhura,,,Karnaprayag,CHAMOLI,,,,,UNRESOLVED,UNRESOLVED,5,3,11,6,5,0,150,75.0,75,54.545,0.0,100.0,100.0,100.0,0.0,100.0,40.0,18.182,90.0,50.909,46.41,,,,LOW_SUITABILITY
9508807,Educational Facility,Chamoli Gopeshwar-Municipality,,Chamoli Gopeshwar-Municipality,Chamoli Gopeshwar (MB) -Sagar Gangol Gaon Ward No.1,,CHAMOLI,,,,,UNRESOLVED,UNRESOLVED,1,3,2,2,0,0,50,25.0,25,100.0,100.0,100.0,100.0,100.0,0.0,100.0,100.0,6.061,90.0,76.515,65.62,,,,MEDIUM_SUITABILITY
3683502,Educational Facility,Bursol,Bursol,,,Tharali,CHAMOLI,,,,,UNRESOLVED,UNRESOLVED,1,3,2,2,0,0,50,25.0,25,100.0,0.0,100.0,100.0,0.0,0.0,100.0,40.0,6.061,75.0,61.515,45.37,,,,LOW_SUITABILITY
7607543,Educational Facility,Padli,Padli,,,Karnaprayag,CHAMOLI,,,,,UNRESOLVED,UNRESOLVED,1,3,3,3,0,0,75,37.5,38,100.0,0.0,100.0,100.0,100.0,0.0,100.0,40.0,9.091,90.0,62.273,48.68,,,,LOW_SUITABILITY
1700764,Educational Facility,Chaunda,Chaunda,,,Tharali,CHAMOLI,,,,,UNRESOLVED,UNRESOLVED,1,3,2,2,0,0,50,25.0,25,100.0,100.0,100.0,100.0,0.0,100.0,100.0,100.0,6.061,85.0,76.515,64.87,,,,MEDIUM_SUITABILITY
8710201,Educational Facility,Pungaon,Pungaon,,,Gairsain,CHAMOLI,,,,,UNRESOLVED,UNRESOLVED,7,3,5,2,0,3,50,25.0,25,40.0,100.0,100.0,100.0,100.0,100.0,100.0,100.0,6.061,100.0,58.515,59.92,,,,MEDIUM_SUITABILITY
8618165,Educational Facility,Gadkot,Gadkot,,,Narayanbagar,CHAMOLI,,,,,UNRESOLVED,UNRESOLVED,5,3,10,4,3,3,100,50.0,50,40.0,0.0,100.0,100.0,100.0,0.0,100.0,40.0,12.121,90.0,45.03,42.54,,,,LOW_SUITABILITY
3251176,Educational Facility,Dhamak,Dhamak,,,Pokhari,CHAMOLI,,,,,UNRESOLVED,UNRESOLVED,5,3,7,4,3,0,100,50.0,50,57.143,0.0,100.0,100.0,100.0,0.0,100.0,40.0,12.121,90.0,50.173,44.6,,,,LOW_SUITABILITY
5247968,Educational Facility,Himani Chack Bahantara,Himani Chack Bahantara,,,Dewal,CHAMOLI,,,,,UNRESOLVED,UNRESOLVED,1,3,2,2,0,0,50,25.0,25,100.0,100.0,100.0,0.0,0.0,0.0,100.0,80.0,6.061,45.0,66.515,50.87,,,,MEDIUM_SUITABILITY
3478590,Educational Facility,Hailang,Hailang,,,Joshimath,CHAMOLI,SETTLEMENT_40822,Hailang,30.525162,79.500225,MEDIUM,VILLAGE_NAME,4,3,4,4,0,0,100,50.0,50,100.0,0.0,100.0,100.0,100.0,0.0,100.0,40.0,12.121,90.0,63.03,49.74,SETTLEMENT_40822,Hailang,0.0,LOW_SUITABILITY
3237711,Educational Facility,Kurar Gunth,Kurar Gunth,,,Ghat,CHAMOLI,,,,,UNRESOLVED,UNRESOLVED,5,3,8,7,1,0,175,87.5,88,87.5,100.0,100.0,100.0,100.0,0.0,100.0,100.0,21.212,90.0,76.553,69.42,,,,MEDIUM_SUITABILITY
7476487,Educational Facility,Sarmola,Sarmola,,,Pokhari,CHAMOLI,,,,,UNRESOLVED,UNRESOLVED,5,3,9,4,4,1,100,50.0,50,44.444,100.0,100.0,100.0,100.0,0.0,100.0,100.0,12.121,90.0,61.364,61.08,,,,MEDIUM_SUITABILITY
9576433,Educational Facility,PIPALKOTI-Town Panchayat,,PIPALKOTI-Town Panchayat,Peepalkoti (NP)- Naurakh Peepalkoti Ward No.1,,CHAMOLI,,,,,UNRESOLVED,UNRESOLVED,2,3,8,8,0,0,200,100.0,100,100.0,100.0,100.0,100.0,100.0,0.0,100.0,100.0,24.242,90.0,81.061,71.98,,,,HIGH_SUITABILITY
3133689,Educational Facility,POKHRI-Town Panchayat,,POKHRI-Town Panchayat,Pokhri (NP) -Guniyala Ward No. 4,,CHAMOLI,,,,,UNRESOLVED,UNRESOLVED,6,3,13,13,0,0,325,162.5,162,100.0,0.0,100.0,100.0,100.0,100.0,100.0,40.0,39.394,100.0,69.848,60.79,,,,MEDIUM_SUITABILITY
1391137,Educational Facility,Joshimath-Municipality,,Joshimath-Municipality,Joshimath (MB) - Painka-Maarwaadi Ward No.2,,CHAMOLI,,,,,UNRESOLVED,UNRESOLVED,3,3,17,17,0,0,425,212.5,212,100.0,100.0,100.0,100.0,0.0,100.0,100.0,100.0,51.515,85.0,87.879,80.78,,,,HIGH_SUITABILITY
4857405,Educational Facility,Ringi,Ringi,,,Joshimath,CHAMOLI,SETTLEMENT_40886,Ringi,30.4780383,79.618965,MEDIUM,VILLAGE_NAME,1,3,2,2,0,0,50,25.0,25,100.0,0.0,100.0,100.0,0.0,0.0,100.0,40.0,6.061,75.0,61.515,45.37,SETTLEMENT_40886,Ringi,0.0,LOW_SUITABILITY
8057750,Educational Facility,Harani Chak Mundoli,Harani Chak Mundoli,,,Dewal,CHAMOLI,,,,,UNRESOLVED,UNRESOLVED,1,3,2,2,0,0,50,25.0,25,100.0,100.0,100.0,100.0,100.0,0.0,100.0,100.0,6.061,90.0,76.515,65.62,,,,MEDIUM_SUITABILITY
4389030,Educational Facility,Nijmola,Nijmola,,,Dasholi,CHAMOLI,,,,,UNRESOLVED,UNRESOLVED,1,3,3,2,0,1,50,25.0,25,66.667,0.0,100.0,100.0,0.0,0.0,100.0,40.0,6.061,75.0,51.515,41.37,,,,LOW_SUITABILITY
3600118,Educational Facility,Kumartoli,Kumartoli,,,Ghat,CHAMOLI,,,,,UNRESOLVED,UNRESOLVED,1,3,7,7,0,0,175,87.5,88,100.0,100.0,100.0,100.0,0.0,100.0,100.0,100.0,21.212,85.0,80.303,70.17,,,,HIGH_SUITABILITY
3907543,Educational Facility,Dhungakholi,Dhungakholi,,,Tharali,CHAMOLI,,,,,UNRESOLVED,UNRESOLVED,1,3,2,2,0,0,50,25.0,25,100.0,100.0,100.0,100.0,100.0,0.0,66.667,100.0,6.061,85.0,73.182,63.54,,,,MEDIUM_SUITABILITY
7315174,Educational Facility,Kandara,Kandara,,,Karnaprayag,CHAMOLI,,,,,UNRESOLVED,UNRESOLVED,1,3,2,2,0,0,50,25.0,25,100.0,100.0,100.0,100.0,0.0,100.0,100.0,100.0,6.061,85.0,76.515,64.87,,,,MEDIUM_SUITABILITY
8873227,Educational Facility,Tugasi,Tugasi,,,Joshimath,CHAMOLI,SETTLEMENT_40868,Tugasi,30.4822562,79.5981038,MEDIUM,VILLAGE_NAME,1,3,2,2,0,0,50,25.0,25,100.0,100.0,100.0,100.0,100.0,0.0,66.667,100.0,6.061,85.0,73.182,63.54,SETTLEMENT_40868,Tugasi,0.0,MEDIUM_SUITABILITY
5670829,Educational Facility,Nail,Nail,,,Pokhari,CHAMOLI,,,,,UNRESOLVED,UNRESOLVED,4,3,3,3,0,0,75,37.5,38,100.0,0.0,100.0,100.0,0.0,0.0,100.0,40.0,9.091,75.0,62.273,46.43,,,,LOW_SUITABILITY
2555804,Educational Facility,Kushrani Talli,Kushrani Talli,,,Gairsain,CHAMOLI,,,,,UNRESOLVED,UNRESOLVED,5,3,7,6,0,1,150,75.0,75,85.714,0.0,100.0,100.0,100.0,0.0,100.0,40.0,18.182,90.0,60.26,50.15,,,,MEDIUM_SUITABILITY
6235394,Educational Facility,Gadseer,Gadseer,,,Narayanbagar,CHAMOLI,,,,,UNRESOLVED,UNRESOLVED,4,3,3,2,0,1,50,25.0,25,66.667,100.0,100.0,100.0,100.0,0.0,100.0,100.0,6.061,90.0,66.515,61.62,,,,MEDIUM_SUITABILITY
7705468,Educational Facility,Kakhda,Kakhda,,,Tharali,CHAMOLI,,,,,UNRESOLVED,UNRESOLVED,7,3,5,5,0,0,125,62.5,62,100.0,100.0,100.0,100.0,100.0,0.0,66.667,100.0,15.152,85.0,75.455,66.72,,,,MEDIUM_SUITABILITY
7863935,Educational Facility,Pudiyani,Pudiyani,,,Karnaprayag,CHAMOLI,,,,,UNRESOLVED,UNRESOLVED,7,3,6,6,0,0,150,75.0,75,100.0,0.0,100.0,100.0,100.0,0.0,100.0,40.0,18.182,90.0,64.545,51.86,,,,MEDIUM_SUITABILITY
9242415,Educational Facility,Nagartangsa,Nagartangsa,,,Dasholi,CHAMOLI,,,,,UNRESOLVED,UNRESOLVED,5,3,8,4,0,4,100,50.0,50,50.0,100.0,100.0,100.0,100.0,0.0,100.0,100.0,12.121,90.0,63.03,61.74,,,,MEDIUM_SUITABILITY
1890783,Educational Facility,Tharali-Town Panchayat,,Tharali-Town Panchayat,Tharali (NP) - Uper Bazaar Tharali Ward No. 3,,CHAMOLI,,,,,UNRESOLVED,UNRESOLVED,5,3,12,8,2,2,200,100.0,100,66.667,0.0,100.0,100.0,100.0,0.0,66.667,40.0,24.242,85.0,52.727,47.9,,,,LOW_SUITABILITY
2965943,Educational Facility,Khal Kumkhori,Khal Kumkhori,,,Gairsain,CHAMOLI,,,,,UNRESOLVED,UNRESOLVED,2,3,11,11,0,0,275,137.5,138,100.0,100.0,100.0,100.0,100.0,100.0,100.0,100.0,33.333,100.0,83.333,76.67,,,,HIGH_SUITABILITY
6154957,Educational Facility,Jokhana,Jokhana,,,Ghat,CHAMOLI,,,,,UNRESOLVED,UNRESOLVED,1,3,2,2,0,0,50,25.0,25,100.0,0.0,100.0,100.0,0.0,100.0,100.0,40.0,6.061,85.0,61.515,46.87,,,,LOW_SUITABILITY
6824113,Educational Facility,Tunji,Tunji,,,Pokhari,CHAMOLI,,,,,UNRESOLVED,UNRESOLVED,1,3,2,2,0,0,50,25.0,25,100.0,0.0,100.0,100.0,0.0,100.0,100.0,40.0,6.061,85.0,61.515,46.87,,,,LOW_SUITABILITY
3874880,Educational Facility,Kandei,Kandei,,,Pokhari,CHAMOLI,,,,,UNRESOLVED,UNRESOLVED,1,3,2,2,0,0,50,25.0,25,100.0,0.0,100.0,100.0,100.0,0.0,100.0,40.0,6.061,90.0,61.515,47.62,,,,LOW_SUITABILITY
8741847,Educational Facility,Joshimath-Municipality,,Joshimath-Municipality,Joshimath (MB) - Ravigram Ward No.9,,CHAMOLI,,,,,UNRESOLVED,UNRESOLVED,1,3,12,12,0,0,300,150.0,150,100.0,100.0,100.0,100.0,100.0,100.0,100.0,100.0,36.364,100.0,84.091,77.73,,,,HIGH_SUITABILITY
3087264,Educational Facility,Lwanh,Lwanh,,,Dasholi,CHAMOLI,,,,,UNRESOLVED,UNRESOLVED,1,3,2,2,0,0,50,25.0,25,100.0,100.0,100.0,100.0,0.0,100.0,100.0,100.0,6.061,85.0,76.515,64.87,,,,MEDIUM_SUITABILITY
1294087,Educational Facility,Kola Dungari,Kola Dungari,,,Karnaprayag,CHAMOLI,,,,,UNRESOLVED,UNRESOLVED,1,3,2,2,0,0,50,25.0,25,100.0,100.0,100.0,100.0,100.0,0.0,100.0,100.0,6.061,90.0,76.515,65.62,,,,MEDIUM_SUITABILITY
2592242,Educational Facility,POKHRI-Town Panchayat,,POKHRI-Town Panchayat,Pokhri (NP) -Pokhri Lower Ward No. 2,,CHAMOLI,,,,,UNRESOLVED,UNRESOLVED,1,3,5,5,0,0,125,62.5,62,100.0,100.0,100.0,100.0,100.0,0.0,100.0,100.0,15.152,90.0,78.788,68.8,,,,MEDIUM_SUITABILITY
9711359,Educational Facility,Pindawali,Pindawali,,,Gairsain,CHAMOLI,,,,,UNRESOLVED,UNRESOLVED,1,3,3,3,0,0,75,37.5,38,100.0,0.0,100.0,100.0,100.0,100.0,100.0,40.0,9.091,100.0,62.273,50.18,,,,MEDIUM_SUITABILITY
7016854,Educational Facility,Dumak,Dumak,,,Joshimath,CHAMOLI,SETTLEMENT_40829,Dumak,30.5072396,79.3831468,MEDIUM,VILLAGE_NAME,1,3,3,2,0,1,50,25.0,25,66.667,0.0,100.0,100.0,100.0,0.0,100.0,40.0,6.061,90.0,51.515,43.62,SETTLEMENT_40829,Dumak,0.0,LOW_SUITABILITY
7405441,Educational Facility,Valli,Valli,,,Pokhari,CHAMOLI,,,,,UNRESOLVED,UNRESOLVED,1,3,3,3,0,0,75,37.5,38,100.0,0.0,100.0,100.0,100.0,100.0,100.0,40.0,9.091,100.0,62.273,50.18,,,,MEDIUM_SUITABILITY
7841035,Educational Facility,Toli Laaga Gailung,Toli Laaga Gailung,,,Pokhari,CHAMOLI,,,,,UNRESOLVED,UNRESOLVED,1,3,2,2,0,0,50,25.0,25,100.0,0.0,100.0,100.0,100.0,100.0,100.0,40.0,6.061,100.0,61.515,49.12,,,,LOW_SUITABILITY
8086157,Educational Facility,Trishula,Trishula,,,Pokhari,CHAMOLI,,,,,UNRESOLVED,UNRESOLVED,1,3,3,3,0,0,75,37.5,38,100.0,100.0,100.0,100.0,0.0,100.0,100.0,100.0,9.091,85.0,77.273,65.93,,,,MEDIUM_SUITABILITY
7055128,Educational Facility,Udaypur Laga Choting,Udaypur Laga Choting,,,Dewal,CHAMOLI,,,,,UNRESOLVED,UNRESOLVED,1,3,2,2,0,0,50,25.0,25,100.0,0.0,100.0,100.0,100.0,0.0,100.0,40.0,6.061,90.0,61.515,47.62,,,,LOW_SUITABILITY
7524390,Educational Facility,Thirpak,Thirpak,,,Karnaprayag,CHAMOLI,,,,,UNRESOLVED,UNRESOLVED,1,3,2,2,0,0,50,25.0,25,100.0,100.0,100.0,100.0,0.0,0.0,100.0,100.0,6.061,75.0,76.515,63.37,,,,MEDIUM_SUITABILITY
1026198,Educational Facility,Chamola,Chamola,,,Karnaprayag,CHAMOLI,,,,,UNRESOLVED,UNRESOLVED,1,3,2,2,0,0,50,25.0,25,100.0,100.0,100.0,100.0,100.0,100.0,100.0,100.0,6.061,100.0,76.515,67.12,,,,MEDIUM_SUITABILITY
9650468,Educational Facility,Bangaon Malla,Bangaon Malla,,,Karnaprayag,CHAMOLI,,,,,UNRESOLVED,UNRESOLVED,1,3,2,2,0,0,50,25.0,25,100.0,100.0,100.0,100.0,0.0,0.0,100.0,100.0,6.061,75.0,76.515,63.37,,,,MEDIUM_SUITABILITY
7245067,Educational Facility,Tapon,Tapon,,,Joshimath,CHAMOLI,SETTLEMENT_40839,Tapon,30.494761,79.473569,MEDIUM,VILLAGE_NAME,1,3,2,2,0,0,50,25.0,25,100.0,100.0,100.0,100.0,100.0,0.0,100.0,100.0,6.061,90.0,76.515,65.62,SETTLEMENT_40839,Tapon,0.0,MEDIUM_SUITABILITY
6298139,Educational Facility,Sarna,Sarna,,,Pokhari,CHAMOLI,,,,,UNRESOLVED,UNRESOLVED,7,3,3,3,0,0,75,37.5,38,100.0,0.0,100.0,100.0,0.0,100.0,100.0,40.0,9.091,85.0,62.273,47.93,,,,LOW_SUITABILITY
4957986,Educational Facility,Gochar-Municipality,,Gochar-Municipality,Gochar (NP) -Rawalnagar Talla Ward No.2,,CHAMOLI,,,,,UNRESOLVED,UNRESOLVED,5,1,11,3,4,4,75,37.5,38,27.273,100.0,100.0,100.0,100.0,0.0,100.0,100.0,9.091,90.0,55.455,57.95,,,,MEDIUM_SUITABILITY
3480324,Educational Facility,Malai,Malai,,,Gairsain,CHAMOLI,,,,,UNRESOLVED,UNRESOLVED,5,3,7,7,0,0,175,87.5,88,100.0,0.0,100.0,100.0,100.0,0.0,100.0,40.0,21.212,90.0,65.303,52.92,,,,MEDIUM_SUITABILITY
6238303,Educational Facility,Urgam,Urgam,,,Joshimath,CHAMOLI,SETTLEMENT_40817,Urgam,30.5400882,79.4566318,MEDIUM,VILLAGE_NAME,5,3,10,7,1,2,175,87.5,88,70.0,0.0,100.0,100.0,100.0,0.0,100.0,40.0,21.212,90.0,56.303,49.32,SETTLEMENT_40817,Urgam,0.0,LOW_SUITABILITY
3752308,Educational Facility,Silkhola Laga Ichchholi,Silkhola Laga Ichchholi,,,Dewal,CHAMOLI,,,,,UNRESOLVED,UNRESOLVED,1,3,5,5,0,0,125,62.5,62,100.0,100.0,100.0,100.0,100.0,100.0,100.0,100.0,15.152,100.0,78.788,70.3,,,,HIGH_SUITABILITY
1610172,Educational Facility,Palwara Laga Odar,Palwara Laga Odar,,,Dewal,CHAMOLI,,,,,UNRESOLVED,UNRESOLVED,1,3,2,2,0,0,50,25.0,25,100.0,0.0,100.0,100.0,0.0,100.0,100.0,40.0,6.061,85.0,61.515,46.87,,,,LOW_SUITABILITY
4844563,Educational Facility,Gadauta,Gadauta,,,Gairsain,CHAMOLI,,,,,UNRESOLVED,UNRESOLVED,1,3,3,3,0,0,75,37.5,38,100.0,100.0,100.0,100.0,0.0,0.0,100.0,100.0,9.091,75.0,77.273,64.43,,,,MEDIUM_SUITABILITY
2680102,Educational Facility,Uttari Jhuma Khet,Uttari Jhuma Khet,,,Gairsain,CHAMOLI,,,,,UNRESOLVED,UNRESOLVED,1,3,2,2,0,0,50,25.0,25,100.0,100.0,100.0,100.0,100.0,0.0,100.0,100.0,6.061,90.0,76.515,65.62,,,,MEDIUM_SUITABILITY
1746209,Educational Facility,Chamoli Gopeshwar-Municipality,,Chamoli Gopeshwar-Municipality,Chamoli Gopeshwar (MB) -Subhash Nagar Shivaji Ward No.7,,CHAMOLI,,,,,UNRESOLVED,UNRESOLVED,2,3,10,10,0,0,250,125.0,125,100.0,0.0,100.0,100.0,0.0,100.0,100.0,40.0,30.303,85.0,67.576,55.36,,,,MEDIUM_SUITABILITY
9974473,Educational Facility,Bhainti,Bhainti,,,Ghat,CHAMOLI,,,,,UNRESOLVED,UNRESOLVED,1,3,3,3,0,0,75,37.5,38,100.0,0.0,100.0,100.0,100.0,0.0,100.0,40.0,9.091,90.0,62.273,48.68,,,,LOW_SUITABILITY
3752644,Educational Facility,Karnaprayag-Municipality,,Karnaprayag-Municipality,Karnaprayag (NP) -Gaandhinagar Ward No.1,,CHAMOLI,,,,,UNRESOLVED,UNRESOLVED,2,3,12,12,0,0,300,150.0,150,100.0,100.0,100.0,100.0,0.0,100.0,100.0,100.0,36.364,85.0,84.091,75.48,,,,HIGH_SUITABILITY
3009090,Educational Facility,Bemru,Bemru,,,Dasholi,CHAMOLI,,,,,UNRESOLVED,UNRESOLVED,1,3,2,2,0,0,50,25.0,25,100.0,0.0,100.0,100.0,0.0,0.0,100.0,40.0,6.061,75.0,61.515,45.37,,,,LOW_SUITABILITY
8789511,Educational Facility,Lolti,Lolti,,,Tharali,CHAMOLI,,,,,UNRESOLVED,UNRESOLVED,1,3,3,3,0,0,75,37.5,38,100.0,100.0,100.0,100.0,100.0,0.0,100.0,100.0,9.091,90.0,77.273,66.68,,,,MEDIUM_SUITABILITY
3858382,Educational Facility,Ramara Talla,Ramara Talla,,,Gairsain,CHAMOLI,,,,,UNRESOLVED,UNRESOLVED,1,3,3,2,1,0,50,25.0,25,66.667,100.0,100.0,100.0,100.0,0.0,100.0,100.0,6.061,90.0,66.515,61.62,,,,MEDIUM_SUITABILITY
8664836,Educational Facility,Majyari Malli,Majyari Malli,,,Gairsain,CHAMOLI,,,,,UNRESOLVED,UNRESOLVED,1,3,2,2,0,0,50,25.0,25,100.0,0.0,100.0,100.0,100.0,0.0,100.0,40.0,6.061,90.0,61.515,47.62,,,,LOW_SUITABILITY
8435333,Educational Facility,Bhangyul,Bhangyul,,,Joshimath,CHAMOLI,SETTLEMENT_40875,Bhangyul,30.4956893,79.6321168,MEDIUM,VILLAGE_NAME,1,3,4,3,0,1,75,37.5,38,75.0,0.0,100.0,100.0,100.0,0.0,100.0,40.0,9.091,90.0,54.773,45.68,SETTLEMENT_40875,Bhangyul,0.0,LOW_SUITABILITY
9873238,Educational Facility,Airas,Airas,,,Pokhari,CHAMOLI,,,,,UNRESOLVED,UNRESOLVED,1,3,2,2,0,0,50,25.0,25,100.0,0.0,100.0,100.0,100.0,0.0,100.0,40.0,6.061,90.0,61.515,47.62,,,,LOW_SUITABILITY
8393279,Educational Facility,Kandai Khola,Kandai Khola,,,Pokhari,CHAMOLI,,,,,UNRESOLVED,UNRESOLVED,1,3,2,2,0,0,50,25.0,25,100.0,0.0,100.0,100.0,100.0,0.0,100.0,40.0,6.061,90.0,61.515,47.62,,,,LOW_SUITABILITY
3766396,Educational Facility,Sauda Mangara,Sauda Mangara,,,Pokhari,CHAMOLI,,,,,UNRESOLVED,UNRESOLVED,1,3,2,2,0,0,50,25.0,25,100.0,0.0,100.0,100.0,100.0,100.0,100.0,40.0,6.061,100.0,61.515,49.12,,,,LOW_SUITABILITY
3693905,Educational Facility,Bainoli,Bainoli,,,Karnaprayag,CHAMOLI,,,,,UNRESOLVED,UNRESOLVED,1,3,2,2,0,0,50,25.0,25,100.0,100.0,100.0,100.0,100.0,0.0,100.0,100.0,6.061,90.0,76.515,65.62,,,,MEDIUM_SUITABILITY
7446525,Educational Facility,Birsansera,Birsansera,,,Pokhari,CHAMOLI,,,,,UNRESOLVED,UNRESOLVED,1,3,2,2,0,0,50,25.0,25,100.0,0.0,100.0,100.0,100.0,100.0,100.0,40.0,6.061,100.0,61.515,49.12,,,,LOW_SUITABILITY
1123322,Educational Facility,Salud,Salud,,,Joshimath,CHAMOLI,,,,,UNRESOLVED,UNRESOLVED,1,3,2,2,0,0,50,25.0,25,100.0,0.0,100.0,100.0,100.0,100.0,100.0,40.0,6.061,100.0,61.515,49.12,,,,LOW_SUITABILITY
3830086,Educational Facility,Hali Sera Urf Adibadari,Hali Sera Urf Adibadari,,,Gairsain,CHAMOLI,,,,,UNRESOLVED,UNRESOLVED,1,3,2,2,0,0,50,25.0,25,100.0,0.0,100.0,100.0,100.0,100.0,100.0,40.0,6.061,100.0,61.515,49.12,,,,LOW_SUITABILITY
3777185,Educational Facility,Thala,Thala,,,Tharali,CHAMOLI,,,,,UNRESOLVED,UNRESOLVED,1,3,2,2,0,0,50,25.0,25,100.0,100.0,100.0,100.0,0.0,0.0,66.667,100.0,6.061,70.0,73.182,61.29,,,,MEDIUM_SUITABILITY
3741264,Educational Facility,Khainuri,Khainuri,,,Dasholi,CHAMOLI,,,,,UNRESOLVED,UNRESOLVED,5,3,11,3,3,5,75,37.5,38,27.273,0.0,100.0,100.0,100.0,0.0,66.667,40.0,9.091,85.0,37.121,37.87,,,,LOW_SUITABILITY
9081602,Educational Facility,Lankhee,Lankhee,,,Ghat,CHAMOLI,,,,,UNRESOLVED,UNRESOLVED,7,3,5,2,0,3,50,25.0,25,40.0,0.0,100.0,100.0,100.0,0.0,100.0,40.0,6.061,90.0,43.515,40.42,,,,LOW_SUITABILITY
6129327,Educational Facility,Saikot,Saikot,,,Dasholi,CHAMOLI,,,,,UNRESOLVED,UNRESOLVED,2,1,5,5,0,0,125,62.5,62,100.0,100.0,100.0,100.0,100.0,100.0,100.0,100.0,15.152,100.0,78.788,70.3,,,,HIGH_SUITABILITY
7665792,Educational Facility,Thalabair,Thalabair,,,Pokhari,CHAMOLI,,,,,UNRESOLVED,UNRESOLVED,4,3,3,3,0,0,75,37.5,38,100.0,0.0,100.0,100.0,100.0,0.0,100.0,40.0,9.091,90.0,62.273,48.68,,,,LOW_SUITABILITY
5176135,Educational Facility,Harmani Talli,Harmani Talli,,,Narayanbagar,CHAMOLI,,,,,UNRESOLVED,UNRESOLVED,1,3,3,3,0,0,75,37.5,38,100.0,100.0,100.0,100.0,100.0,0.0,100.0,100.0,9.091,90.0,77.273,66.68,,,,MEDIUM_SUITABILITY
7760997,Educational Facility,Naugaon Talla,Naugaon Talla,,,Gairsain,CHAMOLI,,,,,UNRESOLVED,UNRESOLVED,1,3,2,2,0,0,50,25.0,25,100.0,100.0,100.0,100.0,100.0,0.0,100.0,100.0,6.061,90.0,76.515,65.62,,,,MEDIUM_SUITABILITY
5388146,Educational Facility,Devgram,Devgram,,,Joshimath,CHAMOLI,,,,,UNRESOLVED,UNRESOLVED,1,3,2,2,0,0,50,25.0,25,100.0,0.0,100.0,100.0,100.0,0.0,100.0,40.0,6.061,90.0,61.515,47.62,,,,LOW_SUITABILITY
7002696,Educational Facility,Joshimath-Municipality,,Joshimath-Municipality,Joshimath (MB) - Ravigram Ward No.9,,CHAMOLI,,,,,UNRESOLVED,UNRESOLVED,1,3,8,8,0,0,200,100.0,100,100.0,100.0,100.0,100.0,100.0,100.0,66.667,100.0,24.242,95.0,77.727,71.4,,,,HIGH_SUITABILITY
3268756,Educational Facility,Tharali-Town Panchayat,,Tharali-Town Panchayat,Tharali (NP) - Bhainta Ward No. 1,,CHAMOLI,,,,,UNRESOLVED,UNRESOLVED,6,3,10,10,0,0,250,125.0,125,100.0,100.0,100.0,100.0,100.0,0.0,100.0,100.0,30.303,90.0,82.576,74.11,,,,HIGH_SUITABILITY
6505914,Educational Facility,Talwari Khalsa,Talwari Khalsa,,,Tharali,CHAMOLI,,,,,UNRESOLVED,UNRESOLVED,1,3,2,2,0,0,50,25.0,25,100.0,100.0,100.0,100.0,100.0,0.0,100.0,100.0,6.061,90.0,76.515,65.62,,,,MEDIUM_SUITABILITY
7189135,Educational Facility,Kurar Gunth,Kurar Gunth,,,Ghat,CHAMOLI,,,,,UNRESOLVED,UNRESOLVED,1,3,3,3,0,0,75,37.5,38,100.0,0.0,100.0,100.0,100.0,100.0,100.0,40.0,9.091,100.0,62.273,50.18,,,,MEDIUM_SUITABILITY
2834626,Educational Facility,Ramani,Ramani,,,Ghat,CHAMOLI,,,,,UNRESOLVED,UNRESOLVED,1,3,3,2,0,1,50,25.0,25,66.667,100.0,100.0,100.0,100.0,0.0,66.667,100.0,6.061,85.0,63.182,59.54,,,,MEDIUM_SUITABILITY
6052160,Educational Facility,Ruisan,Ruisan,,,Tharali,CHAMOLI,,,,,UNRESOLVED,UNRESOLVED,1,3,2,2,0,0,50,25.0,25,100.0,100.0,100.0,100.0,100.0,0.0,66.667,100.0,6.061,85.0,73.182,63.54,,,,MEDIUM_SUITABILITY
7586831,Educational Facility,Nagbugar Urf Farkhet,Nagbugar Urf Farkhet,,,Ghat,CHAMOLI,,,,,UNRESOLVED,UNRESOLVED,1,3,3,2,1,0,50,25.0,25,66.667,0.0,100.0,100.0,0.0,100.0,100.0,40.0,6.061,85.0,51.515,42.87,,,,LOW_SUITABILITY
2443292,Educational Facility,Nagartangsa,Nagartangsa,,,Dasholi,CHAMOLI,,,,,UNRESOLVED,UNRESOLVED,1,3,2,2,0,0,50,25.0,25,100.0,100.0,100.0,100.0,100.0,0.0,100.0,100.0,6.061,90.0,76.515,65.62,,,,MEDIUM_SUITABILITY
4839267,Educational Facility,Dungri,Dungri,,,Tharali,CHAMOLI,,,,,UNRESOLVED,UNRESOLVED,5,3,15,8,4,3,200,100.0,100,53.333,0.0,100.0,100.0,100.0,0.0,100.0,40.0,24.242,90.0,52.061,48.38,,,,LOW_SUITABILITY
5244079,Educational Facility,Ganoli,Ganoli,,,Karnaprayag,CHAMOLI,,,,,UNRESOLVED,UNRESOLVED,1,3,2,2,0,0,50,25.0,25,100.0,0.0,100.0,100.0,0.0,0.0,100.0,40.0,6.061,75.0,61.515,45.37,,,,LOW_SUITABILITY
5338900,Educational Facility,Gairsain-Town Panchayat,,Gairsain-Town Panchayat,Gairsain (NP) -Gairsain Pashchimi Bhaag Ward No. 4,,CHAMOLI,,,,,UNRESOLVED,UNRESOLVED,2,3,21,21,0,0,525,262.5,262,100.0,100.0,100.0,100.0,100.0,0.0,100.0,100.0,63.636,90.0,90.909,85.77,,,,HIGH_SUITABILITY
5952462,Educational Facility,Silodi,Silodi,,,Narayanbagar,CHAMOLI,,,,,UNRESOLVED,UNRESOLVED,1,3,2,2,0,0,50,25.0,25,100.0,0.0,100.0,100.0,0.0,0.0,100.0,40.0,6.061,75.0,61.515,45.37,,,,LOW_SUITABILITY
8176661,Educational Facility,Kandara,Kandara,,,Karnaprayag,CHAMOLI,,,,,UNRESOLVED,UNRESOLVED,1,3,4,4,0,0,100,50.0,50,100.0,0.0,100.0,100.0,100.0,100.0,100.0,40.0,12.121,100.0,63.03,51.24,,,,MEDIUM_SUITABILITY
2563691,Educational Facility,Banswara Chak Sainti,Banswara Chak Sainti,,,Ghat,CHAMOLI,,,,,UNRESOLVED,UNRESOLVED,2,3,7,7,0,0,175,87.5,88,100.0,100.0,100.0,100.0,0.0,100.0,100.0,100.0,21.212,85.0,80.303,70.17,,,,HIGH_SUITABILITY
4783419,Educational Facility,POKHRI-Town Panchayat,,POKHRI-Town Panchayat,Pokhri (NP) -Pokhri Lower Ward No. 2,,CHAMOLI,,,,,UNRESOLVED,UNRESOLVED,1,3,5,5,0,0,125,62.5,62,100.0,0.0,100.0,100.0,100.0,0.0,100.0,40.0,15.152,90.0,63.788,50.8,,,,MEDIUM_SUITABILITY
6338583,Educational Facility,Kathur,Kathur,,,Dasholi,CHAMOLI,,,,,UNRESOLVED,UNRESOLVED,1,3,2,2,0,0,50,25.0,25,100.0,100.0,100.0,100.0,100.0,100.0,100.0,100.0,6.061,100.0,76.515,67.12,,,,MEDIUM_SUITABILITY
5798541,Educational Facility,Chamoli Gopeshwar-Municipality,,Chamoli Gopeshwar-Municipality,Chamoli Gopeshwar (MB) -Naigwaad Ward No.8,,CHAMOLI,,,,,UNRESOLVED,UNRESOLVED,2,3,11,11,0,0,275,137.5,138,100.0,100.0,100.0,100.0,0.0,100.0,100.0,100.0,33.333,85.0,83.333,74.42,,,,HIGH_SUITABILITY
5298970,Educational Facility,Dhar Dungri,Dhar Dungri,,,Karnaprayag,CHAMOLI,,,,,UNRESOLVED,UNRESOLVED,1,3,2,2,0,0,50,25.0,25,100.0,100.0,100.0,100.0,0.0,0.0,100.0,100.0,6.061,75.0,76.515,63.37,,,,MEDIUM_SUITABILITY
7418666,Educational Facility,Chamoli Gopeshwar-Municipality,,Chamoli Gopeshwar-Municipality,Chamoli Gopeshwar (MB) -Subhash Nagar Shivaji Ward No.7,,CHAMOLI,,,,,UNRESOLVED,UNRESOLVED,4,3,3,2,1,0,50,25.0,25,66.667,0.0,100.0,100.0,0.0,0.0,100.0,40.0,6.061,75.0,51.515,41.37,,,,LOW_SUITABILITY
9839827,Educational Facility,Suiyya,Suiyya,,,Dewal,CHAMOLI,,,,,UNRESOLVED,UNRESOLVED,1,3,2,2,0,0,50,25.0,25,100.0,100.0,100.0,100.0,100.0,0.0,100.0,100.0,6.061,90.0,76.515,65.62,,,,MEDIUM_SUITABILITY
4671683,Educational Facility,Chidanga State,Chidanga State,,,Tharali,CHAMOLI,,,,,UNRESOLVED,UNRESOLVED,1,3,2,2,0,0,50,25.0,25,100.0,100.0,100.0,100.0,0.0,100.0,100.0,100.0,6.061,85.0,76.515,64.87,,,,MEDIUM_SUITABILITY
5412299,Educational Facility,Tangala,Tangala,,,Ghat,CHAMOLI,,,,,UNRESOLVED,UNRESOLVED,1,3,2,2,0,0,50,25.0,25,100.0,100.0,100.0,100.0,0.0,100.0,100.0,100.0,6.061,85.0,76.515,64.87,,,,MEDIUM_SUITABILITY
1812555,Educational Facility,Niti,Niti,,,Joshimath,CHAMOLI,SETTLEMENT_40889,Niti,30.7776642,79.8411215,MEDIUM,VILLAGE_NAME,1,3,2,2,0,0,50,25.0,25,100.0,100.0,100.0,100.0,0.0,100.0,100.0,100.0,6.061,85.0,76.515,64.87,SETTLEMENT_40889,Niti,0.0,MEDIUM_SUITABILITY
2694686,Educational Facility,Chulakot,Chulakot,,,Karnaprayag,CHAMOLI,,,,,UNRESOLVED,UNRESOLVED,1,3,2,2,0,0,50,25.0,25,100.0,0.0,100.0,100.0,100.0,0.0,100.0,40.0,6.061,90.0,61.515,47.62,,,,LOW_SUITABILITY
7755020,Educational Facility,Kamera,Kamera,,,Karnaprayag,CHAMOLI,,,,,UNRESOLVED,UNRESOLVED,1,3,3,3,0,0,75,37.5,38,100.0,100.0,100.0,100.0,100.0,0.0,100.0,100.0,9.091,90.0,77.273,66.68,,,,MEDIUM_SUITABILITY
7037659,Educational Facility,Sitel,Sitel,,,Ghat,CHAMOLI,,,,,UNRESOLVED,UNRESOLVED,1,3,4,4,0,0,100,50.0,50,100.0,0.0,100.0,100.0,0.0,0.0,100.0,40.0,12.121,75.0,63.03,47.49,,,,LOW_SUITABILITY
4858615,Educational Facility,Uttaraun,Uttaraun,,,Karnaprayag,CHAMOLI,,,,,UNRESOLVED,UNRESOLVED,1,3,2,2,0,0,50,25.0,25,100.0,100.0,100.0,100.0,100.0,0.0,100.0,100.0,6.061,90.0,76.515,65.62,,,,MEDIUM_SUITABILITY
7997760,Educational Facility,Pokhani Urf Pokhari,Pokhani Urf Pokhari,,,Joshimath,CHAMOLI,SETTLEMENT_40835,Pokhani Urf Pokhari,30.476002,79.433276,MEDIUM,VILLAGE_NAME,1,3,2,2,0,0,50,25.0,25,100.0,0.0,100.0,100.0,100.0,100.0,100.0,40.0,6.061,100.0,61.515,49.12,SETTLEMENT_40835,Pokhani Urf Pokhari,0.0,LOW_SUITABILITY
5061929,Educational Facility,Bajwar,Bajwar,,,Tharali,CHAMOLI,,,,,UNRESOLVED,UNRESOLVED,1,3,2,2,0,0,50,25.0,25,100.0,0.0,100.0,100.0,100.0,0.0,66.667,40.0,6.061,85.0,58.182,45.54,,,,LOW_SUITABILITY
4476556,Educational Facility,Jaikandi,Jaikandi,,,Karnaprayag,CHAMOLI,,,,,UNRESOLVED,UNRESOLVED,3,3,33,33,0,0,825,412.5,412,100.0,100.0,100.0,100.0,100.0,100.0,100.0,100.0,100.0,100.0,100.0,100.0,,,,HIGH_SUITABILITY
5154502,Educational Facility,Kirasal,Kirasal,,,Gairsain,CHAMOLI,,,,,UNRESOLVED,UNRESOLVED,2,3,8,8,0,0,200,100.0,100,100.0,100.0,100.0,100.0,0.0,100.0,100.0,100.0,24.242,85.0,81.061,71.23,,,,HIGH_SUITABILITY
4925564,Educational Facility,Lasiyari,Lasiyari,,,Dasholi,CHAMOLI,,,,,UNRESOLVED,UNRESOLVED,1,3,2,2,0,0,50,25.0,25,100.0,100.0,100.0,100.0,0.0,0.0,100.0,100.0,6.061,75.0,76.515,63.37,,,,MEDIUM_SUITABILITY
6989139,Educational Facility,Ritholi,Ritholi,,,Karnaprayag,CHAMOLI,,,,,UNRESOLVED,UNRESOLVED,1,3,2,2,0,0,50,25.0,25,100.0,0.0,100.0,100.0,0.0,0.0,100.0,40.0,6.061,75.0,61.515,45.37,,,,LOW_SUITABILITY
2449088,Educational Facility,Maharbagti,Maharbagti,,,Ghat,CHAMOLI,,,,,UNRESOLVED,UNRESOLVED,1,3,3,3,0,0,75,37.5,38,100.0,0.0,100.0,100.0,100.0,0.0,66.667,40.0,9.091,85.0,58.939,46.6,,,,LOW_SUITABILITY
3691807,Educational Facility,Pajyana,Pajyana,,,Gairsain,CHAMOLI,,,,,UNRESOLVED,UNRESOLVED,1,3,4,3,0,1,75,37.5,38,75.0,0.0,100.0,100.0,100.0,0.0,100.0,40.0,9.091,90.0,54.773,45.68,,,,LOW_SUITABILITY
1171873,Educational Facility,Kafoli Malli,Kafoli Malli,,,Narayanbagar,CHAMOLI,,,,,UNRESOLVED,UNRESOLVED,11,3,4,4,0,0,100,50.0,50,100.0,0.0,100.0,100.0,0.0,0.0,100.0,40.0,12.121,75.0,63.03,47.49,,,,LOW_SUITABILITY
8711174,Educational Facility,Bansoli Walli,Bansoli Walli,,,Karnaprayag,CHAMOLI,,,,,UNRESOLVED,UNRESOLVED,4,3,3,3,0,0,75,37.5,38,100.0,0.0,100.0,100.0,100.0,0.0,100.0,40.0,9.091,90.0,62.273,48.68,,,,LOW_SUITABILITY
4513176,Educational Facility,Koti,Koti,,,Karnaprayag,CHAMOLI,,,,,UNRESOLVED,UNRESOLVED,5,3,11,3,3,5,75,37.5,38,27.273,0.0,100.0,100.0,100.0,0.0,100.0,40.0,9.091,90.0,40.455,39.95,,,,LOW_SUITABILITY
4286711,Educational Facility,Bunga,Bunga,,,Sult,CHAMOLI,,,,,UNRESOLVED,UNRESOLVED,4,3,3,2,0,1,50,25.0,25,66.667,0.0,100.0,100.0,0.0,0.0,66.667,40.0,6.061,70.0,48.182,39.29,,,,LOW_SUITABILITY
7237477,Educational Facility,Joshimath-Municipality,,Joshimath-Municipality,Joshimath (MB) - Singhdhaar Ward No.4,,CHAMOLI,,,,,UNRESOLVED,UNRESOLVED,5,3,7,7,0,0,175,87.5,88,100.0,100.0,100.0,100.0,100.0,100.0,66.667,100.0,21.212,95.0,76.97,70.34,,,,HIGH_SUITABILITY
9287557,Educational Facility,Tairakhansal,Tairakhansal,,,Dasholi,CHAMOLI,,,,,UNRESOLVED,UNRESOLVED,1,3,2,2,0,0,50,25.0,25,100.0,100.0,100.0,100.0,0.0,0.0,100.0,100.0,6.061,75.0,76.515,63.37,,,,MEDIUM_SUITABILITY
7483795,Educational Facility,Dada Dhamdhama,Dada Dhamdhama,,,Karnaprayag,CHAMOLI,,,,,UNRESOLVED,UNRESOLVED,4,3,3,3,0,0,75,37.5,38,100.0,100.0,100.0,100.0,100.0,0.0,100.0,100.0,9.091,90.0,77.273,66.68,,,,MEDIUM_SUITABILITY
2169790,Educational Facility,Pilang Chatoli,Pilang Chatoli,,,Dasholi,CHAMOLI,,,,,UNRESOLVED,UNRESOLVED,1,3,2,2,0,0,50,25.0,25,100.0,100.0,100.0,100.0,0.0,100.0,100.0,100.0,6.061,85.0,76.515,64.87,,,,MEDIUM_SUITABILITY
6838625,Educational Facility,Nand Keshari,Nand Keshari,,,Dewal,CHAMOLI,,,,,UNRESOLVED,UNRESOLVED,1,3,5,5,0,0,125,62.5,62,100.0,100.0,100.0,100.0,100.0,100.0,100.0,100.0,15.152,100.0,78.788,70.3,,,,HIGH_SUITABILITY
9161466,Educational Facility,Langtai,Langtai,,,Gairsain,CHAMOLI,,,,,UNRESOLVED,UNRESOLVED,1,3,2,2,0,0,50,25.0,25,100.0,100.0,100.0,100.0,0.0,0.0,100.0,100.0,6.061,75.0,76.515,63.37,,,,MEDIUM_SUITABILITY
3207223,Educational Facility,Rains,Rains,,,Narayanbagar,CHAMOLI,,,,,UNRESOLVED,UNRESOLVED,1,3,2,2,0,0,50,25.0,25,100.0,0.0,100.0,100.0,0.0,0.0,100.0,40.0,6.061,75.0,61.515,45.37,,,,LOW_SUITABILITY
4961217,Educational Facility,Kotera,Kotera,,,Dewal,CHAMOLI,,,,,UNRESOLVED,UNRESOLVED,1,3,2,2,0,0,50,25.0,25,100.0,100.0,100.0,100.0,100.0,0.0,100.0,100.0,6.061,90.0,76.515,65.62,,,,MEDIUM_SUITABILITY
4535130,Educational Facility,Paingadh,Paingadh,,,Tharali,CHAMOLI,,,,,UNRESOLVED,UNRESOLVED,1,3,2,2,0,0,50,25.0,25,100.0,0.0,100.0,100.0,0.0,100.0,66.667,40.0,6.061,80.0,58.182,44.79,,,,LOW_SUITABILITY
1597799,Educational Facility,Bunga,Bunga,,,Sult,CHAMOLI,,,,,UNRESOLVED,UNRESOLVED,1,3,5,5,0,0,125,62.5,62,100.0,100.0,100.0,100.0,100.0,100.0,66.667,100.0,15.152,95.0,75.455,68.22,,,,MEDIUM_SUITABILITY
3852723,Educational Facility,Topovan,Topovan,,,Joshimath,CHAMOLI,SETTLEMENT_40873,Topovan,30.4861,79.4639,MEDIUM,VILLAGE_NAME,1,3,5,5,0,0,125,62.5,62,100.0,0.0,100.0,100.0,0.0,100.0,100.0,40.0,15.152,85.0,63.788,50.05,SETTLEMENT_40873,Topovan,0.0,MEDIUM_SUITABILITY
1514659,Educational Facility,Mehal Chauri,Mehal Chauri,,,Gairsain,CHAMOLI,,,,,UNRESOLVED,UNRESOLVED,7,3,6,6,0,0,150,75.0,75,100.0,100.0,100.0,100.0,100.0,100.0,100.0,100.0,18.182,100.0,79.545,71.36,,,,HIGH_SUITABILITY
7372694,Educational Facility,Dewal Gwar,Dewal Gwar,,,Tharali,CHAMOLI,,,,,UNRESOLVED,UNRESOLVED,1,3,2,2,0,0,50,25.0,25,100.0,100.0,100.0,100.0,100.0,0.0,66.667,100.0,6.061,85.0,73.182,63.54,,,,MEDIUM_SUITABILITY
3365245,Educational Facility,Ased,Ased,,,Narayanbagar,CHAMOLI,,,,,UNRESOLVED,UNRESOLVED,1,3,3,3,0,0,75,37.5,38,100.0,100.0,100.0,100.0,100.0,0.0,66.667,100.0,9.091,85.0,73.939,64.6,,,,MEDIUM_SUITABILITY
5673695,Educational Facility,POKHRI-Town Panchayat,,POKHRI-Town Panchayat,Pokhri (NP) -Guniyala Ward No. 4,,CHAMOLI,,,,,UNRESOLVED,UNRESOLVED,5,3,17,17,0,0,425,212.5,212,100.0,100.0,100.0,100.0,100.0,100.0,100.0,100.0,51.515,100.0,87.879,83.03,,,,HIGH_SUITABILITY
2754226,Educational Facility,Lingadi,Lingadi,,,Dewal,CHAMOLI,,,,,UNRESOLVED,UNRESOLVED,5,3,27,27,0,0,675,337.5,338,100.0,100.0,100.0,100.0,100.0,0.0,100.0,100.0,81.818,90.0,95.455,92.14,,,,HIGH_SUITABILITY
6535201,Educational Facility,Kunakhet,Kunakhet,,,Gairsain,CHAMOLI,,,,,UNRESOLVED,UNRESOLVED,4,3,3,3,0,0,75,37.5,38,100.0,0.0,100.0,100.0,100.0,0.0,100.0,40.0,9.091,90.0,62.273,48.68,,,,LOW_SUITABILITY
4617546,Educational Facility,Chamoli Gopeshwar-Municipality,,Chamoli Gopeshwar-Municipality,Chamoli Gopeshwar (MB) -Kothiyaal Gaon Ward No.10,,CHAMOLI,,,,,UNRESOLVED,UNRESOLVED,1,3,3,2,0,1,50,25.0,25,66.667,100.0,100.0,100.0,0.0,100.0,100.0,100.0,6.061,85.0,66.515,60.87,,,,MEDIUM_SUITABILITY
2924137,Educational Facility,Duwa,Duwa,,,Karnaprayag,CHAMOLI,,,,,UNRESOLVED,UNRESOLVED,1,3,3,3,0,0,75,37.5,38,100.0,0.0,100.0,100.0,0.0,100.0,100.0,40.0,9.091,85.0,62.273,47.93,,,,LOW_SUITABILITY
7734944,Educational Facility,Gairsain-Town Panchayat,,Gairsain-Town Panchayat,Gairsain (NP) -Saliyana Ward No. 1,,CHAMOLI,,,,,UNRESOLVED,UNRESOLVED,2,3,9,9,0,0,225,112.5,112,100.0,100.0,100.0,100.0,100.0,100.0,100.0,100.0,27.273,100.0,81.818,74.55,,,,HIGH_SUITABILITY
1853022,Educational Facility,Karnaprayag-Municipality,,Karnaprayag-Municipality,Karnaprayag (NP) -Bus Station Semi Ward No.6,,CHAMOLI,,,,,UNRESOLVED,UNRESOLVED,1,3,7,7,0,0,175,87.5,88,100.0,100.0,100.0,100.0,0.0,100.0,100.0,100.0,21.212,85.0,80.303,70.17,,,,HIGH_SUITABILITY
9615461,Educational Facility,Mathkot,Mathkot,,,Ghat,CHAMOLI,,,,,UNRESOLVED,UNRESOLVED,1,3,2,2,0,0,50,25.0,25,100.0,100.0,100.0,100.0,100.0,0.0,100.0,100.0,6.061,90.0,76.515,65.62,,,,MEDIUM_SUITABILITY
6996508,Educational Facility,Chamoli Gopeshwar-Municipality,,Chamoli Gopeshwar-Municipality,Chamoli Gopeshwar (MB) -Paduli Papdiyana Ward No.9,,CHAMOLI,,,,,UNRESOLVED,UNRESOLVED,3,3,13,13,0,0,325,162.5,162,100.0,100.0,100.0,100.0,0.0,0.0,100.0,100.0,39.394,75.0,84.848,75.04,,,,HIGH_SUITABILITY
2111520,Educational Facility,Pairi,Pairi,,,Ghat,CHAMOLI,,,,,UNRESOLVED,UNRESOLVED,7,3,5,5,0,0,125,62.5,62,100.0,0.0,100.0,100.0,0.0,0.0,100.0,40.0,15.152,75.0,63.788,48.55,,,,LOW_SUITABILITY
8740550,Educational Facility,Mehargaon,Mehargaon,,,Gairsain,CHAMOLI,,,,,UNRESOLVED,UNRESOLVED,7,3,7,7,0,0,175,87.5,88,100.0,0.0,100.0,100.0,100.0,0.0,100.0,40.0,21.212,90.0,65.303,52.92,,,,MEDIUM_SUITABILITY
9737414,Educational Facility,Kandara,Kandara,,,Karnaprayag,CHAMOLI,,,,,UNRESOLVED,UNRESOLVED,5,3,13,9,2,2,225,112.5,112,69.231,100.0,100.0,100.0,100.0,0.0,100.0,100.0,27.273,90.0,72.587,69.35,,,,MEDIUM_SUITABILITY
3322563,Educational Facility,Chamoli Gopeshwar-Municipality,,Chamoli Gopeshwar-Municipality,Chamoli Gopeshwar (MB) -Kund Colony Ward No.3,,CHAMOLI,,,,,UNRESOLVED,UNRESOLVED,5,2,24,14,5,5,350,175.0,175,58.333,100.0,100.0,100.0,100.0,0.0,100.0,100.0,42.424,90.0,73.106,73.35,,,,HIGH_SUITABILITY
1965730,Educational Facility,POKHRI-Town Panchayat,,POKHRI-Town Panchayat,Pokhri (NP) -Pokhri Lower Ward No. 2,,CHAMOLI,,,,,UNRESOLVED,UNRESOLVED,5,2,10,10,0,0,250,125.0,125,100.0,0.0,100.0,100.0,100.0,0.0,100.0,40.0,30.303,90.0,67.576,56.11,,,,MEDIUM_SUITABILITY
2908120,Educational Facility,Bhainti,Bhainti,,,Ghat,CHAMOLI,,,,,UNRESOLVED,UNRESOLVED,1,3,2,2,0,0,50,25.0,25,100.0,0.0,100.0,100.0,100.0,0.0,66.667,40.0,6.061,85.0,58.182,45.54,,,,LOW_SUITABILITY
7696625,Educational Facility,Kaub,Kaub,,,Narayanbagar,CHAMOLI,,,,,UNRESOLVED,UNRESOLVED,1,3,2,2,0,0,50,25.0,25,100.0,0.0,100.0,100.0,100.0,0.0,100.0,40.0,6.061,90.0,61.515,47.62,,,,LOW_SUITABILITY
3261200,Educational Facility,Odar,Odar,,,Dewal,CHAMOLI,,,,,UNRESOLVED,UNRESOLVED,1,3,2,2,0,0,50,25.0,25,100.0,0.0,100.0,100.0,0.0,0.0,100.0,40.0,6.061,75.0,61.515,45.37,,,,LOW_SUITABILITY
4195500,Educational Facility,Gochar-Municipality,,Gochar-Municipality,Gochar (NP) -Panaai Malli Ward No.1,,CHAMOLI,,,,,UNRESOLVED,UNRESOLVED,1,3,3,3,0,0,75,37.5,38,100.0,100.0,100.0,100.0,100.0,0.0,100.0,100.0,9.091,90.0,77.273,66.68,,,,MEDIUM_SUITABILITY
4900601,Educational Facility,Sainj,Sainj,,,Narayanbagar,CHAMOLI,,,,,UNRESOLVED,UNRESOLVED,1,3,2,2,0,0,50,25.0,25,100.0,0.0,100.0,100.0,100.0,0.0,100.0,40.0,6.061,90.0,61.515,47.62,,,,LOW_SUITABILITY
2976903,Educational Facility,Jhijhoni,Jhijhoni,,,Narayanbagar,CHAMOLI,,,,,UNRESOLVED,UNRESOLVED,1,3,6,4,2,0,100,50.0,50,66.667,100.0,100.0,100.0,0.0,0.0,100.0,100.0,12.121,75.0,68.03,61.49,,,,MEDIUM_SUITABILITY
8851472,Educational Facility,Gairsain-Town Panchayat,,Gairsain-Town Panchayat,Gairsain (NP) -Gaid Ward No. 2,,CHAMOLI,,,,,UNRESOLVED,UNRESOLVED,2,3,10,10,0,0,250,125.0,125,100.0,100.0,100.0,100.0,100.0,100.0,100.0,100.0,30.303,100.0,82.576,75.61,,,,HIGH_SUITABILITY
4389180,Educational Facility,Malethi,Malethi,,,Gairsain,CHAMOLI,,,,,UNRESOLVED,UNRESOLVED,1,3,3,3,0,0,75,37.5,38,100.0,0.0,100.0,100.0,100.0,0.0,100.0,40.0,9.091,90.0,62.273,48.68,,,,LOW_SUITABILITY
2096227,Educational Facility,Molta,Molta,,,Joshimath,CHAMOLI,SETTLEMENT_40850,Molta,30.4831116,79.5207657,MEDIUM,VILLAGE_NAME,1,3,2,2,0,0,50,25.0,25,100.0,0.0,100.0,100.0,100.0,0.0,66.667,40.0,6.061,85.0,58.182,45.54,SETTLEMENT_40850,Molta,0.0,LOW_SUITABILITY
8680977,Educational Facility,Chaud,Chaud,,,Dewal,CHAMOLI,,,,,UNRESOLVED,UNRESOLVED,7,3,5,5,0,0,125,62.5,62,100.0,100.0,100.0,100.0,100.0,0.0,100.0,100.0,15.152,90.0,78.788,68.8,,,,MEDIUM_SUITABILITY
1662456,Educational Facility,Kunjpothani,Kunjpothani,,,Dasholi,CHAMOLI,,,,,UNRESOLVED,UNRESOLVED,4,3,3,3,0,0,75,37.5,38,100.0,0.0,100.0,100.0,0.0,0.0,100.0,40.0,9.091,75.0,62.273,46.43,,,,LOW_SUITABILITY
1919604,Educational Facility,Gudam State,Gudam State,,,Tharali,CHAMOLI,,,,,UNRESOLVED,UNRESOLVED,5,3,16,8,8,0,200,100.0,100,50.0,100.0,100.0,100.0,100.0,0.0,100.0,100.0,24.242,90.0,66.061,65.98,,,,MEDIUM_SUITABILITY
6411912,Educational Facility,Narayan Bagad,Narayan Bagad,,,Narayanbagar,CHAMOLI,,,,,UNRESOLVED,UNRESOLVED,5,2,14,8,6,0,200,100.0,100,57.143,0.0,100.0,100.0,100.0,0.0,100.0,40.0,24.242,90.0,53.203,48.84,,,,LOW_SUITABILITY
8554234,Educational Facility,Nail,Nail,,,Gairsain,CHAMOLI,,,,,UNRESOLVED,UNRESOLVED,5,3,9,6,0,3,150,75.0,75,66.667,100.0,100.0,100.0,100.0,0.0,100.0,100.0,18.182,90.0,69.545,65.86,,,,MEDIUM_SUITABILITY
9084831,Educational Facility,Simkholi,Simkholi,,,Pokhari,CHAMOLI,,,,,UNRESOLVED,UNRESOLVED,4,3,3,3,0,0,75,37.5,38,100.0,0.0,100.0,100.0,100.0,0.0,100.0,40.0,9.091,90.0,62.273,48.68,,,,LOW_SUITABILITY
2638021,Educational Facility,Bamoth,Bamoth,,,Pokhari,CHAMOLI,,,,,UNRESOLVED,UNRESOLVED,7,3,8,8,0,0,200,100.0,100,100.0,100.0,100.0,100.0,100.0,0.0,100.0,100.0,24.242,90.0,81.061,71.98,,,,HIGH_SUITABILITY
2207350,Educational Facility,Silkhola Laga Ichchholi,Silkhola Laga Ichchholi,,,Dewal,CHAMOLI,,,,,UNRESOLVED,UNRESOLVED,4,3,3,3,0,0,75,37.5,38,100.0,0.0,100.0,100.0,100.0,100.0,100.0,40.0,9.091,100.0,62.273,50.18,,,,MEDIUM_SUITABILITY
9182712,Educational Facility,Malkot,Malkot,,,Gairsain,CHAMOLI,,,,,UNRESOLVED,UNRESOLVED,1,3,2,2,0,0,50,25.0,25,100.0,100.0,100.0,100.0,100.0,100.0,100.0,100.0,6.061,100.0,76.515,67.12,,,,MEDIUM_SUITABILITY
6848647,Educational Facility,Nandprayag-Town Panchayat,,Nandprayag-Town Panchayat,Nandprayag (NP) -Muniyaali Ward No.1,,CHAMOLI,,,,,UNRESOLVED,UNRESOLVED,1,3,2,2,0,0,50,25.0,25,100.0,100.0,100.0,100.0,0.0,100.0,100.0,100.0,6.061,85.0,76.515,64.87,,,,MEDIUM_SUITABILITY
8097552,Educational Facility,Kimoda,Kimoda,,,Pokhari,CHAMOLI,,,,,UNRESOLVED,UNRESOLVED,1,3,2,2,0,0,50,25.0,25,100.0,0.0,100.0,100.0,100.0,0.0,100.0,40.0,6.061,90.0,61.515,47.62,,,,LOW_SUITABILITY
3720184,Educational Facility,Ratgaon Chak,Ratgaon Chak,,,Tharali,CHAMOLI,,,,,UNRESOLVED,UNRESOLVED,1,3,5,5,0,0,125,62.5,62,100.0,100.0,100.0,100.0,100.0,100.0,100.0,100.0,15.152,100.0,78.788,70.3,,,,HIGH_SUITABILITY
9613164,Educational Facility,Ghuni,Ghuni,,,Ghat,CHAMOLI,,,,,UNRESOLVED,UNRESOLVED,5,3,5,2,0,3,50,25.0,25,40.0,100.0,100.0,100.0,100.0,0.0,100.0,100.0,6.061,90.0,58.515,58.42,,,,MEDIUM_SUITABILITY
4364996,Educational Facility,Jhiloti,Jhiloti,,,Pokhari,CHAMOLI,,,,,UNRESOLVED,UNRESOLVED,7,3,5,4,0,1,100,50.0,50,80.0,0.0,100.0,100.0,0.0,0.0,100.0,40.0,12.121,75.0,57.03,45.09,,,,LOW_SUITABILITY
6917863,Educational Facility,Choting,Choting,,,Dewal,CHAMOLI,,,,,UNRESOLVED,UNRESOLVED,7,3,6,4,2,0,100,50.0,50,66.667,0.0,100.0,100.0,100.0,0.0,100.0,40.0,12.121,90.0,53.03,45.74,,,,LOW_SUITABILITY
1666093,Educational Facility,Naugaon Talla,Naugaon Talla,,,Gairsain,CHAMOLI,,,,,UNRESOLVED,UNRESOLVED,4,3,3,3,0,0,75,37.5,38,100.0,100.0,100.0,100.0,100.0,0.0,100.0,100.0,9.091,90.0,77.273,66.68,,,,MEDIUM_SUITABILITY
9156747,Educational Facility,Langsi,Langsi,,,Joshimath,CHAMOLI,SETTLEMENT_40841,Langsi,30.4933697,79.4792409,MEDIUM,VILLAGE_NAME,5,3,9,5,4,0,125,62.5,62,55.556,100.0,100.0,100.0,100.0,0.0,100.0,100.0,15.152,90.0,65.455,63.47,SETTLEMENT_40841,Langsi,0.0,MEDIUM_SUITABILITY
2541416,Educational Facility,Rohira,Rohira,,,Gairsain,CHAMOLI,,,,,UNRESOLVED,UNRESOLVED,1,3,7,7,0,0,175,87.5,88,100.0,0.0,100.0,100.0,100.0,0.0,100.0,40.0,21.212,90.0,65.303,52.92,,,,MEDIUM_SUITABILITY
6007434,Educational Facility,Sirana,Sirana,,,Gairsain,CHAMOLI,,,,,UNRESOLVED,UNRESOLVED,1,3,4,4,0,0,100,50.0,50,100.0,100.0,100.0,100.0,100.0,0.0,100.0,100.0,12.121,90.0,78.03,67.74,,,,MEDIUM_SUITABILITY
3491243,Educational Facility,Tajpur Laga Kandai,Tajpur Laga Kandai,,,Dewal,CHAMOLI,,,,,UNRESOLVED,UNRESOLVED,1,3,2,2,0,0,50,25.0,25,100.0,0.0,100.0,100.0,100.0,100.0,100.0,40.0,6.061,100.0,61.515,49.12,,,,LOW_SUITABILITY
9864733,Educational Facility,Khala,Khala,,,Dasholi,CHAMOLI,,,,,UNRESOLVED,UNRESOLVED,1,3,3,3,0,0,75,37.5,38,100.0,0.0,100.0,100.0,100.0,0.0,100.0,40.0,9.091,90.0,62.273,48.68,,,,LOW_SUITABILITY
8599510,Educational Facility,Talor,Talor,,,Dewal,CHAMOLI,,,,,UNRESOLVED,UNRESOLVED,1,3,3,3,0,0,75,37.5,38,100.0,0.0,100.0,100.0,100.0,100.0,100.0,40.0,9.091,100.0,62.273,50.18,,,,MEDIUM_SUITABILITY
5044658,Educational Facility,Khas Khal,Khas Khal,,,Pokhari,CHAMOLI,,,,,UNRESOLVED,UNRESOLVED,1,3,2,2,0,0,50,25.0,25,100.0,0.0,100.0,100.0,0.0,0.0,100.0,40.0,6.061,75.0,61.515,45.37,,,,LOW_SUITABILITY
2112714,Educational Facility,POKHRI-Town Panchayat,,POKHRI-Town Panchayat,Pokhri (NP) -Pokhri Lower Ward No. 2,,CHAMOLI,,,,,UNRESOLVED,UNRESOLVED,1,3,2,2,0,0,50,25.0,25,100.0,0.0,100.0,100.0,0.0,0.0,100.0,40.0,6.061,75.0,61.515,45.37,,,,LOW_SUITABILITY
7070729,Educational Facility,Langsi,Langsi,,,Joshimath,CHAMOLI,SETTLEMENT_40841,Langsi,30.4933697,79.4792409,MEDIUM,VILLAGE_NAME,1,3,2,2,0,0,50,25.0,25,100.0,100.0,100.0,100.0,100.0,100.0,100.0,100.0,6.061,100.0,76.515,67.12,SETTLEMENT_40841,Langsi,0.0,MEDIUM_SUITABILITY
5255136,Educational Facility,Gothinda,Gothinda,,,Tharali,CHAMOLI,,,,,UNRESOLVED,UNRESOLVED,1,3,3,2,0,1,50,25.0,25,66.667,0.0,100.0,100.0,100.0,100.0,66.667,40.0,6.061,95.0,48.182,43.04,,,,LOW_SUITABILITY
5050781,Educational Facility,Thaing,Thaing,,,Joshimath,CHAMOLI,SETTLEMENT_40810,Thaing,30.5667243,79.5096105,MEDIUM,VILLAGE_NAME,1,3,2,2,0,0,50,25.0,25,100.0,0.0,100.0,100.0,100.0,0.0,66.667,40.0,6.061,85.0,58.182,45.54,SETTLEMENT_40810,Thaing,0.0,LOW_SUITABILITY
6501651,Educational Facility,Dewar Khandora,Dewar Khandora,,,Dasholi,CHAMOLI,,,,,UNRESOLVED,UNRESOLVED,1,3,5,5,0,0,125,62.5,62,100.0,100.0,100.0,100.0,100.0,100.0,100.0,100.0,15.152,100.0,78.788,70.3,,,,HIGH_SUITABILITY
1539119,Educational Facility,Dungar,Dungar,,,Pokhari,CHAMOLI,,,,,UNRESOLVED,UNRESOLVED,1,3,2,2,0,0,50,25.0,25,100.0,100.0,100.0,100.0,100.0,0.0,100.0,100.0,6.061,90.0,76.515,65.62,,,,MEDIUM_SUITABILITY
2583233,Educational Facility,Paini,Paini,,,Joshimath,CHAMOLI,SETTLEMENT_40823,Paini,30.528091,79.521383,MEDIUM,VILLAGE_NAME,1,3,3,3,0,0,75,37.5,38,100.0,100.0,100.0,100.0,100.0,100.0,66.667,100.0,9.091,95.0,73.939,66.1,SETTLEMENT_40823,Paini,0.0,MEDIUM_SUITABILITY
3153961,Educational Facility,Rano,Rano,,,Pokhari,CHAMOLI,,,,,UNRESOLVED,UNRESOLVED,4,3,3,3,0,0,75,37.5,38,100.0,0.0,100.0,100.0,100.0,0.0,100.0,40.0,9.091,90.0,62.273,48.68,,,,LOW_SUITABILITY
9352792,Educational Facility,Ghandiyal,Ghandiyal,,,Karnaprayag,CHAMOLI,,,,,UNRESOLVED,UNRESOLVED,5,3,7,4,0,3,100,50.0,50,57.143,0.0,100.0,100.0,100.0,0.0,100.0,40.0,12.121,90.0,50.173,44.6,,,,LOW_SUITABILITY
2868710,Educational Facility,Bunga,Bunga,,,Narayanbagar,CHAMOLI,,,,,UNRESOLVED,UNRESOLVED,5,3,9,9,0,0,225,112.5,112,100.0,0.0,100.0,100.0,100.0,0.0,100.0,40.0,27.273,90.0,66.818,55.05,,,,MEDIUM_SUITABILITY
8183729,Educational Facility,Ased,Ased,,,Narayanbagar,CHAMOLI,,,,,UNRESOLVED,UNRESOLVED,1,3,3,3,0,0,75,37.5,38,100.0,0.0,100.0,100.0,0.0,0.0,100.0,40.0,9.091,75.0,62.273,46.43,,,,LOW_SUITABILITY
7369964,Educational Facility,Devpuri,Devpuri,,,Gairsain,CHAMOLI,,,,,UNRESOLVED,UNRESOLVED,1,3,2,2,0,0,50,25.0,25,100.0,0.0,100.0,100.0,100.0,0.0,100.0,40.0,6.061,90.0,61.515,47.62,,,,LOW_SUITABILITY
9579461,Educational Facility,Koti,Koti,,,Karnaprayag,CHAMOLI,,,,,UNRESOLVED,UNRESOLVED,1,3,2,2,0,0,50,25.0,25,100.0,0.0,100.0,100.0,0.0,100.0,100.0,40.0,6.061,85.0,61.515,46.87,,,,LOW_SUITABILITY
4219861,Educational Facility,Ghandiyal Lagga Chhapali,Ghandiyal Lagga Chhapali,,,Gairsain,CHAMOLI,,,,,UNRESOLVED,UNRESOLVED,1,3,2,2,0,0,50,25.0,25,100.0,100.0,100.0,100.0,100.0,100.0,100.0,100.0,6.061,100.0,76.515,67.12,,,,MEDIUM_SUITABILITY
8286901,Educational Facility,Ramara Malla,Ramara Malla,,,Gairsain,CHAMOLI,,,,,UNRESOLVED,UNRESOLVED,1,3,2,2,0,0,50,25.0,25,100.0,100.0,100.0,100.0,100.0,0.0,66.667,100.0,6.061,85.0,73.182,63.54,,,,MEDIUM_SUITABILITY
7415694,Educational Facility,Malkoti,Malkoti,,,Pokhari,CHAMOLI,,,,,UNRESOLVED,UNRESOLVED,1,3,2,2,0,0,50,25.0,25,100.0,0.0,100.0,100.0,100.0,100.0,100.0,40.0,6.061,100.0,61.515,49.12,,,,LOW_SUITABILITY
4766578,Educational Facility,Jainsal,Jainsal,,,Dasholi,CHAMOLI,,,,,UNRESOLVED,UNRESOLVED,1,3,2,2,0,0,50,25.0,25,100.0,100.0,100.0,100.0,0.0,100.0,100.0,100.0,6.061,85.0,76.515,64.87,,,,MEDIUM_SUITABILITY
7844943,Educational Facility,Karnaprayag-Municipality,,Karnaprayag-Municipality,Karnaprayag (NP) -Eda Badhaani Ward No.2,,CHAMOLI,,,,,UNRESOLVED,UNRESOLVED,3,3,16,16,0,0,400,200.0,200,100.0,100.0,100.0,100.0,100.0,100.0,100.0,100.0,48.485,100.0,87.121,81.97,,,,HIGH_SUITABILITY
1649026,Educational Facility,Birhi,Birhi,,,Dasholi,CHAMOLI,,,,,UNRESOLVED,UNRESOLVED,1,3,2,2,0,0,50,25.0,25,100.0,100.0,100.0,100.0,0.0,100.0,100.0,100.0,6.061,85.0,76.515,64.87,,,,MEDIUM_SUITABILITY
6264175,Educational Facility,Gochar-Municipality,,Gochar-Municipality,Gochar (NP) - Mukhya Bazaar Chok Ward No.6,,CHAMOLI,,,,,UNRESOLVED,UNRESOLVED,2,3,9,9,0,0,225,112.5,112,100.0,100.0,100.0,100.0,0.0,100.0,100.0,100.0,27.273,85.0,81.818,72.3,,,,HIGH_SUITABILITY
6422839,Educational Facility,Jaurasi,Jaurasi,,,Pokhari,CHAMOLI,,,,,UNRESOLVED,UNRESOLVED,1,3,4,4,0,0,100,50.0,50,100.0,0.0,100.0,100.0,0.0,0.0,100.0,40.0,12.121,75.0,63.03,47.49,,,,LOW_SUITABILITY
4684735,Educational Facility,Mehal Chauri,Mehal Chauri,,,Gairsain,CHAMOLI,,,,,UNRESOLVED,UNRESOLVED,5,3,8,8,0,0,200,100.0,100,100.0,100.0,100.0,100.0,100.0,0.0,100.0,100.0,24.242,90.0,81.061,71.98,,,,HIGH_SUITABILITY
3808140,Educational Facility,Bacchuwa Ban Talla,Bacchuwa Ban Talla,,,Gairsain,CHAMOLI,,,,,UNRESOLVED,UNRESOLVED,1,3,2,2,0,0,50,25.0,25,100.0,100.0,100.0,100.0,100.0,0.0,100.0,100.0,6.061,90.0,76.515,65.62,,,,MEDIUM_SUITABILITY
1150580,Educational Facility,Gairwaram,Gairwaram,,,Narayanbagar,CHAMOLI,,,,,UNRESOLVED,UNRESOLVED,4,3,3,3,0,0,75,37.5,38,100.0,100.0,100.0,100.0,100.0,0.0,100.0,100.0,9.091,90.0,77.273,66.68,,,,MEDIUM_SUITABILITY
1665303,Educational Facility,Dhogarikandai,Dhogarikandai,,,Dasholi,CHAMOLI,,,,,UNRESOLVED,UNRESOLVED,7,3,5,2,3,0,50,25.0,25,40.0,100.0,100.0,100.0,100.0,0.0,100.0,100.0,6.061,90.0,58.515,58.42,,,,MEDIUM_SUITABILITY
7446516,Educational Facility,Chamoli Gopeshwar-Municipality,,Chamoli Gopeshwar-Municipality,Chamoli Gopeshwar (MB) -Basant Bihaar Ward No.6,,CHAMOLI,,,,,UNRESOLVED,UNRESOLVED,1,3,2,2,0,0,50,25.0,25,100.0,100.0,100.0,100.0,0.0,0.0,100.0,100.0,6.061,75.0,76.515,63.37,,,,MEDIUM_SUITABILITY
8903752,Educational Facility,Amkheth,Amkheth,,,Dasholi,CHAMOLI,,,,,UNRESOLVED,UNRESOLVED,1,3,2,2,0,0,50,25.0,25,100.0,100.0,100.0,100.0,100.0,0.0,100.0,100.0,6.061,90.0,76.515,65.62,,,,MEDIUM_SUITABILITY
6205371,Educational Facility,Gairsain-Town Panchayat,,Gairsain-Town Panchayat,Gairsain (NP) -Ganwali Ward No. 6,,CHAMOLI,,,,,UNRESOLVED,UNRESOLVED,1,3,4,4,0,0,100,50.0,50,100.0,0.0,100.0,100.0,0.0,0.0,100.0,40.0,12.121,75.0,63.03,47.49,,,,LOW_SUITABILITY
1621489,Educational Facility,Chhinka,Chhinka,,,Dasholi,CHAMOLI,,,,,UNRESOLVED,UNRESOLVED,1,3,2,2,0,0,50,25.0,25,100.0,100.0,100.0,100.0,100.0,0.0,100.0,100.0,6.061,90.0,76.515,65.62,,,,MEDIUM_SUITABILITY
1117407,Educational Facility,Jinagor,Jinagor,,,Gairsain,CHAMOLI,,,,,UNRESOLVED,UNRESOLVED,1,3,2,2,0,0,50,25.0,25,100.0,100.0,100.0,100.0,0.0,0.0,100.0,100.0,6.061,75.0,76.515,63.37,,,,MEDIUM_SUITABILITY
1545165,Educational Facility,Salud,Salud,,,Joshimath,CHAMOLI,,,,,UNRESOLVED,UNRESOLVED,1,3,2,2,0,0,50,25.0,25,100.0,0.0,100.0,100.0,100.0,0.0,100.0,40.0,6.061,90.0,61.515,47.62,,,,LOW_SUITABILITY
6784230,Educational Facility,Sarpani,Sarpani,,,Ghat,CHAMOLI,,,,,UNRESOLVED,UNRESOLVED,1,3,2,2,0,0,50,25.0,25,100.0,0.0,100.0,100.0,0.0,0.0,100.0,40.0,6.061,75.0,61.515,45.37,,,,LOW_SUITABILITY
2685323,Educational Facility,Pastoli,Pastoli,,,Tharali,CHAMOLI,,,,,UNRESOLVED,UNRESOLVED,1,3,2,2,0,0,50,25.0,25,100.0,0.0,100.0,100.0,100.0,0.0,100.0,40.0,6.061,90.0,61.515,47.62,,,,LOW_SUITABILITY
6471188,Educational Facility,Kunkuli,Kunkuli,,,Dasholi,CHAMOLI,,,,,UNRESOLVED,UNRESOLVED,1,3,2,2,0,0,50,25.0,25,100.0,100.0,100.0,100.0,100.0,0.0,100.0,100.0,6.061,90.0,76.515,65.62,,,,MEDIUM_SUITABILITY
9909530,Educational Facility,Urgam,Urgam,,,Joshimath,CHAMOLI,SETTLEMENT_40817,Urgam,30.5400882,79.4566318,MEDIUM,VILLAGE_NAME,1,3,3,3,0,0,75,37.5,38,100.0,100.0,100.0,100.0,0.0,100.0,100.0,100.0,9.091,85.0,77.273,65.93,SETTLEMENT_40817,Urgam,0.0,MEDIUM_SUITABILITY
5679677,Educational Facility,Nandprayag-Town Panchayat,,Nandprayag-Town Panchayat,Nandprayag (NP) -Chandika Mohalla Ward No.4,,CHAMOLI,,,,,UNRESOLVED,UNRESOLVED,2,3,6,6,0,0,150,75.0,75,100.0,100.0,100.0,100.0,100.0,100.0,100.0,100.0,18.182,100.0,79.545,71.36,,,,HIGH_SUITABILITY
2338338,Educational Facility,Marora,Marora,,,Gairsain,CHAMOLI,,,,,UNRESOLVED,UNRESOLVED,1,3,2,2,0,0,50,25.0,25,100.0,100.0,100.0,100.0,100.0,0.0,100.0,100.0,6.061,90.0,76.515,65.62,,,,MEDIUM_SUITABILITY
9998762,Educational Facility,Balan,Balan,,,Dewal,CHAMOLI,,,,,UNRESOLVED,UNRESOLVED,7,3,5,5,0,0,125,62.5,62,100.0,0.0,100.0,100.0,100.0,0.0,100.0,40.0,15.152,90.0,63.788,50.8,,,,MEDIUM_SUITABILITY
4379556,Educational Facility,Chamoli Gopeshwar-Municipality,,Chamoli Gopeshwar-Municipality,Chamoli Gopeshwar (MB) -Gopeshwer Gaon Ward No.2,,CHAMOLI,,,,,UNRESOLVED,UNRESOLVED,1,3,6,6,0,0,150,75.0,75,100.0,0.0,100.0,100.0,0.0,100.0,100.0,40.0,18.182,85.0,64.545,51.11,,,,MEDIUM_SUITABILITY
9373133,Educational Facility,Kotera,Kotera,,,Dewal,CHAMOLI,,,,,UNRESOLVED,UNRESOLVED,4,3,3,3,0,0,75,37.5,38,100.0,0.0,100.0,100.0,100.0,0.0,100.0,40.0,9.091,90.0,62.273,48.68,,,,LOW_SUITABILITY
6207244,Educational Facility,Sailang,Sailang,,,Joshimath,CHAMOLI,SETTLEMENT_40824,Sailang,30.539261,79.528345,MEDIUM,VILLAGE_NAME,4,3,3,3,0,0,75,37.5,38,100.0,100.0,100.0,100.0,100.0,100.0,66.667,100.0,9.091,95.0,73.939,66.1,SETTLEMENT_40824,Sailang,0.0,MEDIUM_SUITABILITY
1008957,Educational Facility,Mundoli,Mundoli,,,Dewal,CHAMOLI,,,,,UNRESOLVED,UNRESOLVED,5,3,11,4,0,7,100,50.0,50,36.364,0.0,100.0,100.0,100.0,0.0,100.0,40.0,12.121,90.0,43.939,42.11,,,,LOW_SUITABILITY
2290287,Educational Facility,Bhagoti,Bhagoti,,,Narayanbagar,CHAMOLI,,,,,UNRESOLVED,UNRESOLVED,5,3,9,5,2,2,125,62.5,62,55.556,0.0,100.0,100.0,100.0,0.0,100.0,40.0,15.152,90.0,50.455,45.47,,,,LOW_SUITABILITY
5878403,Educational Facility,Silangi,Silangi,,,Karnaprayag,CHAMOLI,,,,,UNRESOLVED,UNRESOLVED,5,3,7,3,3,1,75,37.5,38,42.857,0.0,100.0,100.0,0.0,0.0,100.0,40.0,9.091,75.0,45.13,39.57,,,,LOW_SUITABILITY
9234396,Educational Facility,Chepadon,Chepadon,,,Tharali,CHAMOLI,,,,,UNRESOLVED,UNRESOLVED,5,3,9,9,0,0,225,112.5,112,100.0,100.0,100.0,100.0,100.0,0.0,100.0,100.0,27.273,90.0,81.818,73.05,,,,HIGH_SUITABILITY
9096520,Educational Facility,Kushrani Malli,Kushrani Malli,,,Gairsain,CHAMOLI,,,,,UNRESOLVED,UNRESOLVED,4,2,3,3,0,0,75,37.5,38,100.0,100.0,100.0,100.0,0.0,0.0,100.0,100.0,9.091,75.0,77.273,64.43,,,,MEDIUM_SUITABILITY
2811932,Educational Facility,Kasbi Nagar,Kasbi Nagar,,,Tharali,CHAMOLI,,,,,UNRESOLVED,UNRESOLVED,1,3,6,3,0,3,75,37.5,38,50.0,100.0,100.0,100.0,0.0,0.0,66.667,100.0,9.091,70.0,58.939,56.35,,,,MEDIUM_SUITABILITY
5136338,Educational Facility,Mauna,Mauna,,,Narayanbagar,CHAMOLI,,,,,UNRESOLVED,UNRESOLVED,1,3,2,2,0,0,50,25.0,25,100.0,0.0,100.0,100.0,0.0,0.0,100.0,40.0,6.061,75.0,61.515,45.37,,,,LOW_SUITABILITY
3788266,Educational Facility,Sunai,Sunai,,,Karnaprayag,CHAMOLI,,,,,UNRESOLVED,UNRESOLVED,1,3,2,2,0,0,50,25.0,25,100.0,100.0,100.0,100.0,100.0,0.0,100.0,100.0,6.061,90.0,76.515,65.62,,,,MEDIUM_SUITABILITY
8272271,Educational Facility,Dhara Talla,Dhara Talla,,,Dewal,CHAMOLI,,,,,UNRESOLVED,UNRESOLVED,1,3,3,3,0,0,75,37.5,38,100.0,0.0,100.0,100.0,100.0,100.0,100.0,40.0,9.091,100.0,62.273,50.18,,,,MEDIUM_SUITABILITY
8611034,Educational Facility,Farkiagaon,Farkiagaon,,,Joshimath,CHAMOLI,,,,,UNRESOLVED,UNRESOLVED,1,3,2,2,0,0,50,25.0,25,100.0,100.0,100.0,100.0,100.0,0.0,100.0,100.0,6.061,90.0,76.515,65.62,,,,MEDIUM_SUITABILITY
6675372,Educational Facility,Dewar,Dewar,,,Dasholi,CHAMOLI,,,,,UNRESOLVED,UNRESOLVED,1,3,2,2,0,0,50,25.0,25,100.0,0.0,100.0,100.0,100.0,0.0,100.0,40.0,6.061,90.0,61.515,47.62,,,,LOW_SUITABILITY
8698265,Educational Facility,Odar,Odar,,,Dewal,CHAMOLI,,,,,UNRESOLVED,UNRESOLVED,1,3,2,2,0,0,50,25.0,25,100.0,0.0,100.0,100.0,100.0,0.0,100.0,40.0,6.061,90.0,61.515,47.62,,,,LOW_SUITABILITY
2320958,Educational Facility,Dungri,Dungri,,,Narayanbagar,CHAMOLI,,,,,UNRESOLVED,UNRESOLVED,1,3,2,2,0,0,50,25.0,25,100.0,0.0,100.0,100.0,0.0,0.0,66.667,40.0,6.061,70.0,58.182,43.29,,,,LOW_SUITABILITY
8825327,Educational Facility,Kansuwa,Kansuwa,,,Gairsain,CHAMOLI,,,,,UNRESOLVED,UNRESOLVED,1,3,2,2,0,0,50,25.0,25,100.0,100.0,100.0,100.0,100.0,100.0,100.0,100.0,6.061,100.0,76.515,67.12,,,,MEDIUM_SUITABILITY
8168460,Educational Facility,Majyari Malli,Majyari Malli,,,Gairsain,CHAMOLI,,,,,UNRESOLVED,UNRESOLVED,2,3,6,6,0,0,150,75.0,75,100.0,100.0,100.0,100.0,100.0,100.0,100.0,100.0,18.182,100.0,79.545,71.36,,,,HIGH_SUITABILITY
9666477,Educational Facility,Ruisan,Ruisan,,,Tharali,CHAMOLI,,,,,UNRESOLVED,UNRESOLVED,4,3,3,3,0,0,75,37.5,38,100.0,100.0,100.0,100.0,100.0,100.0,100.0,100.0,9.091,100.0,77.273,68.18,,,,MEDIUM_SUITABILITY
7351224,Educational Facility,Siwae,Siwae,,,Pokhari,CHAMOLI,,,,,UNRESOLVED,UNRESOLVED,11,3,6,6,0,0,150,75.0,75,100.0,0.0,100.0,100.0,100.0,0.0,100.0,40.0,18.182,90.0,64.545,51.86,,,,MEDIUM_SUITABILITY
1777377,Educational Facility,Hali Sera Urf Adibadari,Hali Sera Urf Adibadari,,,Gairsain,CHAMOLI,,,,,UNRESOLVED,UNRESOLVED,5,3,9,9,0,0,225,112.5,112,100.0,0.0,100.0,100.0,0.0,100.0,66.667,40.0,27.273,80.0,63.485,52.21,,,,MEDIUM_SUITABILITY
3217406,Educational Facility,Sitel,Sitel,,,Ghat,CHAMOLI,,,,,UNRESOLVED,UNRESOLVED,5,3,5,5,0,0,125,62.5,62,100.0,0.0,100.0,100.0,100.0,0.0,100.0,40.0,15.152,90.0,63.788,50.8,,,,MEDIUM_SUITABILITY
9922661,Educational Facility,Gulabkoti,Gulabkoti,,,Joshimath,CHAMOLI,SETTLEMENT_40840,Gulabkoti,30.5046348,79.4916067,MEDIUM,VILLAGE_NAME,4,3,3,2,0,1,50,25.0,25,66.667,100.0,100.0,100.0,0.0,0.0,100.0,100.0,6.061,75.0,66.515,59.37,SETTLEMENT_40840,Gulabkoti,0.0,MEDIUM_SUITABILITY
5714447,Educational Facility,Chamoli Gopeshwar-Municipality,,Chamoli Gopeshwar-Municipality,Chamoli Gopeshwar (MB) -Kothiyaal Gaon Ward No.10,,CHAMOLI,,,,,UNRESOLVED,UNRESOLVED,4,3,3,3,0,0,75,37.5,38,100.0,100.0,100.0,100.0,0.0,100.0,100.0,100.0,9.091,85.0,77.273,65.93,,,,MEDIUM_SUITABILITY
9045310,Educational Facility,Jhijhoni,Jhijhoni,,,Narayanbagar,CHAMOLI,,,,,UNRESOLVED,UNRESOLVED,4,3,3,3,0,0,75,37.5,38,100.0,0.0,100.0,100.0,100.0,0.0,100.0,40.0,9.091,90.0,62.273,48.68,,,,LOW_SUITABILITY
3959720,Educational Facility,Sankari,Sankari,,,Pokhari,CHAMOLI,,,,,UNRESOLVED,UNRESOLVED,5,3,12,12,0,0,300,150.0,150,100.0,0.0,100.0,100.0,100.0,100.0,66.667,40.0,36.364,95.0,65.758,57.64,,,,MEDIUM_SUITABILITY
1702614,Educational Facility,Gadseer,Gadseer,,,Narayanbagar,CHAMOLI,,,,,UNRESOLVED,UNRESOLVED,1,3,2,2,0,0,50,25.0,25,100.0,0.0,100.0,100.0,0.0,0.0,100.0,40.0,6.061,75.0,61.515,45.37,,,,LOW_SUITABILITY
5288107,Educational Facility,Suktoli,Suktoli,,,Karnaprayag,CHAMOLI,,,,,UNRESOLVED,UNRESOLVED,1,3,2,2,0,0,50,25.0,25,100.0,100.0,100.0,100.0,100.0,0.0,100.0,100.0,6.061,90.0,76.515,65.62,,,,MEDIUM_SUITABILITY
8577942,Educational Facility,Rauta,Rauta,,,Pokhari,CHAMOLI,,,,,UNRESOLVED,UNRESOLVED,1,3,2,2,0,0,50,25.0,25,100.0,0.0,100.0,100.0,100.0,0.0,100.0,40.0,6.061,90.0,61.515,47.62,,,,LOW_SUITABILITY
7134226,Educational Facility,Silangi,Silangi,,,Karnaprayag,CHAMOLI,,,,,UNRESOLVED,UNRESOLVED,1,3,3,3,0,0,75,37.5,38,100.0,0.0,100.0,100.0,0.0,100.0,100.0,40.0,9.091,85.0,62.273,47.93,,,,LOW_SUITABILITY
9331816,Educational Facility,Thalabair,Thalabair,,,Pokhari,CHAMOLI,,,,,UNRESOLVED,UNRESOLVED,1,3,2,2,0,0,50,25.0,25,100.0,100.0,100.0,100.0,0.0,0.0,100.0,100.0,6.061,75.0,76.515,63.37,,,,MEDIUM_SUITABILITY
4689869,Educational Facility,Khainoli,Khainoli,,,Narayanbagar,CHAMOLI,,,,,UNRESOLVED,UNRESOLVED,1,3,2,2,0,0,50,25.0,25,100.0,0.0,100.0,100.0,0.0,100.0,100.0,40.0,6.061,85.0,61.515,46.87,,,,LOW_SUITABILITY
3018999,Educational Facility,Nakholi,Nakholi,,,Narayanbagar,CHAMOLI,,,,,UNRESOLVED,UNRESOLVED,1,3,2,2,0,0,50,25.0,25,100.0,0.0,100.0,100.0,100.0,0.0,66.667,40.0,6.061,85.0,58.182,45.54,,,,LOW_SUITABILITY
3716848,Educational Facility,Gulabkoti,Gulabkoti,,,Joshimath,CHAMOLI,SETTLEMENT_40840,Gulabkoti,30.5046348,79.4916067,MEDIUM,VILLAGE_NAME,1,3,2,2,0,0,50,25.0,25,100.0,100.0,100.0,100.0,0.0,100.0,100.0,100.0,6.061,85.0,76.515,64.87,SETTLEMENT_40840,Gulabkoti,0.0,MEDIUM_SUITABILITY
8613289,Educational Facility,Chamoli Gopeshwar-Municipality,,Chamoli Gopeshwar-Municipality,Chamoli Gopeshwar (MB) -Uper Bazaar Ward No.4,,CHAMOLI,,,,,UNRESOLVED,UNRESOLVED,1,3,8,8,0,0,200,100.0,100,100.0,100.0,100.0,100.0,0.0,100.0,100.0,100.0,24.242,85.0,81.061,71.23,,,,HIGH_SUITABILITY
1569378,Educational Facility,Sem,Sem,,,Karnaprayag,CHAMOLI,,,,,UNRESOLVED,UNRESOLVED,1,3,3,3,0,0,75,37.5,38,100.0,100.0,100.0,100.0,100.0,0.0,100.0,100.0,9.091,90.0,77.273,66.68,,,,MEDIUM_SUITABILITY
6027495,Educational Facility,Mokhmalla,Mokhmalla,,,Ghat,CHAMOLI,,,,,UNRESOLVED,UNRESOLVED,1,3,4,2,2,0,50,25.0,25,50.0,0.0,100.0,100.0,100.0,100.0,100.0,40.0,6.061,100.0,46.515,43.12,,,,LOW_SUITABILITY
8829909,Educational Facility,Kothara,Kothara,,,Narayanbagar,CHAMOLI,,,,,UNRESOLVED,UNRESOLVED,1,3,2,2,0,0,50,25.0,25,100.0,0.0,100.0,100.0,0.0,0.0,100.0,40.0,6.061,75.0,61.515,45.37,,,,LOW_SUITABILITY
9373558,Educational Facility,Raduva,Raduva,,,Pokhari,CHAMOLI,,,,,UNRESOLVED,UNRESOLVED,1,3,5,5,0,0,125,62.5,62,100.0,0.0,100.0,100.0,100.0,0.0,100.0,40.0,15.152,90.0,63.788,50.8,,,,MEDIUM_SUITABILITY
3977269,Educational Facility,Silkhola Laga Ichchholi,Silkhola Laga Ichchholi,,,Dewal,CHAMOLI,,,,,UNRESOLVED,UNRESOLVED,4,3,3,3,0,0,75,37.5,38,100.0,100.0,100.0,100.0,100.0,100.0,100.0,100.0,9.091,100.0,77.273,68.18,,,,MEDIUM_SUITABILITY
3624270,Educational Facility,Chamoli Gopeshwar-Municipality,,Chamoli Gopeshwar-Municipality,Chamoli Gopeshwar (MB) -Uper Bazaar Ward No.4,,CHAMOLI,,,,,UNRESOLVED,UNRESOLVED,2,3,10,10,0,0,250,125.0,125,100.0,100.0,100.0,100.0,100.0,100.0,100.0,100.0,30.303,100.0,82.576,75.61,,,,HIGH_SUITABILITY
9645975,Educational Facility,Jhijhoni,Jhijhoni,,,Narayanbagar,CHAMOLI,,,,,UNRESOLVED,UNRESOLVED,11,3,4,4,0,0,100,50.0,50,100.0,100.0,100.0,100.0,100.0,100.0,100.0,100.0,12.121,100.0,78.03,69.24,,,,MEDIUM_SUITABILITY
5977023,Educational Facility,Gairsain-Town Panchayat,,Gairsain-Town Panchayat,Gairsain (NP) -Gaid Ward No. 2,,CHAMOLI,,,,,UNRESOLVED,UNRESOLVED,2,3,11,11,0,0,275,137.5,138,100.0,100.0,100.0,100.0,100.0,0.0,66.667,100.0,33.333,85.0,80.0,73.08,,,,HIGH_SUITABILITY
9710689,Educational Facility,Torati,Torati,,,Dewal,CHAMOLI,,,,,UNRESOLVED,UNRESOLVED,7,3,7,3,0,4,75,37.5,38,42.857,0.0,100.0,100.0,100.0,0.0,100.0,40.0,9.091,90.0,45.13,41.82,,,,LOW_SUITABILITY
3130485,Educational Facility,Sutol,Sutol,,,Ghat,CHAMOLI,,,,,UNRESOLVED,UNRESOLVED,7,3,7,7,0,0,175,87.5,88,100.0,0.0,100.0,100.0,100.0,100.0,100.0,40.0,21.212,100.0,65.303,54.42,,,,MEDIUM_SUITABILITY
5066749,Educational Facility,Meltha,Meltha,,,Tharali,CHAMOLI,,,,,UNRESOLVED,UNRESOLVED,4,3,3,3,0,0,75,37.5,38,100.0,100.0,100.0,100.0,100.0,0.0,100.0,100.0,9.091,90.0,77.273,66.68,,,,MEDIUM_SUITABILITY
3919315,Educational Facility,Chaunda,Chaunda,,,Tharali,CHAMOLI,,,,,UNRESOLVED,UNRESOLVED,4,3,3,3,0,0,75,37.5,38,100.0,100.0,100.0,100.0,100.0,0.0,100.0,100.0,9.091,90.0,77.273,66.68,,,,MEDIUM_SUITABILITY
3873987,Educational Facility,Manoor,Manoor,,,Narayanbagar,CHAMOLI,,,,,UNRESOLVED,UNRESOLVED,4,3,3,3,0,0,75,37.5,38,100.0,100.0,100.0,100.0,100.0,100.0,100.0,100.0,9.091,100.0,77.273,68.18,,,,MEDIUM_SUITABILITY
7947029,Educational Facility,Jalam,Jalam,,,Joshimath,CHAMOLI,SETTLEMENT_40897,Jalam,30.638213,79.825207,MEDIUM,VILLAGE_NAME,4,3,4,2,1,1,50,25.0,25,50.0,100.0,100.0,100.0,100.0,0.0,100.0,100.0,6.061,90.0,61.515,59.62,SETTLEMENT_40897,Jalam,0.0,MEDIUM_SUITABILITY
5825885,Educational Facility,Nijmola,Nijmola,,,Dasholi,CHAMOLI,,,,,UNRESOLVED,UNRESOLVED,5,3,7,3,1,3,75,37.5,38,42.857,0.0,100.0,100.0,0.0,0.0,100.0,40.0,9.091,75.0,45.13,39.57,,,,LOW_SUITABILITY
2237467,Educational Facility,Jakhmala,Jakhmala,,,Pokhari,CHAMOLI,,,,,UNRESOLVED,UNRESOLVED,5,3,7,7,0,0,175,87.5,88,100.0,0.0,100.0,100.0,100.0,0.0,100.0,40.0,21.212,90.0,65.303,52.92,,,,MEDIUM_SUITABILITY
3641789,Educational Facility,Sem,Sem,,,Karnaprayag,CHAMOLI,,,,,UNRESOLVED,UNRESOLVED,4,3,3,3,0,0,75,37.5,38,100.0,0.0,100.0,100.0,100.0,0.0,100.0,40.0,9.091,90.0,62.273,48.68,,,,LOW_SUITABILITY
5155588,Educational Facility,Meeng,Meeng,,,Narayanbagar,CHAMOLI,,,,,UNRESOLVED,UNRESOLVED,1,3,2,2,0,0,50,25.0,25,100.0,100.0,100.0,100.0,100.0,0.0,100.0,100.0,6.061,90.0,76.515,65.62,,,,MEDIUM_SUITABILITY
8124908,Educational Facility,Girsa,Girsa,,,Pokhari,CHAMOLI,,,,,UNRESOLVED,UNRESOLVED,1,3,2,2,0,0,50,25.0,25,100.0,100.0,100.0,100.0,100.0,0.0,100.0,100.0,6.061,90.0,76.515,65.62,,,,MEDIUM_SUITABILITY
8364113,Educational Facility,Dham Dev,Dham Dev,,,Gairsain,CHAMOLI,,,,,UNRESOLVED,UNRESOLVED,1,3,3,3,0,0,75,37.5,38,100.0,100.0,100.0,100.0,100.0,0.0,100.0,100.0,9.091,90.0,77.273,66.68,,,,MEDIUM_SUITABILITY
1408165,Educational Facility,Kandai,Kandai,,,Dewal,CHAMOLI,,,,,UNRESOLVED,UNRESOLVED,1,3,2,2,0,0,50,25.0,25,100.0,0.0,100.0,100.0,100.0,0.0,100.0,40.0,6.061,90.0,61.515,47.62,,,,LOW_SUITABILITY
4973120,Educational Facility,Thapli,Thapli,,,Karnaprayag,CHAMOLI,,,,,UNRESOLVED,UNRESOLVED,1,3,3,3,0,0,75,37.5,38,100.0,100.0,100.0,100.0,0.0,0.0,100.0,100.0,9.091,75.0,77.273,64.43,,,,MEDIUM_SUITABILITY
9717717,Educational Facility,Silkhola Laga Ichchholi,Silkhola Laga Ichchholi,,,Dewal,CHAMOLI,,,,,UNRESOLVED,UNRESOLVED,1,3,5,5,0,0,125,62.5,62,100.0,0.0,100.0,100.0,100.0,100.0,100.0,40.0,15.152,100.0,63.788,52.3,,,,MEDIUM_SUITABILITY
6777703,Educational Facility,POKHRI-Town Panchayat,,POKHRI-Town Panchayat,Pokhri (NP) -Vinayakdhaar Ward No. 3,,CHAMOLI,,,,,UNRESOLVED,UNRESOLVED,1,3,9,9,0,0,225,112.5,112,100.0,0.0,100.0,100.0,100.0,0.0,100.0,40.0,27.273,90.0,66.818,55.05,,,,MEDIUM_SUITABILITY
5266420,Educational Facility,Topovan,Topovan,,,Joshimath,CHAMOLI,SETTLEMENT_40873,Topovan,30.4861,79.4639,MEDIUM,VILLAGE_NAME,4,3,3,3,0,0,75,37.5,38,100.0,100.0,100.0,100.0,0.0,100.0,66.667,100.0,9.091,80.0,73.939,63.85,SETTLEMENT_40873,Topovan,0.0,MEDIUM_SUITABILITY
6854860,Educational Facility,Chamoli Gopeshwar-Municipality,,Chamoli Gopeshwar-Municipality,Chamoli Gopeshwar (MB) -Kothiyaal Gaon Ward No.10,,CHAMOLI,,,,,UNRESOLVED,UNRESOLVED,3,3,24,24,0,0,600,300.0,300,100.0,100.0,100.0,100.0,100.0,0.0,100.0,100.0,72.727,90.0,93.182,88.95,,,,HIGH_SUITABILITY
6295565,Educational Facility,Marora,Marora,,,Gairsain,CHAMOLI,,,,,UNRESOLVED,UNRESOLVED,5,3,7,3,4,0,75,37.5,38,42.857,0.0,100.0,100.0,100.0,0.0,100.0,40.0,9.091,90.0,45.13,41.82,,,,LOW_SUITABILITY
6251578,Educational Facility,Baratoli,Baratoli,,,Karnaprayag,CHAMOLI,,,,,UNRESOLVED,UNRESOLVED,5,3,12,2,0,10,50,25.0,25,16.667,0.0,100.0,100.0,100.0,0.0,100.0,40.0,6.061,90.0,36.515,37.62,,,,LOW_SUITABILITY
3470600,Educational Facility,Molta,Molta,,,Joshimath,CHAMOLI,SETTLEMENT_40850,Molta,30.4831116,79.5207657,MEDIUM,VILLAGE_NAME,7,3,3,3,0,0,75,37.5,38,100.0,0.0,100.0,100.0,100.0,0.0,100.0,40.0,9.091,90.0,62.273,48.68,SETTLEMENT_40850,Molta,0.0,LOW_SUITABILITY
4548253,Educational Facility,Lolti,Lolti,,,Tharali,CHAMOLI,,,,,UNRESOLVED,UNRESOLVED,5,3,12,9,2,1,225,112.5,112,75.0,100.0,100.0,100.0,100.0,0.0,100.0,100.0,27.273,90.0,74.318,70.05,,,,HIGH_SUITABILITY
9256831,Educational Facility,Joshimath-Municipality,,Joshimath-Municipality,Joshimath (MB) - Singhdhaar Ward No.4,,CHAMOLI,,,,,UNRESOLVED,UNRESOLVED,6,3,13,13,0,0,325,162.5,162,100.0,100.0,100.0,100.0,100.0,0.0,100.0,100.0,39.394,90.0,84.848,77.29,,,,HIGH_SUITABILITY
7358147,Educational Facility,Bheta Chak Urgam,Bheta Chak Urgam,,,Joshimath,CHAMOLI,SETTLEMENT_40819,Bheta Chak Urgam,30.540621,79.469825,MEDIUM,VILLAGE_NAME,1,3,2,2,0,0,50,25.0,25,100.0,0.0,100.0,100.0,100.0,100.0,100.0,40.0,6.061,100.0,61.515,49.12,SETTLEMENT_40819,Bheta Chak Urgam,0.0,LOW_SUITABILITY
6248121,Educational Facility,Sarkot,Sarkot,,,Dewal,CHAMOLI,,,,,UNRESOLVED,UNRESOLVED,7,3,6,3,0,3,75,37.5,38,50.0,0.0,100.0,100.0,100.0,0.0,100.0,40.0,9.091,90.0,47.273,42.68,,,,LOW_SUITABILITY
8765150,Educational Facility,Fagti,Fagti,,,Joshimath,CHAMOLI,SETTLEMENT_40854,Fagti,30.55631,79.775609,MEDIUM,VILLAGE_NAME,1,3,2,2,0,0,50,25.0,25,100.0,100.0,100.0,100.0,100.0,100.0,100.0,100.0,6.061,100.0,76.515,67.12,SETTLEMENT_40854,Fagti,0.0,MEDIUM_SUITABILITY
7662061,Educational Facility,Bamiyala,Bamiyala,,,Dasholi,CHAMOLI,,,,,UNRESOLVED,UNRESOLVED,1,3,2,2,0,0,50,25.0,25,100.0,0.0,100.0,100.0,100.0,100.0,66.667,40.0,6.061,95.0,58.182,47.04,,,,LOW_SUITABILITY
9618602,Educational Facility,Pinau Laga Balan,Pinau Laga Balan,,,Dewal,CHAMOLI,,,,,UNRESOLVED,UNRESOLVED,1,3,2,2,0,0,50,25.0,25,100.0,0.0,100.0,100.0,100.0,0.0,100.0,40.0,6.061,90.0,61.515,47.62,,,,LOW_SUITABILITY
7566724,Educational Facility,Sera,Sera,,,Syaldey,CHAMOLI,,,,,UNRESOLVED,UNRESOLVED,1,3,2,2,0,0,50,25.0,25,100.0,0.0,100.0,100.0,0.0,0.0,100.0,40.0,6.061,75.0,61.515,45.37,,,,LOW_SUITABILITY
8962105,Educational Facility,Kei Painti,Kei Painti,,,Narayanbagar,CHAMOLI,,,,,UNRESOLVED,UNRESOLVED,1,3,2,2,0,0,50,25.0,25,100.0,0.0,100.0,100.0,100.0,0.0,100.0,40.0,6.061,90.0,61.515,47.62,,,,LOW_SUITABILITY
5109580,Educational Facility,Chamoli Gopeshwar-Municipality,,Chamoli Gopeshwar-Municipality,Chamoli Gopeshwar (MB) -Naigwaad Ward No.8,,CHAMOLI,,,,,UNRESOLVED,UNRESOLVED,2,3,11,11,0,0,275,137.5,138,100.0,100.0,100.0,100.0,0.0,100.0,100.0,100.0,33.333,85.0,83.333,74.42,,,,HIGH_SUITABILITY
3194216,Educational Facility,Suiyya,Suiyya,,,Dewal,CHAMOLI,,,,,UNRESOLVED,UNRESOLVED,1,3,3,3,0,0,75,37.5,38,100.0,100.0,100.0,100.0,100.0,100.0,100.0,100.0,9.091,100.0,77.273,68.18,,,,MEDIUM_SUITABILITY
6853273,Educational Facility,Gochar-Municipality,,Gochar-Municipality,Gochar (NP) - Mukhya Bazaar Chok Ward No.6,,CHAMOLI,,,,,UNRESOLVED,UNRESOLVED,2,3,8,8,0,0,200,100.0,100,100.0,100.0,100.0,100.0,0.0,100.0,100.0,100.0,24.242,85.0,81.061,71.23,,,,HIGH_SUITABILITY
5120704,Educational Facility,Sartoli,Sartoli,,,Dasholi,CHAMOLI,,,,,UNRESOLVED,UNRESOLVED,7,3,5,5,0,0,125,62.5,62,100.0,0.0,100.0,100.0,100.0,0.0,100.0,40.0,15.152,90.0,63.788,50.8,,,,MEDIUM_SUITABILITY
6356014,Educational Facility,Chaundi,Chaundi,,,Ekeshwar,CHAMOLI,,,,,UNRESOLVED,UNRESOLVED,5,3,7,3,1,3,75,37.5,38,42.857,0.0,100.0,100.0,100.0,0.0,100.0,40.0,9.091,90.0,45.13,41.82,,,,LOW_SUITABILITY
3300306,Educational Facility,Pagna,Pagna,,,Ghat,CHAMOLI,,,,,UNRESOLVED,UNRESOLVED,5,3,8,4,0,4,100,50.0,50,50.0,0.0,100.0,100.0,0.0,0.0,100.0,40.0,12.121,75.0,48.03,41.49,,,,LOW_SUITABILITY
4406408,Educational Facility,Beradhar,Beradhar,,,Dewal,CHAMOLI,,,,,UNRESOLVED,UNRESOLVED,1,3,2,2,0,0,50,25.0,25,100.0,0.0,100.0,100.0,100.0,0.0,100.0,40.0,6.061,90.0,61.515,47.62,,,,LOW_SUITABILITY
6698380,Educational Facility,Kimoli,Kimoli,,,Narayanbagar,CHAMOLI,,,,,UNRESOLVED,UNRESOLVED,8,3,6,6,0,0,150,75.0,75,100.0,0.0,100.0,100.0,100.0,100.0,100.0,40.0,18.182,100.0,64.545,53.36,,,,MEDIUM_SUITABILITY
9864240,Educational Facility,Chamoli Gopeshwar-Municipality,,Chamoli Gopeshwar-Municipality,Chamoli Gopeshwar (MB) -Paduli Papdiyana Ward No.9,,CHAMOLI,,,,,UNRESOLVED,UNRESOLVED,1,3,3,3,0,0,75,37.5,38,100.0,0.0,100.0,100.0,100.0,0.0,100.0,40.0,9.091,90.0,62.273,48.68,,,,LOW_SUITABILITY
9618808,Educational Facility,Karnaprayag-Municipality,,Karnaprayag-Municipality,Karnaprayag (NP) -Eda Badhaani Ward No.2,,CHAMOLI,,,,,UNRESOLVED,UNRESOLVED,1,3,2,2,0,0,50,25.0,25,100.0,100.0,100.0,100.0,0.0,0.0,100.0,100.0,6.061,75.0,76.515,63.37,,,,MEDIUM_SUITABILITY
9623218,Educational Facility,Kanol,Kanol,,,Ghat,CHAMOLI,,,,,UNRESOLVED,UNRESOLVED,1,3,2,2,0,0,50,25.0,25,100.0,0.0,100.0,100.0,0.0,0.0,100.0,40.0,6.061,75.0,61.515,45.37,,,,LOW_SUITABILITY
3196183,Educational Facility,Bagoli,Bagoli,,,Karnaprayag,CHAMOLI,,,,,UNRESOLVED,UNRESOLVED,1,3,2,2,0,0,50,25.0,25,100.0,100.0,100.0,100.0,100.0,0.0,100.0,100.0,6.061,90.0,76.515,65.62,,,,MEDIUM_SUITABILITY
8619003,Educational Facility,Dhurma,Dhurma,,,Ghat,CHAMOLI,,,,,UNRESOLVED,UNRESOLVED,1,3,2,2,0,0,50,25.0,25,100.0,100.0,100.0,100.0,0.0,100.0,100.0,100.0,6.061,85.0,76.515,64.87,,,,MEDIUM_SUITABILITY
3887364,Educational Facility,Jola,Jola,,,Tharali,CHAMOLI,,,,,UNRESOLVED,UNRESOLVED,1,3,2,2,0,0,50,25.0,25,100.0,0.0,100.0,100.0,0.0,0.0,66.667,40.0,6.061,70.0,58.182,43.29,,,,LOW_SUITABILITY
5176825,Educational Facility,Jilasu,Jilasu,,,Pokhari,CHAMOLI,,,,,UNRESOLVED,UNRESOLVED,1,3,2,2,0,0,50,25.0,25,100.0,0.0,100.0,100.0,100.0,0.0,100.0,40.0,6.061,90.0,61.515,47.62,,,,LOW_SUITABILITY
9223249,Educational Facility,Gudam State,Gudam State,,,Tharali,CHAMOLI,,,,,UNRESOLVED,UNRESOLVED,1,3,2,2,0,0,50,25.0,25,100.0,100.0,100.0,100.0,0.0,0.0,66.667,100.0,6.061,70.0,73.182,61.29,,,,MEDIUM_SUITABILITY
5410985,Educational Facility,Ropa,Ropa,,,Dasholi,CHAMOLI,,,,,UNRESOLVED,UNRESOLVED,1,3,2,2,0,0,50,25.0,25,100.0,100.0,100.0,100.0,0.0,0.0,100.0,100.0,6.061,75.0,76.515,63.37,,,,MEDIUM_SUITABILITY
3657739,Educational Facility,Bamiyala,Bamiyala,,,Narayanbagar,CHAMOLI,,,,,UNRESOLVED,UNRESOLVED,1,3,2,2,0,0,50,25.0,25,100.0,0.0,100.0,100.0,100.0,0.0,100.0,40.0,6.061,90.0,61.515,47.62,,,,LOW_SUITABILITY
7613926,Educational Facility,Shrigadh,Shrigadh,,,Pokhari,CHAMOLI,,,,,UNRESOLVED,UNRESOLVED,7,3,7,6,1,0,150,75.0,75,85.714,0.0,100.0,100.0,100.0,0.0,100.0,40.0,18.182,90.0,60.26,50.15,,,,MEDIUM_SUITABILITY
5416741,Educational Facility,Chamoli Gopeshwar-Municipality,,Chamoli Gopeshwar-Municipality,Chamoli Gopeshwar (MB) -Uper Bazaar Ward No.4,,CHAMOLI,,,,,UNRESOLVED,UNRESOLVED,3,3,20,20,0,0,500,250.0,250,100.0,100.0,100.0,100.0,100.0,100.0,100.0,100.0,60.606,100.0,90.152,86.21,,,,HIGH_SUITABILITY
4735670,Educational Facility,Mundoli,Mundoli,,,Dewal,CHAMOLI,,,,,UNRESOLVED,UNRESOLVED,4,3,3,3,0,0,75,37.5,38,100.0,0.0,100.0,100.0,100.0,100.0,100.0,40.0,9.091,100.0,62.273,50.18,,,,MEDIUM_SUITABILITY
7961392,Educational Facility,Sidoli,Sidoli,,,Karnaprayag,CHAMOLI,,,,,UNRESOLVED,UNRESOLVED,5,3,6,6,0,0,150,75.0,75,100.0,0.0,100.0,100.0,100.0,0.0,100.0,40.0,18.182,90.0,64.545,51.86,,,,MEDIUM_SUITABILITY
4382759,Educational Facility,Sankot,Sankot,,,Narayanbagar,CHAMOLI,,,,,UNRESOLVED,UNRESOLVED,1,3,3,3,0,0,75,37.5,38,100.0,100.0,100.0,100.0,100.0,0.0,100.0,100.0,9.091,90.0,77.273,66.68,,,,MEDIUM_SUITABILITY
5952379,Educational Facility,Saliyana Talla,Saliyana Talla,,,Karnaprayag,CHAMOLI,,,,,UNRESOLVED,UNRESOLVED,5,3,9,7,0,2,175,87.5,88,77.778,0.0,100.0,100.0,100.0,0.0,100.0,40.0,21.212,90.0,58.636,50.26,,,,MEDIUM_SUITABILITY
7493822,Educational Facility,Joshimath-Municipality,,Joshimath-Municipality,Joshimath (MB) - Ravigram Ward No.9,,CHAMOLI,,,,,UNRESOLVED,UNRESOLVED,5,2,13,13,0,0,325,162.5,162,100.0,100.0,100.0,100.0,100.0,100.0,100.0,100.0,39.394,100.0,84.848,78.79,,,,HIGH_SUITABILITY
4836894,Educational Facility,Rain Laga Odar,Rain Laga Odar,,,Dewal,CHAMOLI,,,,,UNRESOLVED,UNRESOLVED,7,3,3,3,0,0,75,37.5,38,100.0,0.0,100.0,100.0,100.0,0.0,100.0,40.0,9.091,90.0,62.273,48.68,,,,LOW_SUITABILITY
4935027,Educational Facility,Lolti,Lolti,,,Tharali,CHAMOLI,,,,,UNRESOLVED,UNRESOLVED,4,3,3,3,0,0,75,37.5,38,100.0,100.0,100.0,100.0,100.0,0.0,100.0,100.0,9.091,90.0,77.273,66.68,,,,MEDIUM_SUITABILITY
9481674,Educational Facility,Gochar-Municipality,,Gochar-Municipality,"Gochar (NP) -Panaai Talli, Palsaari Ward No.4",,CHAMOLI,,,,,UNRESOLVED,UNRESOLVED,6,3,18,18,0,0,450,225.0,225,100.0,100.0,100.0,100.0,100.0,100.0,100.0,100.0,54.545,100.0,88.636,84.09,,,,HIGH_SUITABILITY
1380151,Educational Facility,Dewar Khandora,Dewar Khandora,,,Dasholi,CHAMOLI,,,,,UNRESOLVED,UNRESOLVED,5,3,10,10,0,0,250,125.0,125,100.0,100.0,100.0,100.0,100.0,0.0,100.0,100.0,30.303,90.0,82.576,74.11,,,,HIGH_SUITABILITY
1303265,Educational Facility,Nauna,Nauna,,,Gairsain,CHAMOLI,,,,,UNRESOLVED,UNRESOLVED,1,3,2,2,0,0,50,25.0,25,100.0,0.0,100.0,100.0,100.0,0.0,100.0,40.0,6.061,90.0,61.515,47.62,,,,LOW_SUITABILITY
6190652,Educational Facility,Bara Gaon,Bara Gaon,,,Joshimath,CHAMOLI,SETTLEMENT_40864,Bara gaon,30.521287,79.600341,MEDIUM,VILLAGE_NAME,1,3,2,2,0,0,50,25.0,25,100.0,100.0,100.0,100.0,100.0,0.0,100.0,100.0,6.061,90.0,76.515,65.62,SETTLEMENT_40864,Bara gaon,0.0,MEDIUM_SUITABILITY
5677075,Educational Facility,Bhatmwali,Bhatmwali,,,Gairsain,CHAMOLI,,,,,UNRESOLVED,UNRESOLVED,1,3,2,2,0,0,50,25.0,25,100.0,0.0,100.0,100.0,100.0,0.0,100.0,40.0,6.061,90.0,61.515,47.62,,,,LOW_SUITABILITY
1839225,Educational Facility,Hans Koti,Hans Koti,,,Narayanbagar,CHAMOLI,,,,,UNRESOLVED,UNRESOLVED,1,3,2,2,0,0,50,25.0,25,100.0,100.0,100.0,100.0,100.0,0.0,100.0,100.0,6.061,90.0,76.515,65.62,,,,MEDIUM_SUITABILITY
7215420,Educational Facility,Tharali-Town Panchayat,,Tharali-Town Panchayat,Tharali (NP) - Uper Bazaar Tharali Ward No. 3,,CHAMOLI,,,,,UNRESOLVED,UNRESOLVED,1,3,2,2,0,0,50,25.0,25,100.0,100.0,100.0,100.0,0.0,0.0,100.0,100.0,6.061,75.0,76.515,63.37,,,,MEDIUM_SUITABILITY
4483317,Educational Facility,PIPALKOTI-Town Panchayat,,PIPALKOTI-Town Panchayat,Peepalkoti (NP)- Augthala Ward No.2,,CHAMOLI,,,,,UNRESOLVED,UNRESOLVED,1,3,2,2,0,0,50,25.0,25,100.0,100.0,100.0,100.0,0.0,100.0,100.0,100.0,6.061,85.0,76.515,64.87,,,,MEDIUM_SUITABILITY
1335032,Educational Facility,Charkhilgwar,Charkhilgwar,,,Karnaprayag,CHAMOLI,,,,,UNRESOLVED,UNRESOLVED,1,3,2,2,0,0,50,25.0,25,100.0,100.0,100.0,100.0,100.0,100.0,100.0,100.0,6.061,100.0,76.515,67.12,,,,MEDIUM_SUITABILITY
4545387,Educational Facility,Sainjilagga Maikot,Sainjilagga Maikot,,,Dasholi,CHAMOLI,,,,,UNRESOLVED,UNRESOLVED,1,3,2,2,0,0,50,25.0,25,100.0,100.0,100.0,100.0,0.0,100.0,100.0,100.0,6.061,85.0,76.515,64.87,,,,MEDIUM_SUITABILITY
1239699,Educational Facility,Devgram,Devgram,,,Joshimath,CHAMOLI,,,,,UNRESOLVED,UNRESOLVED,1,3,2,2,0,0,50,25.0,25,100.0,0.0,100.0,100.0,100.0,0.0,100.0,40.0,6.061,90.0,61.515,47.62,,,,LOW_SUITABILITY
3090902,Educational Facility,Gumad Laga Gerud,Gumad Laga Gerud,,,Tharali,CHAMOLI,,,,,UNRESOLVED,UNRESOLVED,1,3,3,3,0,0,75,37.5,38,100.0,0.0,100.0,100.0,100.0,0.0,100.0,40.0,9.091,90.0,62.273,48.68,,,,LOW_SUITABILITY
7353199,Educational Facility,Nauli Gunth,Nauli Gunth,,,Karnaprayag,CHAMOLI,,,,,UNRESOLVED,UNRESOLVED,1,3,2,2,0,0,50,25.0,25,100.0,100.0,100.0,100.0,100.0,0.0,100.0,100.0,6.061,90.0,76.515,65.62,,,,MEDIUM_SUITABILITY
8834066,Educational Facility,Jhuma Khet Talla,Jhuma Khet Talla,,,Gairsain,CHAMOLI,,,,,UNRESOLVED,UNRESOLVED,1,3,3,3,0,0,75,37.5,38,100.0,100.0,100.0,100.0,100.0,100.0,100.0,100.0,9.091,100.0,77.273,68.18,,,,MEDIUM_SUITABILITY
1025755,Educational Facility,Raini Chak Lata,Raini Chak Lata,,,Joshimath,CHAMOLI,SETTLEMENT_40881,Raini Chak Lata,30.488322,79.694825,MEDIUM,VILLAGE_NAME,1,3,2,2,0,0,50,25.0,25,100.0,100.0,100.0,100.0,0.0,100.0,100.0,100.0,6.061,85.0,76.515,64.87,SETTLEMENT_40881,Raini Chak Lata,0.0,MEDIUM_SUITABILITY
2911184,Educational Facility,Kaldu (Kaleshwar),Kaldu (Kaleshwar),,,Karnaprayag,CHAMOLI,,,,,UNRESOLVED,UNRESOLVED,1,3,2,2,0,0,50,25.0,25,100.0,0.0,100.0,100.0,100.0,0.0,100.0,40.0,6.061,90.0,61.515,47.62,,,,LOW_SUITABILITY
7657896,Educational Facility,Kukdai,Kukdai,,,Karnaprayag,CHAMOLI,,,,,UNRESOLVED,UNRESOLVED,1,3,2,2,0,0,50,25.0,25,100.0,0.0,100.0,100.0,100.0,0.0,100.0,40.0,6.061,90.0,61.515,47.62,,,,LOW_SUITABILITY
3728795,Educational Facility,Lakheri,Lakheri,,,Gairsain,CHAMOLI,,,,,UNRESOLVED,UNRESOLVED,4,3,4,4,0,0,100,50.0,50,100.0,0.0,100.0,100.0,100.0,0.0,100.0,40.0,12.121,90.0,63.03,49.74,,,,LOW_SUITABILITY
4739988,Educational Facility,Silodi,Silodi,,,Narayanbagar,CHAMOLI,,,,,UNRESOLVED,UNRESOLVED,7,3,7,7,0,0,175,87.5,88,100.0,0.0,100.0,100.0,100.0,0.0,100.0,40.0,21.212,90.0,65.303,52.92,,,,MEDIUM_SUITABILITY
5869425,Educational Facility,Kandai,Kandai,,,Ghat,CHAMOLI,,,,,UNRESOLVED,UNRESOLVED,5,3,10,10,0,0,250,125.0,125,100.0,0.0,100.0,100.0,100.0,0.0,100.0,40.0,30.303,90.0,67.576,56.11,,,,MEDIUM_SUITABILITY
1036502,Educational Facility,Menta Talla,Menta Talla,,,Tharali,CHAMOLI,,,,,UNRESOLVED,UNRESOLVED,1,3,2,2,0,0,50,25.0,25,100.0,0.0,100.0,100.0,0.0,0.0,100.0,40.0,6.061,75.0,61.515,45.37,,,,LOW_SUITABILITY
3215691,Educational Facility,Girsa,Girsa,,,Pokhari,CHAMOLI,,,,,UNRESOLVED,UNRESOLVED,4,3,3,3,0,0,75,37.5,38,100.0,100.0,100.0,100.0,100.0,0.0,100.0,100.0,9.091,90.0,77.273,66.68,,,,MEDIUM_SUITABILITY
4926504,Educational Facility,Talwari State,Talwari State,,,Tharali,CHAMOLI,,,,,UNRESOLVED,UNRESOLVED,1,3,2,2,0,0,50,25.0,25,100.0,100.0,100.0,100.0,100.0,0.0,66.667,100.0,6.061,85.0,73.182,63.54,,,,MEDIUM_SUITABILITY
3695930,Educational Facility,Palethi,Palethi,,,Dasholi,CHAMOLI,,,,,UNRESOLVED,UNRESOLVED,1,3,2,2,0,0,50,25.0,25,100.0,100.0,100.0,100.0,0.0,0.0,100.0,100.0,6.061,75.0,76.515,63.37,,,,MEDIUM_SUITABILITY
3835456,Educational Facility,Vaan,Vaan,,,Dewal,CHAMOLI,,,,,UNRESOLVED,UNRESOLVED,1,3,3,3,0,0,75,37.5,38,100.0,0.0,100.0,100.0,100.0,100.0,100.0,40.0,9.091,100.0,62.273,50.18,,,,MEDIUM_SUITABILITY
7405069,Educational Facility,Sahu Gaon Laga Junidhar,Sahu Gaon Laga Junidhar,,,Tharali,CHAMOLI,,,,,UNRESOLVED,UNRESOLVED,1,3,2,2,0,0,50,25.0,25,100.0,0.0,100.0,100.0,100.0,0.0,100.0,40.0,6.061,90.0,61.515,47.62,,,,LOW_SUITABILITY
7428004,Educational Facility,Syuni Talli,Syuni Talli,,,Gairsain,CHAMOLI,,,,,UNRESOLVED,UNRESOLVED,4,3,3,3,0,0,75,37.5,38,100.0,0.0,100.0,100.0,100.0,100.0,100.0,40.0,9.091,100.0,62.273,50.18,,,,MEDIUM_SUITABILITY
4066649,Educational Facility,Bhainti,Bhainti,,,Ghat,CHAMOLI,,,,,UNRESOLVED,UNRESOLVED,7,3,8,5,0,3,125,62.5,62,62.5,0.0,100.0,100.0,100.0,0.0,100.0,40.0,15.152,90.0,52.538,46.3,,,,LOW_SUITABILITY
8333592,Educational Facility,Tairakhansal,Tairakhansal,,,Dasholi,CHAMOLI,,,,,UNRESOLVED,UNRESOLVED,5,3,9,7,0,2,175,87.5,88,77.778,100.0,100.0,100.0,100.0,100.0,100.0,100.0,21.212,100.0,73.636,69.76,,,,MEDIUM_SUITABILITY
1793795,Educational Facility,Bachher,Bachher,,,Dasholi,CHAMOLI,,,,,UNRESOLVED,UNRESOLVED,5,3,18,16,0,2,400,200.0,200,88.889,100.0,100.0,100.0,100.0,0.0,100.0,100.0,48.485,90.0,83.788,79.14,,,,HIGH_SUITABILITY
3932871,Educational Facility,Chhinka,Chhinka,,,Dasholi,CHAMOLI,,,,,UNRESOLVED,UNRESOLVED,2,3,10,10,0,0,250,125.0,125,100.0,100.0,100.0,100.0,100.0,100.0,100.0,100.0,30.303,100.0,82.576,75.61,,,,HIGH_SUITABILITY
9046962,Educational Facility,Bhandari Khor,Bhandari Khor,,,Gairsain,CHAMOLI,,,,,UNRESOLVED,UNRESOLVED,2,3,6,6,0,0,150,75.0,75,100.0,0.0,100.0,100.0,0.0,0.0,66.667,40.0,18.182,70.0,61.212,47.53,,,,LOW_SUITABILITY
4311597,Educational Facility,Bingar,Bingar,,,Pokhari,CHAMOLI,,,,,UNRESOLVED,UNRESOLVED,4,3,3,3,0,0,75,37.5,38,100.0,0.0,100.0,100.0,100.0,100.0,100.0,40.0,9.091,100.0,62.273,50.18,,,,MEDIUM_SUITABILITY
1728778,Educational Facility,Chamoli Gopeshwar-Municipality,,Chamoli Gopeshwar-Municipality,Chamoli Gopeshwar (MB) -Subhash Nagar Shivaji Ward No.7,,CHAMOLI,,,,,UNRESOLVED,UNRESOLVED,4,3,3,3,0,0,75,37.5,38,100.0,100.0,100.0,100.0,0.0,100.0,100.0,100.0,9.091,85.0,77.273,65.93,,,,MEDIUM_SUITABILITY
9577185,Educational Facility,Lolti,Lolti,,,Tharali,CHAMOLI,,,,,UNRESOLVED,UNRESOLVED,1,3,9,9,0,0,225,112.5,112,100.0,100.0,100.0,100.0,100.0,0.0,100.0,100.0,27.273,90.0,81.818,73.05,,,,HIGH_SUITABILITY
7266099,Educational Facility,Khori Lagga Rana,Khori Lagga Rana,,,Pokhari,CHAMOLI,,,,,UNRESOLVED,UNRESOLVED,1,3,2,2,0,0,50,25.0,25,100.0,0.0,100.0,100.0,100.0,0.0,100.0,40.0,6.061,90.0,61.515,47.62,,,,LOW_SUITABILITY
7721728,Educational Facility,Maithana,Maithana,,,Dasholi,CHAMOLI,,,,,UNRESOLVED,UNRESOLVED,5,3,8,5,1,2,125,62.5,62,62.5,0.0,100.0,100.0,100.0,0.0,100.0,40.0,15.152,90.0,52.538,46.3,,,,LOW_SUITABILITY
4814877,Educational Facility,Dungri,Dungri,,,Narayanbagar,CHAMOLI,,,,,UNRESOLVED,UNRESOLVED,1,3,2,2,0,0,50,25.0,25,100.0,0.0,100.0,100.0,100.0,0.0,100.0,40.0,6.061,90.0,61.515,47.62,,,,LOW_SUITABILITY
2840715,Educational Facility,Chamoli Gopeshwar-Municipality,,Chamoli Gopeshwar-Municipality,Chamoli Gopeshwar (MB) -Chamoli Chetrapaal Ward No.11,,CHAMOLI,,,,,UNRESOLVED,UNRESOLVED,1,3,2,2,0,0,50,25.0,25,100.0,100.0,100.0,100.0,0.0,0.0,100.0,100.0,6.061,75.0,76.515,63.37,,,,MEDIUM_SUITABILITY
1248124,Educational Facility,Nauli,Nauli,,,Pokhari,CHAMOLI,,,,,UNRESOLVED,UNRESOLVED,1,3,2,2,0,0,50,25.0,25,100.0,100.0,100.0,100.0,100.0,0.0,100.0,100.0,6.061,90.0,76.515,65.62,,,,MEDIUM_SUITABILITY
4682524,Educational Facility,Devgram,Devgram,,,Joshimath,CHAMOLI,,,,,UNRESOLVED,UNRESOLVED,1,3,2,2,0,0,50,25.0,25,100.0,100.0,100.0,100.0,100.0,100.0,100.0,100.0,6.061,100.0,76.515,67.12,,,,MEDIUM_SUITABILITY
1398545,Educational Facility,Bhatiyana Lagga Lakhi,Bhatiyana Lagga Lakhi,,,Ghat,CHAMOLI,,,,,UNRESOLVED,UNRESOLVED,1,3,2,2,0,0,50,25.0,25,100.0,100.0,100.0,100.0,0.0,0.0,100.0,100.0,6.061,75.0,76.515,63.37,,,,MEDIUM_SUITABILITY
9975470,Educational Facility,Pairi,Pairi,,,Ghat,CHAMOLI,,,,,UNRESOLVED,UNRESOLVED,1,3,2,2,0,0,50,25.0,25,100.0,0.0,100.0,100.0,0.0,0.0,100.0,40.0,6.061,75.0,61.515,45.37,,,,LOW_SUITABILITY
2502710,Educational Facility,Karnaprayag-Municipality,,Karnaprayag-Municipality,Karnaprayag (NP) -Tehseel Colony Ward No.4,,CHAMOLI,,,,,UNRESOLVED,UNRESOLVED,5,2,12,3,6,3,75,37.5,38,25.0,100.0,100.0,100.0,100.0,100.0,100.0,100.0,9.091,100.0,54.773,59.18,,,,MEDIUM_SUITABILITY
2392310,Educational Facility,Kei Painti,Kei Painti,,,Narayanbagar,CHAMOLI,,,,,UNRESOLVED,UNRESOLVED,4,3,3,3,0,0,75,37.5,38,100.0,0.0,100.0,100.0,100.0,0.0,100.0,40.0,9.091,90.0,62.273,48.68,,,,LOW_SUITABILITY
5052642,Educational Facility,Tangni Talli,Tangni Talli,,,Joshimath,CHAMOLI,SETTLEMENT_40842,Tangni talli,30.477567,79.463872,MEDIUM,VILLAGE_NAME,4,3,3,3,0,0,75,37.5,38,100.0,100.0,100.0,100.0,100.0,100.0,100.0,100.0,9.091,100.0,77.273,68.18,SETTLEMENT_40842,Tangni talli,0.0,MEDIUM_SUITABILITY
6951069,Educational Facility,Siwae,Siwae,,,Pokhari,CHAMOLI,,,,,UNRESOLVED,UNRESOLVED,8,3,3,3,0,0,75,37.5,38,100.0,0.0,100.0,100.0,0.0,0.0,100.0,40.0,9.091,75.0,62.273,46.43,,,,LOW_SUITABILITY
6265154,Educational Facility,Karnaprayag-Municipality,,Karnaprayag-Municipality,Karnaprayag (NP) - Uper Bazaar Ward No.7,,CHAMOLI,,,,,UNRESOLVED,UNRESOLVED,7,3,12,12,0,0,300,150.0,150,100.0,0.0,100.0,100.0,100.0,100.0,100.0,40.0,36.364,100.0,69.091,59.73,,,,MEDIUM_SUITABILITY
5738978,Educational Facility,Ghuni,Ghuni,,,Ghat,CHAMOLI,,,,,UNRESOLVED,UNRESOLVED,1,3,5,5,0,0,125,62.5,62,100.0,100.0,100.0,100.0,0.0,0.0,100.0,100.0,15.152,75.0,78.788,66.55,,,,MEDIUM_SUITABILITY
5128919,Educational Facility,Kamyar,Kamyar,,,Dasholi,CHAMOLI,,,,,UNRESOLVED,UNRESOLVED,1,3,2,2,0,0,50,25.0,25,100.0,100.0,100.0,100.0,100.0,0.0,100.0,100.0,6.061,90.0,76.515,65.62,,,,MEDIUM_SUITABILITY
4022352,Educational Facility,Ghandiyal,Ghandiyal,,,Karnaprayag,CHAMOLI,,,,,UNRESOLVED,UNRESOLVED,1,3,3,2,0,1,50,25.0,25,66.667,0.0,100.0,100.0,100.0,0.0,100.0,40.0,6.061,90.0,51.515,43.62,,,,LOW_SUITABILITY
3424304,Educational Facility,Meltha,Meltha,,,Tharali,CHAMOLI,,,,,UNRESOLVED,UNRESOLVED,1,3,2,2,0,0,50,25.0,25,100.0,100.0,100.0,100.0,0.0,0.0,100.0,100.0,6.061,75.0,76.515,63.37,,,,MEDIUM_SUITABILITY
4991196,Educational Facility,Ruisan,Ruisan,,,Tharali,CHAMOLI,,,,,UNRESOLVED,UNRESOLVED,1,3,3,3,0,0,75,37.5,38,100.0,0.0,100.0,100.0,100.0,0.0,66.667,40.0,9.091,85.0,58.939,46.6,,,,LOW_SUITABILITY
2899393,Educational Facility,POKHRI-Town Panchayat,,POKHRI-Town Panchayat,Pokhri (NP) -Dever Ward No. 7,,CHAMOLI,,,,,UNRESOLVED,UNRESOLVED,1,3,4,3,0,1,75,37.5,38,75.0,0.0,100.0,100.0,100.0,0.0,100.0,40.0,9.091,90.0,54.773,45.68,,,,LOW_SUITABILITY
2234513,Educational Facility,Tefna,Tefna,,,Karnaprayag,CHAMOLI,,,,,UNRESOLVED,UNRESOLVED,4,3,4,4,0,0,100,50.0,50,100.0,100.0,100.0,100.0,100.0,0.0,100.0,100.0,12.121,90.0,78.03,67.74,,,,MEDIUM_SUITABILITY
4306891,Educational Facility,Lankhee,Lankhee,,,Ghat,CHAMOLI,,,,,UNRESOLVED,UNRESOLVED,1,3,3,3,0,0,75,37.5,38,100.0,0.0,100.0,100.0,0.0,100.0,100.0,40.0,9.091,85.0,62.273,47.93,,,,LOW_SUITABILITY
9745975,Educational Facility,Pogatha,Pogatha,,,Pokhari,CHAMOLI,,,,,UNRESOLVED,UNRESOLVED,5,3,7,3,0,4,75,37.5,38,42.857,100.0,100.0,100.0,100.0,0.0,100.0,100.0,9.091,90.0,60.13,59.82,,,,MEDIUM_SUITABILITY
5842103,Educational Facility,Joshimath-Municipality,,Joshimath-Municipality,Joshimath (MB) - Sunil Ward No.7,,CHAMOLI,,,,,UNRESOLVED,UNRESOLVED,4,3,3,3,0,0,75,37.5,38,100.0,100.0,100.0,100.0,0.0,100.0,66.667,100.0,9.091,80.0,73.939,63.85,,,,MEDIUM_SUITABILITY
2201850,Educational Facility,Trikot,Trikot,,,Tharali,CHAMOLI,,,,,UNRESOLVED,UNRESOLVED,1,3,2,2,0,0,50,25.0,25,100.0,100.0,100.0,100.0,0.0,0.0,66.667,100.0,6.061,70.0,73.182,61.29,,,,MEDIUM_SUITABILITY
5167900,Educational Facility,Kankhul Talla,Kankhul Talla,,,Karnaprayag,CHAMOLI,,,,,UNRESOLVED,UNRESOLVED,5,3,7,4,3,0,100,50.0,50,57.143,100.0,100.0,100.0,100.0,0.0,100.0,100.0,12.121,90.0,65.173,62.6,,,,MEDIUM_SUITABILITY
2216471,Educational Facility,Kundi,Kundi,,,Ghat,CHAMOLI,,,,,UNRESOLVED,UNRESOLVED,1,3,2,2,0,0,50,25.0,25,100.0,0.0,100.0,100.0,0.0,0.0,66.667,40.0,6.061,70.0,58.182,43.29,,,,LOW_SUITABILITY
6823028,Educational Facility,Losari,Losari,,,Dewal,CHAMOLI,,,,,UNRESOLVED,UNRESOLVED,1,3,3,3,0,0,75,37.5,38,100.0,100.0,100.0,100.0,100.0,100.0,100.0,100.0,9.091,100.0,77.273,68.18,,,,MEDIUM_SUITABILITY
5335363,Educational Facility,Chamoli Gopeshwar-Municipality,,Chamoli Gopeshwar-Municipality,Chamoli Gopeshwar (MB) -Chamoli Chetrapaal Ward No.11,,CHAMOLI,,,,,UNRESOLVED,UNRESOLVED,1,3,2,2,0,0,50,25.0,25,100.0,0.0,100.0,100.0,0.0,100.0,100.0,40.0,6.061,85.0,61.515,46.87,,,,LOW_SUITABILITY
6702421,Educational Facility,Dimar,Dimar,,,Karnaprayag,CHAMOLI,,,,,UNRESOLVED,UNRESOLVED,1,3,2,2,0,0,50,25.0,25,100.0,0.0,100.0,100.0,100.0,0.0,100.0,40.0,6.061,90.0,61.515,47.62,,,,LOW_SUITABILITY
4740697,Educational Facility,Salna,Salna,,,Pokhari,CHAMOLI,,,,,UNRESOLVED,UNRESOLVED,1,3,2,2,0,0,50,25.0,25,100.0,0.0,100.0,100.0,100.0,100.0,100.0,40.0,6.061,100.0,61.515,49.12,,,,LOW_SUITABILITY
4144569,Educational Facility,Dungri,Dungri,,,Karnaprayag,CHAMOLI,,,,,UNRESOLVED,UNRESOLVED,4,3,3,3,0,0,75,37.5,38,100.0,100.0,100.0,100.0,0.0,0.0,100.0,100.0,9.091,75.0,77.273,64.43,,,,MEDIUM_SUITABILITY
6713997,Educational Facility,Latu Gair,Latu Gair,,,Gairsain,CHAMOLI,,,,,UNRESOLVED,UNRESOLVED,5,3,12,9,3,0,225,112.5,112,75.0,0.0,100.0,100.0,0.0,100.0,100.0,40.0,27.273,85.0,59.318,51.3,,,,MEDIUM_SUITABILITY
6638579,Educational Facility,PIPALKOTI-Town Panchayat,,PIPALKOTI-Town Panchayat,Peepalkoti (NP)- Gadora Ward No.3,,CHAMOLI,,,,,UNRESOLVED,UNRESOLVED,5,3,10,10,0,0,250,125.0,125,100.0,100.0,100.0,100.0,100.0,0.0,100.0,100.0,30.303,90.0,82.576,74.11,,,,HIGH_SUITABILITY
8064538,Educational Facility,Vaduk,Vaduk,,,Ghat,CHAMOLI,,,,,UNRESOLVED,UNRESOLVED,4,3,4,3,1,0,75,37.5,38,75.0,0.0,100.0,100.0,0.0,0.0,100.0,40.0,9.091,75.0,54.773,43.43,,,,LOW_SUITABILITY
4241087,Educational Facility,Simli,Simli,,,Karnaprayag,CHAMOLI,,,,,UNRESOLVED,UNRESOLVED,5,3,9,5,1,3,125,62.5,62,55.556,100.0,100.0,100.0,100.0,0.0,100.0,100.0,15.152,90.0,65.455,63.47,,,,MEDIUM_SUITABILITY
6504365,Educational Facility,Sarkot,Sarkot,,,Gairsain,CHAMOLI,,,,,UNRESOLVED,UNRESOLVED,1,3,3,2,1,0,50,25.0,25,66.667,0.0,100.0,100.0,100.0,0.0,100.0,40.0,6.061,90.0,51.515,43.62,,,,LOW_SUITABILITY
7629310,Educational Facility,Nakot Malla,Nakot Malla,,,Karnaprayag,CHAMOLI,,,,,UNRESOLVED,UNRESOLVED,1,3,2,2,0,0,50,25.0,25,100.0,0.0,100.0,100.0,100.0,100.0,100.0,40.0,6.061,100.0,61.515,49.12,,,,LOW_SUITABILITY
4417988,Educational Facility,Matai,Matai,,,Ghat,CHAMOLI,,,,,UNRESOLVED,UNRESOLVED,1,3,2,2,0,0,50,25.0,25,100.0,0.0,100.0,100.0,100.0,100.0,100.0,40.0,6.061,100.0,61.515,49.12,,,,LOW_SUITABILITY
3711887,Educational Facility,Vaan,Vaan,,,Dewal,CHAMOLI,,,,,UNRESOLVED,UNRESOLVED,1,3,5,5,0,0,125,62.5,62,100.0,100.0,100.0,100.0,0.0,0.0,100.0,100.0,15.152,75.0,78.788,66.55,,,,MEDIUM_SUITABILITY
7518365,Educational Facility,Nauna,Nauna,,,Gairsain,CHAMOLI,,,,,UNRESOLVED,UNRESOLVED,4,3,4,3,1,0,75,37.5,38,75.0,100.0,100.0,100.0,100.0,0.0,100.0,100.0,9.091,90.0,69.773,63.68,,,,MEDIUM_SUITABILITY
2431097,Educational Facility,Chamoli Gopeshwar-Municipality,,Chamoli Gopeshwar-Municipality,Chamoli Gopeshwar (MB) -Kund Colony Ward No.3,,CHAMOLI,,,,,UNRESOLVED,UNRESOLVED,3,3,26,26,0,0,650,325.0,325,100.0,100.0,100.0,100.0,100.0,100.0,100.0,100.0,78.788,100.0,94.697,92.58,,,,HIGH_SUITABILITY
8440380,Educational Facility,Matai,Matai,,,Ghat,CHAMOLI,,,,,UNRESOLVED,UNRESOLVED,5,3,9,7,0,2,175,87.5,88,77.778,0.0,100.0,100.0,100.0,0.0,100.0,40.0,21.212,90.0,58.636,50.26,,,,MEDIUM_SUITABILITY
5245612,Educational Facility,Gairsain-Town Panchayat,,Gairsain-Town Panchayat,Gairsain (NP) -Gairsain Purvi Bhaag Ward No. 3,,CHAMOLI,,,,,UNRESOLVED,UNRESOLVED,1,3,10,10,0,0,250,125.0,125,100.0,100.0,100.0,100.0,100.0,100.0,66.667,100.0,30.303,95.0,79.242,73.52,,,,HIGH_SUITABILITY
2054044,Educational Facility,Tali,Tali,,,Bajpur,CHAMOLI,,,,,UNRESOLVED,UNRESOLVED,4,3,3,3,0,0,75,37.5,38,100.0,0.0,100.0,100.0,100.0,0.0,100.0,40.0,9.091,90.0,62.273,48.68,,,,LOW_SUITABILITY
2468744,Educational Facility,Khainoli,Khainoli,,,Narayanbagar,CHAMOLI,,,,,UNRESOLVED,UNRESOLVED,7,3,5,5,0,0,125,62.5,62,100.0,0.0,100.0,100.0,0.0,0.0,100.0,40.0,15.152,75.0,63.788,48.55,,,,LOW_SUITABILITY
1711624,Educational Facility,Alkot,Alkot,,,Tharali,CHAMOLI,,,,,UNRESOLVED,UNRESOLVED,5,3,8,3,1,4,75,37.5,38,37.5,100.0,100.0,100.0,100.0,0.0,100.0,100.0,9.091,90.0,58.523,59.18,,,,MEDIUM_SUITABILITY
9321500,Educational Facility,Uttaraun,Uttaraun,,,Pokhari,CHAMOLI,,,,,UNRESOLVED,UNRESOLVED,7,3,8,3,3,2,75,37.5,38,37.5,100.0,100.0,100.0,100.0,0.0,100.0,100.0,9.091,90.0,58.523,59.18,,,,MEDIUM_SUITABILITY
6569349,Educational Facility,Gairsain-Town Panchayat,,Gairsain-Town Panchayat,Gairsain (NP) -Saliyana Ward No. 1,,CHAMOLI,,,,,UNRESOLVED,UNRESOLVED,4,3,3,3,0,0,75,37.5,38,100.0,100.0,100.0,100.0,100.0,0.0,100.0,100.0,9.091,90.0,77.273,66.68,,,,MEDIUM_SUITABILITY
6217618,Educational Facility,Chamoli Gopeshwar-Municipality,,Chamoli Gopeshwar-Municipality,Chamoli Gopeshwar (MB) -Lower Bazaar Ward No.5,,CHAMOLI,,,,,UNRESOLVED,UNRESOLVED,6,3,17,17,0,0,425,212.5,212,100.0,100.0,100.0,100.0,0.0,100.0,100.0,100.0,51.515,85.0,87.879,80.78,,,,HIGH_SUITABILITY
7521870,Educational Facility,Mathakot,Mathakot,,,Gairsain,CHAMOLI,,,,,UNRESOLVED,UNRESOLVED,1,3,5,5,0,0,125,62.5,62,100.0,0.0,100.0,100.0,100.0,0.0,100.0,40.0,15.152,90.0,63.788,50.8,,,,MEDIUM_SUITABILITY
9864627,Educational Facility,Lolti,Lolti,,,Tharali,CHAMOLI,,,,,UNRESOLVED,UNRESOLVED,2,3,5,5,0,0,125,62.5,62,100.0,100.0,100.0,100.0,100.0,100.0,100.0,100.0,15.152,100.0,78.788,70.3,,,,HIGH_SUITABILITY
1594739,Educational Facility,Raini Chak Lata,Raini Chak Lata,,,Joshimath,CHAMOLI,SETTLEMENT_40881,Raini Chak Lata,30.488322,79.694825,MEDIUM,VILLAGE_NAME,7,3,6,4,2,0,100,50.0,50,66.667,100.0,100.0,100.0,100.0,0.0,100.0,100.0,12.121,90.0,68.03,63.74,SETTLEMENT_40881,Raini Chak Lata,0.0,MEDIUM_SUITABILITY
5974853,Educational Facility,Mopata,Mopata,,,Dewal,CHAMOLI,,,,,UNRESOLVED,UNRESOLVED,4,3,3,2,1,0,50,25.0,25,66.667,100.0,100.0,100.0,100.0,0.0,100.0,100.0,6.061,90.0,66.515,61.62,,,,MEDIUM_SUITABILITY
4935436,Educational Facility,Parawari,Parawari,,,Gairsain,CHAMOLI,,,,,UNRESOLVED,UNRESOLVED,5,3,10,8,2,0,200,100.0,100,80.0,0.0,100.0,100.0,0.0,0.0,100.0,40.0,24.242,75.0,60.061,49.33,,,,LOW_SUITABILITY
9735640,Educational Facility,Jakhet,Jakhet,,,Gairsain,CHAMOLI,,,,,UNRESOLVED,UNRESOLVED,4,3,3,3,0,0,75,37.5,38,100.0,0.0,100.0,100.0,100.0,0.0,100.0,40.0,9.091,90.0,62.273,48.68,,,,LOW_SUITABILITY
4831032,Educational Facility,Pali Malli,Pali Malli,,,Narayanbagar,CHAMOLI,,,,,UNRESOLVED,UNRESOLVED,1,3,2,2,0,0,50,25.0,25,100.0,0.0,100.0,100.0,100.0,100.0,100.0,40.0,6.061,100.0,61.515,49.12,,,,LOW_SUITABILITY
4275052,Educational Facility,Sawad,Sawad,,,Dewal,CHAMOLI,,,,,UNRESOLVED,UNRESOLVED,1,3,3,2,0,1,50,25.0,25,66.667,100.0,100.0,100.0,100.0,0.0,100.0,100.0,6.061,90.0,66.515,61.62,,,,MEDIUM_SUITABILITY
5261071,Educational Facility,Manoor,Manoor,,,Narayanbagar,CHAMOLI,,,,,UNRESOLVED,UNRESOLVED,1,3,2,2,0,0,50,25.0,25,100.0,0.0,100.0,100.0,100.0,0.0,100.0,40.0,6.061,90.0,61.515,47.62,,,,LOW_SUITABILITY
2090125,Educational Facility,Irani,Irani,,,Dasholi,CHAMOLI,,,,,UNRESOLVED,UNRESOLVED,5,3,7,7,0,0,175,87.5,88,100.0,0.0,100.0,100.0,100.0,0.0,100.0,40.0,21.212,90.0,65.303,52.92,,,,MEDIUM_SUITABILITY
1953133,Educational Facility,Joshimath-Municipality,,Joshimath-Municipality,Joshimath (MB) - Persaari Ward No.8,,CHAMOLI,,,,,UNRESOLVED,UNRESOLVED,4,3,3,3,0,0,75,37.5,38,100.0,100.0,100.0,100.0,100.0,0.0,100.0,100.0,9.091,90.0,77.273,66.68,,,,MEDIUM_SUITABILITY
8992893,Educational Facility,Dimar,Dimar,,,Karnaprayag,CHAMOLI,,,,,UNRESOLVED,UNRESOLVED,4,3,3,3,0,0,75,37.5,38,100.0,100.0,100.0,100.0,100.0,100.0,100.0,100.0,9.091,100.0,77.273,68.18,,,,MEDIUM_SUITABILITY
5466335,Educational Facility,Chaien,Chaien,,,Joshimath,CHAMOLI,SETTLEMENT_40816,Chaien,30.566174,79.538058,MEDIUM,VILLAGE_NAME,4,3,3,3,0,0,75,37.5,38,100.0,100.0,100.0,100.0,100.0,100.0,100.0,100.0,9.091,100.0,77.273,68.18,SETTLEMENT_40816,Chaien,0.0,MEDIUM_SUITABILITY
2610272,Educational Facility,Dewaldhar,Dewaldhar,,,Dasholi,CHAMOLI,,,,,UNRESOLVED,UNRESOLVED,1,3,2,2,0,0,50,25.0,25,100.0,100.0,100.0,100.0,0.0,0.0,100.0,100.0,6.061,75.0,76.515,63.37,,,,MEDIUM_SUITABILITY
3604656,Educational Facility,Palla,Palla,,,Joshimath,CHAMOLI,SETTLEMENT_40832,Palla,30.5122953,79.4720821,MEDIUM,VILLAGE_NAME,1,3,2,2,0,0,50,25.0,25,100.0,100.0,100.0,100.0,0.0,0.0,100.0,100.0,6.061,75.0,76.515,63.37,SETTLEMENT_40832,Palla,0.0,MEDIUM_SUITABILITY
8955921,Educational Facility,Pairi,Pairi,,,Ghat,CHAMOLI,,,,,UNRESOLVED,UNRESOLVED,1,3,2,2,0,0,50,25.0,25,100.0,0.0,100.0,100.0,0.0,100.0,100.0,40.0,6.061,85.0,61.515,46.87,,,,LOW_SUITABILITY
7370903,Educational Facility,Ustoli,Ustoli,,,Ghat,CHAMOLI,,,,,UNRESOLVED,UNRESOLVED,1,3,2,2,0,0,50,25.0,25,100.0,0.0,100.0,100.0,0.0,0.0,100.0,40.0,6.061,75.0,61.515,45.37,,,,LOW_SUITABILITY
1542129,Educational Facility,Baula,Baula,,,Karnaprayag,CHAMOLI,,,,,UNRESOLVED,UNRESOLVED,1,3,2,2,0,0,50,25.0,25,100.0,100.0,100.0,100.0,100.0,0.0,100.0,100.0,6.061,90.0,76.515,65.62,,,,MEDIUM_SUITABILITY
2704485,Educational Facility,Chamoli Gopeshwar-Municipality,,Chamoli Gopeshwar-Municipality,Chamoli Gopeshwar (MB) -Kothiyaal Gaon Ward No.10,,CHAMOLI,,,,,UNRESOLVED,UNRESOLVED,2,3,8,8,0,0,200,100.0,100,100.0,100.0,100.0,100.0,0.0,100.0,100.0,100.0,24.242,85.0,81.061,71.23,,,,HIGH_SUITABILITY
4623426,Educational Facility,Mehal Chauri,Mehal Chauri,,,Gairsain,CHAMOLI,,,,,UNRESOLVED,UNRESOLVED,4,3,3,3,0,0,75,37.5,38,100.0,100.0,100.0,100.0,0.0,100.0,100.0,100.0,9.091,85.0,77.273,65.93,,,,MEDIUM_SUITABILITY
4943381,Educational Facility,Paithani,Paithani,,,Narayanbagar,CHAMOLI,,,,,UNRESOLVED,UNRESOLVED,4,3,3,3,0,0,75,37.5,38,100.0,0.0,100.0,100.0,100.0,0.0,100.0,40.0,9.091,90.0,62.273,48.68,,,,LOW_SUITABILITY
5139919,Educational Facility,Karnaprayag-Municipality,,Karnaprayag-Municipality,Karnaprayag (NP) -Eda Badhaani Ward No.2,,CHAMOLI,,,,,UNRESOLVED,UNRESOLVED,4,3,3,2,1,0,50,25.0,25,66.667,100.0,100.0,100.0,100.0,100.0,100.0,100.0,6.061,100.0,66.515,63.12,,,,MEDIUM_SUITABILITY
9143797,Educational Facility,Bhainti,Bhainti,,,Ghat,CHAMOLI,,,,,UNRESOLVED,UNRESOLVED,4,3,3,3,0,0,75,37.5,38,100.0,0.0,100.0,100.0,100.0,100.0,100.0,40.0,9.091,100.0,62.273,50.18,,,,MEDIUM_SUITABILITY
6157965,Educational Facility,Karchhuna Malla,Karchhuna Malla,,,Pokhari,CHAMOLI,,,,,UNRESOLVED,UNRESOLVED,1,3,2,2,0,0,50,25.0,25,100.0,0.0,100.0,100.0,0.0,0.0,100.0,40.0,6.061,75.0,61.515,45.37,,,,LOW_SUITABILITY
1319434,Educational Facility,Sainjilagga Maikot,Sainjilagga Maikot,,,Dasholi,CHAMOLI,,,,,UNRESOLVED,UNRESOLVED,5,3,10,7,0,3,175,87.5,88,70.0,100.0,100.0,100.0,100.0,0.0,100.0,100.0,21.212,90.0,71.303,67.32,,,,MEDIUM_SUITABILITY
4278100,Educational Facility,Mathlaggapilng,Mathlaggapilng,,,Dasholi,CHAMOLI,,,,,UNRESOLVED,UNRESOLVED,1,3,2,2,0,0,50,25.0,25,100.0,0.0,100.0,100.0,0.0,0.0,100.0,40.0,6.061,75.0,61.515,45.37,,,,LOW_SUITABILITY
5020304,Educational Facility,Syari Lagga Bangali,Syari Lagga Bangali,,,Ghat,CHAMOLI,,,,,UNRESOLVED,UNRESOLVED,1,3,2,2,0,0,50,25.0,25,100.0,0.0,100.0,100.0,0.0,0.0,100.0,40.0,6.061,75.0,61.515,45.37,,,,LOW_SUITABILITY
8228712,Educational Facility,Saring Gaon,Saring Gaon,,,Gairsain,CHAMOLI,,,,,UNRESOLVED,UNRESOLVED,1,3,4,4,0,0,100,50.0,50,100.0,0.0,100.0,100.0,0.0,0.0,100.0,40.0,12.121,75.0,63.03,47.49,,,,LOW_SUITABILITY
5831905,Educational Facility,Syunimalli,Syunimalli,,,Gairsain,CHAMOLI,,,,,UNRESOLVED,UNRESOLVED,1,3,3,2,0,1,50,25.0,25,66.667,100.0,100.0,100.0,100.0,0.0,100.0,100.0,6.061,90.0,66.515,61.62,,,,MEDIUM_SUITABILITY
6747446,Educational Facility,Ruisan,Ruisan,,,Tharali,CHAMOLI,,,,,UNRESOLVED,UNRESOLVED,1,3,2,2,0,0,50,25.0,25,100.0,0.0,100.0,100.0,100.0,0.0,100.0,40.0,6.061,90.0,61.515,47.62,,,,LOW_SUITABILITY
3665483,Educational Facility,Nail,Nail,,,Karnaprayag,CHAMOLI,,,,,UNRESOLVED,UNRESOLVED,1,3,2,2,0,0,50,25.0,25,100.0,0.0,100.0,100.0,0.0,0.0,100.0,40.0,6.061,75.0,61.515,45.37,,,,LOW_SUITABILITY
6618957,Educational Facility,Partha Chak Kuni,Partha Chak Kuni,,,Tharali,CHAMOLI,,,,,UNRESOLVED,UNRESOLVED,1,3,2,2,0,0,50,25.0,25,100.0,0.0,100.0,100.0,100.0,0.0,100.0,40.0,6.061,90.0,61.515,47.62,,,,LOW_SUITABILITY
6364064,Educational Facility,Beena,Beena,,,Dhauladevi,CHAMOLI,,,,,UNRESOLVED,UNRESOLVED,1,3,8,8,0,0,200,100.0,100,100.0,0.0,100.0,100.0,100.0,100.0,100.0,40.0,24.242,100.0,66.061,55.48,,,,MEDIUM_SUITABILITY
3696848,Educational Facility,Langasu,Langasu,,,Karnaprayag,CHAMOLI,,,,,UNRESOLVED,UNRESOLVED,2,3,8,8,0,0,200,100.0,100,100.0,100.0,100.0,100.0,0.0,100.0,100.0,100.0,24.242,85.0,81.061,71.23,,,,HIGH_SUITABILITY
7862210,Educational Facility,Ghuni,Ghuni,,,Ghat,CHAMOLI,,,,,UNRESOLVED,UNRESOLVED,1,3,2,2,0,0,50,25.0,25,100.0,0.0,100.0,100.0,0.0,0.0,66.667,40.0,6.061,70.0,58.182,43.29,,,,LOW_SUITABILITY
3856092,Educational Facility,Bara Gaon,Bara Gaon,,,Joshimath,CHAMOLI,SETTLEMENT_40864,Bara gaon,30.521287,79.600341,MEDIUM,VILLAGE_NAME,1,3,5,5,0,0,125,62.5,62,100.0,100.0,100.0,100.0,100.0,0.0,66.667,100.0,15.152,85.0,75.455,66.72,SETTLEMENT_40864,Bara gaon,0.0,MEDIUM_SUITABILITY
7713457,Educational Facility,Raigaon,Raigaon,,,Narayanbagar,CHAMOLI,,,,,UNRESOLVED,UNRESOLVED,4,3,3,3,0,0,75,37.5,38,100.0,0.0,100.0,100.0,100.0,100.0,100.0,40.0,9.091,100.0,62.273,50.18,,,,MEDIUM_SUITABILITY
5786865,Educational Facility,Kalsir,Kalsir,,,Pokhari,CHAMOLI,,,,,UNRESOLVED,UNRESOLVED,4,3,3,3,0,0,75,37.5,38,100.0,0.0,100.0,100.0,0.0,0.0,100.0,40.0,9.091,75.0,62.273,46.43,,,,LOW_SUITABILITY
2234683,Educational Facility,Kulsari,Kulsari,,,Tharali,CHAMOLI,,,,,UNRESOLVED,UNRESOLVED,2,3,10,10,0,0,250,125.0,125,100.0,100.0,100.0,100.0,100.0,100.0,100.0,100.0,30.303,100.0,82.576,75.61,,,,HIGH_SUITABILITY
8751967,Educational Facility,Majyari Malli,Majyari Malli,,,Gairsain,CHAMOLI,,,,,UNRESOLVED,UNRESOLVED,4,3,3,3,0,0,75,37.5,38,100.0,0.0,100.0,100.0,100.0,0.0,100.0,40.0,9.091,90.0,62.273,48.68,,,,LOW_SUITABILITY
2578775,Educational Facility,Nail Laga Farakande,Nail Laga Farakande,,,Gairsain,CHAMOLI,,,,,UNRESOLVED,UNRESOLVED,4,3,3,3,0,0,75,37.5,38,100.0,0.0,100.0,100.0,100.0,0.0,100.0,40.0,9.091,90.0,62.273,48.68,,,,LOW_SUITABILITY
9477191,Educational Facility,Noligwar,Noligwar,,,Joshimath,CHAMOLI,SETTLEMENT_40848,Noligwar,30.480475,79.493199,MEDIUM,VILLAGE_NAME,1,3,2,2,0,0,50,25.0,25,100.0,0.0,100.0,100.0,0.0,0.0,100.0,40.0,6.061,75.0,61.515,45.37,SETTLEMENT_40848,Noligwar,0.0,LOW_SUITABILITY
2666540,Educational Facility,Sankari,Sankari,,,Pokhari,CHAMOLI,,,,,UNRESOLVED,UNRESOLVED,1,3,3,3,0,0,75,37.5,38,100.0,0.0,100.0,100.0,100.0,0.0,100.0,40.0,9.091,90.0,62.273,48.68,,,,LOW_SUITABILITY
2200629,Educational Facility,Syuni Talli,Syuni Talli,,,Gairsain,CHAMOLI,,,,,UNRESOLVED,UNRESOLVED,1,3,3,3,0,0,75,37.5,38,100.0,0.0,100.0,100.0,0.0,100.0,100.0,40.0,9.091,85.0,62.273,47.93,,,,LOW_SUITABILITY
8948297,Educational Facility,Banj Bagar,Banj Bagar,,,Dasholi,CHAMOLI,,,,,UNRESOLVED,UNRESOLVED,1,3,3,3,0,0,75,37.5,38,100.0,0.0,100.0,100.0,100.0,100.0,100.0,40.0,9.091,100.0,62.273,50.18,,,,MEDIUM_SUITABILITY
4507547,Educational Facility,Ali,Ali,,,Pokhari,CHAMOLI,,,,,UNRESOLVED,UNRESOLVED,1,3,2,2,0,0,50,25.0,25,100.0,100.0,100.0,100.0,0.0,100.0,100.0,100.0,6.061,85.0,76.515,64.87,,,,MEDIUM_SUITABILITY
5236843,Educational Facility,Nailmalana,Nailmalana,,,Dasholi,CHAMOLI,,,,,UNRESOLVED,UNRESOLVED,1,3,3,2,1,0,50,25.0,25,66.667,100.0,100.0,100.0,100.0,0.0,100.0,100.0,6.061,90.0,66.515,61.62,,,,MEDIUM_SUITABILITY
3400241,Educational Facility,Gugali,Gugali,,,Augustmuni,CHAMOLI,,,,,UNRESOLVED,UNRESOLVED,1,3,3,3,0,0,75,37.5,38,100.0,0.0,100.0,100.0,100.0,0.0,100.0,40.0,9.091,90.0,62.273,48.68,,,,LOW_SUITABILITY
3038593,Educational Facility,Bampa,Bampa,,,Joshimath,CHAMOLI,SETTLEMENT_40887,Bampa,30.7436664,79.8297153,MEDIUM,VILLAGE_NAME,1,3,2,2,0,0,50,25.0,25,100.0,100.0,100.0,100.0,0.0,100.0,100.0,100.0,6.061,85.0,76.515,64.87,SETTLEMENT_40887,Bampa,0.0,MEDIUM_SUITABILITY
6983936,Educational Facility,Mela Chak Mundoli,Mela Chak Mundoli,,,Dewal,CHAMOLI,,,,,UNRESOLVED,UNRESOLVED,2,3,8,8,0,0,200,100.0,100,100.0,100.0,100.0,100.0,100.0,100.0,100.0,100.0,24.242,100.0,81.061,73.48,,,,HIGH_SUITABILITY
5292610,Educational Facility,Gochar-Municipality,,Gochar-Municipality,"Gochar (NP) -Shail, Basantpur Ghali Ward No.3",,CHAMOLI,,,,,UNRESOLVED,UNRESOLVED,3,3,14,14,0,0,350,175.0,175,100.0,100.0,100.0,100.0,0.0,0.0,100.0,100.0,42.424,75.0,85.606,76.1,,,,HIGH_SUITABILITY
8248982,Educational Facility,Chamoli Gopeshwar-Municipality,,Chamoli Gopeshwar-Municipality,Chamoli Gopeshwar (MB) -Kothiyaal Gaon Ward No.10,,CHAMOLI,,,,,UNRESOLVED,UNRESOLVED,1,3,5,5,0,0,125,62.5,62,100.0,100.0,100.0,100.0,0.0,100.0,100.0,100.0,15.152,85.0,78.788,68.05,,,,MEDIUM_SUITABILITY
4283719,Educational Facility,Urgam,Urgam,,,Joshimath,CHAMOLI,SETTLEMENT_40817,Urgam,30.5400882,79.4566318,MEDIUM,VILLAGE_NAME,2,3,10,10,0,0,250,125.0,125,100.0,0.0,100.0,100.0,0.0,0.0,100.0,40.0,30.303,75.0,67.576,53.86,SETTLEMENT_40817,Urgam,0.0,MEDIUM_SUITABILITY
9017941,Educational Facility,Partha Chak Kuni,Partha Chak Kuni,,,Tharali,CHAMOLI,,,,,UNRESOLVED,UNRESOLVED,1,3,3,3,0,0,75,37.5,38,100.0,0.0,100.0,100.0,100.0,0.0,100.0,40.0,9.091,90.0,62.273,48.68,,,,LOW_SUITABILITY
4848037,Educational Facility,Kotera,Kotera,,,Dewal,CHAMOLI,,,,,UNRESOLVED,UNRESOLVED,1,3,3,3,0,0,75,37.5,38,100.0,0.0,100.0,0.0,0.0,0.0,100.0,20.0,9.091,45.0,52.273,33.93,,,,LOW_SUITABILITY
8527431,Educational Facility,Kandara,Kandara,,,Karnaprayag,CHAMOLI,,,,,UNRESOLVED,UNRESOLVED,5,3,9,5,3,1,125,62.5,62,55.556,0.0,100.0,100.0,0.0,0.0,100.0,40.0,15.152,75.0,50.455,43.22,,,,LOW_SUITABILITY
9866933,Educational Facility,Bura,Bura,,,Ghat,CHAMOLI,,,,,UNRESOLVED,UNRESOLVED,5,3,9,9,0,0,225,112.5,112,100.0,0.0,100.0,100.0,100.0,0.0,100.0,40.0,27.273,90.0,66.818,55.05,,,,MEDIUM_SUITABILITY
3118552,Educational Facility,Ustoli,Ustoli,,,Ghat,CHAMOLI,,,,,UNRESOLVED,UNRESOLVED,5,2,7,2,5,0,50,25.0,25,28.571,0.0,100.0,100.0,0.0,100.0,100.0,40.0,6.061,85.0,40.087,38.3,,,,LOW_SUITABILITY
8292857,Educational Facility,Kotha,Kotha,,,Gairsain,CHAMOLI,,,,,UNRESOLVED,UNRESOLVED,7,3,5,2,0,3,50,25.0,25,40.0,100.0,100.0,100.0,100.0,0.0,100.0,100.0,6.061,90.0,58.515,58.42,,,,MEDIUM_SUITABILITY
2454844,Educational Facility,Pogatha,Pogatha,,,Pokhari,CHAMOLI,,,,,UNRESOLVED,UNRESOLVED,1,3,3,3,0,0,75,37.5,38,100.0,0.0,100.0,100.0,0.0,0.0,100.0,40.0,9.091,75.0,62.273,46.43,,,,LOW_SUITABILITY
1136747,Educational Facility,Mokhtalla,Mokhtalla,,,Ghat,CHAMOLI,,,,,UNRESOLVED,UNRESOLVED,1,3,2,2,0,0,50,25.0,25,100.0,0.0,100.0,100.0,100.0,0.0,66.667,40.0,6.061,85.0,58.182,45.54,,,,LOW_SUITABILITY
7636370,Educational Facility,Gudam,Gudam,,,Pokhari,CHAMOLI,,,,,UNRESOLVED,UNRESOLVED,1,3,2,2,0,0,50,25.0,25,100.0,0.0,100.0,100.0,0.0,0.0,100.0,40.0,6.061,75.0,61.515,45.37,,,,LOW_SUITABILITY
6317584,Educational Facility,Pagna,Pagna,,,Ghat,CHAMOLI,,,,,UNRESOLVED,UNRESOLVED,1,3,2,2,0,0,50,25.0,25,100.0,0.0,100.0,100.0,100.0,100.0,100.0,40.0,6.061,100.0,61.515,49.12,,,,LOW_SUITABILITY
4937163,Educational Facility,Dimar,Dimar,,,Karnaprayag,CHAMOLI,,,,,UNRESOLVED,UNRESOLVED,5,3,7,2,3,2,50,25.0,25,28.571,100.0,100.0,100.0,100.0,100.0,100.0,100.0,6.061,100.0,55.087,58.55,,,,MEDIUM_SUITABILITY
6180717,Educational Facility,Sainu,Sainu,,,Karnaprayag,CHAMOLI,,,,,UNRESOLVED,UNRESOLVED,4,3,3,3,0,0,75,37.5,38,100.0,100.0,100.0,100.0,100.0,100.0,100.0,100.0,9.091,100.0,77.273,68.18,,,,MEDIUM_SUITABILITY
2598645,Educational Facility,Rauta,Rauta,,,Pokhari,CHAMOLI,,,,,UNRESOLVED,UNRESOLVED,7,3,5,2,0,3,50,25.0,25,40.0,0.0,0.0,100.0,0.0,100.0,100.0,20.0,6.061,55.0,33.515,27.17,,,,LOW_SUITABILITY
8618675,Educational Facility,Simli,Simli,,,Karnaprayag,CHAMOLI,,,,,UNRESOLVED,UNRESOLVED,1,3,5,5,0,0,125,62.5,62,100.0,100.0,100.0,100.0,100.0,0.0,100.0,100.0,15.152,90.0,78.788,68.8,,,,MEDIUM_SUITABILITY
5221661,Educational Facility,Panigair,Panigair,,,Ghat,CHAMOLI,,,,,UNRESOLVED,UNRESOLVED,1,3,2,2,0,0,50,25.0,25,100.0,0.0,100.0,100.0,100.0,100.0,100.0,40.0,6.061,100.0,61.515,49.12,,,,LOW_SUITABILITY
1344179,Educational Facility,Irani,Irani,,,Dasholi,CHAMOLI,,,,,UNRESOLVED,UNRESOLVED,1,3,4,2,2,0,50,25.0,25,50.0,0.0,100.0,100.0,100.0,100.0,100.0,40.0,6.061,100.0,46.515,43.12,,,,LOW_SUITABILITY
3668593,Educational Facility,Nail Khalwadi,Nail Khalwadi,,,Pokhari,CHAMOLI,,,,,UNRESOLVED,UNRESOLVED,1,3,3,2,0,1,50,25.0,25,66.667,100.0,100.0,100.0,100.0,100.0,100.0,100.0,6.061,100.0,66.515,63.12,,,,MEDIUM_SUITABILITY
4221027,Educational Facility,Gulari,Gulari,,,Ghat,CHAMOLI,,,,,UNRESOLVED,UNRESOLVED,1,3,2,2,0,0,50,25.0,25,100.0,0.0,100.0,0.0,0.0,0.0,100.0,20.0,6.061,45.0,51.515,32.87,,,,LOW_SUITABILITY
2526297,Educational Facility,Chaundi,Chaundi,,,Ekeshwar,CHAMOLI,,,,,UNRESOLVED,UNRESOLVED,1,3,2,2,0,0,50,25.0,25,100.0,100.0,100.0,100.0,100.0,0.0,100.0,100.0,6.061,90.0,76.515,65.62,,,,MEDIUM_SUITABILITY
8331701,Educational Facility,Girsa,Girsa,,,Pokhari,CHAMOLI,,,,,UNRESOLVED,UNRESOLVED,1,3,2,2,0,0,50,25.0,25,100.0,100.0,100.0,100.0,100.0,100.0,100.0,100.0,6.061,100.0,76.515,67.12,,,,MEDIUM_SUITABILITY
7073310,Educational Facility,Pakhi,Pakhi,,,Joshimath,CHAMOLI,SETTLEMENT_40845,Pakhi,30.4656853,79.4513854,MEDIUM,VILLAGE_NAME,1,3,4,4,0,0,100,50.0,50,100.0,100.0,100.0,100.0,100.0,100.0,100.0,100.0,12.121,100.0,78.03,69.24,SETTLEMENT_40845,Pakhi,0.0,MEDIUM_SUITABILITY
4570859,Educational Facility,Naini,Naini,,,Gairsain,CHAMOLI,,,,,UNRESOLVED,UNRESOLVED,1,3,4,2,0,2,50,25.0,25,50.0,0.0,100.0,100.0,100.0,100.0,100.0,40.0,6.061,100.0,46.515,43.12,,,,LOW_SUITABILITY
9846087,Educational Facility,Harmani Malli,Harmani Malli,,,Narayanbagar,CHAMOLI,,,,,UNRESOLVED,UNRESOLVED,1,3,3,3,0,0,75,37.5,38,100.0,100.0,100.0,100.0,100.0,0.0,100.0,100.0,9.091,90.0,77.273,66.68,,,,MEDIUM_SUITABILITY
9115870,Educational Facility,Gairsain-Town Panchayat,,Gairsain-Town Panchayat,Gairsain (NP) -Gairsain Purvi Bhaag Ward No. 3,,CHAMOLI,,,,,UNRESOLVED,UNRESOLVED,5,3,9,9,0,0,225,112.5,112,100.0,100.0,100.0,100.0,100.0,100.0,100.0,100.0,27.273,100.0,81.818,74.55,,,,HIGH_SUITABILITY
5770464,Educational Facility,Kheti,Kheti,,,Gairsain,CHAMOLI,,,,,UNRESOLVED,UNRESOLVED,7,3,7,7,0,0,175,87.5,88,100.0,100.0,100.0,100.0,100.0,100.0,100.0,100.0,21.212,100.0,80.303,72.42,,,,HIGH_SUITABILITY
1723636,Educational Facility,Bhainti,Bhainti,,,Ghat,CHAMOLI,,,,,UNRESOLVED,UNRESOLVED,1,3,3,3,0,0,75,37.5,38,100.0,0.0,100.0,100.0,0.0,100.0,100.0,40.0,9.091,85.0,62.273,47.93,,,,LOW_SUITABILITY
8998698,Educational Facility,Mehal Chauri,Mehal Chauri,,,Gairsain,CHAMOLI,,,,,UNRESOLVED,UNRESOLVED,2,3,10,10,0,0,250,125.0,125,100.0,100.0,100.0,100.0,0.0,0.0,100.0,100.0,30.303,75.0,82.576,71.86,,,,HIGH_SUITABILITY
8945384,Educational Facility,Gochar-Municipality,,Gochar-Municipality,"Gochar (NP) -Shail, Basantpur Ghali Ward No.3",,CHAMOLI,,,,,UNRESOLVED,UNRESOLVED,1,3,9,9,0,0,225,112.5,112,100.0,0.0,100.0,100.0,0.0,100.0,100.0,40.0,27.273,85.0,66.818,54.3,,,,MEDIUM_SUITABILITY
5185989,Educational Facility,Salna,Salna,,,Pokhari,CHAMOLI,,,,,UNRESOLVED,UNRESOLVED,7,3,5,2,3,0,50,25.0,25,40.0,0.0,100.0,100.0,100.0,100.0,100.0,40.0,6.061,100.0,43.515,41.92,,,,LOW_SUITABILITY
3354483,Educational Facility,Bunga,Bunga,,,Sult,CHAMOLI,,,,,UNRESOLVED,UNRESOLVED,4,3,3,3,0,0,75,37.5,38,100.0,100.0,100.0,100.0,100.0,100.0,66.667,100.0,9.091,95.0,73.939,66.1,,,,MEDIUM_SUITABILITY
8836745,Educational Facility,Harmani,Harmani,,,Dasholi,CHAMOLI,,,,,UNRESOLVED,UNRESOLVED,10,3,7,2,2,3,50,25.0,25,28.571,100.0,100.0,100.0,100.0,0.0,100.0,100.0,6.061,90.0,55.087,57.05,,,,MEDIUM_SUITABILITY
6313024,Educational Facility,Rain Laga Odar,Rain Laga Odar,,,Dewal,CHAMOLI,,,,,UNRESOLVED,UNRESOLVED,1,3,2,2,0,0,50,25.0,25,100.0,0.0,100.0,100.0,100.0,0.0,100.0,40.0,6.061,90.0,61.515,47.62,,,,LOW_SUITABILITY
9859864,Educational Facility,Bara Gaon,Bara Gaon,,,Joshimath,CHAMOLI,SETTLEMENT_40864,Bara gaon,30.521287,79.600341,MEDIUM,VILLAGE_NAME,5,3,9,6,3,0,150,75.0,75,66.667,100.0,100.0,100.0,0.0,0.0,100.0,100.0,18.182,75.0,69.545,63.61,SETTLEMENT_40864,Bara gaon,0.0,MEDIUM_SUITABILITY
9507709,Educational Facility,Bamoth,Bamoth,,,Pokhari,CHAMOLI,,,,,UNRESOLVED,UNRESOLVED,1,3,4,4,0,0,100,50.0,50,100.0,100.0,100.0,100.0,100.0,0.0,100.0,100.0,12.121,90.0,78.03,67.74,,,,MEDIUM_SUITABILITY
2677403,Educational Facility,Joshimath-Municipality,,Joshimath-Municipality,Joshimath (MB) - Ravigram Ward No.9,,CHAMOLI,,,,,UNRESOLVED,UNRESOLVED,7,1,5,5,0,0,125,62.5,62,100.0,100.0,100.0,100.0,0.0,0.0,100.0,100.0,15.152,75.0,78.788,66.55,,,,MEDIUM_SUITABILITY
4876427,Educational Facility,Gairsain-Town Panchayat,,Gairsain-Town Panchayat,Gairsain (NP) -Koliyana Ward No. 5,,CHAMOLI,,,,,UNRESOLVED,UNRESOLVED,5,3,16,9,1,6,225,112.5,112,56.25,100.0,100.0,100.0,100.0,0.0,100.0,100.0,27.273,90.0,68.693,67.8,,,,MEDIUM_SUITABILITY
4712803,Educational Facility,Gairsain-Town Panchayat,,Gairsain-Town Panchayat,Gairsain (NP) -Koliyana Ward No. 5,,CHAMOLI,,,,,UNRESOLVED,UNRESOLVED,5,3,7,7,0,0,175,87.5,88,100.0,100.0,100.0,100.0,100.0,0.0,100.0,100.0,21.212,90.0,80.303,70.92,,,,HIGH_SUITABILITY
8488245,Educational Facility,Joshimath-Municipality,,Joshimath-Municipality,Joshimath (MB) - Manoharvaag Ward No.5,,CHAMOLI,,,,,UNRESOLVED,UNRESOLVED,6,3,14,14,0,0,350,175.0,175,100.0,100.0,100.0,100.0,0.0,100.0,66.667,100.0,42.424,80.0,82.273,75.52,,,,HIGH_SUITABILITY
8127154,Educational Facility,Gochar-Municipality,,Gochar-Municipality,"Gochar (NP) -Panaai Talli, Palsaari Ward No.4",,CHAMOLI,,,,,UNRESOLVED,UNRESOLVED,2,3,8,8,0,0,200,100.0,100,100.0,100.0,100.0,100.0,0.0,100.0,100.0,100.0,24.242,85.0,81.061,71.23,,,,HIGH_SUITABILITY
4119608,Educational Facility,Sarkot,Sarkot,,,Gairsain,CHAMOLI,,,,,UNRESOLVED,UNRESOLVED,1,3,4,4,0,0,100,50.0,50,100.0,100.0,100.0,100.0,100.0,0.0,100.0,100.0,12.121,90.0,78.03,67.74,,,,MEDIUM_SUITABILITY
5472174,Educational Facility,Alkot,Alkot,,,Tharali,CHAMOLI,,,,,UNRESOLVED,UNRESOLVED,1,3,2,2,0,0,50,25.0,25,100.0,0.0,100.0,100.0,100.0,0.0,66.667,40.0,6.061,85.0,58.182,45.54,,,,LOW_SUITABILITY
4767357,Educational Facility,Tangni Talli,Tangni Talli,,,Joshimath,CHAMOLI,SETTLEMENT_40842,Tangni talli,30.477567,79.463872,MEDIUM,VILLAGE_NAME,1,3,3,3,0,0,75,37.5,38,100.0,100.0,100.0,100.0,0.0,0.0,100.0,100.0,9.091,75.0,77.273,64.43,SETTLEMENT_40842,Tangni talli,0.0,MEDIUM_SUITABILITY
6630562,Educational Facility,Bhatiyana,Bhatiyana,,,Tharali,CHAMOLI,,,,,UNRESOLVED,UNRESOLVED,4,3,3,3,0,0,75,37.5,38,100.0,0.0,100.0,100.0,100.0,0.0,100.0,40.0,9.091,90.0,62.273,48.68,,,,LOW_SUITABILITY
9700057,Educational Facility,Jaiti Bhatkoti,Jaiti Bhatkoti,,,Karnaprayag,CHAMOLI,,,,,UNRESOLVED,UNRESOLVED,1,3,2,2,0,0,50,25.0,25,100.0,0.0,100.0,100.0,0.0,0.0,100.0,40.0,6.061,75.0,61.515,45.37,,,,LOW_SUITABILITY
3753644,Educational Facility,Bachher,Bachher,,,Dasholi,CHAMOLI,,,,,UNRESOLVED,UNRESOLVED,1,3,2,2,0,0,50,25.0,25,100.0,100.0,100.0,100.0,0.0,0.0,100.0,100.0,6.061,75.0,76.515,63.37,,,,MEDIUM_SUITABILITY
6253828,Educational Facility,Pindawali,Pindawali,,,Gairsain,CHAMOLI,,,,,UNRESOLVED,UNRESOLVED,7,3,5,5,0,0,125,62.5,62,100.0,0.0,100.0,100.0,100.0,0.0,100.0,40.0,15.152,90.0,63.788,50.8,,,,MEDIUM_SUITABILITY
1326250,Educational Facility,Farakande Talli,Farakande Talli,,,Gairsain,CHAMOLI,,,,,UNRESOLVED,UNRESOLVED,7,3,6,6,0,0,150,75.0,75,100.0,0.0,100.0,100.0,100.0,0.0,100.0,40.0,18.182,90.0,64.545,51.86,,,,MEDIUM_SUITABILITY
2769459,Educational Facility,Kurad,Kurad,,,Tharali,CHAMOLI,,,,,UNRESOLVED,UNRESOLVED,5,3,7,3,2,2,75,37.5,38,42.857,0.0,100.0,100.0,100.0,0.0,100.0,40.0,9.091,90.0,45.13,41.82,,,,LOW_SUITABILITY
3600749,Educational Facility,Neeladi,Neeladi,,,Narayanbagar,CHAMOLI,,,,,UNRESOLVED,UNRESOLVED,7,3,5,5,0,0,125,62.5,62,100.0,0.0,100.0,100.0,100.0,0.0,100.0,40.0,15.152,90.0,63.788,50.8,,,,MEDIUM_SUITABILITY
4763761,Educational Facility,Gwaldam State,Gwaldam State,,,Tharali,CHAMOLI,,,,,UNRESOLVED,UNRESOLVED,5,3,10,10,0,0,250,125.0,125,100.0,100.0,100.0,100.0,100.0,0.0,100.0,100.0,30.303,90.0,82.576,74.11,,,,HIGH_SUITABILITY
9989722,Educational Facility,Umatta,Umatta,,,Karnaprayag,CHAMOLI,,,,,UNRESOLVED,UNRESOLVED,7,3,8,4,2,2,100,50.0,50,50.0,100.0,100.0,100.0,100.0,0.0,100.0,100.0,12.121,90.0,63.03,61.74,,,,MEDIUM_SUITABILITY
9485041,Educational Facility,Ramani,Ramani,,,Ghat,CHAMOLI,,,,,UNRESOLVED,UNRESOLVED,4,3,3,3,0,0,75,37.5,38,100.0,0.0,100.0,100.0,100.0,0.0,100.0,40.0,9.091,90.0,62.273,48.68,,,,LOW_SUITABILITY
3472550,Educational Facility,Chamoli Gopeshwar-Municipality,,Chamoli Gopeshwar-Municipality,Chamoli Gopeshwar (MB) -Kothiyaal Gaon Ward No.10,,CHAMOLI,,,,,UNRESOLVED,UNRESOLVED,5,3,13,7,3,3,175,87.5,88,53.846,100.0,100.0,100.0,100.0,0.0,100.0,100.0,21.212,90.0,66.457,65.39,,,,MEDIUM_SUITABILITY
3480391,Educational Facility,Chhinka,Chhinka,,,Dasholi,CHAMOLI,,,,,UNRESOLVED,UNRESOLVED,5,3,10,8,2,0,200,100.0,100,80.0,0.0,100.0,100.0,100.0,0.0,100.0,40.0,24.242,90.0,60.061,51.58,,,,MEDIUM_SUITABILITY
8352916,Educational Facility,Shrigadh,Shrigadh,,,Pokhari,CHAMOLI,,,,,UNRESOLVED,UNRESOLVED,1,3,2,2,0,0,50,25.0,25,100.0,0.0,100.0,100.0,100.0,0.0,100.0,40.0,6.061,90.0,61.515,47.62,,,,LOW_SUITABILITY
9145173,Educational Facility,Uttaraun,Uttaraun,,,Karnaprayag,CHAMOLI,,,,,UNRESOLVED,UNRESOLVED,1,3,6,6,0,0,150,75.0,75,100.0,100.0,100.0,100.0,0.0,100.0,100.0,100.0,18.182,85.0,79.545,69.11,,,,MEDIUM_SUITABILITY
8837613,Educational Facility,Bachher,Bachher,,,Dasholi,CHAMOLI,,,,,UNRESOLVED,UNRESOLVED,1,3,2,2,0,0,50,25.0,25,100.0,100.0,100.0,100.0,0.0,0.0,100.0,100.0,6.061,75.0,76.515,63.37,,,,MEDIUM_SUITABILITY
4373938,Educational Facility,Kandai,Kandai,,,Dewal,CHAMOLI,,,,,UNRESOLVED,UNRESOLVED,1,3,2,2,0,0,50,25.0,25,100.0,0.0,100.0,100.0,100.0,0.0,100.0,40.0,6.061,90.0,61.515,47.62,,,,LOW_SUITABILITY
2321745,Educational Facility,Palchhuni,Palchhuni,,,Narayanbagar,CHAMOLI,,,,,UNRESOLVED,UNRESOLVED,1,3,2,2,0,0,50,25.0,25,100.0,0.0,100.0,100.0,100.0,0.0,100.0,40.0,6.061,90.0,61.515,47.62,,,,LOW_SUITABILITY
5552260,Educational Facility,Ghatiyana Laga Dungri,Ghatiyana Laga Dungri,,,Narayanbagar,CHAMOLI,,,,,UNRESOLVED,UNRESOLVED,1,3,2,2,0,0,50,25.0,25,100.0,0.0,100.0,100.0,100.0,0.0,100.0,40.0,6.061,90.0,61.515,47.62,,,,LOW_SUITABILITY
7889047,Educational Facility,Chamoli Gopeshwar-Municipality,,Chamoli Gopeshwar-Municipality,Chamoli Gopeshwar (MB) -Gopeshwer Gaon Ward No.2,,CHAMOLI,,,,,UNRESOLVED,UNRESOLVED,1,3,4,4,0,0,100,50.0,50,100.0,100.0,100.0,100.0,100.0,100.0,100.0,100.0,12.121,100.0,78.03,69.24,,,,MEDIUM_SUITABILITY
1217529,Educational Facility,Kurar Gunth,Kurar Gunth,,,Ghat,CHAMOLI,,,,,UNRESOLVED,UNRESOLVED,1,3,2,2,0,0,50,25.0,25,100.0,100.0,100.0,100.0,100.0,0.0,100.0,100.0,6.061,90.0,76.515,65.62,,,,MEDIUM_SUITABILITY
6655797,Educational Facility,Sare Gwar,Sare Gwar,,,Gairsain,CHAMOLI,,,,,UNRESOLVED,UNRESOLVED,1,3,3,3,0,0,75,37.5,38,100.0,0.0,100.0,100.0,100.0,0.0,100.0,40.0,9.091,90.0,62.273,48.68,,,,LOW_SUITABILITY
4848964,Educational Facility,Sunaun,Sunaun,,,Tharali,CHAMOLI,,,,,UNRESOLVED,UNRESOLVED,1,3,3,3,0,0,75,37.5,38,100.0,100.0,100.0,100.0,0.0,0.0,66.667,100.0,9.091,70.0,73.939,62.35,,,,MEDIUM_SUITABILITY
1085623,Educational Facility,Gochar-Municipality,,Gochar-Municipality,"Gochar (NP) -Shail, Basantpur Ghali Ward No.3",,CHAMOLI,,,,,UNRESOLVED,UNRESOLVED,1,3,2,2,0,0,50,25.0,25,100.0,0.0,100.0,100.0,0.0,0.0,100.0,40.0,6.061,75.0,61.515,45.37,,,,LOW_SUITABILITY
6630117,Educational Facility,Pandukaswar,Pandukaswar,,,Joshimath,CHAMOLI,SETTLEMENT_40813,Pandukaswar,30.633418,79.548607,MEDIUM,VILLAGE_NAME,1,3,2,2,0,0,50,25.0,25,100.0,100.0,100.0,100.0,100.0,100.0,100.0,100.0,6.061,100.0,76.515,67.12,SETTLEMENT_40813,Pandukaswar,0.0,MEDIUM_SUITABILITY
2466408,Educational Facility,Gudam,Gudam,,,Pokhari,CHAMOLI,,,,,UNRESOLVED,UNRESOLVED,4,3,3,3,0,0,75,37.5,38,100.0,0.0,100.0,100.0,0.0,100.0,100.0,40.0,9.091,85.0,62.273,47.93,,,,LOW_SUITABILITY
9833812,Educational Facility,PIPALKOTI-Town Panchayat,,PIPALKOTI-Town Panchayat,Peepalkoti (NP)- Naurakh Peepalkoti Ward No.1,,CHAMOLI,,,,,UNRESOLVED,UNRESOLVED,1,3,2,2,0,0,50,25.0,25,100.0,100.0,100.0,100.0,0.0,100.0,100.0,100.0,6.061,85.0,76.515,64.87,,,,MEDIUM_SUITABILITY
6417473,Educational Facility,Farson,Farson,,,Gairsain,CHAMOLI,,,,,UNRESOLVED,UNRESOLVED,2,3,11,11,0,0,275,137.5,138,100.0,100.0,100.0,100.0,100.0,100.0,100.0,100.0,33.333,100.0,83.333,76.67,,,,HIGH_SUITABILITY
1672150,Educational Facility,Jhijhoni,Jhijhoni,,,Narayanbagar,CHAMOLI,,,,,UNRESOLVED,UNRESOLVED,8,3,4,4,0,0,100,50.0,50,100.0,0.0,100.0,100.0,100.0,0.0,100.0,40.0,12.121,90.0,63.03,49.74,,,,LOW_SUITABILITY
4055824,Educational Facility,Siran,Siran,,,Karnaprayag,CHAMOLI,,,,,UNRESOLVED,UNRESOLVED,4,3,3,3,0,0,75,37.5,38,100.0,0.0,100.0,100.0,100.0,100.0,100.0,40.0,9.091,100.0,62.273,50.18,,,,MEDIUM_SUITABILITY
8443575,Educational Facility,Tamundi,Tamundi,,,Pokhari,CHAMOLI,,,,,UNRESOLVED,UNRESOLVED,4,3,3,3,0,0,75,37.5,38,100.0,0.0,100.0,100.0,100.0,0.0,100.0,40.0,9.091,90.0,62.273,48.68,,,,LOW_SUITABILITY
2121748,Educational Facility,Ratgaon Chak,Ratgaon Chak,,,Tharali,CHAMOLI,,,,,UNRESOLVED,UNRESOLVED,5,3,12,5,7,0,125,62.5,62,41.667,0.0,100.0,100.0,0.0,0.0,100.0,40.0,15.152,75.0,46.288,41.55,,,,LOW_SUITABILITY
5625782,Educational Facility,Durmi,Durmi,,,Dasholi,CHAMOLI,,,,,UNRESOLVED,UNRESOLVED,7,3,5,5,0,0,125,62.5,62,100.0,0.0,100.0,100.0,100.0,0.0,66.667,40.0,15.152,85.0,60.455,48.72,,,,LOW_SUITABILITY
9720014,Educational Facility,Melkhet,Melkhet,,,Dewal,CHAMOLI,,,,,UNRESOLVED,UNRESOLVED,1,3,2,2,0,0,50,25.0,25,100.0,0.0,100.0,100.0,100.0,0.0,100.0,40.0,6.061,90.0,61.515,47.62,,,,LOW_SUITABILITY
5000058,Educational Facility,Khanni,Khanni,,,Pokhari,CHAMOLI,,,,,UNRESOLVED,UNRESOLVED,1,3,2,2,0,0,50,25.0,25,100.0,0.0,100.0,100.0,100.0,0.0,100.0,40.0,6.061,90.0,61.515,47.62,,,,LOW_SUITABILITY
3397100,Educational Facility,Gunad Sera,Gunad Sera,,,Karnaprayag,CHAMOLI,,,,,UNRESOLVED,UNRESOLVED,1,3,2,2,0,0,50,25.0,25,100.0,0.0,100.0,100.0,100.0,0.0,100.0,40.0,6.061,90.0,61.515,47.62,,,,LOW_SUITABILITY
8874420,Educational Facility,Joshimath-Municipality,,Joshimath-Municipality,Joshimath (MB) - Sunil Ward No.7,,CHAMOLI,,,,,UNRESOLVED,UNRESOLVED,3,3,15,15,0,0,375,187.5,188,100.0,100.0,100.0,100.0,0.0,0.0,100.0,100.0,45.455,75.0,86.364,77.16,,,,HIGH_SUITABILITY
9389443,Educational Facility,Sunali,Sunali,,,Karnaprayag,CHAMOLI,,,,,UNRESOLVED,UNRESOLVED,1,3,2,2,0,0,50,25.0,25,100.0,100.0,100.0,100.0,100.0,100.0,100.0,100.0,6.061,100.0,76.515,67.12,,,,MEDIUM_SUITABILITY
7747536,Educational Facility,Joshimath-Municipality,,Joshimath-Municipality,Joshimath (MB) - Uper Bazaar-Daando Ward No.6,,CHAMOLI,,,,,UNRESOLVED,UNRESOLVED,1,3,8,8,0,0,200,100.0,100,100.0,0.0,100.0,100.0,0.0,100.0,100.0,40.0,24.242,85.0,66.061,53.23,,,,MEDIUM_SUITABILITY
1956564,Educational Facility,Silanga/Silangi,Silanga/Silangi,,,Gairsain,CHAMOLI,,,,,UNRESOLVED,UNRESOLVED,1,3,2,2,0,0,50,25.0,25,100.0,0.0,100.0,100.0,100.0,0.0,100.0,40.0,6.061,90.0,61.515,47.62,,,,LOW_SUITABILITY
7285769,Educational Facility,Valli,Valli,,,Pokhari,CHAMOLI,,,,,UNRESOLVED,UNRESOLVED,4,3,3,3,0,0,75,37.5,38,100.0,0.0,100.0,100.0,100.0,0.0,100.0,40.0,9.091,90.0,62.273,48.68,,,,LOW_SUITABILITY
4054814,Educational Facility,Karnaprayag-Municipality,,Karnaprayag-Municipality,Karnaprayag (NP) - Uper Bazaar Ward No.7,,CHAMOLI,,,,,UNRESOLVED,UNRESOLVED,2,3,12,12,0,0,300,150.0,150,100.0,100.0,100.0,100.0,100.0,0.0,100.0,100.0,36.364,90.0,84.091,76.23,,,,HIGH_SUITABILITY
5689455,Educational Facility,Umrakot Urf Baidanu,Umrakot Urf Baidanu,,,Karnaprayag,CHAMOLI,,,,,UNRESOLVED,UNRESOLVED,7,3,5,2,1,2,50,25.0,25,40.0,100.0,100.0,100.0,100.0,0.0,100.0,100.0,6.061,90.0,58.515,58.42,,,,MEDIUM_SUITABILITY
7959420,Educational Facility,Gwaldam State,Gwaldam State,,,Tharali,CHAMOLI,,,,,UNRESOLVED,UNRESOLVED,4,3,6,6,0,0,150,75.0,75,100.0,100.0,100.0,100.0,100.0,100.0,100.0,100.0,18.182,100.0,79.545,71.36,,,,HIGH_SUITABILITY
6749423,Educational Facility,Rohira,Rohira,,,Gairsain,CHAMOLI,,,,,UNRESOLVED,UNRESOLVED,1,3,5,5,0,0,125,62.5,62,100.0,100.0,100.0,100.0,0.0,100.0,100.0,100.0,15.152,85.0,78.788,68.05,,,,MEDIUM_SUITABILITY
1510896,Educational Facility,Kumartoli,Kumartoli,,,Ghat,CHAMOLI,,,,,UNRESOLVED,UNRESOLVED,6,3,15,15,0,0,375,187.5,188,100.0,0.0,100.0,100.0,100.0,100.0,100.0,40.0,45.455,100.0,71.364,62.91,,,,MEDIUM_SUITABILITY
2746066,Educational Facility,Pairi,Pairi,,,Ghat,CHAMOLI,,,,,UNRESOLVED,UNRESOLVED,1,3,2,2,0,0,50,25.0,25,100.0,100.0,100.0,100.0,100.0,100.0,100.0,100.0,6.061,100.0,76.515,67.12,,,,MEDIUM_SUITABILITY
8089344,Educational Facility,Gwaldam State,Gwaldam State,,,Tharali,CHAMOLI,,,,,UNRESOLVED,UNRESOLVED,1,3,8,8,0,0,200,100.0,100,100.0,100.0,100.0,100.0,0.0,100.0,100.0,100.0,24.242,85.0,81.061,71.23,,,,HIGH_SUITABILITY
6399550,Educational Facility,Dhamkar,Dhamkar,,,Gairsain,CHAMOLI,,,,,UNRESOLVED,UNRESOLVED,1,3,3,3,0,0,75,37.5,38,100.0,100.0,100.0,100.0,100.0,0.0,100.0,100.0,9.091,90.0,77.273,66.68,,,,MEDIUM_SUITABILITY
8153338,Educational Facility,Maroda,Maroda,,,Narayanbagar,CHAMOLI,,,,,UNRESOLVED,UNRESOLVED,1,3,2,2,0,0,50,25.0,25,100.0,0.0,100.0,100.0,0.0,0.0,100.0,40.0,6.061,75.0,61.515,45.37,,,,LOW_SUITABILITY
1994896,Educational Facility,Parawari,Parawari,,,Gairsain,CHAMOLI,,,,,UNRESOLVED,UNRESOLVED,1,3,2,2,0,0,50,25.0,25,100.0,0.0,100.0,100.0,100.0,0.0,100.0,40.0,6.061,90.0,61.515,47.62,,,,LOW_SUITABILITY
1187959,Educational Facility,Vaan,Vaan,,,Dewal,CHAMOLI,,,,,UNRESOLVED,UNRESOLVED,1,3,3,3,0,0,75,37.5,38,100.0,0.0,100.0,100.0,100.0,0.0,100.0,40.0,9.091,90.0,62.273,48.68,,,,LOW_SUITABILITY
8709546,Educational Facility,Girsa,Girsa,,,Pokhari,CHAMOLI,,,,,UNRESOLVED,UNRESOLVED,1,3,2,2,0,0,50,25.0,25,100.0,0.0,100.0,100.0,100.0,0.0,100.0,40.0,6.061,90.0,61.515,47.62,,,,LOW_SUITABILITY
8694733,Educational Facility,POKHRI-Town Panchayat,,POKHRI-Town Panchayat,Pokhri (NP) -Vishaal Ward No. 5,,CHAMOLI,,,,,UNRESOLVED,UNRESOLVED,1,3,3,3,0,0,75,37.5,38,100.0,0.0,100.0,100.0,100.0,100.0,100.0,40.0,9.091,100.0,62.273,50.18,,,,MEDIUM_SUITABILITY
1959556,Educational Facility,Dhamak,Dhamak,,,Pokhari,CHAMOLI,,,,,UNRESOLVED,UNRESOLVED,1,3,2,2,0,0,50,25.0,25,100.0,0.0,100.0,100.0,100.0,100.0,100.0,40.0,6.061,100.0,61.515,49.12,,,,LOW_SUITABILITY
4846774,Educational Facility,Kimoli,Kimoli,,,Narayanbagar,CHAMOLI,,,,,UNRESOLVED,UNRESOLVED,1,3,2,2,0,0,50,25.0,25,100.0,0.0,100.0,100.0,100.0,0.0,100.0,40.0,6.061,90.0,61.515,47.62,,,,LOW_SUITABILITY
6188919,Educational Facility,Pandukaswar,Pandukaswar,,,Joshimath,CHAMOLI,SETTLEMENT_40813,Pandukaswar,30.633418,79.548607,MEDIUM,VILLAGE_NAME,5,3,9,5,4,0,125,62.5,62,55.556,100.0,100.0,100.0,100.0,0.0,100.0,100.0,15.152,90.0,65.455,63.47,SETTLEMENT_40813,Pandukaswar,0.0,MEDIUM_SUITABILITY
9285948,Educational Facility,Bhalgaon,Bhalgaon,,,Joshimath,CHAMOLI,SETTLEMENT_40852,Bhalgaon,30.519004,79.732875,MEDIUM,VILLAGE_NAME,4,3,3,3,0,0,75,37.5,38,100.0,0.0,100.0,100.0,100.0,0.0,100.0,40.0,9.091,90.0,62.273,48.68,SETTLEMENT_40852,Bhalgaon,0.0,LOW_SUITABILITY
4213259,Educational Facility,Pakhi,Pakhi,,,Joshimath,CHAMOLI,SETTLEMENT_40845,Pakhi,30.4656853,79.4513854,MEDIUM,VILLAGE_NAME,1,3,2,2,0,0,50,25.0,25,100.0,0.0,100.0,100.0,100.0,0.0,100.0,40.0,6.061,90.0,61.515,47.62,SETTLEMENT_40845,Pakhi,0.0,LOW_SUITABILITY
1624504,Educational Facility,Partha Chak Kuni,Partha Chak Kuni,,,Tharali,CHAMOLI,,,,,UNRESOLVED,UNRESOLVED,5,3,5,5,0,0,125,62.5,62,100.0,0.0,100.0,100.0,100.0,0.0,100.0,40.0,15.152,90.0,63.788,50.8,,,,MEDIUM_SUITABILITY
9184139,Educational Facility,Haragarh,Haragarh,,,Gairsain,CHAMOLI,,,,,UNRESOLVED,UNRESOLVED,5,3,7,2,0,5,50,25.0,25,28.571,100.0,100.0,100.0,100.0,0.0,100.0,100.0,6.061,90.0,55.087,57.05,,,,MEDIUM_SUITABILITY
2194448,Educational Facility,Chopata,Chopata,,,Narayanbagar,CHAMOLI,,,,,UNRESOLVED,UNRESOLVED,5,3,9,7,1,1,175,87.5,88,77.778,0.0,100.0,100.0,100.0,0.0,100.0,40.0,21.212,90.0,58.636,50.26,,,,MEDIUM_SUITABILITY
1301064,Educational Facility,Gochar-Municipality,,Gochar-Municipality,"Gochar (NP) - Banderkhand, Dronagiri Ward No.7",,CHAMOLI,,,,,UNRESOLVED,UNRESOLVED,2,3,17,13,4,0,325,162.5,162,76.471,100.0,100.0,100.0,100.0,100.0,100.0,100.0,39.394,100.0,77.79,75.96,,,,HIGH_SUITABILITY
5948233,Educational Facility,Ganai,Ganai,,,Joshimath,CHAMOLI,SETTLEMENT_40851,Ganai,30.4729745,79.5020465,MEDIUM,VILLAGE_NAME,5,3,9,4,4,1,100,50.0,50,44.444,0.0,100.0,100.0,0.0,0.0,66.667,40.0,12.121,70.0,43.03,38.74,SETTLEMENT_40851,Ganai,0.0,LOW_SUITABILITY
6177610,Educational Facility,Tefna,Tefna,,,Karnaprayag,CHAMOLI,,,,,UNRESOLVED,UNRESOLVED,2,3,9,9,0,0,225,112.5,112,100.0,0.0,100.0,100.0,100.0,0.0,100.0,40.0,27.273,90.0,66.818,55.05,,,,MEDIUM_SUITABILITY
8539397,Educational Facility,Karnaprayag-Municipality,,Karnaprayag-Municipality,Karnaprayag (NP) - Uper Bazaar Ward No.7,,CHAMOLI,,,,,UNRESOLVED,UNRESOLVED,2,3,10,10,0,0,250,125.0,125,100.0,100.0,100.0,100.0,0.0,100.0,100.0,100.0,30.303,85.0,82.576,73.36,,,,HIGH_SUITABILITY
3818141,Educational Facility,Malari,Malari,,,Joshimath,CHAMOLI,SETTLEMENT_40892,Malari,30.6845508,79.8893688,MEDIUM,VILLAGE_NAME,1,3,2,2,0,0,50,25.0,25,100.0,0.0,100.0,100.0,100.0,100.0,100.0,40.0,6.061,100.0,61.515,49.12,SETTLEMENT_40892,Malari,0.0,LOW_SUITABILITY
6549334,Educational Facility,Lodhala,Lodhala,,,Narayanbagar,CHAMOLI,,,,,UNRESOLVED,UNRESOLVED,1,3,2,2,0,0,50,25.0,25,100.0,0.0,100.0,100.0,100.0,0.0,100.0,40.0,6.061,90.0,61.515,47.62,,,,LOW_SUITABILITY
1153140,Educational Facility,Tharali-Town Panchayat,,Tharali-Town Panchayat,Tharali (NP) - Uper Bazaar Tharali Ward No. 3,,CHAMOLI,,,,,UNRESOLVED,UNRESOLVED,4,3,6,6,0,0,150,75.0,75,100.0,100.0,100.0,100.0,0.0,0.0,100.0,100.0,18.182,75.0,79.545,67.61,,,,MEDIUM_SUITABILITY
2345125,Educational Facility,Gwaldam State,Gwaldam State,,,Tharali,CHAMOLI,,,,,UNRESOLVED,UNRESOLVED,1,3,2,2,0,0,50,25.0,25,100.0,0.0,100.0,100.0,0.0,0.0,66.667,40.0,6.061,70.0,58.182,43.29,,,,LOW_SUITABILITY
7265750,Educational Facility,Karnaprayag-Municipality,,Karnaprayag-Municipality,Karnaprayag (NP) -Tehseel Colony Ward No.4,,CHAMOLI,,,,,UNRESOLVED,UNRESOLVED,2,3,14,14,0,0,350,175.0,175,100.0,100.0,100.0,100.0,100.0,100.0,100.0,100.0,42.424,100.0,85.606,79.85,,,,HIGH_SUITABILITY
1357302,Educational Facility,Ruriya Tal,Ruriya Tal,,,Gairsain,CHAMOLI,,,,,UNRESOLVED,UNRESOLVED,1,3,2,2,0,0,50,25.0,25,100.0,100.0,100.0,100.0,100.0,0.0,100.0,100.0,6.061,90.0,76.515,65.62,,,,MEDIUM_SUITABILITY
1806167,Educational Facility,Hans Koti,Hans Koti,,,Narayanbagar,CHAMOLI,,,,,UNRESOLVED,UNRESOLVED,1,3,3,3,0,0,75,37.5,38,100.0,0.0,100.0,100.0,100.0,0.0,100.0,40.0,9.091,90.0,62.273,48.68,,,,LOW_SUITABILITY
3431355,Educational Facility,Koteshwar,Koteshwar,,,Dasholi,CHAMOLI,,,,,UNRESOLVED,UNRESOLVED,1,3,2,2,0,0,50,25.0,25,100.0,100.0,100.0,100.0,0.0,0.0,100.0,100.0,6.061,75.0,76.515,63.37,,,,MEDIUM_SUITABILITY
3045824,Educational Facility,Pandukaswar,Pandukaswar,,,Joshimath,CHAMOLI,SETTLEMENT_40813,Pandukaswar,30.633418,79.548607,MEDIUM,VILLAGE_NAME,4,3,3,3,0,0,75,37.5,38,100.0,100.0,100.0,100.0,0.0,100.0,66.667,100.0,9.091,80.0,73.939,63.85,SETTLEMENT_40813,Pandukaswar,0.0,MEDIUM_SUITABILITY
8997235,Educational Facility,Hans Koti,Hans Koti,,,Narayanbagar,CHAMOLI,,,,,UNRESOLVED,UNRESOLVED,5,3,8,8,0,0,200,100.0,100,100.0,0.0,100.0,100.0,100.0,0.0,100.0,40.0,24.242,90.0,66.061,53.98,,,,MEDIUM_SUITABILITY
1891167,Educational Facility,Kanol,Kanol,,,Ghat,CHAMOLI,,,,,UNRESOLVED,UNRESOLVED,1,3,3,3,0,0,75,37.5,38,100.0,0.0,100.0,100.0,100.0,0.0,100.0,40.0,9.091,90.0,62.273,48.68,,,,LOW_SUITABILITY
5472996,Educational Facility,Beradhar,Beradhar,,,Dewal,CHAMOLI,,,,,UNRESOLVED,UNRESOLVED,7,3,5,3,2,0,75,37.5,38,60.0,0.0,100.0,100.0,100.0,0.0,100.0,40.0,9.091,90.0,50.273,43.88,,,,LOW_SUITABILITY
1750713,Educational Facility,Chepadon,Chepadon,,,Tharali,CHAMOLI,,,,,UNRESOLVED,UNRESOLVED,1,3,5,5,0,0,125,62.5,62,100.0,100.0,100.0,100.0,0.0,100.0,100.0,100.0,15.152,85.0,78.788,68.05,,,,MEDIUM_SUITABILITY
2766295,Educational Facility,Luntara,Luntara,,,Ghat,CHAMOLI,,,,,UNRESOLVED,UNRESOLVED,1,3,2,2,0,0,50,25.0,25,100.0,0.0,100.0,100.0,100.0,0.0,100.0,40.0,6.061,90.0,61.515,47.62,,,,LOW_SUITABILITY
1492991,Educational Facility,POKHRI-Town Panchayat,,POKHRI-Town Panchayat,Pokhri (NP) -Pokhri Lower Ward No. 2,,CHAMOLI,,,,,UNRESOLVED,UNRESOLVED,2,3,8,8,0,0,200,100.0,100,100.0,100.0,100.0,100.0,100.0,100.0,100.0,100.0,24.242,100.0,81.061,73.48,,,,HIGH_SUITABILITY
2438363,Educational Facility,Bank,Bank,,,Dewal,CHAMOLI,,,,,UNRESOLVED,UNRESOLVED,1,3,3,3,0,0,75,37.5,38,100.0,0.0,100.0,100.0,100.0,0.0,100.0,40.0,9.091,90.0,62.273,48.68,,,,LOW_SUITABILITY
7920886,Educational Facility,Gugali,Gugali,,,Augustmuni,CHAMOLI,,,,,UNRESOLVED,UNRESOLVED,1,3,2,2,0,0,50,25.0,25,100.0,0.0,100.0,100.0,0.0,100.0,100.0,40.0,6.061,85.0,61.515,46.87,,,,LOW_SUITABILITY
9815029,Educational Facility,Tharali-Town Panchayat,,Tharali-Town Panchayat,Tharali (NP) - Uper Bazaar Tharali Ward No. 3,,CHAMOLI,,,,,UNRESOLVED,UNRESOLVED,1,3,3,3,0,0,75,37.5,38,100.0,100.0,100.0,100.0,0.0,0.0,100.0,100.0,9.091,75.0,77.273,64.43,,,,MEDIUM_SUITABILITY
5067253,Educational Facility,Sarmola,Sarmola,,,Pokhari,CHAMOLI,,,,,UNRESOLVED,UNRESOLVED,1,3,2,2,0,0,50,25.0,25,100.0,100.0,100.0,100.0,100.0,100.0,100.0,100.0,6.061,100.0,76.515,67.12,,,,MEDIUM_SUITABILITY
3828252,Educational Facility,Charbang,Charbang,,,Ghat,CHAMOLI,,,,,UNRESOLVED,UNRESOLVED,1,3,2,2,0,0,50,25.0,25,100.0,0.0,100.0,100.0,100.0,0.0,100.0,40.0,6.061,90.0,61.515,47.62,,,,LOW_SUITABILITY
4782039,Educational Facility,Karnaprayag-Municipality,,Karnaprayag-Municipality,Karnaprayag (NP) -Subhas Nagar Simli Ward No.5,,CHAMOLI,,,,,UNRESOLVED,UNRESOLVED,2,3,12,12,0,0,300,150.0,150,100.0,0.0,100.0,100.0,100.0,100.0,100.0,40.0,36.364,100.0,69.091,59.73,,,,MEDIUM_SUITABILITY
8300719,Educational Facility,Kameda,Kameda,,,Karnaprayag,CHAMOLI,,,,,UNRESOLVED,UNRESOLVED,1,3,2,2,0,0,50,25.0,25,100.0,100.0,100.0,100.0,100.0,100.0,100.0,100.0,6.061,100.0,76.515,67.12,,,,MEDIUM_SUITABILITY
2797225,Educational Facility,Beri Talli,Beri Talli,,,Gairsain,CHAMOLI,,,,,UNRESOLVED,UNRESOLVED,1,3,2,2,0,0,50,25.0,25,100.0,100.0,100.0,100.0,100.0,100.0,100.0,100.0,6.061,100.0,76.515,67.12,,,,MEDIUM_SUITABILITY
3549544,Educational Facility,Nandprayag-Town Panchayat,,Nandprayag-Town Panchayat,Nandprayag (NP) -Chandika Mohalla Ward No.4,,CHAMOLI,,,,,UNRESOLVED,UNRESOLVED,1,3,2,2,0,0,50,25.0,25,100.0,100.0,100.0,100.0,0.0,100.0,100.0,100.0,6.061,85.0,76.515,64.87,,,,MEDIUM_SUITABILITY
4442398,Educational Facility,Rains,Rains,,,Narayanbagar,CHAMOLI,,,,,UNRESOLVED,UNRESOLVED,1,3,2,2,0,0,50,25.0,25,100.0,0.0,100.0,100.0,100.0,100.0,100.0,40.0,6.061,100.0,61.515,49.12,,,,LOW_SUITABILITY
5097335,Educational Facility,Gairsain-Town Panchayat,,Gairsain-Town Panchayat,Gairsain (NP) -Koliyana Ward No. 5,,CHAMOLI,,,,,UNRESOLVED,UNRESOLVED,1,3,7,7,0,0,175,87.5,88,100.0,100.0,100.0,100.0,100.0,0.0,100.0,100.0,21.212,90.0,80.303,70.92,,,,HIGH_SUITABILITY
8211316,Educational Facility,Mehal Chauri,Mehal Chauri,,,Gairsain,CHAMOLI,,,,,UNRESOLVED,UNRESOLVED,1,3,5,3,0,2,75,37.5,38,60.0,100.0,100.0,100.0,100.0,0.0,100.0,100.0,9.091,90.0,65.273,61.88,,,,MEDIUM_SUITABILITY
3740651,Educational Facility,Partoli,Partoli,,,Karnaprayag,CHAMOLI,,,,,UNRESOLVED,UNRESOLVED,1,3,3,2,1,0,50,25.0,25,66.667,100.0,100.0,100.0,100.0,100.0,100.0,100.0,6.061,100.0,66.515,63.12,,,,MEDIUM_SUITABILITY
5798696,Educational Facility,Tunji,Tunji,,,Pokhari,CHAMOLI,,,,,UNRESOLVED,UNRESOLVED,4,3,5,2,0,3,50,25.0,25,40.0,0.0,100.0,100.0,100.0,0.0,100.0,40.0,6.061,90.0,43.515,40.42,,,,LOW_SUITABILITY
8536995,Educational Facility,Sutol,Sutol,,,Ghat,CHAMOLI,,,,,UNRESOLVED,UNRESOLVED,1,3,2,2,0,0,50,25.0,25,100.0,0.0,100.0,100.0,0.0,0.0,100.0,40.0,6.061,75.0,61.515,45.37,,,,LOW_SUITABILITY
3968931,Educational Facility,Udaypur Laga Choting,Udaypur Laga Choting,,,Dewal,CHAMOLI,,,,,UNRESOLVED,UNRESOLVED,4,3,3,2,1,0,50,25.0,25,66.667,0.0,100.0,100.0,100.0,0.0,100.0,40.0,6.061,90.0,51.515,43.62,,,,LOW_SUITABILITY
4992651,Educational Facility,PIPALKOTI-Town Panchayat,,PIPALKOTI-Town Panchayat,Peepalkoti (NP)- Naurakh Peepalkoti Ward No.1,,CHAMOLI,,,,,UNRESOLVED,UNRESOLVED,5,3,9,6,1,2,150,75.0,75,66.667,100.0,100.0,100.0,100.0,0.0,100.0,100.0,18.182,90.0,69.545,65.86,,,,MEDIUM_SUITABILITY
5028975,Educational Facility,Lwani,Lwani,,,Dewal,CHAMOLI,,,,,UNRESOLVED,UNRESOLVED,5,3,6,2,1,3,50,25.0,25,33.333,100.0,100.0,100.0,100.0,0.0,100.0,100.0,6.061,90.0,56.515,57.62,,,,MEDIUM_SUITABILITY
1694658,Educational Facility,Sunai,Sunai,,,Karnaprayag,CHAMOLI,,,,,UNRESOLVED,UNRESOLVED,4,3,3,3,0,0,75,37.5,38,100.0,0.0,100.0,100.0,100.0,0.0,100.0,40.0,9.091,90.0,62.273,48.68,,,,LOW_SUITABILITY
9478223,Educational Facility,Thalabair,Thalabair,,,Pokhari,CHAMOLI,,,,,UNRESOLVED,UNRESOLVED,5,3,7,2,0,5,50,25.0,25,28.571,0.0,100.0,100.0,100.0,0.0,100.0,40.0,6.061,90.0,40.087,39.05,,,,LOW_SUITABILITY
3655550,Educational Facility,Majothi,Majothi,,,Dasholi,CHAMOLI,,,,,UNRESOLVED,UNRESOLVED,1,3,2,2,0,0,50,25.0,25,100.0,100.0,100.0,100.0,100.0,0.0,100.0,100.0,6.061,90.0,76.515,65.62,,,,MEDIUM_SUITABILITY
8708892,Educational Facility,Khalyugwar,Khalyugwar,,,Karnaprayag,CHAMOLI,,,,,UNRESOLVED,UNRESOLVED,1,3,3,3,0,0,75,37.5,38,100.0,0.0,100.0,100.0,0.0,0.0,100.0,40.0,9.091,75.0,62.273,46.43,,,,LOW_SUITABILITY
4440613,Educational Facility,Hina,Hina,,,Ghat,CHAMOLI,,,,,UNRESOLVED,UNRESOLVED,1,3,2,2,0,0,50,25.0,25,100.0,100.0,100.0,100.0,0.0,100.0,100.0,100.0,6.061,85.0,76.515,64.87,,,,MEDIUM_SUITABILITY
7842817,Educational Facility,Nauti,Nauti,,,Karnaprayag,CHAMOLI,,,,,UNRESOLVED,UNRESOLVED,1,3,2,2,0,0,50,25.0,25,100.0,0.0,100.0,100.0,0.0,100.0,100.0,40.0,6.061,85.0,61.515,46.87,,,,LOW_SUITABILITY
8346412,Educational Facility,Chamoli Gopeshwar-Municipality,,Chamoli Gopeshwar-Municipality,Chamoli Gopeshwar (MB) -Lower Bazaar Ward No.5,,CHAMOLI,,,,,UNRESOLVED,UNRESOLVED,10,3,6,6,0,0,150,75.0,75,100.0,100.0,100.0,100.0,0.0,100.0,100.0,100.0,18.182,85.0,79.545,69.11,,,,MEDIUM_SUITABILITY
3178149,Educational Facility,Kheta Manvati,Kheta Manvati,,,Dewal,CHAMOLI,,,,,UNRESOLVED,UNRESOLVED,1,3,4,2,1,1,50,25.0,25,50.0,100.0,100.0,100.0,100.0,0.0,100.0,100.0,6.061,90.0,61.515,59.62,,,,MEDIUM_SUITABILITY
3775571,Educational Facility,Haragarh,Haragarh,,,Gairsain,CHAMOLI,,,,,UNRESOLVED,UNRESOLVED,1,3,3,2,1,0,50,25.0,25,66.667,0.0,100.0,100.0,100.0,100.0,100.0,40.0,6.061,100.0,51.515,45.12,,,,LOW_SUITABILITY
7263438,Educational Facility,Bareth,Bareth,,,Gairsain,CHAMOLI,,,,,UNRESOLVED,UNRESOLVED,5,3,9,6,0,3,150,75.0,75,66.667,0.0,100.0,100.0,100.0,0.0,100.0,40.0,18.182,90.0,54.545,47.86,,,,LOW_SUITABILITY
4145591,Educational Facility,Banj Bagar,Banj Bagar,,,Dasholi,CHAMOLI,,,,,UNRESOLVED,UNRESOLVED,5,3,8,3,3,2,75,37.5,38,37.5,100.0,100.0,100.0,100.0,0.0,66.667,100.0,9.091,85.0,55.189,57.1,,,,MEDIUM_SUITABILITY
3257960,Educational Facility,Bainoli,Bainoli,,,Karnaprayag,CHAMOLI,,,,,UNRESOLVED,UNRESOLVED,4,3,3,3,0,0,75,37.5,38,100.0,100.0,100.0,100.0,0.0,100.0,100.0,100.0,9.091,85.0,77.273,65.93,,,,MEDIUM_SUITABILITY
4501174,Educational Facility,Chidanga State,Chidanga State,,,Tharali,CHAMOLI,,,,,UNRESOLVED,UNRESOLVED,4,3,4,3,1,0,75,37.5,38,75.0,100.0,100.0,100.0,100.0,0.0,66.667,100.0,9.091,85.0,66.439,61.6,,,,MEDIUM_SUITABILITY
3313925,Educational Facility,Sugi,Sugi,,,Pokhari,CHAMOLI,,,,,UNRESOLVED,UNRESOLVED,4,3,3,3,0,0,75,37.5,38,100.0,0.0,100.0,100.0,100.0,0.0,100.0,40.0,9.091,90.0,62.273,48.68,,,,LOW_SUITABILITY
3479460,Educational Facility,Sunaun,Sunaun,,,Tharali,CHAMOLI,,,,,UNRESOLVED,UNRESOLVED,7,3,5,5,0,0,125,62.5,62,100.0,0.0,100.0,100.0,100.0,0.0,100.0,40.0,15.152,90.0,63.788,50.8,,,,MEDIUM_SUITABILITY
3978944,Educational Facility,Kharkholi,Kharkholi,,,Karnaprayag,CHAMOLI,,,,,UNRESOLVED,UNRESOLVED,1,3,3,3,0,0,75,37.5,38,100.0,100.0,100.0,100.0,0.0,0.0,100.0,100.0,9.091,75.0,77.273,64.43,,,,MEDIUM_SUITABILITY
3649482,Educational Facility,Majyari,Majyari,,,Bhilangna,CHAMOLI,,,,,UNRESOLVED,UNRESOLVED,1,3,2,2,0,0,50,25.0,25,100.0,100.0,100.0,100.0,100.0,100.0,100.0,100.0,6.061,100.0,76.515,67.12,,,,MEDIUM_SUITABILITY
9285112,Educational Facility,Melbagar,Melbagar,,,Gairsain,CHAMOLI,,,,,UNRESOLVED,UNRESOLVED,1,3,5,5,0,0,125,62.5,62,100.0,0.0,100.0,100.0,100.0,0.0,100.0,40.0,15.152,90.0,63.788,50.8,,,,MEDIUM_SUITABILITY
7999511,Educational Facility,Dungri,Dungri,,,Tharali,CHAMOLI,,,,,UNRESOLVED,UNRESOLVED,1,3,4,4,0,0,100,50.0,50,100.0,0.0,100.0,100.0,100.0,100.0,100.0,40.0,12.121,100.0,63.03,51.24,,,,MEDIUM_SUITABILITY
3009375,Educational Facility,Jakhmala,Jakhmala,,,Pokhari,CHAMOLI,,,,,UNRESOLVED,UNRESOLVED,1,3,2,2,0,0,50,25.0,25,100.0,100.0,100.0,100.0,0.0,0.0,100.0,100.0,6.061,75.0,76.515,63.37,,,,MEDIUM_SUITABILITY
7069451,Educational Facility,Deyarkot,Deyarkot,,,Karnaprayag,CHAMOLI,,,,,UNRESOLVED,UNRESOLVED,1,3,2,2,0,0,50,25.0,25,100.0,100.0,100.0,100.0,100.0,100.0,100.0,100.0,6.061,100.0,76.515,67.12,,,,MEDIUM_SUITABILITY
7713540,Educational Facility,Peb,Peb,,,Gairsain,CHAMOLI,,,,,UNRESOLVED,UNRESOLVED,1,3,3,3,0,0,75,37.5,38,100.0,100.0,100.0,100.0,100.0,0.0,100.0,100.0,9.091,90.0,77.273,66.68,,,,MEDIUM_SUITABILITY
6148161,Educational Facility,Tali,Tali,,,Bajpur,CHAMOLI,,,,,UNRESOLVED,UNRESOLVED,1,3,2,2,0,0,50,25.0,25,100.0,0.0,100.0,100.0,100.0,0.0,100.0,40.0,6.061,90.0,61.515,47.62,,,,LOW_SUITABILITY
2153663,Educational Facility,Siwae,Siwae,,,Pokhari,CHAMOLI,,,,,UNRESOLVED,UNRESOLVED,1,3,4,2,1,1,50,25.0,25,50.0,0.0,100.0,100.0,100.0,0.0,100.0,40.0,6.061,90.0,46.515,41.62,,,,LOW_SUITABILITY
1742171,Educational Facility,Baratoli,Baratoli,,,Karnaprayag,CHAMOLI,,,,,UNRESOLVED,UNRESOLVED,1,3,2,2,0,0,50,25.0,25,100.0,0.0,100.0,100.0,100.0,0.0,100.0,40.0,6.061,90.0,61.515,47.62,,,,LOW_SUITABILITY
6495039,Educational Facility,Kheta Manvati,Kheta Manvati,,,Dewal,CHAMOLI,,,,,UNRESOLVED,UNRESOLVED,7,3,6,5,0,1,125,62.5,62,83.333,0.0,100.0,100.0,100.0,0.0,100.0,40.0,15.152,90.0,58.788,48.8,,,,LOW_SUITABILITY
2748292,Educational Facility,Jinagor,Jinagor,,,Gairsain,CHAMOLI,,,,,UNRESOLVED,UNRESOLVED,5,3,8,5,3,0,125,62.5,62,62.5,100.0,100.0,100.0,100.0,0.0,100.0,100.0,15.152,90.0,67.538,64.3,,,,MEDIUM_SUITABILITY
2756592,Educational Facility,Talwari Khalsa,Talwari Khalsa,,,Tharali,CHAMOLI,,,,,UNRESOLVED,UNRESOLVED,4,3,3,3,0,0,75,37.5,38,100.0,0.0,100.0,100.0,100.0,0.0,100.0,40.0,9.091,90.0,62.273,48.68,,,,LOW_SUITABILITY
3602283,Educational Facility,Dhak,Dhak,,,Joshimath,CHAMOLI,SETTLEMENT_40866,Dhak,30.498861,79.6113429,MEDIUM,VILLAGE_NAME,4,3,3,3,0,0,75,37.5,38,100.0,100.0,100.0,100.0,100.0,0.0,100.0,100.0,9.091,90.0,77.273,66.68,SETTLEMENT_40866,Dhak,0.0,MEDIUM_SUITABILITY
6454765,Educational Facility,Devpuri,Devpuri,,,Gairsain,CHAMOLI,,,,,UNRESOLVED,UNRESOLVED,4,3,3,2,0,1,50,25.0,25,66.667,0.0,100.0,100.0,100.0,0.0,100.0,40.0,6.061,90.0,51.515,43.62,,,,LOW_SUITABILITY
1809263,Educational Facility,Kana,Kana,,,Dasholi,CHAMOLI,,,,,UNRESOLVED,UNRESOLVED,1,3,2,2,0,0,50,25.0,25,100.0,100.0,100.0,100.0,100.0,0.0,100.0,100.0,6.061,90.0,76.515,65.62,,,,MEDIUM_SUITABILITY
7134679,Educational Facility,Dungri,Dungri,,,Karnaprayag,CHAMOLI,,,,,UNRESOLVED,UNRESOLVED,1,3,2,2,0,0,50,25.0,25,100.0,0.0,100.0,100.0,0.0,100.0,100.0,40.0,6.061,85.0,61.515,46.87,,,,LOW_SUITABILITY
7693688,Educational Facility,Silodi,Silodi,,,Narayanbagar,CHAMOLI,,,,,UNRESOLVED,UNRESOLVED,1,3,2,2,0,0,50,25.0,25,100.0,0.0,100.0,100.0,0.0,0.0,100.0,40.0,6.061,75.0,61.515,45.37,,,,LOW_SUITABILITY
6937665,Educational Facility,Kalgoth,Kalgoth,,,Joshimath,CHAMOLI,SETTLEMENT_40830,Kalgoth,30.516532,79.415042,MEDIUM,VILLAGE_NAME,1,3,2,2,0,0,50,25.0,25,100.0,0.0,100.0,100.0,0.0,100.0,100.0,40.0,6.061,85.0,61.515,46.87,SETTLEMENT_40830,Kalgoth,0.0,LOW_SUITABILITY
8491633,Educational Facility,Dungri,Dungri,,,Narayanbagar,CHAMOLI,,,,,UNRESOLVED,UNRESOLVED,1,3,2,2,0,0,50,25.0,25,100.0,0.0,100.0,100.0,0.0,0.0,66.667,40.0,6.061,70.0,58.182,43.29,,,,LOW_SUITABILITY
2183882,Educational Facility,Lanji,Lanji,,,Joshimath,CHAMOLI,SETTLEMENT_40836,Lanji,30.480797,79.4483104,MEDIUM,VILLAGE_NAME,7,3,7,2,5,0,50,25.0,25,28.571,0.0,100.0,100.0,100.0,0.0,66.667,40.0,6.061,85.0,36.753,36.97,SETTLEMENT_40836,Lanji,0.0,LOW_SUITABILITY
8146543,Educational Facility,Farson,Farson,,,Gairsain,CHAMOLI,,,,,UNRESOLVED,UNRESOLVED,1,3,2,2,0,0,50,25.0,25,100.0,100.0,100.0,100.0,100.0,0.0,100.0,100.0,6.061,90.0,76.515,65.62,,,,MEDIUM_SUITABILITY
4642091,Educational Facility,Raduva,Raduva,,,Pokhari,CHAMOLI,,,,,UNRESOLVED,UNRESOLVED,5,3,14,6,1,7,150,75.0,75,42.857,0.0,100.0,100.0,100.0,0.0,100.0,40.0,18.182,90.0,47.403,45.01,,,,LOW_SUITABILITY
9096696,Educational Facility,Ali,Ali,,,Pokhari,CHAMOLI,,,,,UNRESOLVED,UNRESOLVED,1,3,4,4,0,0,100,50.0,50,100.0,0.0,100.0,100.0,100.0,100.0,100.0,40.0,12.121,100.0,63.03,51.24,,,,MEDIUM_SUITABILITY
3044422,Educational Facility,Pindawali,Pindawali,,,Gairsain,CHAMOLI,,,,,UNRESOLVED,UNRESOLVED,1,3,3,3,0,0,75,37.5,38,100.0,0.0,100.0,100.0,0.0,0.0,100.0,40.0,9.091,75.0,62.273,46.43,,,,LOW_SUITABILITY
8794652,Educational Facility,Trikot,Trikot,,,Tharali,CHAMOLI,,,,,UNRESOLVED,UNRESOLVED,1,3,2,2,0,0,50,25.0,25,100.0,100.0,100.0,100.0,100.0,0.0,66.667,100.0,6.061,85.0,73.182,63.54,,,,MEDIUM_SUITABILITY
9220297,Educational Facility,Airwadi,Airwadi,,,Karnaprayag,CHAMOLI,,,,,UNRESOLVED,UNRESOLVED,1,3,2,2,0,0,50,25.0,25,100.0,100.0,100.0,100.0,100.0,0.0,100.0,100.0,6.061,90.0,76.515,65.62,,,,MEDIUM_SUITABILITY
3944765,Educational Facility,Malla,Malla,,,Dewal,CHAMOLI,,,,,UNRESOLVED,UNRESOLVED,1,3,2,2,0,0,50,25.0,25,100.0,0.0,100.0,100.0,100.0,0.0,100.0,40.0,6.061,90.0,61.515,47.62,,,,LOW_SUITABILITY
3369220,Educational Facility,Kunjonmaikot,Kunjonmaikot,,,Dasholi,CHAMOLI,,,,,UNRESOLVED,UNRESOLVED,1,3,4,4,0,0,100,50.0,50,100.0,100.0,100.0,100.0,100.0,100.0,100.0,100.0,12.121,100.0,78.03,69.24,,,,MEDIUM_SUITABILITY
1488198,Educational Facility,Pindawali,Pindawali,,,Gairsain,CHAMOLI,,,,,UNRESOLVED,UNRESOLVED,1,3,2,2,0,0,50,25.0,25,100.0,0.0,100.0,100.0,100.0,0.0,100.0,40.0,6.061,90.0,61.515,47.62,,,,LOW_SUITABILITY
2614536,Educational Facility,Pogatha,Pogatha,,,Pokhari,CHAMOLI,,,,,UNRESOLVED,UNRESOLVED,1,3,2,2,0,0,50,25.0,25,100.0,100.0,100.0,100.0,100.0,0.0,100.0,100.0,6.061,90.0,76.515,65.62,,,,MEDIUM_SUITABILITY
3292053,Educational Facility,Kotha,Kotha,,,Gairsain,CHAMOLI,,,,,UNRESOLVED,UNRESOLVED,1,3,3,3,0,0,75,37.5,38,100.0,0.0,100.0,100.0,0.0,100.0,100.0,40.0,9.091,85.0,62.273,47.93,,,,LOW_SUITABILITY
1851020,Educational Facility,Dimar,Dimar,,,Karnaprayag,CHAMOLI,,,,,UNRESOLVED,UNRESOLVED,4,3,6,6,0,0,150,75.0,75,100.0,0.0,100.0,100.0,100.0,100.0,100.0,40.0,18.182,100.0,64.545,53.36,,,,MEDIUM_SUITABILITY
8480335,Educational Facility,Bheta Chak Urgam,Bheta Chak Urgam,,,Joshimath,CHAMOLI,SETTLEMENT_40819,Bheta Chak Urgam,30.540621,79.469825,MEDIUM,VILLAGE_NAME,1,3,2,2,0,0,50,25.0,25,100.0,0.0,100.0,100.0,100.0,100.0,66.667,40.0,6.061,95.0,58.182,47.04,SETTLEMENT_40819,Bheta Chak Urgam,0.0,LOW_SUITABILITY
9259484,Educational Facility,Chirkhun,Chirkhun,,,Narayanbagar,CHAMOLI,,,,,UNRESOLVED,UNRESOLVED,1,3,2,2,0,0,50,25.0,25,100.0,0.0,100.0,100.0,0.0,0.0,100.0,40.0,6.061,75.0,61.515,45.37,,,,LOW_SUITABILITY
2154740,Educational Facility,Gawar,Gawar,,,Dasholi,CHAMOLI,,,,,UNRESOLVED,UNRESOLVED,5,3,9,9,0,0,225,112.5,112,100.0,100.0,100.0,100.0,100.0,0.0,100.0,100.0,27.273,90.0,81.818,73.05,,,,HIGH_SUITABILITY
8560151,Educational Facility,Danda,Danda,,,Champawat,CHAMOLI,,,,,UNRESOLVED,UNRESOLVED,1,3,2,2,0,0,50,25.0,25,100.0,0.0,100.0,100.0,100.0,0.0,100.0,40.0,6.061,90.0,61.515,47.62,,,,LOW_SUITABILITY
5586451,Educational Facility,Bidoli,Bidoli,,,Karnaprayag,CHAMOLI,,,,,UNRESOLVED,UNRESOLVED,4,3,2,2,0,0,50,25.0,25,100.0,100.0,100.0,100.0,0.0,100.0,100.0,100.0,6.061,85.0,76.515,64.87,,,,MEDIUM_SUITABILITY
3252030,Educational Facility,Gaul,Gaul,,,Gairsain,CHAMOLI,,,,,UNRESOLVED,UNRESOLVED,4,3,3,3,0,0,75,37.5,38,100.0,100.0,100.0,100.0,100.0,0.0,100.0,100.0,9.091,90.0,77.273,66.68,,,,MEDIUM_SUITABILITY
5755365,Educational Facility,Gairsain-Town Panchayat,,Gairsain-Town Panchayat,Gairsain (NP) -Gairsain Pashchimi Bhaag Ward No. 4,,CHAMOLI,,,,,UNRESOLVED,UNRESOLVED,5,2,7,5,2,0,125,62.5,62,71.429,0.0,100.0,100.0,0.0,0.0,100.0,40.0,15.152,75.0,55.216,45.12,,,,LOW_SUITABILITY
7890253,Educational Facility,Khunana,Khunana,,,Ghat,CHAMOLI,,,,,UNRESOLVED,UNRESOLVED,4,3,3,3,0,0,75,37.5,38,100.0,100.0,100.0,100.0,0.0,0.0,100.0,100.0,9.091,75.0,77.273,64.43,,,,MEDIUM_SUITABILITY
2310885,Educational Facility,Sankot,Sankot,,,Narayanbagar,CHAMOLI,,,,,UNRESOLVED,UNRESOLVED,7,3,7,7,0,0,175,87.5,88,100.0,0.0,100.0,100.0,0.0,0.0,100.0,40.0,21.212,75.0,65.303,50.67,,,,MEDIUM_SUITABILITY
8498572,Educational Facility,Nauti,Nauti,,,Karnaprayag,CHAMOLI,,,,,UNRESOLVED,UNRESOLVED,7,2,10,5,0,5,125,62.5,62,50.0,100.0,100.0,100.0,100.0,0.0,100.0,100.0,15.152,90.0,63.788,62.8,,,,MEDIUM_SUITABILITY
2247655,Educational Facility,Joshimath-Municipality,,Joshimath-Municipality,Joshimath (MB) - Singhdhaar Ward No.4,,CHAMOLI,,,,,UNRESOLVED,UNRESOLVED,4,3,3,3,0,0,75,37.5,38,100.0,0.0,100.0,100.0,0.0,100.0,100.0,40.0,9.091,85.0,62.273,47.93,,,,LOW_SUITABILITY
7869219,Educational Facility,Paithani,Paithani,,,Narayanbagar,CHAMOLI,,,,,UNRESOLVED,UNRESOLVED,1,3,2,2,0,0,50,25.0,25,100.0,100.0,100.0,100.0,100.0,100.0,66.667,100.0,6.061,95.0,73.182,65.04,,,,MEDIUM_SUITABILITY
4128417,Educational Facility,Jhirkoti,Jhirkoti,,,Karnaprayag,CHAMOLI,,,,,UNRESOLVED,UNRESOLVED,1,3,2,2,0,0,50,25.0,25,100.0,0.0,100.0,100.0,100.0,100.0,100.0,40.0,6.061,100.0,61.515,49.12,,,,LOW_SUITABILITY
4854129,Educational Facility,Jola,Jola,,,Tharali,CHAMOLI,,,,,UNRESOLVED,UNRESOLVED,1,3,2,2,0,0,50,25.0,25,100.0,0.0,100.0,100.0,0.0,0.0,66.667,40.0,6.061,70.0,58.182,43.29,,,,LOW_SUITABILITY
9911458,Educational Facility,Jalam,Jalam,,,Joshimath,CHAMOLI,SETTLEMENT_40897,Jalam,30.638213,79.825207,MEDIUM,VILLAGE_NAME,1,3,2,2,0,0,50,25.0,25,100.0,100.0,100.0,100.0,100.0,100.0,66.667,100.0,6.061,95.0,73.182,65.04,SETTLEMENT_40897,Jalam,0.0,MEDIUM_SUITABILITY
4843996,Educational Facility,Khainuri,Khainuri,,,Dasholi,CHAMOLI,,,,,UNRESOLVED,UNRESOLVED,1,3,2,2,0,0,50,25.0,25,100.0,100.0,100.0,100.0,0.0,100.0,100.0,100.0,6.061,85.0,76.515,64.87,,,,MEDIUM_SUITABILITY
2258670,Educational Facility,Joshimath-Municipality,,Joshimath-Municipality,Joshimath (MB) - Sunil Ward No.7,,CHAMOLI,,,,,UNRESOLVED,UNRESOLVED,1,3,3,3,0,0,75,37.5,38,100.0,100.0,100.0,100.0,0.0,100.0,66.667,100.0,9.091,80.0,73.939,63.85,,,,MEDIUM_SUITABILITY
1963130,Educational Facility,Kwagar Lagga Top,Kwagar Lagga Top,,,Karnaprayag,CHAMOLI,,,,,UNRESOLVED,UNRESOLVED,1,3,2,2,0,0,50,25.0,25,100.0,0.0,100.0,100.0,100.0,0.0,100.0,40.0,6.061,90.0,61.515,47.62,,,,LOW_SUITABILITY
6004269,Educational Facility,Jhiloti,Jhiloti,,,Pokhari,CHAMOLI,,,,,UNRESOLVED,UNRESOLVED,1,3,2,2,0,0,50,25.0,25,100.0,0.0,100.0,100.0,0.0,100.0,100.0,40.0,6.061,85.0,61.515,46.87,,,,LOW_SUITABILITY
3953329,Educational Facility,Karnaprayag-Municipality,,Karnaprayag-Municipality,Karnaprayag (NP) -Eda Badhaani Ward No.2,,CHAMOLI,,,,,UNRESOLVED,UNRESOLVED,1,3,2,2,0,0,50,25.0,25,100.0,100.0,100.0,100.0,0.0,0.0,100.0,100.0,6.061,75.0,76.515,63.37,,,,MEDIUM_SUITABILITY
5274148,Educational Facility,Narayan Bagad,Narayan Bagad,,,Narayanbagar,CHAMOLI,,,,,UNRESOLVED,UNRESOLVED,6,3,10,10,0,0,250,125.0,125,100.0,0.0,100.0,100.0,100.0,100.0,100.0,40.0,30.303,100.0,67.576,57.61,,,,MEDIUM_SUITABILITY
6726230,Educational Facility,PIPALKOTI-Town Panchayat,,PIPALKOTI-Town Panchayat,Peepalkoti (NP)- Batula-Mayapur Ward No.4,,CHAMOLI,,,,,UNRESOLVED,UNRESOLVED,2,3,8,8,0,0,200,100.0,100,100.0,100.0,100.0,100.0,0.0,100.0,100.0,100.0,24.242,85.0,81.061,71.23,,,,HIGH_SUITABILITY
8326723,Educational Facility,Bunga,Bunga,,,Narayanbagar,CHAMOLI,,,,,UNRESOLVED,UNRESOLVED,1,3,2,2,0,0,50,25.0,25,100.0,0.0,100.0,100.0,0.0,100.0,100.0,40.0,6.061,85.0,61.515,46.87,,,,LOW_SUITABILITY
7281157,Educational Facility,Kevar Talla,Kevar Talla,,,Narayanbagar,CHAMOLI,,,,,UNRESOLVED,UNRESOLVED,1,3,7,7,0,0,175,87.5,88,100.0,0.0,100.0,100.0,100.0,100.0,100.0,40.0,21.212,100.0,65.303,54.42,,,,MEDIUM_SUITABILITY
2118344,Educational Facility,Devpuri,Devpuri,,,Gairsain,CHAMOLI,,,,,UNRESOLVED,UNRESOLVED,1,3,3,3,0,0,75,37.5,38,100.0,0.0,100.0,100.0,100.0,0.0,100.0,40.0,9.091,90.0,62.273,48.68,,,,LOW_SUITABILITY
2465804,Educational Facility,Sarpani,Sarpani,,,Ghat,CHAMOLI,,,,,UNRESOLVED,UNRESOLVED,7,3,5,5,0,0,125,62.5,62,100.0,0.0,100.0,100.0,0.0,0.0,100.0,40.0,15.152,75.0,63.788,48.55,,,,LOW_SUITABILITY
2325909,Educational Facility,Kulsari,Kulsari,,,Tharali,CHAMOLI,,,,,UNRESOLVED,UNRESOLVED,2,3,12,12,0,0,300,150.0,150,100.0,100.0,100.0,100.0,100.0,0.0,66.667,100.0,36.364,85.0,80.758,74.14,,,,HIGH_SUITABILITY
6894529,Educational Facility,Sema,Sema,,,Ghat,CHAMOLI,,,,,UNRESOLVED,UNRESOLVED,4,3,5,3,2,0,75,37.5,38,60.0,0.0,100.0,100.0,100.0,0.0,100.0,40.0,9.091,90.0,50.273,43.88,,,,LOW_SUITABILITY
3848816,Educational Facility,Ropa,Ropa,,,Dasholi,CHAMOLI,,,,,UNRESOLVED,UNRESOLVED,4,3,3,2,1,0,50,25.0,25,66.667,100.0,100.0,100.0,100.0,0.0,100.0,100.0,6.061,90.0,66.515,61.62,,,,MEDIUM_SUITABILITY
7214177,Educational Facility,Kharkholi,Kharkholi,,,Karnaprayag,CHAMOLI,,,,,UNRESOLVED,UNRESOLVED,1,3,2,2,0,0,50,25.0,25,100.0,0.0,100.0,100.0,0.0,0.0,100.0,40.0,6.061,75.0,61.515,45.37,,,,LOW_SUITABILITY
6429263,Educational Facility,Payya Chormi,Payya Chormi,,,Joshimath,CHAMOLI,SETTLEMENT_40865,Payya chormi,30.517371,79.608799,MEDIUM,VILLAGE_NAME,1,3,2,2,0,0,50,25.0,25,100.0,0.0,100.0,100.0,100.0,0.0,100.0,40.0,6.061,90.0,61.515,47.62,SETTLEMENT_40865,Payya chormi,0.0,LOW_SUITABILITY
6814163,Educational Facility,Dharwaram,Dharwaram,,,Tharali,CHAMOLI,,,,,UNRESOLVED,UNRESOLVED,1,3,2,2,0,0,50,25.0,25,100.0,100.0,100.0,100.0,100.0,0.0,66.667,100.0,6.061,85.0,73.182,63.54,,,,MEDIUM_SUITABILITY
8296114,Educational Facility,Kalsir,Kalsir,,,Pokhari,CHAMOLI,,,,,UNRESOLVED,UNRESOLVED,1,3,2,2,0,0,50,25.0,25,100.0,0.0,100.0,100.0,100.0,0.0,100.0,40.0,6.061,90.0,61.515,47.62,,,,LOW_SUITABILITY
8402256,Educational Facility,Joshimath-Municipality,,Joshimath-Municipality,Joshimath (MB) - Sunil Ward No.7,,CHAMOLI,,,,,UNRESOLVED,UNRESOLVED,1,3,2,2,0,0,50,25.0,25,100.0,100.0,100.0,100.0,100.0,0.0,100.0,100.0,6.061,90.0,76.515,65.62,,,,MEDIUM_SUITABILITY
6846802,Educational Facility,Balan Chack Bhrikuti,Balan Chack Bhrikuti,,,Dewal,CHAMOLI,,,,,UNRESOLVED,UNRESOLVED,1,3,2,2,0,0,50,25.0,25,100.0,0.0,100.0,100.0,100.0,0.0,100.0,40.0,6.061,90.0,61.515,47.62,,,,LOW_SUITABILITY
6351958,Educational Facility,Gairsain-Town Panchayat,,Gairsain-Town Panchayat,Gairsain (NP) -Koliyana Ward No. 5,,CHAMOLI,,,,,UNRESOLVED,UNRESOLVED,1,3,2,2,0,0,50,25.0,25,100.0,0.0,100.0,100.0,0.0,0.0,100.0,40.0,6.061,75.0,61.515,45.37,,,,LOW_SUITABILITY
5669468,Educational Facility,Silkhola Laga Ichchholi,Silkhola Laga Ichchholi,,,Dewal,CHAMOLI,,,,,UNRESOLVED,UNRESOLVED,2,3,14,14,0,0,350,175.0,175,100.0,100.0,100.0,100.0,100.0,100.0,100.0,100.0,42.424,100.0,85.606,79.85,,,,HIGH_SUITABILITY
1569985,Educational Facility,Beena,Beena,,,Dhauladevi,CHAMOLI,,,,,UNRESOLVED,UNRESOLVED,7,3,6,6,0,0,150,75.0,75,100.0,100.0,100.0,100.0,0.0,0.0,100.0,100.0,18.182,75.0,79.545,67.61,,,,MEDIUM_SUITABILITY
3567829,Educational Facility,Raduva,Raduva,,,Pokhari,CHAMOLI,,,,,UNRESOLVED,UNRESOLVED,1,3,4,4,0,0,100,50.0,50,100.0,0.0,100.0,100.0,100.0,100.0,100.0,40.0,12.121,100.0,63.03,51.24,,,,MEDIUM_SUITABILITY
8804136,Educational Facility,Suna,Suna,,,Tharali,CHAMOLI,,,,,UNRESOLVED,UNRESOLVED,1,3,2,2,0,0,50,25.0,25,100.0,100.0,100.0,100.0,0.0,0.0,66.667,100.0,6.061,70.0,73.182,61.29,,,,MEDIUM_SUITABILITY
7054889,Educational Facility,Charkhilgwar,Charkhilgwar,,,Karnaprayag,CHAMOLI,,,,,UNRESOLVED,UNRESOLVED,4,3,3,3,0,0,75,37.5,38,100.0,0.0,100.0,100.0,100.0,0.0,100.0,40.0,9.091,90.0,62.273,48.68,,,,LOW_SUITABILITY
4679673,Educational Facility,Kot,Kot,,,Gairsain,CHAMOLI,,,,,UNRESOLVED,UNRESOLVED,4,3,3,3,0,0,75,37.5,38,100.0,100.0,100.0,100.0,100.0,0.0,100.0,100.0,9.091,90.0,77.273,66.68,,,,MEDIUM_SUITABILITY
4116285,Educational Facility,Chopata,Chopata,,,Narayanbagar,CHAMOLI,,,,,UNRESOLVED,UNRESOLVED,4,3,3,2,0,1,50,25.0,25,66.667,0.0,100.0,100.0,100.0,0.0,66.667,40.0,6.061,85.0,48.182,41.54,,,,LOW_SUITABILITY
9671263,Educational Facility,Nauti,Nauti,,,Karnaprayag,CHAMOLI,,,,,UNRESOLVED,UNRESOLVED,5,3,6,2,0,4,50,25.0,25,33.333,100.0,100.0,100.0,100.0,0.0,100.0,100.0,6.061,90.0,56.515,57.62,,,,MEDIUM_SUITABILITY
5192250,Educational Facility,Jhijhoni,Jhijhoni,,,Narayanbagar,CHAMOLI,,,,,UNRESOLVED,UNRESOLVED,7,3,5,2,3,0,50,25.0,25,40.0,0.0,100.0,100.0,100.0,0.0,100.0,40.0,6.061,90.0,43.515,40.42,,,,LOW_SUITABILITY
1414405,Educational Facility,Silapata,Silapata,,,Gairsain,CHAMOLI,,,,,UNRESOLVED,UNRESOLVED,5,3,4,4,0,0,100,50.0,50,100.0,0.0,100.0,100.0,100.0,0.0,100.0,40.0,12.121,90.0,63.03,49.74,,,,LOW_SUITABILITY
1303435,Educational Facility,Gumad Laga Gerud,Gumad Laga Gerud,,,Tharali,CHAMOLI,,,,,UNRESOLVED,UNRESOLVED,4,3,3,3,0,0,75,37.5,38,100.0,100.0,100.0,100.0,100.0,0.0,100.0,100.0,9.091,90.0,77.273,66.68,,,,MEDIUM_SUITABILITY
3416496,Educational Facility,Kamera,Kamera,,,Karnaprayag,CHAMOLI,,,,,UNRESOLVED,UNRESOLVED,5,3,3,3,0,0,75,37.5,38,100.0,0.0,100.0,100.0,100.0,0.0,100.0,40.0,9.091,90.0,62.273,48.68,,,,LOW_SUITABILITY
9792384,Educational Facility,Panti,Panti,,,Narayanbagar,CHAMOLI,,,,,UNRESOLVED,UNRESOLVED,2,3,10,10,0,0,250,125.0,125,100.0,100.0,100.0,100.0,0.0,0.0,100.0,100.0,30.303,75.0,82.576,71.86,,,,HIGH_SUITABILITY
3687401,Educational Facility,Kathur,Kathur,,,Dasholi,CHAMOLI,,,,,UNRESOLVED,UNRESOLVED,1,3,2,2,0,0,50,25.0,25,100.0,100.0,100.0,100.0,0.0,0.0,100.0,100.0,6.061,75.0,76.515,63.37,,,,MEDIUM_SUITABILITY
9525262,Educational Facility,Randoli,Randoli,,,Gairsain,CHAMOLI,,,,,UNRESOLVED,UNRESOLVED,1,3,2,2,0,0,50,25.0,25,100.0,100.0,100.0,100.0,0.0,0.0,100.0,100.0,6.061,75.0,76.515,63.37,,,,MEDIUM_SUITABILITY
9650827,Educational Facility,Chaudali,Chaudali,,,Karnaprayag,CHAMOLI,,,,,UNRESOLVED,UNRESOLVED,1,3,2,2,0,0,50,25.0,25,100.0,100.0,100.0,100.0,0.0,100.0,100.0,100.0,6.061,85.0,76.515,64.87,,,,MEDIUM_SUITABILITY
7328915,Educational Facility,Gairsain-Town Panchayat,,Gairsain-Town Panchayat,Gairsain (NP) -Senji Ward No. 7,,CHAMOLI,,,,,UNRESOLVED,UNRESOLVED,1,3,3,2,0,1,50,25.0,25,66.667,100.0,100.0,100.0,0.0,0.0,100.0,100.0,6.061,75.0,66.515,59.37,,,,MEDIUM_SUITABILITY
9152790,Educational Facility,Darmi,Darmi,,,Joshimath,CHAMOLI,SETTLEMENT_40847,Darmi,30.4620539,79.4908905,MEDIUM,VILLAGE_NAME,1,3,2,2,0,0,50,25.0,25,100.0,0.0,100.0,100.0,100.0,100.0,66.667,40.0,6.061,95.0,58.182,47.04,SETTLEMENT_40847,Darmi,0.0,LOW_SUITABILITY
7493766,Educational Facility,Tajpur Laga Kandai,Tajpur Laga Kandai,,,Dewal,CHAMOLI,,,,,UNRESOLVED,UNRESOLVED,1,3,2,2,0,0,50,25.0,25,100.0,0.0,100.0,100.0,0.0,100.0,100.0,40.0,6.061,85.0,61.515,46.87,,,,LOW_SUITABILITY
9057715,Educational Facility,Chamoli Gopeshwar-Municipality,,Chamoli Gopeshwar-Municipality,Chamoli Gopeshwar (MB) -Naigwaad Ward No.8,,CHAMOLI,,,,,UNRESOLVED,UNRESOLVED,2,3,9,9,0,0,225,112.5,112,100.0,100.0,100.0,100.0,0.0,0.0,100.0,100.0,27.273,75.0,81.818,70.8,,,,HIGH_SUITABILITY
2060347,Educational Facility,Godi Giwala,Godi Giwala,,,Pokhari,CHAMOLI,,,,,UNRESOLVED,UNRESOLVED,1,3,2,2,0,0,50,25.0,25,100.0,0.0,100.0,100.0,0.0,100.0,100.0,40.0,6.061,85.0,61.515,46.87,,,,LOW_SUITABILITY
7610348,Educational Facility,Dhamak,Dhamak,,,Pokhari,CHAMOLI,,,,,UNRESOLVED,UNRESOLVED,1,3,2,2,0,0,50,25.0,25,100.0,0.0,100.0,100.0,0.0,0.0,100.0,40.0,6.061,75.0,61.515,45.37,,,,LOW_SUITABILITY
8170979,Educational Facility,Mehal Chauri,Mehal Chauri,,,Gairsain,CHAMOLI,,,,,UNRESOLVED,UNRESOLVED,2,3,14,14,0,0,350,175.0,175,100.0,100.0,100.0,100.0,100.0,0.0,100.0,100.0,42.424,90.0,85.606,78.35,,,,HIGH_SUITABILITY
6130930,Educational Facility,Chopata,Chopata,,,Narayanbagar,CHAMOLI,,,,,UNRESOLVED,UNRESOLVED,1,3,5,5,0,0,125,62.5,62,100.0,0.0,100.0,100.0,100.0,0.0,100.0,40.0,15.152,90.0,63.788,50.8,,,,MEDIUM_SUITABILITY
6267208,Educational Facility,Sarna,Sarna,,,Pokhari,CHAMOLI,,,,,UNRESOLVED,UNRESOLVED,1,3,2,2,0,0,50,25.0,25,100.0,100.0,100.0,100.0,0.0,100.0,100.0,100.0,6.061,85.0,76.515,64.87,,,,MEDIUM_SUITABILITY
9829271,Educational Facility,Pandukaswar,Pandukaswar,,,Joshimath,CHAMOLI,SETTLEMENT_40813,Pandukaswar,30.633418,79.548607,MEDIUM,VILLAGE_NAME,1,3,4,2,2,0,50,25.0,25,50.0,100.0,100.0,100.0,100.0,0.0,100.0,100.0,6.061,90.0,61.515,59.62,SETTLEMENT_40813,Pandukaswar,0.0,MEDIUM_SUITABILITY
2984786,Educational Facility,Chamoli Gopeshwar-Municipality,,Chamoli Gopeshwar-Municipality,Chamoli Gopeshwar (MB) -Lower Bazaar Ward No.5,,CHAMOLI,,,,,UNRESOLVED,UNRESOLVED,1,3,5,5,0,0,125,62.5,62,100.0,100.0,100.0,100.0,0.0,100.0,100.0,100.0,15.152,85.0,78.788,68.05,,,,MEDIUM_SUITABILITY
3625401,Educational Facility,Hans Koti,Hans Koti,,,Narayanbagar,CHAMOLI,,,,,UNRESOLVED,UNRESOLVED,4,3,3,3,0,0,75,37.5,38,100.0,0.0,100.0,100.0,100.0,0.0,100.0,40.0,9.091,90.0,62.273,48.68,,,,LOW_SUITABILITY
3092843,Educational Facility,Sarkot,Sarkot,,,Gairsain,CHAMOLI,,,,,UNRESOLVED,UNRESOLVED,4,3,5,5,0,0,125,62.5,62,100.0,100.0,100.0,100.0,100.0,0.0,100.0,100.0,15.152,90.0,78.788,68.8,,,,MEDIUM_SUITABILITY
3347368,Educational Facility,Angtoli,Angtoli,,,Narayanbagar,CHAMOLI,,,,,UNRESOLVED,UNRESOLVED,4,3,3,3,0,0,75,37.5,38,100.0,0.0,100.0,100.0,100.0,0.0,100.0,40.0,9.091,90.0,62.273,48.68,,,,LOW_SUITABILITY
6979163,Educational Facility,Banswara,Banswara,,,Ghat,CHAMOLI,,,,,UNRESOLVED,UNRESOLVED,4,3,3,3,0,0,75,37.5,38,100.0,0.0,100.0,100.0,0.0,100.0,66.667,40.0,9.091,80.0,58.939,45.85,,,,LOW_SUITABILITY
1933958,Educational Facility,Kunigar Malli,Kunigar Malli,,,Gairsain,CHAMOLI,,,,,UNRESOLVED,UNRESOLVED,5,3,21,8,5,8,200,100.0,100,38.095,0.0,100.0,100.0,100.0,0.0,100.0,40.0,24.242,90.0,47.489,46.56,,,,LOW_SUITABILITY
8597625,Educational Facility,Gugali,Gugali,,,Augustmuni,CHAMOLI,,,,,UNRESOLVED,UNRESOLVED,4,3,3,3,0,0,75,37.5,38,100.0,0.0,100.0,100.0,0.0,100.0,100.0,40.0,9.091,85.0,62.273,47.93,,,,LOW_SUITABILITY
2808694,Educational Facility,Panchali,Panchali,,,Gairsain,CHAMOLI,,,,,UNRESOLVED,UNRESOLVED,5,3,7,5,2,0,125,62.5,62,71.429,100.0,100.0,100.0,100.0,0.0,100.0,100.0,15.152,90.0,70.216,65.37,,,,MEDIUM_SUITABILITY
8578560,Educational Facility,Kanol,Kanol,,,Ghat,CHAMOLI,,,,,UNRESOLVED,UNRESOLVED,1,3,2,2,0,0,50,25.0,25,100.0,0.0,100.0,100.0,100.0,0.0,100.0,40.0,6.061,90.0,61.515,47.62,,,,LOW_SUITABILITY
1022466,Educational Facility,Dhak,Dhak,,,Joshimath,CHAMOLI,SETTLEMENT_40866,Dhak,30.498861,79.6113429,MEDIUM,VILLAGE_NAME,1,3,2,2,0,0,50,25.0,25,100.0,100.0,100.0,100.0,100.0,100.0,100.0,100.0,6.061,100.0,76.515,67.12,SETTLEMENT_40866,Dhak,0.0,MEDIUM_SUITABILITY
6263131,Educational Facility,Tangni Malli,Tangni Malli,,,Joshimath,CHAMOLI,SETTLEMENT_40843,Tangni malli,30.476768,79.472709,MEDIUM,VILLAGE_NAME,1,3,2,2,0,0,50,25.0,25,100.0,100.0,100.0,100.0,100.0,100.0,66.667,100.0,6.061,95.0,73.182,65.04,SETTLEMENT_40843,Tangni malli,0.0,MEDIUM_SUITABILITY
5553910,Educational Facility,Palla,Palla,,,Joshimath,CHAMOLI,SETTLEMENT_40832,Palla,30.5122953,79.4720821,MEDIUM,VILLAGE_NAME,1,3,2,2,0,0,50,25.0,25,100.0,100.0,100.0,100.0,0.0,0.0,100.0,100.0,6.061,75.0,76.515,63.37,SETTLEMENT_40832,Palla,0.0,MEDIUM_SUITABILITY
3247776,Educational Facility,Maikholi,Maikholi,,,Gairsain,CHAMOLI,,,,,UNRESOLVED,UNRESOLVED,1,3,3,3,0,0,75,37.5,38,100.0,100.0,100.0,100.0,100.0,0.0,100.0,100.0,9.091,90.0,77.273,66.68,,,,MEDIUM_SUITABILITY
8383272,Educational Facility,Kandari Khor,Kandari Khor,,,Gairsain,CHAMOLI,,,,,UNRESOLVED,UNRESOLVED,1,3,3,3,0,0,75,37.5,38,100.0,0.0,100.0,100.0,100.0,100.0,100.0,40.0,9.091,100.0,62.273,50.18,,,,MEDIUM_SUITABILITY
3079887,Educational Facility,Silkhola Laga Ichchholi,Silkhola Laga Ichchholi,,,Dewal,CHAMOLI,,,,,UNRESOLVED,UNRESOLVED,2,3,13,13,0,0,325,162.5,162,100.0,100.0,100.0,100.0,0.0,100.0,66.667,100.0,39.394,80.0,81.515,74.45,,,,HIGH_SUITABILITY
2852155,Educational Facility,Kot,Kot,,,Gairsain,CHAMOLI,,,,,UNRESOLVED,UNRESOLVED,2,3,7,7,0,0,175,87.5,88,100.0,100.0,100.0,100.0,100.0,100.0,100.0,100.0,21.212,100.0,80.303,72.42,,,,HIGH_SUITABILITY
9905861,Educational Facility,Gochar-Municipality,,Gochar-Municipality,"Gochar (NP) -Shail, Basantpur Ghali Ward No.3",,CHAMOLI,,,,,UNRESOLVED,UNRESOLVED,5,3,13,13,0,0,325,162.5,162,100.0,100.0,100.0,100.0,100.0,100.0,100.0,100.0,39.394,100.0,84.848,78.79,,,,HIGH_SUITABILITY
1307651,Educational Facility,Mandal,Mandal,,,Dasholi,CHAMOLI,,,,,UNRESOLVED,UNRESOLVED,1,3,8,8,0,0,200,100.0,100,100.0,100.0,100.0,100.0,0.0,100.0,100.0,100.0,24.242,85.0,81.061,71.23,,,,HIGH_SUITABILITY
7970995,Educational Facility,Pajyana,Pajyana,,,Gairsain,CHAMOLI,,,,,UNRESOLVED,UNRESOLVED,5,3,8,8,0,0,200,100.0,100,100.0,0.0,100.0,100.0,100.0,0.0,100.0,40.0,24.242,90.0,66.061,53.98,,,,MEDIUM_SUITABILITY
3499661,Educational Facility,Kafoli Malli,Kafoli Malli,,,Narayanbagar,CHAMOLI,,,,,UNRESOLVED,UNRESOLVED,8,3,4,4,0,0,100,50.0,50,100.0,0.0,100.0,100.0,0.0,0.0,100.0,40.0,12.121,75.0,63.03,47.49,,,,LOW_SUITABILITY
4855932,Educational Facility,Gauhana,Gauhana,,,Dasholi,CHAMOLI,,,,,UNRESOLVED,UNRESOLVED,5,3,10,7,3,0,175,87.5,88,70.0,0.0,100.0,100.0,100.0,0.0,100.0,40.0,21.212,90.0,56.303,49.32,,,,LOW_SUITABILITY
6479396,Educational Facility,Langsi,Langsi,,,Joshimath,CHAMOLI,SETTLEMENT_40841,Langsi,30.4933697,79.4792409,MEDIUM,VILLAGE_NAME,1,3,2,2,0,0,50,25.0,25,100.0,100.0,100.0,100.0,100.0,0.0,100.0,100.0,6.061,90.0,76.515,65.62,SETTLEMENT_40841,Langsi,0.0,MEDIUM_SUITABILITY
6407718,Educational Facility,Kandalaga Kwidhi,Kandalaga Kwidhi,,,Pokhari,CHAMOLI,,,,,UNRESOLVED,UNRESOLVED,1,3,2,2,0,0,50,25.0,25,100.0,0.0,100.0,100.0,0.0,100.0,100.0,40.0,6.061,85.0,61.515,46.87,,,,LOW_SUITABILITY
9202938,Educational Facility,Pana,Pana,,,Dasholi,CHAMOLI,,,,,UNRESOLVED,UNRESOLVED,1,3,2,2,0,0,50,25.0,25,100.0,0.0,100.0,100.0,100.0,100.0,100.0,40.0,6.061,100.0,61.515,49.12,,,,LOW_SUITABILITY
9089261,Educational Facility,Gogana Talla,Gogana Talla,,,Gairsain,CHAMOLI,,,,,UNRESOLVED,UNRESOLVED,1,3,3,3,0,0,75,37.5,38,100.0,0.0,100.0,100.0,0.0,0.0,100.0,40.0,9.091,75.0,62.273,46.43,,,,LOW_SUITABILITY
7631149,Educational Facility,Gairwaram,Gairwaram,,,Narayanbagar,CHAMOLI,,,,,UNRESOLVED,UNRESOLVED,8,3,3,2,0,1,50,25.0,25,66.667,0.0,100.0,100.0,100.0,100.0,100.0,40.0,6.061,100.0,51.515,45.12,,,,LOW_SUITABILITY
4427191,Educational Facility,Chamoli Gopeshwar-Municipality,,Chamoli Gopeshwar-Municipality,Chamoli Gopeshwar (MB) -Chamoli Chetrapaal Ward No.11,,CHAMOLI,,,,,UNRESOLVED,UNRESOLVED,1,3,2,2,0,0,50,25.0,25,100.0,100.0,100.0,100.0,0.0,100.0,100.0,100.0,6.061,85.0,76.515,64.87,,,,MEDIUM_SUITABILITY
7118372,Educational Facility,Sainu,Sainu,,,Karnaprayag,CHAMOLI,,,,,UNRESOLVED,UNRESOLVED,1,3,2,2,0,0,50,25.0,25,100.0,100.0,100.0,100.0,100.0,100.0,100.0,100.0,6.061,100.0,76.515,67.12,,,,MEDIUM_SUITABILITY
1772679,Educational Facility,Bandwara,Bandwara,,,Dasholi,CHAMOLI,,,,,UNRESOLVED,UNRESOLVED,1,3,2,2,0,0,50,25.0,25,100.0,0.0,100.0,100.0,100.0,0.0,100.0,40.0,6.061,90.0,61.515,47.62,,,,LOW_SUITABILITY
1133942,Educational Facility,Gwaldam State,Gwaldam State,,,Tharali,CHAMOLI,,,,,UNRESOLVED,UNRESOLVED,1,3,2,2,0,0,50,25.0,25,100.0,100.0,100.0,100.0,0.0,100.0,66.667,100.0,6.061,80.0,73.182,62.79,,,,MEDIUM_SUITABILITY
1267991,Educational Facility,Mason,Mason,,,Dasholi,CHAMOLI,,,,,UNRESOLVED,UNRESOLVED,1,3,3,3,0,0,75,37.5,38,100.0,100.0,100.0,100.0,100.0,0.0,100.0,100.0,9.091,90.0,77.273,66.68,,,,MEDIUM_SUITABILITY
9131596,Educational Facility,Kothara,Kothara,,,Narayanbagar,CHAMOLI,,,,,UNRESOLVED,UNRESOLVED,1,3,2,2,0,0,50,25.0,25,100.0,0.0,100.0,100.0,0.0,100.0,100.0,40.0,6.061,85.0,61.515,46.87,,,,LOW_SUITABILITY
4206155,Educational Facility,Dothla,Dothla,,,Karnaprayag,CHAMOLI,,,,,UNRESOLVED,UNRESOLVED,1,3,2,2,0,0,50,25.0,25,100.0,0.0,100.0,100.0,100.0,100.0,100.0,40.0,6.061,100.0,61.515,49.12,,,,LOW_SUITABILITY
1116139,Educational Facility,Dhogarikandai,Dhogarikandai,,,Dasholi,CHAMOLI,,,,,UNRESOLVED,UNRESOLVED,1,3,2,2,0,0,50,25.0,25,100.0,0.0,100.0,100.0,100.0,100.0,100.0,40.0,6.061,100.0,61.515,49.12,,,,LOW_SUITABILITY
1961414,Educational Facility,Joshimath-Municipality,,Joshimath-Municipality,Joshimath (MB) - Ravigram Ward No.9,,CHAMOLI,,,,,UNRESOLVED,UNRESOLVED,1,3,2,2,0,0,50,25.0,25,100.0,0.0,100.0,100.0,100.0,100.0,100.0,40.0,6.061,100.0,61.515,49.12,,,,LOW_SUITABILITY
4898449,Educational Facility,Narayan Bagad,Narayan Bagad,,,Narayanbagar,CHAMOLI,,,,,UNRESOLVED,UNRESOLVED,2,3,10,10,0,0,250,125.0,125,100.0,100.0,100.0,100.0,0.0,100.0,100.0,100.0,30.303,85.0,82.576,73.36,,,,HIGH_SUITABILITY
5582604,Educational Facility,Pandukaswar,Pandukaswar,,,Joshimath,CHAMOLI,SETTLEMENT_40813,Pandukaswar,30.633418,79.548607,MEDIUM,VILLAGE_NAME,2,3,8,8,0,0,200,100.0,100,100.0,100.0,100.0,100.0,0.0,100.0,100.0,100.0,24.242,85.0,81.061,71.23,SETTLEMENT_40813,Pandukaswar,0.0,HIGH_SUITABILITY
2915212,Educational Facility,Gochar-Municipality,,Gochar-Municipality,"Gochar (NP) -Panaai Talli, Palsaari Ward No.4",,CHAMOLI,,,,,UNRESOLVED,UNRESOLVED,2,3,10,10,0,0,250,125.0,125,100.0,100.0,100.0,100.0,0.0,100.0,100.0,100.0,30.303,85.0,82.576,73.36,,,,HIGH_SUITABILITY
5404364,Educational Facility,POKHRI-Town Panchayat,,POKHRI-Town Panchayat,Pokhri (NP) -Pokhri Lower Ward No. 2,,CHAMOLI,,,,,UNRESOLVED,UNRESOLVED,4,3,3,3,0,0,75,37.5,38,100.0,0.0,100.0,100.0,0.0,0.0,100.0,40.0,9.091,75.0,62.273,46.43,,,,LOW_SUITABILITY
6117397,Educational Facility,Sunaun,Sunaun,,,Tharali,CHAMOLI,,,,,UNRESOLVED,UNRESOLVED,5,3,7,7,0,0,175,87.5,88,100.0,100.0,100.0,100.0,100.0,0.0,100.0,100.0,21.212,90.0,80.303,70.92,,,,HIGH_SUITABILITY
6777908,Educational Facility,Joshimath-Municipality,,Joshimath-Municipality,Joshimath (MB) - Painka-Maarwaadi Ward No.2,,CHAMOLI,,,,,UNRESOLVED,UNRESOLVED,4,3,3,3,0,0,75,37.5,38,100.0,100.0,100.0,100.0,0.0,0.0,100.0,100.0,9.091,75.0,77.273,64.43,,,,MEDIUM_SUITABILITY
2194884,Educational Facility,Parnmati,Parnmati,,,Ghat,CHAMOLI,,,,,UNRESOLVED,UNRESOLVED,4,3,3,3,0,0,75,37.5,38,100.0,0.0,100.0,100.0,0.0,0.0,100.0,40.0,9.091,75.0,62.273,46.43,,,,LOW_SUITABILITY
9872013,Educational Facility,Giratoli,Giratoli,,,Gairsain,CHAMOLI,,,,,UNRESOLVED,UNRESOLVED,4,3,3,3,0,0,75,37.5,38,100.0,0.0,100.0,0.0,100.0,0.0,100.0,20.0,9.091,60.0,52.273,36.18,,,,LOW_SUITABILITY
3077101,Educational Facility,Ghuma Khet Malla,Ghuma Khet Malla,,,Gairsain,CHAMOLI,,,,,UNRESOLVED,UNRESOLVED,7,3,5,2,3,0,50,25.0,25,40.0,100.0,100.0,100.0,100.0,0.0,100.0,100.0,6.061,90.0,58.515,58.42,,,,MEDIUM_SUITABILITY
7185135,Educational Facility,Syuna,Syuna,,,Dasholi,CHAMOLI,,,,,UNRESOLVED,UNRESOLVED,8,3,10,6,3,1,150,75.0,75,60.0,0.0,100.0,100.0,100.0,0.0,100.0,40.0,18.182,90.0,52.545,47.06,,,,LOW_SUITABILITY
1400756,Educational Facility,Pyura,Pyura,,,Gairsain,CHAMOLI,,,,,UNRESOLVED,UNRESOLVED,1,3,3,3,0,0,75,37.5,38,100.0,100.0,100.0,100.0,0.0,0.0,100.0,100.0,9.091,75.0,77.273,64.43,,,,MEDIUM_SUITABILITY
1198343,Educational Facility,Salna Chak Urgam,Salna Chak Urgam,,,Joshimath,CHAMOLI,SETTLEMENT_40821,Salna Chak Urgam,30.530055,79.492736,MEDIUM,VILLAGE_NAME,1,3,2,2,0,0,50,25.0,25,100.0,0.0,100.0,100.0,100.0,0.0,100.0,40.0,6.061,90.0,61.515,47.62,SETTLEMENT_40821,Salna Chak Urgam,0.0,LOW_SUITABILITY
3291016,Educational Facility,Naldhura,Naldhura,,,Dewal,CHAMOLI,,,,,UNRESOLVED,UNRESOLVED,1,3,2,2,0,0,50,25.0,25,100.0,0.0,100.0,100.0,0.0,0.0,66.667,40.0,6.061,70.0,58.182,43.29,,,,LOW_SUITABILITY
5963205,Educational Facility,Kevar Talla,Kevar Talla,,,Narayanbagar,CHAMOLI,,,,,UNRESOLVED,UNRESOLVED,1,3,4,4,0,0,100,50.0,50,100.0,100.0,100.0,100.0,100.0,0.0,100.0,100.0,12.121,90.0,78.03,67.74,,,,MEDIUM_SUITABILITY
7486229,Educational Facility,Kuneli Laga Marora,Kuneli Laga Marora,,,Gairsain,CHAMOLI,,,,,UNRESOLVED,UNRESOLVED,1,3,2,2,0,0,50,25.0,25,100.0,0.0,100.0,100.0,100.0,0.0,100.0,40.0,6.061,90.0,61.515,47.62,,,,LOW_SUITABILITY
6004342,Educational Facility,Pagana,Pagana,,,Dasholi,CHAMOLI,,,,,UNRESOLVED,UNRESOLVED,1,3,3,2,1,0,50,25.0,25,66.667,0.0,100.0,100.0,0.0,0.0,100.0,40.0,6.061,75.0,51.515,41.37,,,,LOW_SUITABILITY
9950226,Educational Facility,Mana,Mana,,,Joshimath,CHAMOLI,SETTLEMENT_40808,Mana,30.9671228,79.4109692,MEDIUM,VILLAGE_NAME,1,3,2,2,0,0,50,25.0,25,100.0,0.0,100.0,100.0,0.0,0.0,66.667,40.0,6.061,70.0,58.182,43.29,SETTLEMENT_40808,Mana,0.0,LOW_SUITABILITY
7634909,Educational Facility,Panti,Panti,,,Narayanbagar,CHAMOLI,,,,,UNRESOLVED,UNRESOLVED,1,3,2,2,0,0,50,25.0,25,100.0,100.0,100.0,100.0,100.0,0.0,100.0,100.0,6.061,90.0,76.515,65.62,,,,MEDIUM_SUITABILITY
3909481,Educational Facility,Banoli,Banoli,,,Dwarahat,CHAMOLI,,,,,UNRESOLVED,UNRESOLVED,1,3,2,2,0,0,50,25.0,25,100.0,0.0,100.0,100.0,100.0,0.0,66.667,40.0,6.061,85.0,58.182,45.54,,,,LOW_SUITABILITY
3528830,Educational Facility,Rohira,Rohira,,,Gairsain,CHAMOLI,,,,,UNRESOLVED,UNRESOLVED,1,3,3,2,1,0,50,25.0,25,66.667,100.0,100.0,100.0,100.0,0.0,100.0,100.0,6.061,90.0,66.515,61.62,,,,MEDIUM_SUITABILITY
5050864,Educational Facility,Bhaduda,Bhaduda,,,Pokhari,CHAMOLI,,,,,UNRESOLVED,UNRESOLVED,1,3,3,3,0,0,75,37.5,38,100.0,0.0,100.0,100.0,100.0,0.0,100.0,40.0,9.091,90.0,62.273,48.68,,,,LOW_SUITABILITY
5360420,Educational Facility,Chamoli Gopeshwar-Municipality,,Chamoli Gopeshwar-Municipality,Chamoli Gopeshwar (MB) -Chamoli Chetrapaal Ward No.11,,CHAMOLI,,,,,UNRESOLVED,UNRESOLVED,1,3,6,5,1,0,125,62.5,62,83.333,100.0,100.0,100.0,0.0,100.0,100.0,100.0,15.152,85.0,73.788,66.05,,,,MEDIUM_SUITABILITY
6215214,Educational Facility,Kujasu,Kujasu,,,Pokhari,CHAMOLI,,,,,UNRESOLVED,UNRESOLVED,1,3,2,2,0,0,50,25.0,25,100.0,100.0,100.0,100.0,0.0,100.0,100.0,100.0,6.061,85.0,76.515,64.87,,,,MEDIUM_SUITABILITY
5517450,Educational Facility,Chhari Sain,Chhari Sain,,,Gairsain,CHAMOLI,,,,,UNRESOLVED,UNRESOLVED,1,3,2,2,0,0,50,25.0,25,100.0,100.0,100.0,100.0,100.0,0.0,100.0,100.0,6.061,90.0,76.515,65.62,,,,MEDIUM_SUITABILITY
3914494,Educational Facility,Kheti,Kheti,,,Gairsain,CHAMOLI,,,,,UNRESOLVED,UNRESOLVED,11,3,12,12,0,0,300,150.0,150,100.0,100.0,100.0,100.0,100.0,100.0,100.0,100.0,36.364,100.0,84.091,77.73,,,,HIGH_SUITABILITY
6395467,Educational Facility,Gwad,Gwad,,,Karnaprayag,CHAMOLI,,,,,UNRESOLVED,UNRESOLVED,4,3,3,3,0,0,75,37.5,38,100.0,100.0,100.0,100.0,100.0,100.0,100.0,100.0,9.091,100.0,77.273,68.18,,,,MEDIUM_SUITABILITY
4270841,Educational Facility,Subhai,Subhai,,,Joshimath,CHAMOLI,SETTLEMENT_40884,Subhai,30.479065,79.676862,MEDIUM,VILLAGE_NAME,4,3,4,4,0,0,100,50.0,50,100.0,100.0,100.0,100.0,100.0,0.0,100.0,100.0,12.121,90.0,78.03,67.74,SETTLEMENT_40884,Subhai,0.0,MEDIUM_SUITABILITY
8492355,Educational Facility,Chamoli Gopeshwar-Municipality,,Chamoli Gopeshwar-Municipality,Chamoli Gopeshwar (MB) -Naigwaad Ward No.8,,CHAMOLI,,,,,UNRESOLVED,UNRESOLVED,7,2,5,2,0,3,50,25.0,25,40.0,100.0,100.0,100.0,100.0,0.0,100.0,100.0,6.061,90.0,58.515,58.42,,,,MEDIUM_SUITABILITY
3820617,Educational Facility,Rohira,Rohira,,,Gairsain,CHAMOLI,,,,,UNRESOLVED,UNRESOLVED,4,3,4,4,0,0,100,50.0,50,100.0,100.0,100.0,100.0,100.0,0.0,100.0,100.0,12.121,90.0,78.03,67.74,,,,MEDIUM_SUITABILITY
4180327,Educational Facility,Kimoli,Kimoli,,,Narayanbagar,CHAMOLI,,,,,UNRESOLVED,UNRESOLVED,4,3,5,3,2,0,75,37.5,38,60.0,100.0,100.0,100.0,100.0,0.0,100.0,100.0,9.091,90.0,65.273,61.88,,,,MEDIUM_SUITABILITY
5263671,Educational Facility,Sainj,Sainj,,,Narayanbagar,CHAMOLI,,,,,UNRESOLVED,UNRESOLVED,7,3,7,4,3,0,100,50.0,50,57.143,0.0,100.0,100.0,100.0,100.0,100.0,40.0,12.121,100.0,50.173,46.1,,,,LOW_SUITABILITY
3706523,Educational Facility,Nagbugar Urf Farkhet,Nagbugar Urf Farkhet,,,Ghat,CHAMOLI,,,,,UNRESOLVED,UNRESOLVED,5,3,9,9,0,0,225,112.5,112,100.0,0.0,100.0,100.0,100.0,0.0,100.0,40.0,27.273,90.0,66.818,55.05,,,,MEDIUM_SUITABILITY
2854106,Educational Facility,Divadhar,Divadhar,,,Gairsain,CHAMOLI,,,,,UNRESOLVED,UNRESOLVED,4,3,4,3,1,0,75,37.5,38,75.0,100.0,100.0,100.0,100.0,0.0,100.0,100.0,9.091,90.0,69.773,63.68,,,,MEDIUM_SUITABILITY
6148581,Educational Facility,Bijar,Bijar,,,Ghat,CHAMOLI,,,,,UNRESOLVED,UNRESOLVED,1,3,2,2,0,0,50,25.0,25,100.0,0.0,100.0,100.0,0.0,0.0,100.0,40.0,6.061,75.0,61.515,45.37,,,,LOW_SUITABILITY
1576486,Educational Facility,Kunkuli,Kunkuli,,,Dasholi,CHAMOLI,,,,,UNRESOLVED,UNRESOLVED,5,3,8,5,0,3,125,62.5,62,62.5,0.0,100.0,100.0,0.0,0.0,100.0,40.0,15.152,75.0,52.538,44.05,,,,LOW_SUITABILITY
8338533,Educational Facility,Chaien,Chaien,,,Joshimath,CHAMOLI,SETTLEMENT_40816,Chaien,30.566174,79.538058,MEDIUM,VILLAGE_NAME,1,3,2,2,0,0,50,25.0,25,100.0,100.0,100.0,100.0,0.0,100.0,100.0,100.0,6.061,85.0,76.515,64.87,SETTLEMENT_40816,Chaien,0.0,MEDIUM_SUITABILITY
6369990,Educational Facility,Rangchaura,Rangchaura,,,Gairsain,CHAMOLI,,,,,UNRESOLVED,UNRESOLVED,1,3,2,2,0,0,50,25.0,25,100.0,100.0,100.0,100.0,0.0,100.0,100.0,100.0,6.061,85.0,76.515,64.87,,,,MEDIUM_SUITABILITY
4293891,Educational Facility,Kanol,Kanol,,,Ghat,CHAMOLI,,,,,UNRESOLVED,UNRESOLVED,1,3,2,2,0,0,50,25.0,25,100.0,0.0,100.0,100.0,0.0,100.0,100.0,40.0,6.061,85.0,61.515,46.87,,,,LOW_SUITABILITY
2553304,Educational Facility,Pastoli,Pastoli,,,Tharali,CHAMOLI,,,,,UNRESOLVED,UNRESOLVED,1,3,3,3,0,0,75,37.5,38,100.0,0.0,100.0,100.0,0.0,0.0,100.0,40.0,9.091,75.0,62.273,46.43,,,,LOW_SUITABILITY
7979215,Educational Facility,Nauti,Nauti,,,Karnaprayag,CHAMOLI,,,,,UNRESOLVED,UNRESOLVED,1,3,2,2,0,0,50,25.0,25,100.0,100.0,100.0,100.0,100.0,0.0,100.0,100.0,6.061,90.0,76.515,65.62,,,,MEDIUM_SUITABILITY
3951778,Educational Facility,Malasi,Malasi,,,Gairsain,CHAMOLI,,,,,UNRESOLVED,UNRESOLVED,1,3,2,2,0,0,50,25.0,25,100.0,100.0,100.0,100.0,100.0,0.0,100.0,100.0,6.061,90.0,76.515,65.62,,,,MEDIUM_SUITABILITY
6013211,Educational Facility,Masauli,Masauli,,,Pokhari,CHAMOLI,,,,,UNRESOLVED,UNRESOLVED,1,3,5,3,2,0,75,37.5,38,60.0,0.0,100.0,100.0,100.0,100.0,100.0,40.0,9.091,100.0,50.273,45.38,,,,LOW_SUITABILITY
7434876,Educational Facility,Jola,Jola,,,Tharali,CHAMOLI,,,,,UNRESOLVED,UNRESOLVED,1,3,2,2,0,0,50,25.0,25,100.0,0.0,100.0,100.0,100.0,0.0,100.0,40.0,6.061,90.0,61.515,47.62,,,,LOW_SUITABILITY
3116746,Educational Facility,Banswara Chak Sainti,Banswara Chak Sainti,,,Ghat,CHAMOLI,,,,,UNRESOLVED,UNRESOLVED,1,3,2,2,0,0,50,25.0,25,100.0,0.0,100.0,100.0,0.0,0.0,100.0,40.0,6.061,75.0,61.515,45.37,,,,LOW_SUITABILITY
6249299,Educational Facility,Mehal Chauri,Mehal Chauri,,,Gairsain,CHAMOLI,,,,,UNRESOLVED,UNRESOLVED,1,3,5,5,0,0,125,62.5,62,100.0,100.0,100.0,100.0,0.0,0.0,100.0,100.0,15.152,75.0,78.788,66.55,,,,MEDIUM_SUITABILITY
4167646,Educational Facility,Tharali-Town Panchayat,,Tharali-Town Panchayat,Tharali (NP) - Uper Bazaar Tharali Ward No. 3,,CHAMOLI,,,,,UNRESOLVED,UNRESOLVED,1,3,6,6,0,0,150,75.0,75,100.0,100.0,100.0,100.0,100.0,100.0,100.0,100.0,18.182,100.0,79.545,71.36,,,,HIGH_SUITABILITY
9743673,Educational Facility,Khalbajetha,Khalbajetha,,,Pokhari,CHAMOLI,,,,,UNRESOLVED,UNRESOLVED,1,3,2,2,0,0,50,25.0,25,100.0,0.0,100.0,100.0,0.0,100.0,100.0,40.0,6.061,85.0,61.515,46.87,,,,LOW_SUITABILITY
6447367,Educational Facility,Dimar,Dimar,,,Karnaprayag,CHAMOLI,,,,,UNRESOLVED,UNRESOLVED,1,3,6,6,0,0,150,75.0,75,100.0,100.0,100.0,100.0,100.0,100.0,100.0,100.0,18.182,100.0,79.545,71.36,,,,HIGH_SUITABILITY
1895174,Educational Facility,Golim,Golim,,,Dasholi,CHAMOLI,,,,,UNRESOLVED,UNRESOLVED,4,3,3,3,0,0,75,37.5,38,100.0,100.0,100.0,100.0,0.0,0.0,100.0,100.0,9.091,75.0,77.273,64.43,,,,MEDIUM_SUITABILITY
5988154,Educational Facility,Tharali-Town Panchayat,,Tharali-Town Panchayat,Tharali (NP) - Tharali Gaon Ward No. 4,,CHAMOLI,,,,,UNRESOLVED,UNRESOLVED,5,2,9,5,4,0,125,62.5,62,55.556,100.0,100.0,100.0,0.0,0.0,100.0,100.0,15.152,75.0,65.455,61.22,,,,MEDIUM_SUITABILITY
6943212,Educational Facility,Thalabair,Thalabair,,,Pokhari,CHAMOLI,,,,,UNRESOLVED,UNRESOLVED,5,3,4,3,0,1,75,37.5,38,75.0,0.0,100.0,100.0,100.0,0.0,100.0,40.0,9.091,90.0,54.773,45.68,,,,LOW_SUITABILITY
2454904,Educational Facility,Jhirkoti,Jhirkoti,,,Karnaprayag,CHAMOLI,,,,,UNRESOLVED,UNRESOLVED,5,3,4,4,0,0,100,50.0,50,100.0,100.0,100.0,100.0,100.0,0.0,100.0,100.0,12.121,90.0,78.03,67.74,,,,MEDIUM_SUITABILITY
9782839,Educational Facility,Mopata,Mopata,,,Dewal,CHAMOLI,,,,,UNRESOLVED,UNRESOLVED,1,3,3,3,0,0,75,37.5,38,100.0,100.0,100.0,100.0,100.0,0.0,100.0,100.0,9.091,90.0,77.273,66.68,,,,MEDIUM_SUITABILITY
7620821,Educational Facility,Kolpudi,Kolpudi,,,Tharali,CHAMOLI,,,,,UNRESOLVED,UNRESOLVED,1,3,2,2,0,0,50,25.0,25,100.0,100.0,100.0,100.0,100.0,0.0,66.667,100.0,6.061,85.0,73.182,63.54,,,,MEDIUM_SUITABILITY
5874935,Educational Facility,Maithana,Maithana,,,Dasholi,CHAMOLI,,,,,UNRESOLVED,UNRESOLVED,1,3,2,2,0,0,50,25.0,25,100.0,100.0,100.0,100.0,100.0,100.0,100.0,100.0,6.061,100.0,76.515,67.12,,,,MEDIUM_SUITABILITY
9294358,Educational Facility,Pudiyani,Pudiyani,,,Karnaprayag,CHAMOLI,,,,,UNRESOLVED,UNRESOLVED,1,3,2,2,0,0,50,25.0,25,100.0,100.0,100.0,100.0,100.0,0.0,100.0,100.0,6.061,90.0,76.515,65.62,,,,MEDIUM_SUITABILITY
5906372,Educational Facility,Salaraitoli,Salaraitoli,,,Dasholi,CHAMOLI,,,,,UNRESOLVED,UNRESOLVED,1,3,2,2,0,0,50,25.0,25,100.0,100.0,100.0,100.0,100.0,0.0,100.0,100.0,6.061,90.0,76.515,65.62,,,,MEDIUM_SUITABILITY
3449472,Educational Facility,Kafoli Malli,Kafoli Malli,,,Narayanbagar,CHAMOLI,,,,,UNRESOLVED,UNRESOLVED,4,3,3,3,0,0,75,37.5,38,100.0,0.0,100.0,100.0,100.0,0.0,100.0,40.0,9.091,90.0,62.273,48.68,,,,LOW_SUITABILITY
6166946,Educational Facility,Kimana,Kimana,,,Joshimath,CHAMOLI,SETTLEMENT_40834,Kimana,30.4978872,79.4523689,MEDIUM,VILLAGE_NAME,1,3,3,3,0,0,75,37.5,38,100.0,0.0,0.0,100.0,100.0,0.0,100.0,20.0,9.091,60.0,52.273,36.18,SETTLEMENT_40834,Kimana,0.0,LOW_SUITABILITY
8512727,Educational Facility,Jola,Jola,,,Tharali,CHAMOLI,,,,,UNRESOLVED,UNRESOLVED,5,3,7,3,1,3,75,37.5,38,42.857,100.0,100.0,100.0,100.0,0.0,66.667,100.0,9.091,85.0,56.797,57.74,,,,MEDIUM_SUITABILITY
3835285,Educational Facility,Kasbi Nagar,Kasbi Nagar,,,Tharali,CHAMOLI,,,,,UNRESOLVED,UNRESOLVED,4,3,3,3,0,0,75,37.5,38,100.0,0.0,100.0,100.0,0.0,0.0,100.0,40.0,9.091,75.0,62.273,46.43,,,,LOW_SUITABILITY
4916180,Educational Facility,Kandari Khor,Kandari Khor,,,Gairsain,CHAMOLI,,,,,UNRESOLVED,UNRESOLVED,4,3,3,3,0,0,75,37.5,38,100.0,0.0,100.0,100.0,0.0,0.0,100.0,40.0,9.091,75.0,62.273,46.43,,,,LOW_SUITABILITY
8221044,Educational Facility,Kalgoth,Kalgoth,,,Joshimath,CHAMOLI,SETTLEMENT_40830,Kalgoth,30.516532,79.415042,MEDIUM,VILLAGE_NAME,7,3,6,6,0,0,150,75.0,75,100.0,0.0,100.0,100.0,100.0,0.0,66.667,40.0,18.182,85.0,61.212,49.78,SETTLEMENT_40830,Kalgoth,0.0,LOW_SUITABILITY
1398050,Educational Facility,Simkholi,Simkholi,,,Pokhari,CHAMOLI,,,,,UNRESOLVED,UNRESOLVED,4,3,5,3,2,0,75,37.5,38,60.0,0.0,0.0,100.0,100.0,0.0,100.0,20.0,9.091,60.0,40.273,31.38,,,,LOW_SUITABILITY
1233490,Educational Facility,Dungri,Dungri,,,Narayanbagar,CHAMOLI,,,,,UNRESOLVED,UNRESOLVED,5,3,10,8,0,2,200,100.0,100,80.0,0.0,100.0,100.0,100.0,0.0,66.667,40.0,24.242,85.0,56.727,49.5,,,,LOW_SUITABILITY
8037245,Educational Facility,POKHRI-Town Panchayat,,POKHRI-Town Panchayat,Pokhri (NP) -Dever Ward No. 7,,CHAMOLI,,,,,UNRESOLVED,UNRESOLVED,5,3,15,15,0,0,375,187.5,188,100.0,100.0,100.0,100.0,100.0,0.0,100.0,100.0,45.455,90.0,86.364,79.41,,,,HIGH_SUITABILITY
5933186,Educational Facility,Kaub,Kaub,,,Narayanbagar,CHAMOLI,,,,,UNRESOLVED,UNRESOLVED,1,3,2,2,0,0,50,25.0,25,100.0,0.0,100.0,100.0,100.0,0.0,100.0,40.0,6.061,90.0,61.515,47.62,,,,LOW_SUITABILITY
7785562,Educational Facility,Kwithi,Kwithi,,,Pokhari,CHAMOLI,,,,,UNRESOLVED,UNRESOLVED,1,3,2,2,0,0,50,25.0,25,100.0,0.0,100.0,100.0,0.0,100.0,100.0,40.0,6.061,85.0,61.515,46.87,,,,LOW_SUITABILITY
8904970,Educational Facility,Phali,Phali,,,Ghat,CHAMOLI,,,,,UNRESOLVED,UNRESOLVED,1,3,2,2,0,0,50,25.0,25,100.0,100.0,100.0,100.0,0.0,0.0,100.0,100.0,6.061,75.0,76.515,63.37,,,,MEDIUM_SUITABILITY
3020821,Educational Facility,Bunga,Bunga,,,Sult,CHAMOLI,,,,,UNRESOLVED,UNRESOLVED,1,3,4,3,0,1,75,37.5,38,75.0,100.0,100.0,100.0,100.0,0.0,66.667,100.0,9.091,85.0,66.439,61.6,,,,MEDIUM_SUITABILITY
2419734,Educational Facility,Gain Saja Kata,Gain Saja Kata,,,Karnaprayag,CHAMOLI,,,,,UNRESOLVED,UNRESOLVED,1,3,2,2,0,0,50,25.0,25,100.0,0.0,100.0,100.0,100.0,100.0,100.0,40.0,6.061,100.0,61.515,49.12,,,,LOW_SUITABILITY
7755644,Educational Facility,Mason,Mason,,,Dasholi,CHAMOLI,,,,,UNRESOLVED,UNRESOLVED,1,3,3,3,0,0,75,37.5,38,100.0,100.0,100.0,100.0,100.0,100.0,100.0,100.0,9.091,100.0,77.273,68.18,,,,MEDIUM_SUITABILITY
7370977,Educational Facility,Chamoli Gopeshwar-Municipality,,Chamoli Gopeshwar-Municipality,Chamoli Gopeshwar (MB) -Lower Bazaar Ward No.5,,CHAMOLI,,,,,UNRESOLVED,UNRESOLVED,5,3,15,6,3,6,150,75.0,75,40.0,100.0,100.0,100.0,100.0,0.0,100.0,100.0,18.182,90.0,61.545,62.66,,,,MEDIUM_SUITABILITY
9661057,Educational Facility,Rohira,Rohira,,,Gairsain,CHAMOLI,,,,,UNRESOLVED,UNRESOLVED,8,3,5,5,0,0,125,62.5,62,100.0,100.0,100.0,100.0,100.0,100.0,100.0,100.0,15.152,100.0,78.788,70.3,,,,HIGH_SUITABILITY
2035746,Educational Facility,Bamiyala,Bamiyala,,,Dasholi,CHAMOLI,,,,,UNRESOLVED,UNRESOLVED,4,3,3,3,0,0,75,37.5,38,100.0,0.0,100.0,100.0,100.0,100.0,100.0,40.0,9.091,100.0,62.273,50.18,,,,MEDIUM_SUITABILITY
5568164,Educational Facility,Ghandiyal Lagga Chhapali,Ghandiyal Lagga Chhapali,,,Gairsain,CHAMOLI,,,,,UNRESOLVED,UNRESOLVED,7,3,6,6,0,0,150,75.0,75,100.0,0.0,100.0,100.0,100.0,0.0,100.0,40.0,18.182,90.0,64.545,51.86,,,,MEDIUM_SUITABILITY
9035432,Educational Facility,Chamoli Gopeshwar-Municipality,,Chamoli Gopeshwar-Municipality,Chamoli Gopeshwar (MB) -Naigwaad Ward No.8,,CHAMOLI,,,,,UNRESOLVED,UNRESOLVED,2,3,11,11,0,0,275,137.5,138,100.0,100.0,100.0,100.0,0.0,100.0,100.0,100.0,33.333,85.0,83.333,74.42,,,,HIGH_SUITABILITY
8114135,Educational Facility,Joshimath-Municipality,,Joshimath-Municipality,Joshimath (MB) - Ravigram Ward No.9,,CHAMOLI,,,,,UNRESOLVED,UNRESOLVED,6,3,15,15,0,0,375,187.5,188,100.0,100.0,100.0,100.0,0.0,100.0,100.0,100.0,45.455,85.0,86.364,78.66,,,,HIGH_SUITABILITY
2321004,Educational Facility,Chamoli Gopeshwar-Municipality,,Chamoli Gopeshwar-Municipality,Chamoli Gopeshwar (MB) -Subhash Nagar Shivaji Ward No.7,,CHAMOLI,,,,,UNRESOLVED,UNRESOLVED,1,3,6,6,0,0,150,75.0,75,100.0,0.0,100.0,100.0,0.0,100.0,100.0,40.0,18.182,85.0,64.545,51.11,,,,MEDIUM_SUITABILITY
8644952,Educational Facility,Jasyara,Jasyara,,,Karnaprayag,CHAMOLI,,,,,UNRESOLVED,UNRESOLVED,1,3,3,3,0,0,75,37.5,38,100.0,0.0,100.0,100.0,0.0,100.0,100.0,40.0,9.091,85.0,62.273,47.93,,,,LOW_SUITABILITY
1752592,Educational Facility,Dungri,Dungri,,,Gairsain,CHAMOLI,,,,,UNRESOLVED,UNRESOLVED,1,3,2,2,0,0,50,25.0,25,100.0,100.0,100.0,100.0,100.0,0.0,100.0,100.0,6.061,90.0,76.515,65.62,,,,MEDIUM_SUITABILITY
8990937,Educational Facility,Joshimath-Municipality,,Joshimath-Municipality,Joshimath (MB) - Singhdhaar Ward No.4,,CHAMOLI,,,,,UNRESOLVED,UNRESOLVED,1,3,2,2,0,0,50,25.0,25,100.0,100.0,100.0,100.0,100.0,0.0,66.667,100.0,6.061,85.0,73.182,63.54,,,,MEDIUM_SUITABILITY
4931706,Educational Facility,Huna Lagga Ramani,Huna Lagga Ramani,,,Ghat,CHAMOLI,,,,,UNRESOLVED,UNRESOLVED,1,3,2,2,0,0,50,25.0,25,100.0,0.0,100.0,100.0,100.0,0.0,66.667,40.0,6.061,85.0,58.182,45.54,,,,LOW_SUITABILITY
1838271,Educational Facility,Karnaprayag-Municipality,,Karnaprayag-Municipality,Karnaprayag (NP) -Eda Badhaani Ward No.2,,CHAMOLI,,,,,UNRESOLVED,UNRESOLVED,1,3,2,2,0,0,50,25.0,25,100.0,100.0,100.0,100.0,100.0,100.0,100.0,100.0,6.061,100.0,76.515,67.12,,,,MEDIUM_SUITABILITY
2204860,Educational Facility,Pagana,Pagana,,,Dasholi,CHAMOLI,,,,,UNRESOLVED,UNRESOLVED,7,3,5,3,2,0,75,37.5,38,60.0,0.0,100.0,100.0,100.0,0.0,100.0,40.0,9.091,90.0,50.273,43.88,,,,LOW_SUITABILITY
2162195,Educational Facility,Bemru,Bemru,,,Dasholi,CHAMOLI,,,,,UNRESOLVED,UNRESOLVED,4,3,3,2,1,0,50,25.0,25,66.667,100.0,100.0,100.0,100.0,0.0,100.0,100.0,6.061,90.0,66.515,61.62,,,,MEDIUM_SUITABILITY
1456990,Educational Facility,Karnaprayag-Municipality,,Karnaprayag-Municipality,Karnaprayag (NP) -Tehseel Colony Ward No.4,,CHAMOLI,,,,,UNRESOLVED,UNRESOLVED,5,1,12,12,0,0,300,150.0,150,100.0,0.0,100.0,100.0,100.0,100.0,100.0,40.0,36.364,100.0,69.091,59.73,,,,MEDIUM_SUITABILITY
7382632,Educational Facility,Sera,Sera,,,Gairsain,CHAMOLI,,,,,UNRESOLVED,UNRESOLVED,4,3,5,4,1,0,100,50.0,50,80.0,0.0,100.0,100.0,100.0,0.0,100.0,40.0,12.121,90.0,57.03,47.34,,,,LOW_SUITABILITY
5492823,Educational Facility,Chamoli Gopeshwar-Municipality,,Chamoli Gopeshwar-Municipality,Chamoli Gopeshwar (MB) -Gopeshwer Gaon Ward No.2,,CHAMOLI,,,,,UNRESOLVED,UNRESOLVED,5,3,13,13,0,0,325,162.5,162,100.0,100.0,100.0,100.0,100.0,100.0,100.0,100.0,39.394,100.0,84.848,78.79,,,,HIGH_SUITABILITY
3308633,Educational Facility,Pogatha,Pogatha,,,Pokhari,CHAMOLI,,,,,UNRESOLVED,UNRESOLVED,1,3,5,5,0,0,125,62.5,62,100.0,100.0,100.0,100.0,0.0,100.0,100.0,100.0,15.152,85.0,78.788,68.05,,,,MEDIUM_SUITABILITY
3886177,Educational Facility,Gwaldam State,Gwaldam State,,,Tharali,CHAMOLI,,,,,UNRESOLVED,UNRESOLVED,3,3,14,12,2,0,300,150.0,150,85.714,100.0,100.0,100.0,0.0,100.0,100.0,100.0,36.364,85.0,79.805,73.76,,,,HIGH_SUITABILITY
5613260,Educational Facility,Dhola Chak Ustoli,Dhola Chak Ustoli,,,Ghat,CHAMOLI,,,,,UNRESOLVED,UNRESOLVED,1,3,5,5,0,0,125,62.5,62,100.0,100.0,100.0,100.0,0.0,100.0,100.0,100.0,15.152,85.0,78.788,68.05,,,,MEDIUM_SUITABILITY
8111315,Educational Facility,Pungaon,Pungaon,,,Gairsain,CHAMOLI,,,,,UNRESOLVED,UNRESOLVED,1,3,3,3,0,0,75,37.5,38,100.0,100.0,100.0,100.0,100.0,0.0,100.0,100.0,9.091,90.0,77.273,66.68,,,,MEDIUM_SUITABILITY
1666076,Educational Facility,Bidoli,Bidoli,,,Karnaprayag,CHAMOLI,,,,,UNRESOLVED,UNRESOLVED,1,3,2,2,0,0,50,25.0,25,100.0,100.0,100.0,100.0,100.0,0.0,100.0,100.0,6.061,90.0,76.515,65.62,,,,MEDIUM_SUITABILITY
5706625,Educational Facility,Airoli,Airoli,,,Gairsain,CHAMOLI,,,,,UNRESOLVED,UNRESOLVED,1,3,2,2,0,0,50,25.0,25,100.0,0.0,100.0,100.0,0.0,0.0,100.0,40.0,6.061,75.0,61.515,45.37,,,,LOW_SUITABILITY
9389803,Educational Facility,Matai,Matai,,,Ghat,CHAMOLI,,,,,UNRESOLVED,UNRESOLVED,1,3,2,2,0,0,50,25.0,25,100.0,100.0,100.0,100.0,100.0,0.0,100.0,100.0,6.061,90.0,76.515,65.62,,,,MEDIUM_SUITABILITY
6382512,Educational Facility,Banj Bagar,Banj Bagar,,,Dasholi,CHAMOLI,,,,,UNRESOLVED,UNRESOLVED,1,3,2,2,0,0,50,25.0,25,100.0,0.0,100.0,100.0,0.0,0.0,100.0,40.0,6.061,75.0,61.515,45.37,,,,LOW_SUITABILITY
2212645,Educational Facility,Bunga,Bunga,,,Narayanbagar,CHAMOLI,,,,,UNRESOLVED,UNRESOLVED,1,3,2,2,0,0,50,25.0,25,100.0,0.0,100.0,100.0,100.0,0.0,100.0,40.0,6.061,90.0,61.515,47.62,,,,LOW_SUITABILITY
3712866,Educational Facility,Mana,Mana,,,Joshimath,CHAMOLI,SETTLEMENT_40808,Mana,30.9671228,79.4109692,MEDIUM,VILLAGE_NAME,1,3,4,2,2,0,50,25.0,25,50.0,100.0,100.0,100.0,100.0,0.0,100.0,100.0,6.061,90.0,61.515,59.62,SETTLEMENT_40808,Mana,0.0,MEDIUM_SUITABILITY
5792563,Educational Facility,Chirong Laga Bedula,Chirong Laga Bedula,,,Narayanbagar,CHAMOLI,,,,,UNRESOLVED,UNRESOLVED,1,3,2,2,0,0,50,25.0,25,100.0,100.0,100.0,100.0,0.0,100.0,100.0,100.0,6.061,85.0,76.515,64.87,,,,MEDIUM_SUITABILITY
1106047,Educational Facility,Gawar,Gawar,,,Dasholi,CHAMOLI,,,,,UNRESOLVED,UNRESOLVED,1,3,2,2,0,0,50,25.0,25,100.0,100.0,100.0,100.0,100.0,100.0,100.0,100.0,6.061,100.0,76.515,67.12,,,,MEDIUM_SUITABILITY
8523951,Educational Facility,Kanol,Kanol,,,Ghat,CHAMOLI,,,,,UNRESOLVED,UNRESOLVED,7,3,5,5,0,0,125,62.5,62,100.0,0.0,100.0,100.0,100.0,100.0,100.0,40.0,15.152,100.0,63.788,52.3,,,,MEDIUM_SUITABILITY
7679563,Educational Facility,Silkhola Laga Ichchholi,Silkhola Laga Ichchholi,,,Dewal,CHAMOLI,,,,,UNRESOLVED,UNRESOLVED,5,3,8,6,2,0,150,75.0,75,75.0,0.0,100.0,100.0,100.0,0.0,100.0,40.0,18.182,90.0,57.045,48.86,,,,LOW_SUITABILITY
9107605,Educational Facility,Malethi,Malethi,,,Gairsain,CHAMOLI,,,,,UNRESOLVED,UNRESOLVED,4,3,4,3,1,0,75,37.5,38,75.0,100.0,100.0,100.0,100.0,0.0,100.0,100.0,9.091,90.0,69.773,63.68,,,,MEDIUM_SUITABILITY
3646707,Educational Facility,Rohira,Rohira,,,Gairsain,CHAMOLI,,,,,UNRESOLVED,UNRESOLVED,5,3,11,8,3,0,200,100.0,100,72.727,0.0,100.0,100.0,100.0,0.0,66.667,40.0,24.242,85.0,54.545,48.63,,,,LOW_SUITABILITY
5702508,Educational Facility,Bhikauna,Bhikauna,,,Pokhari,CHAMOLI,,,,,UNRESOLVED,UNRESOLVED,7,3,4,4,0,0,100,50.0,50,100.0,0.0,100.0,100.0,0.0,0.0,100.0,40.0,12.121,75.0,63.03,47.49,,,,LOW_SUITABILITY
1498326,Educational Facility,Kwilakh,Kwilakh,,,Gairsain,CHAMOLI,,,,,UNRESOLVED,UNRESOLVED,1,3,2,2,0,0,50,25.0,25,100.0,0.0,100.0,100.0,100.0,0.0,100.0,40.0,6.061,90.0,61.515,47.62,,,,LOW_SUITABILITY
9995704,Educational Facility,Chamoli Gopeshwar-Municipality,,Chamoli Gopeshwar-Municipality,Chamoli Gopeshwar (MB) -Kund Colony Ward No.3,,CHAMOLI,,,,,UNRESOLVED,UNRESOLVED,2,3,11,11,0,0,275,137.5,138,100.0,100.0,100.0,100.0,0.0,0.0,100.0,100.0,33.333,75.0,83.333,72.92,,,,HIGH_SUITABILITY
3098071,Educational Facility,Mokhmalla,Mokhmalla,,,Ghat,CHAMOLI,,,,,UNRESOLVED,UNRESOLVED,1,3,2,2,0,0,50,25.0,25,100.0,0.0,100.0,100.0,100.0,0.0,100.0,40.0,6.061,90.0,61.515,47.62,,,,LOW_SUITABILITY
5214479,Educational Facility,Saned,Saned,,,Narayanbagar,CHAMOLI,,,,,UNRESOLVED,UNRESOLVED,1,3,2,2,0,0,50,25.0,25,100.0,0.0,100.0,100.0,0.0,100.0,100.0,40.0,6.061,85.0,61.515,46.87,,,,LOW_SUITABILITY
5873009,Educational Facility,Gwaldam State,Gwaldam State,,,Tharali,CHAMOLI,,,,,UNRESOLVED,UNRESOLVED,1,3,2,2,0,0,50,25.0,25,100.0,100.0,100.0,100.0,100.0,0.0,66.667,100.0,6.061,85.0,73.182,63.54,,,,MEDIUM_SUITABILITY
5410019,Educational Facility,Dharkot,Dharkot,,,Karnaprayag,CHAMOLI,,,,,UNRESOLVED,UNRESOLVED,1,3,3,3,0,0,75,37.5,38,100.0,100.0,100.0,100.0,100.0,100.0,100.0,100.0,9.091,100.0,77.273,68.18,,,,MEDIUM_SUITABILITY
8182605,Educational Facility,Khageli,Khageli,,,Karnaprayag,CHAMOLI,,,,,UNRESOLVED,UNRESOLVED,1,3,3,3,0,0,75,37.5,38,100.0,0.0,100.0,100.0,0.0,0.0,100.0,40.0,9.091,75.0,62.273,46.43,,,,LOW_SUITABILITY
4896199,Educational Facility,Aali Majyari,Aali Majyari,,,Gairsain,CHAMOLI,,,,,UNRESOLVED,UNRESOLVED,1,3,2,2,0,0,50,25.0,25,100.0,100.0,100.0,100.0,100.0,100.0,100.0,100.0,6.061,100.0,76.515,67.12,,,,MEDIUM_SUITABILITY
3353046,Educational Facility,Nand Keshari,Nand Keshari,,,Dewal,CHAMOLI,,,,,UNRESOLVED,UNRESOLVED,1,3,2,2,0,0,50,25.0,25,100.0,100.0,100.0,100.0,0.0,100.0,100.0,100.0,6.061,85.0,76.515,64.87,,,,MEDIUM_SUITABILITY
7878276,Educational Facility,Kimani,Kimani,,,Tharali,CHAMOLI,,,,,UNRESOLVED,UNRESOLVED,1,3,2,2,0,0,50,25.0,25,100.0,0.0,100.0,100.0,0.0,0.0,66.667,40.0,6.061,70.0,58.182,43.29,,,,LOW_SUITABILITY
2818308,Educational Facility,Kalsir,Kalsir,,,Pokhari,CHAMOLI,,,,,UNRESOLVED,UNRESOLVED,1,3,2,2,0,0,50,25.0,25,100.0,100.0,100.0,100.0,100.0,0.0,100.0,100.0,6.061,90.0,76.515,65.62,,,,MEDIUM_SUITABILITY
8394767,Educational Facility,Thalabair,Thalabair,,,Pokhari,CHAMOLI,,,,,UNRESOLVED,UNRESOLVED,1,3,2,2,0,0,50,25.0,25,100.0,0.0,100.0,100.0,100.0,0.0,100.0,40.0,6.061,90.0,61.515,47.62,,,,LOW_SUITABILITY
2900490,Educational Facility,Bansoli Walli,Bansoli Walli,,,Karnaprayag,CHAMOLI,,,,,UNRESOLVED,UNRESOLVED,1,3,2,2,0,0,50,25.0,25,100.0,100.0,100.0,100.0,100.0,100.0,100.0,100.0,6.061,100.0,76.515,67.12,,,,MEDIUM_SUITABILITY
8482618,Educational Facility,Bairagana,Bairagana,,,Dasholi,CHAMOLI,,,,,UNRESOLVED,UNRESOLVED,1,3,2,2,0,0,50,25.0,25,100.0,100.0,100.0,100.0,100.0,0.0,100.0,100.0,6.061,90.0,76.515,65.62,,,,MEDIUM_SUITABILITY
1296093,Educational Facility,Gaul,Gaul,,,Gairsain,CHAMOLI,,,,,UNRESOLVED,UNRESOLVED,1,3,4,2,2,0,50,25.0,25,50.0,0.0,100.0,100.0,100.0,0.0,100.0,40.0,6.061,90.0,46.515,41.62,,,,LOW_SUITABILITY
2981421,Educational Facility,Sainj,Sainj,,,Narayanbagar,CHAMOLI,,,,,UNRESOLVED,UNRESOLVED,4,3,3,3,0,0,75,37.5,38,100.0,100.0,100.0,100.0,100.0,0.0,100.0,100.0,9.091,90.0,77.273,66.68,,,,MEDIUM_SUITABILITY
2922615,Educational Facility,Bangaon Talla,Bangaon Talla,,,Karnaprayag,CHAMOLI,,,,,UNRESOLVED,UNRESOLVED,4,3,3,3,0,0,75,37.5,38,100.0,0.0,100.0,100.0,100.0,100.0,100.0,40.0,9.091,100.0,62.273,50.18,,,,MEDIUM_SUITABILITY
6544858,Educational Facility,Ali,Ali,,,Pokhari,CHAMOLI,,,,,UNRESOLVED,UNRESOLVED,5,3,7,7,0,0,175,87.5,88,100.0,100.0,100.0,100.0,100.0,0.0,100.0,100.0,21.212,90.0,80.303,70.92,,,,HIGH_SUITABILITY
4274921,Educational Facility,Thirpak,Thirpak,,,Karnaprayag,CHAMOLI,,,,,UNRESOLVED,UNRESOLVED,5,3,11,9,0,2,225,112.5,112,81.818,100.0,100.0,100.0,100.0,100.0,100.0,100.0,27.273,100.0,76.364,72.36,,,,HIGH_SUITABILITY
9516926,Educational Facility,PIPALKOTI-Town Panchayat,,PIPALKOTI-Town Panchayat,Peepalkoti (NP)- Naurakh Peepalkoti Ward No.1,,CHAMOLI,,,,,UNRESOLVED,UNRESOLVED,2,3,11,11,0,0,275,137.5,138,100.0,100.0,100.0,100.0,0.0,100.0,100.0,100.0,33.333,85.0,83.333,74.42,,,,HIGH_SUITABILITY
8187970,Educational Facility,Panchali,Panchali,,,Gairsain,CHAMOLI,,,,,UNRESOLVED,UNRESOLVED,1,3,5,5,0,0,125,62.5,62,100.0,100.0,100.0,100.0,100.0,100.0,100.0,100.0,15.152,100.0,78.788,70.3,,,,HIGH_SUITABILITY
4376869,Educational Facility,Chamoli Gopeshwar-Municipality,,Chamoli Gopeshwar-Municipality,Chamoli Gopeshwar (MB) -Basant Bihaar Ward No.6,,CHAMOLI,,,,,UNRESOLVED,UNRESOLVED,3,3,17,17,0,0,425,212.5,212,100.0,100.0,100.0,100.0,100.0,100.0,100.0,100.0,51.515,100.0,87.879,83.03,,,,HIGH_SUITABILITY
3895183,Educational Facility,Melbagar,Melbagar,,,Gairsain,CHAMOLI,,,,,UNRESOLVED,UNRESOLVED,10,3,11,11,0,0,275,137.5,138,100.0,0.0,100.0,100.0,100.0,100.0,100.0,40.0,33.333,100.0,68.333,58.67,,,,MEDIUM_SUITABILITY
6016995,Educational Facility,Sartoli,Sartoli,,,Dasholi,CHAMOLI,,,,,UNRESOLVED,UNRESOLVED,1,3,3,2,0,1,50,25.0,25,66.667,100.0,100.0,100.0,100.0,100.0,66.667,100.0,6.061,95.0,63.182,61.04,,,,MEDIUM_SUITABILITY
8006033,Educational Facility,Ghuni,Ghuni,,,Ghat,CHAMOLI,,,,,UNRESOLVED,UNRESOLVED,1,3,2,2,0,0,50,25.0,25,100.0,0.0,100.0,100.0,0.0,100.0,66.667,40.0,6.061,80.0,58.182,44.79,,,,LOW_SUITABILITY
4248227,Educational Facility,Losari,Losari,,,Dewal,CHAMOLI,,,,,UNRESOLVED,UNRESOLVED,7,3,7,4,2,1,100,50.0,50,57.143,0.0,100.0,100.0,100.0,0.0,100.0,40.0,12.121,90.0,50.173,44.6,,,,LOW_SUITABILITY
5216242,Educational Facility,Mathakot,Mathakot,,,Gairsain,CHAMOLI,,,,,UNRESOLVED,UNRESOLVED,4,3,3,3,0,0,75,37.5,38,100.0,100.0,100.0,100.0,100.0,0.0,100.0,100.0,9.091,90.0,77.273,66.68,,,,MEDIUM_SUITABILITY
3048866,Educational Facility,Sahu Gaon Laga Junidhar,Sahu Gaon Laga Junidhar,,,Tharali,CHAMOLI,,,,,UNRESOLVED,UNRESOLVED,4,3,3,3,0,0,75,37.5,38,100.0,0.0,100.0,100.0,100.0,100.0,100.0,40.0,9.091,100.0,62.273,50.18,,,,MEDIUM_SUITABILITY
5261615,Educational Facility,Aind,Aind,,,Karnaprayag,CHAMOLI,,,,,UNRESOLVED,UNRESOLVED,4,3,3,3,0,0,75,37.5,38,100.0,100.0,100.0,100.0,100.0,100.0,100.0,100.0,9.091,100.0,77.273,68.18,,,,MEDIUM_SUITABILITY
3001330,Educational Facility,Narangi,Narangi,,,Ghat,CHAMOLI,,,,,UNRESOLVED,UNRESOLVED,1,3,2,2,0,0,50,25.0,25,100.0,0.0,100.0,100.0,0.0,0.0,100.0,40.0,6.061,75.0,61.515,45.37,,,,LOW_SUITABILITY
6123823,Educational Facility,Ghorsal,Ghorsal,,,Dasholi,CHAMOLI,,,,,UNRESOLVED,UNRESOLVED,1,3,2,2,0,0,50,25.0,25,100.0,100.0,100.0,100.0,100.0,0.0,100.0,100.0,6.061,90.0,76.515,65.62,,,,MEDIUM_SUITABILITY
8793667,Educational Facility,Gochar-Municipality,,Gochar-Municipality,Gochar (NP) -Rawalnagar Talla Ward No.2,,CHAMOLI,,,,,UNRESOLVED,UNRESOLVED,1,3,4,2,1,1,50,25.0,25,50.0,100.0,100.0,100.0,100.0,0.0,100.0,100.0,6.061,90.0,61.515,59.62,,,,MEDIUM_SUITABILITY
9466793,Educational Facility,Joshimath-Municipality,,Joshimath-Municipality,Joshimath (MB) - Uper Bazaar-Daando Ward No.6,,CHAMOLI,,,,,UNRESOLVED,UNRESOLVED,7,3,5,5,0,0,125,62.5,62,100.0,100.0,100.0,100.0,100.0,100.0,100.0,100.0,15.152,100.0,78.788,70.3,,,,HIGH_SUITABILITY
7881446,Educational Facility,Sarkot,Sarkot,,,Gairsain,CHAMOLI,,,,,UNRESOLVED,UNRESOLVED,1,3,4,2,2,0,50,25.0,25,50.0,0.0,100.0,100.0,100.0,0.0,100.0,40.0,6.061,90.0,46.515,41.62,,,,LOW_SUITABILITY
6637024,Educational Facility,Chamoli Gopeshwar-Municipality,,Chamoli Gopeshwar-Municipality,Chamoli Gopeshwar (MB) -Paduli Papdiyana Ward No.9,,CHAMOLI,,,,,UNRESOLVED,UNRESOLVED,2,3,9,9,0,0,225,112.5,112,100.0,100.0,100.0,100.0,100.0,100.0,100.0,100.0,27.273,100.0,81.818,74.55,,,,HIGH_SUITABILITY
2553058,Educational Facility,Gairsain-Town Panchayat,,Gairsain-Town Panchayat,Gairsain (NP) -Gairsain Purvi Bhaag Ward No. 3,,CHAMOLI,,,,,UNRESOLVED,UNRESOLVED,1,3,6,6,0,0,150,75.0,75,100.0,100.0,100.0,100.0,100.0,0.0,100.0,100.0,18.182,90.0,79.545,69.86,,,,MEDIUM_SUITABILITY
6824094,Educational Facility,Nandprayag-Town Panchayat,,Nandprayag-Town Panchayat,Nandprayag (NP) -Muniyaali Ward No.1,,CHAMOLI,,,,,UNRESOLVED,UNRESOLVED,5,3,14,14,0,0,350,175.0,175,100.0,100.0,100.0,100.0,100.0,0.0,100.0,100.0,42.424,90.0,85.606,78.35,,,,HIGH_SUITABILITY
6116666,Educational Facility,Joshimath-Municipality,,Joshimath-Municipality,Joshimath (MB) - Singhdhaar Ward No.4,,CHAMOLI,,,,,UNRESOLVED,UNRESOLVED,3,3,21,21,0,0,525,262.5,262,100.0,100.0,100.0,100.0,0.0,100.0,100.0,100.0,63.636,85.0,90.909,85.02,,,,HIGH_SUITABILITY
9938605,Educational Facility,Bairau,Bairau,,,Ghat,CHAMOLI,,,,,UNRESOLVED,UNRESOLVED,1,3,2,2,0,0,50,25.0,25,100.0,0.0,100.0,100.0,0.0,100.0,100.0,40.0,6.061,85.0,61.515,46.87,,,,LOW_SUITABILITY
7795583,Educational Facility,Ghuni,Ghuni,,,Ghat,CHAMOLI,,,,,UNRESOLVED,UNRESOLVED,1,3,3,3,0,0,75,37.5,38,100.0,0.0,100.0,100.0,0.0,100.0,66.667,40.0,9.091,80.0,58.939,45.85,,,,LOW_SUITABILITY
3956203,Educational Facility,Vaduk,Vaduk,,,Ghat,CHAMOLI,,,,,UNRESOLVED,UNRESOLVED,1,3,2,2,0,0,50,25.0,25,100.0,0.0,100.0,100.0,0.0,100.0,100.0,40.0,6.061,85.0,61.515,46.87,,,,LOW_SUITABILITY
5868048,Educational Facility,Kheta Manvati,Kheta Manvati,,,Dewal,CHAMOLI,,,,,UNRESOLVED,UNRESOLVED,1,3,2,2,0,0,50,25.0,25,100.0,0.0,100.0,100.0,100.0,0.0,100.0,40.0,6.061,90.0,61.515,47.62,,,,LOW_SUITABILITY
6561953,Educational Facility,Kujasu,Kujasu,,,Pokhari,CHAMOLI,,,,,UNRESOLVED,UNRESOLVED,7,3,5,2,3,0,50,25.0,25,40.0,0.0,100.0,100.0,100.0,0.0,100.0,40.0,6.061,90.0,43.515,40.42,,,,LOW_SUITABILITY
7806829,Educational Facility,Kurad,Kurad,,,Tharali,CHAMOLI,,,,,UNRESOLVED,UNRESOLVED,1,3,2,2,0,0,50,25.0,25,100.0,0.0,100.0,100.0,100.0,100.0,66.667,40.0,6.061,95.0,58.182,47.04,,,,LOW_SUITABILITY
3157773,Educational Facility,Dimar,Dimar,,,Karnaprayag,CHAMOLI,,,,,UNRESOLVED,UNRESOLVED,2,3,9,9,0,0,225,112.5,112,100.0,100.0,100.0,100.0,100.0,100.0,100.0,100.0,27.273,100.0,81.818,74.55,,,,HIGH_SUITABILITY
1664430,Educational Facility,Chamoli Gopeshwar-Municipality,,Chamoli Gopeshwar-Municipality,Chamoli Gopeshwar (MB) -Sagar Gangol Gaon Ward No.1,,CHAMOLI,,,,,UNRESOLVED,UNRESOLVED,2,3,10,10,0,0,250,125.0,125,100.0,100.0,100.0,100.0,100.0,100.0,100.0,100.0,30.303,100.0,82.576,75.61,,,,HIGH_SUITABILITY
6704392,Educational Facility,Chaliya Pani,Chaliya Pani,,,Narayanbagar,CHAMOLI,,,,,UNRESOLVED,UNRESOLVED,4,3,3,3,0,0,75,37.5,38,100.0,0.0,100.0,100.0,100.0,0.0,100.0,40.0,9.091,90.0,62.273,48.68,,,,LOW_SUITABILITY
4710764,Educational Facility,Rohira,Rohira,,,Gairsain,CHAMOLI,,,,,UNRESOLVED,UNRESOLVED,4,3,3,3,0,0,75,37.5,38,100.0,100.0,100.0,100.0,100.0,100.0,100.0,100.0,9.091,100.0,77.273,68.18,,,,MEDIUM_SUITABILITY
2177407,Educational Facility,Suna,Suna,,,Tharali,CHAMOLI,,,,,UNRESOLVED,UNRESOLVED,4,3,3,3,0,0,75,37.5,38,100.0,100.0,100.0,100.0,100.0,0.0,100.0,100.0,9.091,90.0,77.273,66.68,,,,MEDIUM_SUITABILITY
3527434,Educational Facility,Gogana Talla,Gogana Talla,,,Gairsain,CHAMOLI,,,,,UNRESOLVED,UNRESOLVED,7,3,6,3,3,0,75,37.5,38,50.0,0.0,100.0,100.0,100.0,0.0,100.0,40.0,9.091,90.0,47.273,42.68,,,,LOW_SUITABILITY
3668612,Educational Facility,Kansuwa,Kansuwa,,,Gairsain,CHAMOLI,,,,,UNRESOLVED,UNRESOLVED,5,3,9,9,0,0,225,112.5,112,100.0,0.0,100.0,100.0,100.0,100.0,66.667,40.0,27.273,95.0,63.485,54.46,,,,MEDIUM_SUITABILITY
4072337,Educational Facility,Chorda,Chorda,,,Gairsain,CHAMOLI,,,,,UNRESOLVED,UNRESOLVED,1,3,3,2,1,0,50,25.0,25,66.667,100.0,100.0,100.0,100.0,0.0,100.0,100.0,6.061,90.0,66.515,61.62,,,,MEDIUM_SUITABILITY
7210665,Educational Facility,Sugi,Sugi,,,Pokhari,CHAMOLI,,,,,UNRESOLVED,UNRESOLVED,1,3,3,3,0,0,75,37.5,38,100.0,100.0,100.0,100.0,0.0,0.0,100.0,100.0,9.091,75.0,77.273,64.43,,,,MEDIUM_SUITABILITY
3266720,Educational Facility,Vaan,Vaan,,,Dewal,CHAMOLI,,,,,UNRESOLVED,UNRESOLVED,1,3,3,3,0,0,75,37.5,38,100.0,0.0,100.0,100.0,100.0,0.0,100.0,40.0,9.091,90.0,62.273,48.68,,,,LOW_SUITABILITY
9350703,Educational Facility,Sugi,Sugi,,,Pokhari,CHAMOLI,,,,,UNRESOLVED,UNRESOLVED,1,3,2,2,0,0,50,25.0,25,100.0,100.0,100.0,100.0,100.0,100.0,100.0,100.0,6.061,100.0,76.515,67.12,,,,MEDIUM_SUITABILITY
4674017,Educational Facility,Bachher,Bachher,,,Dasholi,CHAMOLI,,,,,UNRESOLVED,UNRESOLVED,1,3,2,2,0,0,50,25.0,25,100.0,100.0,100.0,100.0,0.0,100.0,100.0,100.0,6.061,85.0,76.515,64.87,,,,MEDIUM_SUITABILITY
5333490,Educational Facility,Gairsain-Town Panchayat,,Gairsain-Town Panchayat,Gairsain (NP) -Koliyana Ward No. 5,,CHAMOLI,,,,,UNRESOLVED,UNRESOLVED,7,3,8,8,0,0,200,100.0,100,100.0,100.0,100.0,100.0,100.0,0.0,100.0,100.0,24.242,90.0,81.061,71.98,,,,HIGH_SUITABILITY
4603236,Educational Facility,Kulsari,Kulsari,,,Tharali,CHAMOLI,,,,,UNRESOLVED,UNRESOLVED,5,3,13,8,5,0,200,100.0,100,61.538,100.0,100.0,100.0,100.0,0.0,100.0,100.0,24.242,90.0,69.522,67.37,,,,MEDIUM_SUITABILITY
2344092,Educational Facility,Bina,Bina,,,Gairsain,CHAMOLI,,,,,UNRESOLVED,UNRESOLVED,1,3,4,3,1,0,75,37.5,38,75.0,0.0,100.0,100.0,100.0,100.0,100.0,40.0,9.091,100.0,54.773,47.18,,,,LOW_SUITABILITY
6101635,Educational Facility,Sawad,Sawad,,,Dewal,CHAMOLI,,,,,UNRESOLVED,UNRESOLVED,5,3,6,4,0,2,100,50.0,50,66.667,0.0,100.0,100.0,100.0,0.0,100.0,40.0,12.121,90.0,53.03,45.74,,,,LOW_SUITABILITY
1269696,Educational Facility,Pakhi,Pakhi,,,Joshimath,CHAMOLI,SETTLEMENT_40845,Pakhi,30.4656853,79.4513854,MEDIUM,VILLAGE_NAME,7,3,6,4,1,1,100,50.0,50,66.667,100.0,100.0,100.0,100.0,0.0,100.0,100.0,12.121,90.0,68.03,63.74,SETTLEMENT_40845,Pakhi,0.0,MEDIUM_SUITABILITY
1081208,Educational Facility,Khet,Khet,,,Gairsain,CHAMOLI,,,,,UNRESOLVED,UNRESOLVED,7,3,5,2,0,3,50,25.0,25,40.0,100.0,100.0,100.0,100.0,0.0,100.0,100.0,6.061,90.0,58.515,58.42,,,,MEDIUM_SUITABILITY
4359757,Educational Facility,Harmani,Harmani,,,Dasholi,CHAMOLI,,,,,UNRESOLVED,UNRESOLVED,4,3,3,3,0,0,75,37.5,38,100.0,100.0,100.0,100.0,100.0,100.0,100.0,100.0,9.091,100.0,77.273,68.18,,,,MEDIUM_SUITABILITY
9943603,Educational Facility,Uttaraun,Uttaraun,,,Pokhari,CHAMOLI,,,,,UNRESOLVED,UNRESOLVED,1,3,2,2,0,0,50,25.0,25,100.0,0.0,100.0,100.0,100.0,0.0,100.0,40.0,6.061,90.0,61.515,47.62,,,,LOW_SUITABILITY
1542986,Educational Facility,Dungra,Dungra,,,Joshimath,CHAMOLI,,,,,UNRESOLVED,UNRESOLVED,10,3,6,6,0,0,150,75.0,75,100.0,100.0,100.0,100.0,100.0,100.0,100.0,100.0,18.182,100.0,79.545,71.36,,,,HIGH_SUITABILITY
3928664,Educational Facility,Jaurasi,Jaurasi,,,Pokhari,CHAMOLI,,,,,UNRESOLVED,UNRESOLVED,4,3,2,2,0,0,50,25.0,25,100.0,0.0,100.0,100.0,0.0,0.0,100.0,40.0,6.061,75.0,61.515,45.37,,,,LOW_SUITABILITY
1294104,Educational Facility,Joshimath-Municipality,,Joshimath-Municipality,Joshimath (MB) - Singhdhaar Ward No.4,,CHAMOLI,,,,,UNRESOLVED,UNRESOLVED,1,3,6,6,0,0,150,75.0,75,100.0,100.0,100.0,100.0,0.0,100.0,100.0,100.0,18.182,85.0,79.545,69.11,,,,MEDIUM_SUITABILITY
6002698,Educational Facility,Meeng,Meeng,,,Narayanbagar,CHAMOLI,,,,,UNRESOLVED,UNRESOLVED,7,3,5,5,0,0,125,62.5,62,100.0,100.0,100.0,100.0,100.0,0.0,66.667,100.0,15.152,85.0,75.455,66.72,,,,MEDIUM_SUITABILITY
3242467,Educational Facility,Kankhul Malla,Kankhul Malla,,,Karnaprayag,CHAMOLI,,,,,UNRESOLVED,UNRESOLVED,1,3,2,2,0,0,50,25.0,25,100.0,0.0,100.0,100.0,0.0,0.0,100.0,40.0,6.061,75.0,61.515,45.37,,,,LOW_SUITABILITY
1957630,Educational Facility,Pandukaswar,Pandukaswar,,,Joshimath,CHAMOLI,SETTLEMENT_40813,Pandukaswar,30.633418,79.548607,MEDIUM,VILLAGE_NAME,1,3,2,2,0,0,50,25.0,25,100.0,100.0,100.0,100.0,0.0,100.0,66.667,100.0,6.061,80.0,73.182,62.79,SETTLEMENT_40813,Pandukaswar,0.0,MEDIUM_SUITABILITY
5030756,Educational Facility,Kurad,Kurad,,,Tharali,CHAMOLI,,,,,UNRESOLVED,UNRESOLVED,1,3,2,2,0,0,50,25.0,25,100.0,0.0,100.0,100.0,100.0,0.0,100.0,40.0,6.061,90.0,61.515,47.62,,,,LOW_SUITABILITY
3207494,Educational Facility,Ratura,Ratura,,,Karnaprayag,CHAMOLI,,,,,UNRESOLVED,UNRESOLVED,1,3,2,2,0,0,50,25.0,25,100.0,100.0,100.0,100.0,100.0,0.0,100.0,100.0,6.061,90.0,76.515,65.62,,,,MEDIUM_SUITABILITY
6142185,Educational Facility,Gochar-Municipality,,Gochar-Municipality,"Gochar (NP) -Panaai Talli, Palsaari Ward No.4",,CHAMOLI,,,,,UNRESOLVED,UNRESOLVED,1,3,4,4,0,0,100,50.0,50,100.0,100.0,100.0,100.0,0.0,100.0,100.0,100.0,12.121,85.0,78.03,66.99,,,,MEDIUM_SUITABILITY
5643069,Educational Facility,Bina,Bina,,,Gairsain,CHAMOLI,,,,,UNRESOLVED,UNRESOLVED,2,3,8,8,0,0,200,100.0,100,100.0,100.0,100.0,100.0,100.0,0.0,66.667,100.0,24.242,85.0,77.727,69.9,,,,MEDIUM_SUITABILITY
4754230,Educational Facility,Beena,Beena,,,Dhauladevi,CHAMOLI,,,,,UNRESOLVED,UNRESOLVED,1,3,2,2,0,0,50,25.0,25,100.0,0.0,100.0,100.0,100.0,0.0,100.0,40.0,6.061,90.0,61.515,47.62,,,,LOW_SUITABILITY
5014435,Educational Facility,Tharali-Town Panchayat,,Tharali-Town Panchayat,Tharali (NP) - Tharali Gaon Ward No. 4,,CHAMOLI,,,,,UNRESOLVED,UNRESOLVED,4,3,3,3,0,0,75,37.5,38,100.0,100.0,100.0,100.0,0.0,100.0,66.667,100.0,9.091,80.0,73.939,63.85,,,,MEDIUM_SUITABILITY
3928543,Educational Facility,PIPALKOTI-Town Panchayat,,PIPALKOTI-Town Panchayat,Peepalkoti (NP)- Naurakh Peepalkoti Ward No.1,,CHAMOLI,,,,,UNRESOLVED,UNRESOLVED,5,3,14,14,0,0,350,175.0,175,100.0,100.0,100.0,100.0,100.0,0.0,100.0,100.0,42.424,90.0,85.606,78.35,,,,HIGH_SUITABILITY
6689838,Educational Facility,Melkhet,Melkhet,,,Dewal,CHAMOLI,,,,,UNRESOLVED,UNRESOLVED,5,3,9,5,2,2,125,62.5,62,55.556,0.0,100.0,100.0,100.0,0.0,100.0,40.0,15.152,90.0,50.455,45.47,,,,LOW_SUITABILITY
3251576,Educational Facility,Saikot,Saikot,,,Dasholi,CHAMOLI,,,,,UNRESOLVED,UNRESOLVED,5,3,9,7,1,1,175,87.5,88,77.778,100.0,100.0,100.0,100.0,0.0,100.0,100.0,21.212,90.0,73.636,68.26,,,,MEDIUM_SUITABILITY
1098336,Educational Facility,Ghes,Ghes,,,Dewal,CHAMOLI,,,,,UNRESOLVED,UNRESOLVED,5,3,4,2,0,2,50,25.0,25,50.0,100.0,100.0,100.0,100.0,0.0,100.0,100.0,6.061,90.0,61.515,59.62,,,,MEDIUM_SUITABILITY
5590055,Educational Facility,Maikholi,Maikholi,,,Gairsain,CHAMOLI,,,,,UNRESOLVED,UNRESOLVED,7,3,5,2,0,3,50,25.0,25,40.0,100.0,100.0,100.0,0.0,0.0,100.0,100.0,6.061,75.0,58.515,56.17,,,,MEDIUM_SUITABILITY
2765006,Educational Facility,Kimoda,Kimoda,,,Pokhari,CHAMOLI,,,,,UNRESOLVED,UNRESOLVED,5,3,4,2,0,2,50,25.0,25,50.0,0.0,100.0,0.0,100.0,0.0,100.0,20.0,6.061,60.0,36.515,29.12,,,,LOW_SUITABILITY
2771212,Educational Facility,Ringi,Ringi,,,Joshimath,CHAMOLI,SETTLEMENT_40886,Ringi,30.4780383,79.618965,MEDIUM,VILLAGE_NAME,4,3,3,3,0,0,75,37.5,38,100.0,0.0,100.0,100.0,100.0,100.0,100.0,40.0,9.091,100.0,62.273,50.18,SETTLEMENT_40886,Ringi,0.0,MEDIUM_SUITABILITY
3410544,Educational Facility,Raigaon,Raigaon,,,Narayanbagar,CHAMOLI,,,,,UNRESOLVED,UNRESOLVED,1,3,2,2,0,0,50,25.0,25,100.0,100.0,100.0,100.0,100.0,0.0,66.667,100.0,6.061,85.0,73.182,63.54,,,,MEDIUM_SUITABILITY
2862818,Educational Facility,Simkholi,Simkholi,,,Pokhari,CHAMOLI,,,,,UNRESOLVED,UNRESOLVED,1,3,3,3,0,0,75,37.5,38,100.0,0.0,100.0,100.0,100.0,0.0,100.0,40.0,9.091,90.0,62.273,48.68,,,,LOW_SUITABILITY
3041770,Educational Facility,Bhatiyana,Bhatiyana,,,Tharali,CHAMOLI,,,,,UNRESOLVED,UNRESOLVED,1,3,2,2,0,0,50,25.0,25,100.0,0.0,100.0,100.0,100.0,100.0,100.0,40.0,6.061,100.0,61.515,49.12,,,,LOW_SUITABILITY
3409343,Educational Facility,Karnaprayag-Municipality,,Karnaprayag-Municipality,Karnaprayag (NP) - Uper Bazaar Ward No.7,,CHAMOLI,,,,,UNRESOLVED,UNRESOLVED,1,3,2,2,0,0,50,25.0,25,100.0,100.0,100.0,100.0,100.0,100.0,100.0,100.0,6.061,100.0,76.515,67.12,,,,MEDIUM_SUITABILITY
1999473,Educational Facility,Kimoli,Kimoli,,,Narayanbagar,CHAMOLI,,,,,UNRESOLVED,UNRESOLVED,1,3,3,2,0,1,50,25.0,25,66.667,0.0,100.0,100.0,100.0,0.0,100.0,40.0,6.061,90.0,51.515,43.62,,,,LOW_SUITABILITY
1566265,Educational Facility,Ruisan,Ruisan,,,Tharali,CHAMOLI,,,,,UNRESOLVED,UNRESOLVED,1,3,2,2,0,0,50,25.0,25,100.0,0.0,100.0,100.0,0.0,0.0,66.667,40.0,6.061,70.0,58.182,43.29,,,,LOW_SUITABILITY
6818519,Educational Facility,Joshimath-Municipality,,Joshimath-Municipality,Joshimath (MB) - Gaandhinagar Ward No.1,,CHAMOLI,,,,,UNRESOLVED,UNRESOLVED,1,3,3,3,0,0,75,37.5,38,100.0,100.0,100.0,100.0,100.0,100.0,66.667,100.0,9.091,95.0,73.939,66.1,,,,MEDIUM_SUITABILITY
1274404,Educational Facility,Kandai,Kandai,,,Ghat,CHAMOLI,,,,,UNRESOLVED,UNRESOLVED,1,3,6,6,0,0,150,75.0,75,100.0,100.0,100.0,100.0,100.0,100.0,100.0,100.0,18.182,100.0,79.545,71.36,,,,HIGH_SUITABILITY
5947348,Educational Facility,POKHRI-Town Panchayat,,POKHRI-Town Panchayat,Pokhri (NP) -Vinayakdhaar Ward No. 3,,CHAMOLI,,,,,UNRESOLVED,UNRESOLVED,5,3,11,11,0,0,275,137.5,138,100.0,0.0,100.0,100.0,100.0,100.0,100.0,40.0,33.333,100.0,68.333,58.67,,,,MEDIUM_SUITABILITY
6480007,Educational Facility,POKHRI-Town Panchayat,,POKHRI-Town Panchayat,Pokhri (NP) -Guniyala Ward No. 4,,CHAMOLI,,,,,UNRESOLVED,UNRESOLVED,1,3,10,10,0,0,250,125.0,125,100.0,100.0,100.0,100.0,100.0,100.0,100.0,100.0,30.303,100.0,82.576,75.61,,,,HIGH_SUITABILITY
8544400,Educational Facility,Nauti,Nauti,,,Karnaprayag,CHAMOLI,,,,,UNRESOLVED,UNRESOLVED,2,3,8,8,0,0,200,100.0,100,100.0,100.0,100.0,100.0,100.0,0.0,100.0,100.0,24.242,90.0,81.061,71.98,,,,HIGH_SUITABILITY
1841916,Educational Facility,Matiyala Laga Kirsal,Matiyala Laga Kirsal,,,Gairsain,CHAMOLI,,,,,UNRESOLVED,UNRESOLVED,4,3,3,3,0,0,75,37.5,38,100.0,0.0,100.0,100.0,100.0,100.0,100.0,40.0,9.091,100.0,62.273,50.18,,,,MEDIUM_SUITABILITY
5435935,Educational Facility,Randoli,Randoli,,,Gairsain,CHAMOLI,,,,,UNRESOLVED,UNRESOLVED,4,3,3,3,0,0,75,37.5,38,100.0,100.0,100.0,100.0,100.0,0.0,100.0,100.0,9.091,90.0,77.273,66.68,,,,MEDIUM_SUITABILITY
4571575,Educational Facility,Uttaraun,Uttaraun,,,Karnaprayag,CHAMOLI,,,,,UNRESOLVED,UNRESOLVED,5,3,9,7,0,2,175,87.5,88,77.778,100.0,100.0,100.0,100.0,0.0,100.0,100.0,21.212,90.0,73.636,68.26,,,,MEDIUM_SUITABILITY
6081954,Educational Facility,Jakh,Jakh,,,Karnaprayag,CHAMOLI,,,,,UNRESOLVED,UNRESOLVED,5,3,12,7,2,3,175,87.5,88,58.333,0.0,100.0,100.0,0.0,0.0,100.0,40.0,21.212,75.0,52.803,45.67,,,,LOW_SUITABILITY
2665309,Educational Facility,Birsansera,Birsansera,,,Pokhari,CHAMOLI,,,,,UNRESOLVED,UNRESOLVED,7,3,5,2,2,1,50,25.0,25,40.0,0.0,100.0,100.0,0.0,0.0,100.0,40.0,6.061,75.0,43.515,38.17,,,,LOW_SUITABILITY
1032195,Educational Facility,Kushrani Malli,Kushrani Malli,,,Gairsain,CHAMOLI,,,,,UNRESOLVED,UNRESOLVED,1,3,2,2,0,0,50,25.0,25,100.0,0.0,100.0,100.0,0.0,0.0,100.0,40.0,6.061,75.0,61.515,45.37,,,,LOW_SUITABILITY
1944047,Educational Facility,Ala Chak Bura,Ala Chak Bura,,,Ghat,CHAMOLI,,,,,UNRESOLVED,UNRESOLVED,1,3,2,2,0,0,50,25.0,25,100.0,0.0,100.0,100.0,0.0,0.0,100.0,40.0,6.061,75.0,61.515,45.37,,,,LOW_SUITABILITY
9402479,Educational Facility,Syalkot,Syalkot,,,Gairsain,CHAMOLI,,,,,UNRESOLVED,UNRESOLVED,1,3,2,2,0,0,50,25.0,25,100.0,100.0,100.0,100.0,0.0,0.0,100.0,100.0,6.061,75.0,76.515,63.37,,,,MEDIUM_SUITABILITY
2392691,Educational Facility,Dewali Laga Chhenkuda,Dewali Laga Chhenkuda,,,Narayanbagar,CHAMOLI,,,,,UNRESOLVED,UNRESOLVED,1,3,2,2,0,0,50,25.0,25,100.0,0.0,100.0,100.0,100.0,0.0,100.0,40.0,6.061,90.0,61.515,47.62,,,,LOW_SUITABILITY
7713114,Educational Facility,Dang Dhar,Dang Dhar,,,Pokhari,CHAMOLI,,,,,UNRESOLVED,UNRESOLVED,1,3,2,2,0,0,50,25.0,25,100.0,0.0,100.0,100.0,0.0,0.0,100.0,40.0,6.061,75.0,61.515,45.37,,,,LOW_SUITABILITY
6061799,Educational Facility,Sarkot,Sarkot,,,Dewal,CHAMOLI,,,,,UNRESOLVED,UNRESOLVED,1,3,2,2,0,0,50,25.0,25,100.0,0.0,100.0,100.0,100.0,0.0,100.0,40.0,6.061,90.0,61.515,47.62,,,,LOW_SUITABILITY
4191050,Educational Facility,Sunali,Sunali,,,Karnaprayag,CHAMOLI,,,,,UNRESOLVED,UNRESOLVED,1,3,3,3,0,0,75,37.5,38,100.0,100.0,0.0,100.0,100.0,0.0,100.0,80.0,9.091,60.0,67.273,54.18,,,,MEDIUM_SUITABILITY
9732052,Educational Facility,Dewal,Dewal,,,Karnaprayag,CHAMOLI,,,,,UNRESOLVED,UNRESOLVED,1,3,2,2,0,0,50,25.0,25,100.0,100.0,100.0,100.0,0.0,0.0,100.0,100.0,6.061,75.0,76.515,63.37,,,,MEDIUM_SUITABILITY
8000013,Educational Facility,Syari Lagga Bangali,Syari Lagga Bangali,,,Ghat,CHAMOLI,,,,,UNRESOLVED,UNRESOLVED,1,3,2,2,0,0,50,25.0,25,100.0,0.0,100.0,100.0,100.0,0.0,100.0,40.0,6.061,90.0,61.515,47.62,,,,LOW_SUITABILITY
4548238,Educational Facility,Maithana,Maithana,,,Dasholi,CHAMOLI,,,,,UNRESOLVED,UNRESOLVED,1,3,2,2,0,0,50,25.0,25,100.0,100.0,100.0,100.0,0.0,100.0,100.0,100.0,6.061,85.0,76.515,64.87,,,,MEDIUM_SUITABILITY
4010873,Educational Facility,Bhalason Urf Jhurkande,Bhalason Urf Jhurkande,,,Gairsain,CHAMOLI,,,,,UNRESOLVED,UNRESOLVED,1,3,2,2,0,0,50,25.0,25,100.0,100.0,100.0,100.0,0.0,0.0,100.0,100.0,6.061,75.0,76.515,63.37,,,,MEDIUM_SUITABILITY
3903328,Educational Facility,Chamoli Gopeshwar-Municipality,,Chamoli Gopeshwar-Municipality,Chamoli Gopeshwar (MB) -Paduli Papdiyana Ward No.9,,CHAMOLI,,,,,UNRESOLVED,UNRESOLVED,1,3,2,2,0,0,50,25.0,25,100.0,100.0,100.0,100.0,100.0,0.0,100.0,100.0,6.061,90.0,76.515,65.62,,,,MEDIUM_SUITABILITY
8693316,Educational Facility,Gwaldam State,Gwaldam State,,,Tharali,CHAMOLI,,,,,UNRESOLVED,UNRESOLVED,1,3,2,2,0,0,50,25.0,25,100.0,0.0,100.0,100.0,0.0,0.0,66.667,40.0,6.061,70.0,58.182,43.29,,,,LOW_SUITABILITY
3706841,Educational Facility,Kunakhet,Kunakhet,,,Gairsain,CHAMOLI,,,,,UNRESOLVED,UNRESOLVED,1,3,2,2,0,0,50,25.0,25,100.0,100.0,100.0,100.0,100.0,0.0,100.0,100.0,6.061,90.0,76.515,65.62,,,,MEDIUM_SUITABILITY
6019751,Educational Facility,Bunga,Bunga,,,Gairsain,CHAMOLI,,,,,UNRESOLVED,UNRESOLVED,1,3,3,2,1,0,50,25.0,25,66.667,100.0,100.0,100.0,100.0,0.0,100.0,100.0,6.061,90.0,66.515,61.62,,,,MEDIUM_SUITABILITY
1065317,Educational Facility,Chamoli Gopeshwar-Municipality,,Chamoli Gopeshwar-Municipality,Chamoli Gopeshwar (MB) -Kund Colony Ward No.3,,CHAMOLI,,,,,UNRESOLVED,UNRESOLVED,1,3,7,7,0,0,175,87.5,88,100.0,100.0,100.0,100.0,100.0,100.0,100.0,100.0,21.212,100.0,80.303,72.42,,,,HIGH_SUITABILITY
1328638,Educational Facility,Kei Painti,Kei Painti,,,Narayanbagar,CHAMOLI,,,,,UNRESOLVED,UNRESOLVED,8,3,9,7,2,0,175,87.5,88,77.778,0.0,100.0,100.0,100.0,0.0,100.0,40.0,21.212,90.0,58.636,50.26,,,,MEDIUM_SUITABILITY
7777595,Educational Facility,Ratgaon Chak,Ratgaon Chak,,,Tharali,CHAMOLI,,,,,UNRESOLVED,UNRESOLVED,4,3,3,3,0,0,75,37.5,38,100.0,100.0,100.0,100.0,100.0,100.0,100.0,100.0,9.091,100.0,77.273,68.18,,,,MEDIUM_SUITABILITY
4358574,Educational Facility,Kushrani Talli,Kushrani Talli,,,Gairsain,CHAMOLI,,,,,UNRESOLVED,UNRESOLVED,2,3,11,11,0,0,275,137.5,138,100.0,0.0,100.0,100.0,100.0,100.0,100.0,40.0,33.333,100.0,68.333,58.67,,,,MEDIUM_SUITABILITY
2100955,Educational Facility,Moling Chak Dhurma,Moling Chak Dhurma,,,Ghat,CHAMOLI,,,,,UNRESOLVED,UNRESOLVED,5,3,9,6,3,0,150,75.0,75,66.667,0.0,100.0,100.0,100.0,0.0,66.667,40.0,18.182,85.0,51.212,45.78,,,,LOW_SUITABILITY
4241182,Educational Facility,Sawad,Sawad,,,Dewal,CHAMOLI,,,,,UNRESOLVED,UNRESOLVED,1,3,2,2,0,0,50,25.0,25,100.0,100.0,100.0,100.0,100.0,0.0,100.0,100.0,6.061,90.0,76.515,65.62,,,,MEDIUM_SUITABILITY
5368291,Educational Facility,Siri,Siri,,,Karnaprayag,CHAMOLI,,,,,UNRESOLVED,UNRESOLVED,1,3,2,2,0,0,50,25.0,25,100.0,0.0,100.0,100.0,0.0,0.0,100.0,40.0,6.061,75.0,61.515,45.37,,,,LOW_SUITABILITY
6156417,Educational Facility,Sailang,Sailang,,,Joshimath,CHAMOLI,SETTLEMENT_40824,Sailang,30.539261,79.528345,MEDIUM,VILLAGE_NAME,1,3,2,2,0,0,50,25.0,25,100.0,0.0,100.0,100.0,100.0,100.0,100.0,40.0,6.061,100.0,61.515,49.12,SETTLEMENT_40824,Sailang,0.0,LOW_SUITABILITY
9019297,Educational Facility,Saij,Saij,,,Karnaprayag,CHAMOLI,,,,,UNRESOLVED,UNRESOLVED,1,3,2,2,0,0,50,25.0,25,100.0,0.0,100.0,100.0,0.0,100.0,100.0,40.0,6.061,85.0,61.515,46.87,,,,LOW_SUITABILITY
9182131,Educational Facility,Kandai,Kandai,,,Pokhari,CHAMOLI,,,,,UNRESOLVED,UNRESOLVED,1,3,3,3,0,0,75,37.5,38,100.0,0.0,100.0,100.0,100.0,0.0,100.0,40.0,9.091,90.0,62.273,48.68,,,,LOW_SUITABILITY
9523556,Educational Facility,Sinau Palla,Sinau Palla,,,Pokhari,CHAMOLI,,,,,UNRESOLVED,UNRESOLVED,1,3,2,2,0,0,50,25.0,25,100.0,0.0,100.0,100.0,100.0,100.0,100.0,40.0,6.061,100.0,61.515,49.12,,,,LOW_SUITABILITY
9408040,Educational Facility,Gauhana,Gauhana,,,Dasholi,CHAMOLI,,,,,UNRESOLVED,UNRESOLVED,1,3,5,5,0,0,125,62.5,62,100.0,0.0,100.0,100.0,100.0,100.0,100.0,40.0,15.152,100.0,63.788,52.3,,,,MEDIUM_SUITABILITY
5948665,Educational Facility,Padairgaon,Padairgaon,,,Ghat,CHAMOLI,,,,,UNRESOLVED,UNRESOLVED,1,3,2,2,0,0,50,25.0,25,100.0,0.0,100.0,100.0,100.0,100.0,66.667,40.0,6.061,95.0,58.182,47.04,,,,LOW_SUITABILITY
1163274,Educational Facility,Pagnau,Pagnau,,,Joshimath,CHAMOLI,SETTLEMENT_40849,Pagnau,30.4945351,79.4962988,MEDIUM,VILLAGE_NAME,1,3,2,2,0,0,50,25.0,25,100.0,0.0,100.0,100.0,100.0,100.0,66.667,40.0,6.061,95.0,58.182,47.04,SETTLEMENT_40849,Pagnau,0.0,LOW_SUITABILITY
2094465,Educational Facility,Khunana,Khunana,,,Ghat,CHAMOLI,,,,,UNRESOLVED,UNRESOLVED,1,3,4,4,0,0,100,50.0,50,100.0,100.0,100.0,100.0,0.0,0.0,100.0,100.0,12.121,75.0,78.03,65.49,,,,MEDIUM_SUITABILITY
3432159,Educational Facility,Banswara,Banswara,,,Ghat,CHAMOLI,,,,,UNRESOLVED,UNRESOLVED,10,3,9,9,0,0,225,112.5,112,100.0,100.0,100.0,100.0,100.0,0.0,100.0,100.0,27.273,90.0,81.818,73.05,,,,HIGH_SUITABILITY
5327638,Educational Facility,Bhandari Khor,Bhandari Khor,,,Gairsain,CHAMOLI,,,,,UNRESOLVED,UNRESOLVED,2,3,6,6,0,0,150,75.0,75,100.0,100.0,100.0,100.0,100.0,100.0,100.0,100.0,18.182,100.0,79.545,71.36,,,,HIGH_SUITABILITY
5443985,Educational Facility,Paini,Paini,,,Joshimath,CHAMOLI,SETTLEMENT_40823,Paini,30.528091,79.521383,MEDIUM,VILLAGE_NAME,7,3,3,2,0,1,50,25.0,25,66.667,100.0,100.0,100.0,100.0,0.0,100.0,100.0,6.061,90.0,66.515,61.62,SETTLEMENT_40823,Paini,0.0,MEDIUM_SUITABILITY
3144528,Educational Facility,Masauli,Masauli,,,Pokhari,CHAMOLI,,,,,UNRESOLVED,UNRESOLVED,7,3,5,2,0,3,50,25.0,25,40.0,0.0,100.0,100.0,100.0,0.0,100.0,40.0,6.061,90.0,43.515,40.42,,,,LOW_SUITABILITY
5994124,Educational Facility,Nauli,Nauli,,,Pokhari,CHAMOLI,,,,,UNRESOLVED,UNRESOLVED,4,3,3,3,0,0,75,37.5,38,100.0,0.0,100.0,100.0,100.0,0.0,100.0,40.0,9.091,90.0,62.273,48.68,,,,LOW_SUITABILITY
1374922,Educational Facility,Banoli,Banoli,,,Dwarahat,CHAMOLI,,,,,UNRESOLVED,UNRESOLVED,4,3,3,3,0,0,75,37.5,38,100.0,0.0,100.0,100.0,0.0,0.0,100.0,40.0,9.091,75.0,62.273,46.43,,,,LOW_SUITABILITY
5998765,Educational Facility,Jakhola,Jakhola,,,Joshimath,CHAMOLI,SETTLEMENT_40833,Jakhola,30.507425,79.460068,MEDIUM,VILLAGE_NAME,5,3,7,3,1,3,75,37.5,38,42.857,0.0,100.0,100.0,100.0,0.0,100.0,40.0,9.091,90.0,45.13,41.82,SETTLEMENT_40833,Jakhola,0.0,LOW_SUITABILITY
8496292,Educational Facility,Pagnau,Pagnau,,,Joshimath,CHAMOLI,SETTLEMENT_40849,Pagnau,30.4945351,79.4962988,MEDIUM,VILLAGE_NAME,4,3,3,3,0,0,75,37.5,38,100.0,0.0,100.0,100.0,100.0,0.0,100.0,40.0,9.091,90.0,62.273,48.68,SETTLEMENT_40849,Pagnau,0.0,LOW_SUITABILITY
8835224,Educational Facility,Kwithi,Kwithi,,,Pokhari,CHAMOLI,,,,,UNRESOLVED,UNRESOLVED,7,3,7,7,0,0,175,87.5,88,100.0,0.0,100.0,100.0,100.0,0.0,100.0,40.0,21.212,90.0,65.303,52.92,,,,MEDIUM_SUITABILITY
3834809,Educational Facility,Hari Nagar Urf Laital,Hari Nagar Urf Laital,,,Tharali,CHAMOLI,,,,,UNRESOLVED,UNRESOLVED,1,3,2,2,0,0,50,25.0,25,100.0,0.0,100.0,100.0,100.0,100.0,66.667,40.0,6.061,95.0,58.182,47.04,,,,LOW_SUITABILITY
1758479,Educational Facility,Pajyana Malla,Pajyana Malla,,,Gairsain,CHAMOLI,,,,,UNRESOLVED,UNRESOLVED,1,3,4,4,0,0,100,50.0,50,100.0,0.0,100.0,100.0,100.0,0.0,100.0,40.0,12.121,90.0,63.03,49.74,,,,LOW_SUITABILITY
1129430,Educational Facility,Ased,Ased,,,Narayanbagar,CHAMOLI,,,,,UNRESOLVED,UNRESOLVED,5,3,13,9,0,4,225,112.5,112,69.231,0.0,100.0,100.0,100.0,0.0,100.0,40.0,27.273,90.0,57.587,51.35,,,,MEDIUM_SUITABILITY
9509485,Educational Facility,Sugar,Sugar,,,Gairsain,CHAMOLI,,,,,UNRESOLVED,UNRESOLVED,1,3,3,2,1,0,50,25.0,25,66.667,100.0,100.0,100.0,100.0,0.0,100.0,100.0,6.061,90.0,66.515,61.62,,,,MEDIUM_SUITABILITY
5957597,Educational Facility,Kandwal Gaon,Kandwal Gaon,,,Narayanbagar,CHAMOLI,,,,,UNRESOLVED,UNRESOLVED,1,3,2,2,0,0,50,25.0,25,100.0,0.0,100.0,100.0,100.0,0.0,100.0,40.0,6.061,90.0,61.515,47.62,,,,LOW_SUITABILITY
8603308,Educational Facility,Chamoli Gopeshwar-Municipality,,Chamoli Gopeshwar-Municipality,Chamoli Gopeshwar (MB) -Chamoli Chetrapaal Ward No.11,,CHAMOLI,,,,,UNRESOLVED,UNRESOLVED,2,3,6,6,0,0,150,75.0,75,100.0,100.0,100.0,100.0,100.0,100.0,100.0,100.0,18.182,100.0,79.545,71.36,,,,HIGH_SUITABILITY
3073542,Educational Facility,Chamoli Gopeshwar-Municipality,,Chamoli Gopeshwar-Municipality,Chamoli Gopeshwar (MB) -Lower Bazaar Ward No.5,,CHAMOLI,,,,,UNRESOLVED,UNRESOLVED,4,3,4,4,0,0,100,50.0,50,100.0,100.0,100.0,100.0,0.0,100.0,100.0,100.0,12.121,85.0,78.03,66.99,,,,MEDIUM_SUITABILITY
9784401,Educational Facility,Jilasu,Jilasu,,,Pokhari,CHAMOLI,,,,,UNRESOLVED,UNRESOLVED,2,3,8,8,0,0,200,100.0,100,100.0,100.0,100.0,100.0,100.0,0.0,100.0,100.0,24.242,90.0,81.061,71.98,,,,HIGH_SUITABILITY
4176349,Educational Facility,Gairsain-Town Panchayat,,Gairsain-Town Panchayat,Gairsain (NP) -Koliyana Ward No. 5,,CHAMOLI,,,,,UNRESOLVED,UNRESOLVED,3,3,18,18,0,0,450,225.0,225,100.0,100.0,100.0,100.0,100.0,100.0,100.0,100.0,54.545,100.0,88.636,84.09,,,,HIGH_SUITABILITY
