Data Acquisition Time,_id,SlNo,Station,Agency,State LGD Code,State,District LGD Code,District,Tehsil,Block,Village,River,Basin,Tributary,Subtributary,SubSubtributary,Local River,Latitude,Longitude,Telemetry Hourly Rainfall (mm),rainfall_mm_1h,rainfall_mm_6h,rainfall_mm_24h,antecedent_rainfall_mm_15d,predicted_rainfall_6h,rainfall_mm_6h_q75,rainfall_mm_6h_q90,rainfall_mm_6h_q95,rainfall_mm_24h_q75,rainfall_mm_24h_q90,rainfall_mm_24h_q95,antecedent_rainfall_mm_15d_q75,antecedent_rainfall_mm_15d_q90,antecedent_rainfall_mm_15d_q95,rainfall_score_1h,rainfall_score_6h,rainfall_score_24h,rainfall_score_15d,rainfall_score_forecast_6h,rainfall_risk_score,rainfall_risk_status,rainfall_risk_category,extreme_rainfall_flag,rainfall_alert_status
2026-06-21 15:00:00,2368,2368,Gairsain (Ramganga),Uttarakhand,5,Uttarakhand,47,Chamoli,-,-,-,-,-,-,-,-,-,30.045,79.2855,3.0,3.0,,,,,27.75,45.95,47.0,,,,283.25,313.55,321.525,10.0,,,,,,PARTIAL,PARTIAL,False,NORMAL
2026-06-21 18:00:00,2369,2369,Gairsain (Ramganga),Uttarakhand,5,Uttarakhand,47,Chamoli,-,-,-,-,-,-,-,-,-,30.045,79.2855,7.5,7.5,,,3.0,,27.75,45.95,47.0,,,,283.25,313.55,321.525,10.0,,,15.0,,,PARTIAL,PARTIAL,False,NORMAL
2026-06-21 19:00:00,2370,2370,Gairsain (Ramganga),Uttarakhand,5,Uttarakhand,47,Chamoli,-,-,-,-,-,-,-,-,-,30.045,79.2855,2.0,2.0,,,10.5,,27.75,45.95,47.0,,,,283.25,313.55,321.525,10.0,,,15.0,,,PARTIAL,PARTIAL,False,NORMAL
2026-06-22 13:00:00,2371,2371,Gairsain (Ramganga),Uttarakhand,5,Uttarakhand,47,Chamoli,-,-,-,-,-,-,-,-,-,30.045,79.2855,1.0,1.0,,,12.5,,27.75,45.95,47.0,,,,283.25,313.55,321.525,10.0,,,15.0,,,PARTIAL,PARTIAL,False,NORMAL
2026-06-22 14:00:00,2372,2372,Gairsain (Ramganga),Uttarakhand,5,Uttarakhand,47,Chamoli,-,-,-,-,-,-,-,-,-,30.045,79.2855,0.5,0.5,,,13.5,,27.75,45.95,47.0,,,,283.25,313.55,321.525,10.0,,,15.0,,,PARTIAL,PARTIAL,False,NORMAL
2026-06-22 23:00:00,2373,2373,Gairsain (Ramganga),Uttarakhand,5,Uttarakhand,47,Chamoli,-,-,-,-,-,-,-,-,-,30.045,79.2855,0.5,0.5,,,14.0,,27.75,45.95,47.0,,,,283.25,313.55,321.525,10.0,,,15.0,,,PARTIAL,PARTIAL,False,NORMAL
2026-06-23 13:00:00,2374,2374,Gairsain (Ramganga),Uttarakhand,5,Uttarakhand,47,Chamoli,-,-,-,-,-,-,-,-,-,30.045,79.2855,0.5,0.5,,,14.5,,27.75,45.95,47.0,,,,283.25,313.55,321.525,10.0,,,15.0,,,PARTIAL,PARTIAL,False,NORMAL
2026-06-23 16:00:00,2375,2375,Gairsain (Ramganga),Uttarakhand,5,Uttarakhand,47,Chamoli,-,-,-,-,-,-,-,-,-,30.045,79.2855,4.5,4.5,,,15.0,,27.75,45.95,47.0,,,,283.25,313.55,321.525,10.0,,,15.0,,,PARTIAL,PARTIAL,False,NORMAL
2026-06-24 18:00:00,2376,2376,Gairsain (Ramganga),Uttarakhand,5,Uttarakhand,47,Chamoli,-,-,-,-,-,-,-,-,-,30.045,79.2855,6.0,6.0,,,19.5,,27.75,45.95,47.0,,,,283.25,313.55,321.525,10.0,,,15.0,,,PARTIAL,PARTIAL,False,NORMAL
2026-06-24 19:00:00,2377,2377,Gairsain (Ramganga),Uttarakhand,5,Uttarakhand,47,Chamoli,-,-,-,-,-,-,-,-,-,30.045,79.2855,0.5,0.5,,,25.5,,27.75,45.95,47.0,,,,283.25,313.55,321.525,10.0,,,15.0,,,PARTIAL,PARTIAL,False,NORMAL
2026-06-24 20:00:00,2378,2378,Gairsain (Ramganga),Uttarakhand,5,Uttarakhand,47,Chamoli,-,-,-,-,-,-,-,-,-,30.045,79.2855,3.0,3.0,,,26.0,,27.75,45.95,47.0,,,,283.25,313.55,321.525,10.0,,,15.0,,,PARTIAL,PARTIAL,False,NORMAL
2026-06-24 21:00:00,2379,2379,Gairsain (Ramganga),Uttarakhand,5,Uttarakhand,47,Chamoli,-,-,-,-,-,-,-,-,-,30.045,79.2855,0.5,0.5,,,29.0,,27.75,45.95,47.0,,,,283.25,313.55,321.525,10.0,,,15.0,,,PARTIAL,PARTIAL,False,NORMAL
2026-06-26 03:00:00,2380,2380,Gairsain (Ramganga),Uttarakhand,5,Uttarakhand,47,Chamoli,-,-,-,-,-,-,-,-,-,30.045,79.2855,6.0,6.0,,,29.5,,27.75,45.95,47.0,,,,283.25,313.55,321.525,10.0,,,15.0,,,PARTIAL,PARTIAL,False,NORMAL
2026-06-26 16:00:00,2381,2381,Gairsain (Ramganga),Uttarakhand,5,Uttarakhand,47,Chamoli,-,-,-,-,-,-,-,-,-,30.045,79.2855,2.0,2.0,,,35.5,,27.75,45.95,47.0,,,,283.25,313.55,321.525,10.0,,,15.0,,,PARTIAL,PARTIAL,False,NORMAL
2026-06-28 16:00:00,2382,2382,Gairsain (Ramganga),Uttarakhand,5,Uttarakhand,47,Chamoli,-,-,-,-,-,-,-,-,-,30.045,79.2855,3.0,3.0,,,37.5,,27.75,45.95,47.0,,,,283.25,313.55,321.525,10.0,,,15.0,,,PARTIAL,PARTIAL,False,NORMAL
2026-06-29 03:00:00,2383,2383,Gairsain (Ramganga),Uttarakhand,5,Uttarakhand,47,Chamoli,-,-,-,-,-,-,-,-,-,30.045,79.2855,1.5,1.5,,,40.5,,27.75,45.95,47.0,,,,283.25,313.55,321.525,10.0,,,15.0,,,PARTIAL,PARTIAL,False,NORMAL
2026-07-01 02:00:00,2384,2384,Gairsain (Ramganga),Uttarakhand,5,Uttarakhand,47,Chamoli,-,-,-,-,-,-,-,-,-,30.045,79.2855,2.0,2.0,,,42.0,,27.75,45.95,47.0,,,,283.25,313.55,321.525,10.0,,,15.0,,,PARTIAL,PARTIAL,False,NORMAL
2026-07-01 03:00:00,2385,2385,Gairsain (Ramganga),Uttarakhand,5,Uttarakhand,47,Chamoli,-,-,-,-,-,-,-,-,-,30.045,79.2855,4.0,4.0,,,44.0,,27.75,45.95,47.0,,,,283.25,313.55,321.525,10.0,,,15.0,,,PARTIAL,PARTIAL,False,NORMAL
2026-07-01 04:00:00,2386,2386,Gairsain (Ramganga),Uttarakhand,5,Uttarakhand,47,Chamoli,-,-,-,-,-,-,-,-,-,30.045,79.2855,6.0,6.0,,,48.0,,27.75,45.95,47.0,,,,283.25,313.55,321.525,10.0,,,15.0,,,PARTIAL,PARTIAL,False,NORMAL
2026-07-01 05:00:00,2387,2387,Gairsain (Ramganga),Uttarakhand,5,Uttarakhand,47,Chamoli,-,-,-,-,-,-,-,-,-,30.045,79.2855,0.5,0.5,,,54.0,,27.75,45.95,47.0,,,,283.25,313.55,321.525,10.0,,,15.0,,,PARTIAL,PARTIAL,False,NORMAL
2026-07-01 06:00:00,2388,2388,Gairsain (Ramganga),Uttarakhand,5,Uttarakhand,47,Chamoli,-,-,-,-,-,-,-,-,-,30.045,79.2855,0.5,0.5,,,54.5,,27.75,45.95,47.0,,,,283.25,313.55,321.525,10.0,,,15.0,,,PARTIAL,PARTIAL,False,NORMAL
2026-07-01 07:00:00,2389,2389,Gairsain (Ramganga),Uttarakhand,5,Uttarakhand,47,Chamoli,-,-,-,-,-,-,-,-,-,30.045,79.2855,1.5,1.5,14.5,,55.0,,27.75,45.95,47.0,,,,283.25,313.55,321.525,10.0,20.0,,15.0,,,PARTIAL,PARTIAL,False,NORMAL
2026-07-01 08:00:00,2390,2390,Gairsain (Ramganga),Uttarakhand,5,Uttarakhand,47,Chamoli,-,-,-,-,-,-,-,-,-,30.045,79.2855,2.0,2.0,14.5,,56.5,,27.75,45.95,47.0,,,,283.25,313.55,321.525,10.0,20.0,,15.0,,,PARTIAL,PARTIAL,False,NORMAL
2026-07-01 09:00:00,2391,2391,Gairsain (Ramganga),Uttarakhand,5,Uttarakhand,47,Chamoli,-,-,-,-,-,-,-,-,-,30.045,79.2855,0.5,0.5,11.0,,58.5,,27.75,45.95,47.0,,,,283.25,313.55,321.525,10.0,20.0,,15.0,,,PARTIAL,PARTIAL,False,NORMAL
2026-07-01 16:00:00,2392,2392,Gairsain (Ramganga),Uttarakhand,5,Uttarakhand,47,Chamoli,-,-,-,-,-,-,-,-,-,30.045,79.2855,0.5,0.5,,,59.0,,27.75,45.95,47.0,,,,283.25,313.55,321.525,10.0,,,15.0,,,PARTIAL,PARTIAL,False,NORMAL
2026-07-02 01:00:00,2393,2393,Gairsain (Ramganga),Uttarakhand,5,Uttarakhand,47,Chamoli,-,-,-,-,-,-,-,-,-,30.045,79.2855,2.0,2.0,,,59.5,,27.75,45.95,47.0,,,,283.25,313.55,321.525,10.0,,,15.0,,,PARTIAL,PARTIAL,False,NORMAL
2026-07-02 02:00:00,2394,2394,Gairsain (Ramganga),Uttarakhand,5,Uttarakhand,47,Chamoli,-,-,-,-,-,-,-,-,-,30.045,79.2855,3.5,3.5,,,61.5,,27.75,45.95,47.0,,,,283.25,313.55,321.525,10.0,,,15.0,,,PARTIAL,PARTIAL,False,NORMAL
2026-07-02 03:00:00,2395,2395,Gairsain (Ramganga),Uttarakhand,5,Uttarakhand,47,Chamoli,-,-,-,-,-,-,-,-,-,30.045,79.2855,23.5,23.5,,,65.0,,27.75,45.95,47.0,,,,283.25,313.55,321.525,40.0,,,15.0,,,PARTIAL,PARTIAL,False,NORMAL
2026-07-02 04:00:00,2396,2396,Gairsain (Ramganga),Uttarakhand,5,Uttarakhand,47,Chamoli,-,-,-,-,-,-,-,-,-,30.045,79.2855,3.0,3.0,,,88.5,,27.75,45.95,47.0,,,,283.25,313.55,321.525,10.0,,,15.0,,,PARTIAL,PARTIAL,False,NORMAL
2026-07-02 07:00:00,2397,2397,Gairsain (Ramganga),Uttarakhand,5,Uttarakhand,47,Chamoli,-,-,-,-,-,-,-,-,-,30.045,79.2855,9.5,9.5,,,91.5,,27.75,45.95,47.0,,,,283.25,313.55,321.525,10.0,,,15.0,,,PARTIAL,PARTIAL,False,NORMAL
2026-07-02 08:00:00,2398,2398,Gairsain (Ramganga),Uttarakhand,5,Uttarakhand,47,Chamoli,-,-,-,-,-,-,-,-,-,30.045,79.2855,0.5,0.5,,,101.0,,27.75,45.95,47.0,,,,283.25,313.55,321.525,10.0,,,15.0,,,PARTIAL,PARTIAL,False,NORMAL
2026-07-03 23:00:00,2399,2399,Gairsain (Ramganga),Uttarakhand,5,Uttarakhand,47,Chamoli,-,-,-,-,-,-,-,-,-,30.045,79.2855,0.5,0.5,,,101.5,,27.75,45.95,47.0,,,,283.25,313.55,321.525,10.0,,,15.0,,,PARTIAL,PARTIAL,False,NORMAL
2026-07-04 00:00:00,2400,2400,Gairsain (Ramganga),Uttarakhand,5,Uttarakhand,47,Chamoli,-,-,-,-,-,-,-,-,-,30.045,79.2855,20.0,20.0,,,102.0,,27.75,45.95,47.0,,,,283.25,313.55,321.525,40.0,,,15.0,,,PARTIAL,PARTIAL,False,NORMAL
2026-07-04 01:00:00,2401,2401,Gairsain (Ramganga),Uttarakhand,5,Uttarakhand,47,Chamoli,-,-,-,-,-,-,-,-,-,30.045,79.2855,7.0,7.0,,,122.0,,27.75,45.95,47.0,,,,283.25,313.55,321.525,10.0,,,15.0,,,PARTIAL,PARTIAL,False,NORMAL
2026-07-04 02:00:00,2402,2402,Gairsain (Ramganga),Uttarakhand,5,Uttarakhand,47,Chamoli,-,-,-,-,-,-,-,-,-,30.045,79.2855,0.5,0.5,,,129.0,,27.75,45.95,47.0,,,,283.25,313.55,321.525,10.0,,,15.0,,,PARTIAL,PARTIAL,False,NORMAL
2026-07-05 04:00:00,2403,2403,Gairsain (Ramganga),Uttarakhand,5,Uttarakhand,47,Chamoli,-,-,-,-,-,-,-,-,-,30.045,79.2855,0.5,0.5,,,129.5,,27.75,45.95,47.0,,,,283.25,313.55,321.525,10.0,,,15.0,,,PARTIAL,PARTIAL,False,NORMAL
2026-07-05 05:00:00,2404,2404,Gairsain (Ramganga),Uttarakhand,5,Uttarakhand,47,Chamoli,-,-,-,-,-,-,-,-,-,30.045,79.2855,2.0,2.0,,,130.0,,27.75,45.95,47.0,,,,283.25,313.55,321.525,10.0,,,15.0,,,PARTIAL,PARTIAL,False,NORMAL
2026-07-05 06:00:00,2405,2405,Gairsain (Ramganga),Uttarakhand,5,Uttarakhand,47,Chamoli,-,-,-,-,-,-,-,-,-,30.045,79.2855,1.0,1.0,,,132.0,,27.75,45.95,47.0,,,,283.25,313.55,321.525,10.0,,,15.0,,,PARTIAL,PARTIAL,False,NORMAL
2026-07-06 03:00:00,2406,2406,Gairsain (Ramganga),Uttarakhand,5,Uttarakhand,47,Chamoli,-,-,-,-,-,-,-,-,-,30.045,79.2855,4.0,4.0,,,133.0,,27.75,45.95,47.0,,,,283.25,313.55,321.525,10.0,,,15.0,,,PARTIAL,PARTIAL,False,NORMAL
2026-07-06 04:00:00,2407,2407,Gairsain (Ramganga),Uttarakhand,5,Uttarakhand,47,Chamoli,-,-,-,-,-,-,-,-,-,30.045,79.2855,1.0,1.0,,,137.0,,27.75,45.95,47.0,,,,283.25,313.55,321.525,10.0,,,15.0,,,PARTIAL,PARTIAL,False,NORMAL
2026-07-07 11:00:00,2408,2408,Gairsain (Ramganga),Uttarakhand,5,Uttarakhand,47,Chamoli,-,-,-,-,-,-,-,-,-,30.045,79.2855,0.5,0.5,,,127.5,,27.75,45.95,47.0,,,,283.25,313.55,321.525,10.0,,,15.0,,,PARTIAL,PARTIAL,False,NORMAL
2026-07-07 12:00:00,2409,2409,Gairsain (Ramganga),Uttarakhand,5,Uttarakhand,47,Chamoli,-,-,-,-,-,-,-,-,-,30.045,79.2855,0.5,0.5,,,128.0,,27.75,45.95,47.0,,,,283.25,313.55,321.525,10.0,,,15.0,,,PARTIAL,PARTIAL,False,NORMAL
2026-07-07 13:00:00,2410,2410,Gairsain (Ramganga),Uttarakhand,5,Uttarakhand,47,Chamoli,-,-,-,-,-,-,-,-,-,30.045,79.2855,0.5,0.5,,,126.5,,27.75,45.95,47.0,,,,283.25,313.55,321.525,10.0,,,15.0,,,PARTIAL,PARTIAL,False,NORMAL
2026-07-07 15:00:00,2411,2411,Gairsain (Ramganga),Uttarakhand,5,Uttarakhand,47,Chamoli,-,-,-,-,-,-,-,-,-,30.045,79.2855,0.5,0.5,,,126.0,,27.75,45.95,47.0,,,,283.25,313.55,321.525,10.0,,,15.0,,,PARTIAL,PARTIAL,False,NORMAL
2026-07-08 04:00:00,2412,2412,Gairsain (Ramganga),Uttarakhand,5,Uttarakhand,47,Chamoli,-,-,-,-,-,-,-,-,-,30.045,79.2855,2.5,2.5,,,126.0,,27.75,45.95,47.0,,,,283.25,313.55,321.525,10.0,,,15.0,,,PARTIAL,PARTIAL,False,NORMAL
2026-07-08 05:00:00,2413,2413,Gairsain (Ramganga),Uttarakhand,5,Uttarakhand,47,Chamoli,-,-,-,-,-,-,-,-,-,30.045,79.2855,2.5,2.5,,,128.5,,27.75,45.95,47.0,,,,283.25,313.55,321.525,10.0,,,15.0,,,PARTIAL,PARTIAL,False,NORMAL
2026-07-08 08:00:00,2414,2414,Gairsain (Ramganga),Uttarakhand,5,Uttarakhand,47,Chamoli,-,-,-,-,-,-,-,-,-,30.045,79.2855,0.5,0.5,,,131.0,,27.75,45.95,47.0,,,,283.25,313.55,321.525,10.0,,,15.0,,,PARTIAL,PARTIAL,False,NORMAL
2026-07-08 09:00:00,2415,2415,Gairsain (Ramganga),Uttarakhand,5,Uttarakhand,47,Chamoli,-,-,-,-,-,-,-,-,-,30.045,79.2855,1.0,1.0,,,131.5,,27.75,45.95,47.0,,,,283.25,313.55,321.525,10.0,,,15.0,,,PARTIAL,PARTIAL,False,NORMAL
2026-07-08 11:00:00,2416,2416,Gairsain (Ramganga),Uttarakhand,5,Uttarakhand,47,Chamoli,-,-,-,-,-,-,-,-,-,30.045,79.2855,2.0,2.0,,,132.5,,27.75,45.95,47.0,,,,283.25,313.55,321.525,10.0,,,15.0,,,PARTIAL,PARTIAL,False,NORMAL
2026-07-08 12:00:00,2417,2417,Gairsain (Ramganga),Uttarakhand,5,Uttarakhand,47,Chamoli,-,-,-,-,-,-,-,-,-,30.045,79.2855,8.0,8.0,,,134.5,,27.75,45.95,47.0,,,,283.25,313.55,321.525,10.0,,,15.0,,,PARTIAL,PARTIAL,False,NORMAL
2026-07-08 13:00:00,2418,2418,Gairsain (Ramganga),Uttarakhand,5,Uttarakhand,47,Chamoli,-,-,-,-,-,-,-,-,-,30.045,79.2855,6.5,6.5,,,142.0,,27.75,45.95,47.0,,,,283.25,313.55,321.525,10.0,,,15.0,,,PARTIAL,PARTIAL,False,NORMAL
2026-07-08 14:00:00,2419,2419,Gairsain (Ramganga),Uttarakhand,5,Uttarakhand,47,Chamoli,-,-,-,-,-,-,-,-,-,30.045,79.2855,3.0,3.0,,,148.5,,27.75,45.95,47.0,,,,283.25,313.55,321.525,10.0,,,15.0,,,PARTIAL,PARTIAL,False,NORMAL
2026-07-08 15:00:00,2420,2420,Gairsain (Ramganga),Uttarakhand,5,Uttarakhand,47,Chamoli,-,-,-,-,-,-,-,-,-,30.045,79.2855,1.5,1.5,,,151.5,,27.75,45.95,47.0,,,,283.25,313.55,321.525,10.0,,,15.0,,,PARTIAL,PARTIAL,False,NORMAL
2026-07-09 00:00:00,2421,2421,Gairsain (Ramganga),Uttarakhand,5,Uttarakhand,47,Chamoli,-,-,-,-,-,-,-,-,-,30.045,79.2855,2.0,2.0,,,152.5,,27.75,45.95,47.0,,,,283.25,313.55,321.525,10.0,,,15.0,,,PARTIAL,PARTIAL,False,NORMAL
2026-07-09 01:00:00,2422,2422,Gairsain (Ramganga),Uttarakhand,5,Uttarakhand,47,Chamoli,-,-,-,-,-,-,-,-,-,30.045,79.2855,6.0,6.0,,,154.5,,27.75,45.95,47.0,,,,283.25,313.55,321.525,10.0,,,15.0,,,PARTIAL,PARTIAL,False,NORMAL
2026-07-09 02:00:00,2423,2423,Gairsain (Ramganga),Uttarakhand,5,Uttarakhand,47,Chamoli,-,-,-,-,-,-,-,-,-,30.045,79.2855,5.5,5.5,,,160.5,,27.75,45.95,47.0,,,,283.25,313.55,321.525,10.0,,,15.0,,,PARTIAL,PARTIAL,False,NORMAL
2026-07-09 03:00:00,2424,2424,Gairsain (Ramganga),Uttarakhand,5,Uttarakhand,47,Chamoli,-,-,-,-,-,-,-,-,-,30.045,79.2855,4.0,4.0,,,166.0,,27.75,45.95,47.0,,,,283.25,313.55,321.525,10.0,,,15.0,,,PARTIAL,PARTIAL,False,NORMAL
2026-07-09 04:00:00,2425,2425,Gairsain (Ramganga),Uttarakhand,5,Uttarakhand,47,Chamoli,-,-,-,-,-,-,-,-,-,30.045,79.2855,4.0,4.0,,,170.0,,27.75,45.95,47.0,,,,283.25,313.55,321.525,10.0,,,15.0,,,PARTIAL,PARTIAL,False,NORMAL
2026-07-09 05:00:00,2426,2426,Gairsain (Ramganga),Uttarakhand,5,Uttarakhand,47,Chamoli,-,-,-,-,-,-,-,-,-,30.045,79.2855,5.5,5.5,27.0,,174.0,,27.75,45.95,47.0,,,,283.25,313.55,321.525,10.0,20.0,,15.0,,,PARTIAL,PARTIAL,False,NORMAL
2026-07-09 06:00:00,2427,2427,Gairsain (Ramganga),Uttarakhand,5,Uttarakhand,47,Chamoli,-,-,-,-,-,-,-,-,-,30.045,79.2855,6.0,6.0,31.0,,179.5,,27.75,45.95,47.0,,,,283.25,313.55,321.525,10.0,50.0,,15.0,,,PARTIAL,PARTIAL,False,NORMAL
2026-07-09 07:00:00,2428,2428,Gairsain (Ramganga),Uttarakhand,5,Uttarakhand,47,Chamoli,-,-,-,-,-,-,-,-,-,30.045,79.2855,4.5,4.5,29.5,,185.5,,27.75,45.95,47.0,,,,283.25,313.55,321.525,10.0,50.0,,15.0,,,PARTIAL,PARTIAL,False,NORMAL
2026-07-09 08:00:00,2429,2429,Gairsain (Ramganga),Uttarakhand,5,Uttarakhand,47,Chamoli,-,-,-,-,-,-,-,-,-,30.045,79.2855,4.0,4.0,28.0,,190.0,,27.75,45.95,47.0,,,,283.25,313.55,321.525,10.0,50.0,,15.0,,,PARTIAL,PARTIAL,False,NORMAL
2026-07-09 09:00:00,2430,2430,Gairsain (Ramganga),Uttarakhand,5,Uttarakhand,47,Chamoli,-,-,-,-,-,-,-,-,-,30.045,79.2855,3.0,3.0,27.0,,194.0,,27.75,45.95,47.0,,,,283.25,313.55,321.525,10.0,20.0,,15.0,,,PARTIAL,PARTIAL,False,NORMAL
2026-07-09 10:00:00,2431,2431,Gairsain (Ramganga),Uttarakhand,5,Uttarakhand,47,Chamoli,-,-,-,-,-,-,-,-,-,30.045,79.2855,1.5,1.5,24.5,,197.0,,27.75,45.95,47.0,,,,283.25,313.55,321.525,10.0,20.0,,15.0,,,PARTIAL,PARTIAL,False,NORMAL
2026-07-09 13:00:00,2432,2432,Gairsain (Ramganga),Uttarakhand,5,Uttarakhand,47,Chamoli,-,-,-,-,-,-,-,-,-,30.045,79.2855,0.5,0.5,,,198.5,,27.75,45.95,47.0,,,,283.25,313.55,321.525,10.0,,,15.0,,,PARTIAL,PARTIAL,False,NORMAL
2026-07-09 15:00:00,2433,2433,Gairsain (Ramganga),Uttarakhand,5,Uttarakhand,47,Chamoli,-,-,-,-,-,-,-,-,-,30.045,79.2855,0.5,0.5,,,199.0,,27.75,45.95,47.0,,,,283.25,313.55,321.525,10.0,,,15.0,,,PARTIAL,PARTIAL,False,NORMAL
2026-07-09 19:00:00,2434,2434,Gairsain (Ramganga),Uttarakhand,5,Uttarakhand,47,Chamoli,-,-,-,-,-,-,-,-,-,30.045,79.2855,0.5,0.5,,,189.0,,27.75,45.95,47.0,,,,283.25,313.55,321.525,10.0,,,15.0,,,PARTIAL,PARTIAL,False,NORMAL
2026-07-10 21:00:00,2435,2435,Gairsain (Ramganga),Uttarakhand,5,Uttarakhand,47,Chamoli,-,-,-,-,-,-,-,-,-,30.045,79.2855,0.5,0.5,,,186.0,,27.75,45.95,47.0,,,,283.25,313.55,321.525,10.0,,,15.0,,,PARTIAL,PARTIAL,False,NORMAL
2026-07-10 22:00:00,2436,2436,Gairsain (Ramganga),Uttarakhand,5,Uttarakhand,47,Chamoli,-,-,-,-,-,-,-,-,-,30.045,79.2855,3.0,3.0,,,186.5,,27.75,45.95,47.0,,,,283.25,313.55,321.525,10.0,,,15.0,,,PARTIAL,PARTIAL,False,NORMAL
2026-07-10 23:00:00,2437,2437,Gairsain (Ramganga),Uttarakhand,5,Uttarakhand,47,Chamoli,-,-,-,-,-,-,-,-,-,30.045,79.2855,16.0,16.0,,,189.5,,27.75,45.95,47.0,,,,283.25,313.55,321.525,40.0,,,15.0,,,PARTIAL,PARTIAL,False,NORMAL
2026-07-11 00:00:00,2438,2438,Gairsain (Ramganga),Uttarakhand,5,Uttarakhand,47,Chamoli,-,-,-,-,-,-,-,-,-,30.045,79.2855,2.5,2.5,,,205.5,,27.75,45.95,47.0,,,,283.25,313.55,321.525,10.0,,,15.0,,,PARTIAL,PARTIAL,False,NORMAL
2026-07-11 02:00:00,2439,2439,Gairsain (Ramganga),Uttarakhand,5,Uttarakhand,47,Chamoli,-,-,-,-,-,-,-,-,-,30.045,79.2855,8.0,8.0,,,208.0,,27.75,45.95,47.0,,,,283.25,313.55,321.525,10.0,,,15.0,,,PARTIAL,PARTIAL,False,NORMAL
2026-07-11 03:00:00,2440,2440,Gairsain (Ramganga),Uttarakhand,5,Uttarakhand,47,Chamoli,-,-,-,-,-,-,-,-,-,30.045,79.2855,6.5,6.5,,,215.5,,27.75,45.95,47.0,,,,283.25,313.55,321.525,10.0,,,15.0,,,PARTIAL,PARTIAL,False,NORMAL
2026-07-11 04:00:00,2441,2441,Gairsain (Ramganga),Uttarakhand,5,Uttarakhand,47,Chamoli,-,-,-,-,-,-,-,-,-,30.045,79.2855,5.0,5.0,,,222.0,,27.75,45.95,47.0,,,,283.25,313.55,321.525,10.0,,,15.0,,,PARTIAL,PARTIAL,False,NORMAL
2026-07-11 05:00:00,2442,2442,Gairsain (Ramganga),Uttarakhand,5,Uttarakhand,47,Chamoli,-,-,-,-,-,-,-,-,-,30.045,79.2855,1.0,1.0,,,227.0,,27.75,45.95,47.0,,,,283.25,313.55,321.525,10.0,,,15.0,,,PARTIAL,PARTIAL,False,NORMAL
2026-07-11 08:00:00,2443,2443,Gairsain (Ramganga),Uttarakhand,5,Uttarakhand,47,Chamoli,-,-,-,-,-,-,-,-,-,30.045,79.2855,0.5,0.5,,,228.0,,27.75,45.95,47.0,,,,283.25,313.55,321.525,10.0,,,15.0,,,PARTIAL,PARTIAL,False,NORMAL
2026-07-11 09:00:00,2444,2444,Gairsain (Ramganga),Uttarakhand,5,Uttarakhand,47,Chamoli,-,-,-,-,-,-,-,-,-,30.045,79.2855,4.5,4.5,,,228.5,,27.75,45.95,47.0,,,,283.25,313.55,321.525,10.0,,,15.0,,,PARTIAL,PARTIAL,False,NORMAL
2026-07-11 10:00:00,2445,2445,Gairsain (Ramganga),Uttarakhand,5,Uttarakhand,47,Chamoli,-,-,-,-,-,-,-,-,-,30.045,79.2855,8.0,8.0,,,233.0,,27.75,45.95,47.0,,,,283.25,313.55,321.525,10.0,,,15.0,,,PARTIAL,PARTIAL,False,NORMAL
2026-07-11 11:00:00,2446,2446,Gairsain (Ramganga),Uttarakhand,5,Uttarakhand,47,Chamoli,-,-,-,-,-,-,-,-,-,30.045,79.2855,9.0,9.0,,,241.0,,27.75,45.95,47.0,,,,283.25,313.55,321.525,10.0,,,15.0,,,PARTIAL,PARTIAL,False,NORMAL
2026-07-11 12:00:00,2447,2447,Gairsain (Ramganga),Uttarakhand,5,Uttarakhand,47,Chamoli,-,-,-,-,-,-,-,-,-,30.045,79.2855,0.5,0.5,,,250.0,,27.75,45.95,47.0,,,,283.25,313.55,321.525,10.0,,,15.0,,,PARTIAL,PARTIAL,False,NORMAL
2026-07-11 17:00:00,2448,2448,Gairsain (Ramganga),Uttarakhand,5,Uttarakhand,47,Chamoli,-,-,-,-,-,-,-,-,-,30.045,79.2855,0.5,0.5,,,244.5,,27.75,45.95,47.0,,,,283.25,313.55,321.525,10.0,,,15.0,,,PARTIAL,PARTIAL,False,NORMAL
2026-07-11 22:00:00,2449,2449,Gairsain (Ramganga),Uttarakhand,5,Uttarakhand,47,Chamoli,-,-,-,-,-,-,-,-,-,30.045,79.2855,1.0,1.0,,,245.0,,27.75,45.95,47.0,,,,283.25,313.55,321.525,10.0,,,15.0,,,PARTIAL,PARTIAL,False,NORMAL
2026-07-11 23:00:00,2450,2450,Gairsain (Ramganga),Uttarakhand,5,Uttarakhand,47,Chamoli,-,-,-,-,-,-,-,-,-,30.045,79.2855,1.5,1.5,,,246.0,,27.75,45.95,47.0,,,,283.25,313.55,321.525,10.0,,,15.0,,,PARTIAL,PARTIAL,False,NORMAL
2026-07-12 00:00:00,2451,2451,Gairsain (Ramganga),Uttarakhand,5,Uttarakhand,47,Chamoli,-,-,-,-,-,-,-,-,-,30.045,79.2855,5.0,5.0,,,247.5,,27.75,45.95,47.0,,,,283.25,313.55,321.525,10.0,,,15.0,,,PARTIAL,PARTIAL,False,NORMAL
2026-07-14 17:00:00,2452,2452,Gairsain (Ramganga),Uttarakhand,5,Uttarakhand,47,Chamoli,-,-,-,-,-,-,-,-,-,30.045,79.2855,6.0,6.0,,,247.5,,27.75,45.95,47.0,,,,283.25,313.55,321.525,10.0,,,15.0,,,PARTIAL,PARTIAL,False,NORMAL
2026-07-14 18:00:00,2453,2453,Gairsain (Ramganga),Uttarakhand,5,Uttarakhand,47,Chamoli,-,-,-,-,-,-,-,-,-,30.045,79.2855,25.0,25.0,,,253.5,,27.75,45.95,47.0,,,,283.25,313.55,321.525,40.0,,,15.0,,,PARTIAL,PARTIAL,False,NORMAL
2026-07-14 19:00:00,2454,2454,Gairsain (Ramganga),Uttarakhand,5,Uttarakhand,47,Chamoli,-,-,-,-,-,-,-,-,-,30.045,79.2855,13.5,13.5,,,278.5,,27.75,45.95,47.0,,,,283.25,313.55,321.525,40.0,,,15.0,,,PARTIAL,PARTIAL,False,NORMAL
2026-07-15 18:00:00,2455,2455,Gairsain (Ramganga),Uttarakhand,5,Uttarakhand,47,Chamoli,-,-,-,-,-,-,-,-,-,30.045,79.2855,4.0,4.0,,,292.0,,27.75,45.95,47.0,,,,283.25,313.55,321.525,10.0,,,45.0,,,PARTIAL,PARTIAL,False,NORMAL
2026-07-15 19:00:00,2456,2456,Gairsain (Ramganga),Uttarakhand,5,Uttarakhand,47,Chamoli,-,-,-,-,-,-,-,-,-,30.045,79.2855,2.0,2.0,,,296.0,,27.75,45.95,47.0,,,,283.25,313.55,321.525,10.0,,,45.0,,,PARTIAL,PARTIAL,False,NORMAL
2026-07-15 20:00:00,2457,2457,Gairsain (Ramganga),Uttarakhand,5,Uttarakhand,47,Chamoli,-,-,-,-,-,-,-,-,-,30.045,79.2855,0.5,0.5,,,298.0,,27.75,45.95,47.0,,,,283.25,313.55,321.525,10.0,,,45.0,,,PARTIAL,PARTIAL,False,NORMAL
2026-07-17 03:00:00,2458,2458,Gairsain (Ramganga),Uttarakhand,5,Uttarakhand,47,Chamoli,-,-,-,-,-,-,-,-,-,30.045,79.2855,1.0,1.0,,,274.0,,27.75,45.95,47.0,,,,283.25,313.55,321.525,10.0,,,15.0,,,PARTIAL,PARTIAL,False,NORMAL
2026-07-17 04:00:00,2459,2459,Gairsain (Ramganga),Uttarakhand,5,Uttarakhand,47,Chamoli,-,-,-,-,-,-,-,-,-,30.045,79.2855,1.0,1.0,,,251.5,,27.75,45.95,47.0,,,,283.25,313.55,321.525,10.0,,,15.0,,,PARTIAL,PARTIAL,False,NORMAL
2026-07-18 23:00:00,2460,2460,Gairsain (Ramganga),Uttarakhand,5,Uttarakhand,47,Chamoli,-,-,-,-,-,-,-,-,-,30.045,79.2855,0.5,0.5,,,239.5,,27.75,45.95,47.0,,,,283.25,313.55,321.525,10.0,,,15.0,,,PARTIAL,PARTIAL,False,NORMAL
2026-07-19 00:00:00,2461,2461,Gairsain (Ramganga),Uttarakhand,5,Uttarakhand,47,Chamoli,-,-,-,-,-,-,-,-,-,30.045,79.2855,1.0,1.0,,,239.5,,27.75,45.95,47.0,,,,283.25,313.55,321.525,10.0,,,15.0,,,PARTIAL,PARTIAL,False,NORMAL
2026-07-19 01:00:00,2462,2462,Gairsain (Ramganga),Uttarakhand,5,Uttarakhand,47,Chamoli,-,-,-,-,-,-,-,-,-,30.045,79.2855,2.0,2.0,,,220.5,,27.75,45.95,47.0,,,,283.25,313.55,321.525,10.0,,,15.0,,,PARTIAL,PARTIAL,False,NORMAL
2026-07-19 02:00:00,2463,2463,Gairsain (Ramganga),Uttarakhand,5,Uttarakhand,47,Chamoli,-,-,-,-,-,-,-,-,-,30.045,79.2855,0.5,0.5,,,215.5,,27.75,45.95,47.0,,,,283.25,313.55,321.525,10.0,,,15.0,,,PARTIAL,PARTIAL,False,NORMAL
2026-07-19 05:00:00,2464,2464,Gairsain (Ramganga),Uttarakhand,5,Uttarakhand,47,Chamoli,-,-,-,-,-,-,-,-,-,30.045,79.2855,0.5,0.5,,,216.0,,27.75,45.95,47.0,,,,283.25,313.55,321.525,10.0,,,15.0,,,PARTIAL,PARTIAL,False,NORMAL
2026-07-19 16:00:00,2465,2465,Gairsain (Ramganga),Uttarakhand,5,Uttarakhand,47,Chamoli,-,-,-,-,-,-,-,-,-,30.045,79.2855,0.5,0.5,,,216.5,,27.75,45.95,47.0,,,,283.25,313.55,321.525,10.0,,,15.0,,,PARTIAL,PARTIAL,False,NORMAL
2026-07-19 20:00:00,2466,2466,Gairsain (Ramganga),Uttarakhand,5,Uttarakhand,47,Chamoli,-,-,-,-,-,-,-,-,-,30.045,79.2855,1.5,1.5,,,217.0,,27.75,45.95,47.0,,,,283.25,313.55,321.525,10.0,,,15.0,,,PARTIAL,PARTIAL,False,NORMAL
2026-07-19 22:00:00,2467,2467,Gairsain (Ramganga),Uttarakhand,5,Uttarakhand,47,Chamoli,-,-,-,-,-,-,-,-,-,30.045,79.2855,0.5,0.5,,,218.5,,27.75,45.95,47.0,,,,283.25,313.55,321.525,10.0,,,15.0,,,PARTIAL,PARTIAL,False,NORMAL
2026-07-19 23:00:00,2468,2468,Gairsain (Ramganga),Uttarakhand,5,Uttarakhand,47,Chamoli,-,-,-,-,-,-,-,-,-,30.045,79.2855,0.5,0.5,,,219.0,,27.75,45.95,47.0,,,,283.25,313.55,321.525,10.0,,,15.0,,,PARTIAL,PARTIAL,False,NORMAL
2026-07-20 00:00:00,2469,2469,Gairsain (Ramganga),Uttarakhand,5,Uttarakhand,47,Chamoli,-,-,-,-,-,-,-,-,-,30.045,79.2855,1.5,1.5,,,219.5,,27.75,45.95,47.0,,,,283.25,313.55,321.525,10.0,,,15.0,,,PARTIAL,PARTIAL,False,NORMAL
2026-07-20 01:00:00,2470,2470,Gairsain (Ramganga),Uttarakhand,5,Uttarakhand,47,Chamoli,-,-,-,-,-,-,-,-,-,30.045,79.2855,0.5,0.5,,,221.0,,27.75,45.95,47.0,,,,283.25,313.55,321.525,10.0,,,15.0,,,PARTIAL,PARTIAL,False,NORMAL
2026-07-20 02:00:00,2471,2471,Gairsain (Ramganga),Uttarakhand,5,Uttarakhand,47,Chamoli,-,-,-,-,-,-,-,-,-,30.045,79.2855,2.5,2.5,,,221.5,,27.75,45.95,47.0,,,,283.25,313.55,321.525,10.0,,,15.0,,,PARTIAL,PARTIAL,False,NORMAL
2026-07-20 03:00:00,2472,2472,Gairsain (Ramganga),Uttarakhand,5,Uttarakhand,47,Chamoli,-,-,-,-,-,-,-,-,-,30.045,79.2855,28.5,28.5,34.0,,224.0,,27.75,45.95,47.0,,,,283.25,313.55,321.525,40.0,50.0,,15.0,,,PARTIAL,PARTIAL,False,NORMAL
2026-07-20 04:00:00,2473,2473,Gairsain (Ramganga),Uttarakhand,5,Uttarakhand,47,Chamoli,-,-,-,-,-,-,-,-,-,30.045,79.2855,12.0,12.0,45.5,,252.0,,27.75,45.95,47.0,,,,283.25,313.55,321.525,40.0,50.0,,15.0,,,PARTIAL,PARTIAL,False,NORMAL
2026-07-20 05:00:00,2474,2474,Gairsain (Ramganga),Uttarakhand,5,Uttarakhand,47,Chamoli,-,-,-,-,-,-,-,-,-,30.045,79.2855,2.0,2.0,47.0,,263.5,,27.75,45.95,47.0,,,,283.25,313.55,321.525,10.0,75.0,,15.0,,,PARTIAL,PARTIAL,False,NORMAL
2026-07-20 06:00:00,2475,2475,Gairsain (Ramganga),Uttarakhand,5,Uttarakhand,47,Chamoli,-,-,-,-,-,-,-,-,-,30.045,79.2855,1.5,1.5,47.0,,263.5,,27.75,45.95,47.0,,,,283.25,313.55,321.525,10.0,75.0,,15.0,,,PARTIAL,PARTIAL,False,NORMAL
2026-07-20 07:00:00,2476,2476,Gairsain (Ramganga),Uttarakhand,5,Uttarakhand,47,Chamoli,-,-,-,-,-,-,-,-,-,30.045,79.2855,0.5,0.5,47.0,,265.0,,27.75,45.95,47.0,,,,283.25,313.55,321.525,10.0,75.0,,15.0,,,PARTIAL,PARTIAL,False,NORMAL
2026-07-20 19:00:00,2477,2477,Gairsain (Ramganga),Uttarakhand,5,Uttarakhand,47,Chamoli,-,-,-,-,-,-,-,-,-,30.045,79.2855,15.5,15.5,,,265.5,,27.75,45.95,47.0,,,,283.25,313.55,321.525,40.0,,,15.0,,,PARTIAL,PARTIAL,False,NORMAL
2026-07-20 20:00:00,2478,2478,Gairsain (Ramganga),Uttarakhand,5,Uttarakhand,47,Chamoli,-,-,-,-,-,-,-,-,-,30.045,79.2855,8.5,8.5,,,281.0,,27.75,45.95,47.0,,,,283.25,313.55,321.525,10.0,,,15.0,,,PARTIAL,PARTIAL,False,NORMAL
2026-07-20 21:00:00,2479,2479,Gairsain (Ramganga),Uttarakhand,5,Uttarakhand,47,Chamoli,-,-,-,-,-,-,-,-,-,30.045,79.2855,4.5,4.5,,,289.5,,27.75,45.95,47.0,,,,283.25,313.55,321.525,10.0,,,45.0,,,PARTIAL,PARTIAL,False,NORMAL
2026-07-20 22:00:00,2480,2480,Gairsain (Ramganga),Uttarakhand,5,Uttarakhand,47,Chamoli,-,-,-,-,-,-,-,-,-,30.045,79.2855,4.5,4.5,,,294.0,,27.75,45.95,47.0,,,,283.25,313.55,321.525,10.0,,,45.0,,,PARTIAL,PARTIAL,False,NORMAL
2026-07-20 23:00:00,2481,2481,Gairsain (Ramganga),Uttarakhand,5,Uttarakhand,47,Chamoli,-,-,-,-,-,-,-,-,-,30.045,79.2855,3.0,3.0,,,298.5,,27.75,45.95,47.0,,,,283.25,313.55,321.525,10.0,,,45.0,,,PARTIAL,PARTIAL,False,NORMAL
2026-07-21 00:00:00,2482,2482,Gairsain (Ramganga),Uttarakhand,5,Uttarakhand,47,Chamoli,-,-,-,-,-,-,-,-,-,30.045,79.2855,1.5,1.5,37.5,,301.5,,27.75,45.95,47.0,,,,283.25,313.55,321.525,10.0,50.0,,45.0,,,PARTIAL,PARTIAL,False,NORMAL
2026-07-21 03:00:00,2483,2483,Gairsain (Ramganga),Uttarakhand,5,Uttarakhand,47,Chamoli,-,-,-,-,-,-,-,-,-,30.045,79.2855,2.5,2.5,,,302.0,,27.75,45.95,47.0,,,,283.25,313.55,321.525,10.0,,,45.0,,,PARTIAL,PARTIAL,False,NORMAL
2026-07-21 09:00:00,2484,2484,Gairsain (Ramganga),Uttarakhand,5,Uttarakhand,47,Chamoli,-,-,-,-,-,-,-,-,-,30.045,79.2855,0.5,0.5,,,300.5,,27.75,45.95,47.0,,,,283.25,313.55,321.525,10.0,,,45.0,,,PARTIAL,PARTIAL,False,NORMAL
2026-07-21 11:00:00,2485,2485,Gairsain (Ramganga),Uttarakhand,5,Uttarakhand,47,Chamoli,-,-,-,-,-,-,-,-,-,30.045,79.2855,0.5,0.5,,,301.0,,27.75,45.95,47.0,,,,283.25,313.55,321.525,10.0,,,45.0,,,PARTIAL,PARTIAL,False,NORMAL
2026-07-22 00:00:00,2486,2486,Gairsain (Ramganga),Uttarakhand,5,Uttarakhand,47,Chamoli,-,-,-,-,-,-,-,-,-,30.045,79.2855,0.5,0.5,,,301.5,,27.75,45.95,47.0,,,,283.25,313.55,321.525,10.0,,,45.0,,,PARTIAL,PARTIAL,False,NORMAL
2026-07-22 01:00:00,2487,2487,Gairsain (Ramganga),Uttarakhand,5,Uttarakhand,47,Chamoli,-,-,-,-,-,-,-,-,-,30.045,79.2855,7.5,7.5,,,302.0,,27.75,45.95,47.0,,,,283.25,313.55,321.525,10.0,,,45.0,,,PARTIAL,PARTIAL,False,NORMAL
2026-07-22 02:00:00,2488,2488,Gairsain (Ramganga),Uttarakhand,5,Uttarakhand,47,Chamoli,-,-,-,-,-,-,-,-,-,30.045,79.2855,5.5,5.5,,,309.5,,27.75,45.95,47.0,,,,283.25,313.55,321.525,10.0,,,45.0,,,PARTIAL,PARTIAL,False,NORMAL
2026-07-22 03:00:00,2489,2489,Gairsain (Ramganga),Uttarakhand,5,Uttarakhand,47,Chamoli,-,-,-,-,-,-,-,-,-,30.045,79.2855,5.5,5.5,,,315.0,,27.75,45.95,47.0,,,,283.25,313.55,321.525,10.0,,,70.0,,,PARTIAL,PARTIAL,False,NORMAL
2026-07-22 04:00:00,2490,2490,Gairsain (Ramganga),Uttarakhand,5,Uttarakhand,47,Chamoli,-,-,-,-,-,-,-,-,-,30.045,79.2855,1.0,1.0,,,320.5,,27.75,45.95,47.0,,,,283.25,313.55,321.525,10.0,,,70.0,,,PARTIAL,PARTIAL,False,NORMAL
2026-07-22 05:00:00,2491,2491,Gairsain (Ramganga),Uttarakhand,5,Uttarakhand,47,Chamoli,-,-,-,-,-,-,-,-,-,30.045,79.2855,0.5,0.5,20.5,,321.5,,27.75,45.95,47.0,,,,283.25,313.55,321.525,10.0,20.0,,70.0,,,PARTIAL,PARTIAL,False,NORMAL
2026-07-22 06:00:00,2492,2492,Gairsain (Ramganga),Uttarakhand,5,Uttarakhand,47,Chamoli,-,-,-,-,-,-,-,-,-,30.045,79.2855,0.5,0.5,20.5,,322.0,,27.75,45.95,47.0,,,,283.25,313.55,321.525,10.0,20.0,,90.0,,,PARTIAL,PARTIAL,False,NORMAL
2026-07-22 07:00:00,2493,2493,Gairsain (Ramganga),Uttarakhand,5,Uttarakhand,47,Chamoli,-,-,-,-,-,-,-,-,-,30.045,79.2855,0.5,0.5,13.5,,322.5,,27.75,45.95,47.0,,,,283.25,313.55,321.525,10.0,20.0,,90.0,,,PARTIAL,PARTIAL,False,NORMAL
2026-07-23 16:00:00,2494,2494,Gairsain (Ramganga),Uttarakhand,5,Uttarakhand,47,Chamoli,-,-,-,-,-,-,-,-,-,30.045,79.2855,2.5,2.5,,,294.0,,27.75,45.95,47.0,,,,283.25,313.55,321.525,10.0,,,45.0,,,PARTIAL,PARTIAL,False,NORMAL
2026-07-23 20:00:00,2495,2495,Gairsain (Ramganga),Uttarakhand,5,Uttarakhand,47,Chamoli,-,-,-,-,-,-,-,-,-,30.045,79.2855,1.5,1.5,,,296.5,,27.75,45.95,47.0,,,,283.25,313.55,321.525,10.0,,,45.0,,,PARTIAL,PARTIAL,False,NORMAL
2026-07-23 21:00:00,2496,2496,Gairsain (Ramganga),Uttarakhand,5,Uttarakhand,47,Chamoli,-,-,-,-,-,-,-,-,-,30.045,79.2855,12.5,12.5,,,298.0,,27.75,45.95,47.0,,,,283.25,313.55,321.525,40.0,,,45.0,,,PARTIAL,PARTIAL,False,NORMAL
2026-07-24 00:00:00,2497,2497,Gairsain (Ramganga),Uttarakhand,5,Uttarakhand,47,Chamoli,-,-,-,-,-,-,-,-,-,30.045,79.2855,0.5,0.5,,,309.0,,27.75,45.95,47.0,,,,283.25,313.55,321.525,10.0,,,45.0,,,PARTIAL,PARTIAL,False,NORMAL
2026-07-24 01:00:00,2498,2498,Gairsain (Ramganga),Uttarakhand,5,Uttarakhand,47,Chamoli,-,-,-,-,-,-,-,-,-,30.045,79.2855,0.5,0.5,,,307.5,,27.75,45.95,47.0,,,,283.25,313.55,321.525,10.0,,,45.0,,,PARTIAL,PARTIAL,False,NORMAL
2026-07-24 04:00:00,2499,2499,Gairsain (Ramganga),Uttarakhand,5,Uttarakhand,47,Chamoli,-,-,-,-,-,-,-,-,-,30.045,79.2855,0.5,0.5,,,292.5,,27.75,45.95,47.0,,,,283.25,313.55,321.525,10.0,,,45.0,,,PARTIAL,PARTIAL,False,NORMAL
2026-07-24 19:00:00,2500,2500,Gairsain (Ramganga),Uttarakhand,5,Uttarakhand,47,Chamoli,-,-,-,-,-,-,-,-,-,30.045,79.2855,0.5,0.5,,,263.5,,27.75,45.95,47.0,,,,283.25,313.55,321.525,10.0,,,15.0,,,PARTIAL,PARTIAL,False,NORMAL
2026-07-24 20:00:00,2501,2501,Gairsain (Ramganga),Uttarakhand,5,Uttarakhand,47,Chamoli,-,-,-,-,-,-,-,-,-,30.045,79.2855,8.0,8.0,,,264.0,,27.75,45.95,47.0,,,,283.25,313.55,321.525,10.0,,,15.0,,,PARTIAL,PARTIAL,False,NORMAL
2026-07-24 21:00:00,2502,2502,Gairsain (Ramganga),Uttarakhand,5,Uttarakhand,47,Chamoli,-,-,-,-,-,-,-,-,-,30.045,79.2855,0.5,0.5,,,272.0,,27.75,45.95,47.0,,,,283.25,313.55,321.525,10.0,,,15.0,,,PARTIAL,PARTIAL,False,NORMAL
2026-07-25 10:00:00,2503,2503,Gairsain (Ramganga),Uttarakhand,5,Uttarakhand,47,Chamoli,-,-,-,-,-,-,-,-,-,30.045,79.2855,1.0,1.0,,,272.5,,27.75,45.95,47.0,,,,283.25,313.55,321.525,10.0,,,15.0,,,PARTIAL,PARTIAL,False,NORMAL
2026-07-27 14:00:00,2504,2504,Gairsain (Ramganga),Uttarakhand,5,Uttarakhand,47,Chamoli,-,-,-,-,-,-,-,-,-,30.045,79.2855,0.5,0.5,,,205.0,,27.75,45.95,47.0,,,,283.25,313.55,321.525,10.0,,,15.0,,,PARTIAL,PARTIAL,False,NORMAL
2026-07-27 18:00:00,2505,2505,Gairsain (Ramganga),Uttarakhand,5,Uttarakhand,47,Chamoli,-,-,-,-,-,-,-,-,-,30.045,79.2855,3.0,3.0,,,205.5,,27.75,45.95,47.0,,,,283.25,313.55,321.525,10.0,,,15.0,,,PARTIAL,PARTIAL,False,NORMAL
2026-07-27 19:00:00,2506,2506,Gairsain (Ramganga),Uttarakhand,5,Uttarakhand,47,Chamoli,-,-,-,-,-,-,-,-,-,30.045,79.2855,3.5,3.5,,,208.5,,27.75,45.95,47.0,,,,283.25,313.55,321.525,10.0,,,15.0,,,PARTIAL,PARTIAL,False,NORMAL
2026-07-27 20:00:00,2507,2507,Gairsain (Ramganga),Uttarakhand,5,Uttarakhand,47,Chamoli,-,-,-,-,-,-,-,-,-,30.045,79.2855,3.0,3.0,,,212.0,,27.75,45.95,47.0,,,,283.25,313.55,321.525,10.0,,,15.0,,,PARTIAL,PARTIAL,False,NORMAL
2026-07-27 21:00:00,2508,2508,Gairsain (Ramganga),Uttarakhand,5,Uttarakhand,47,Chamoli,-,-,-,-,-,-,-,-,-,30.045,79.2855,1.0,1.0,,,215.0,,27.75,45.95,47.0,,,,283.25,313.55,321.525,10.0,,,15.0,,,PARTIAL,PARTIAL,False,NORMAL
2026-07-27 22:00:00,2509,2509,Gairsain (Ramganga),Uttarakhand,5,Uttarakhand,47,Chamoli,-,-,-,-,-,-,-,-,-,30.045,79.2855,1.0,1.0,,,216.0,,27.75,45.95,47.0,,,,283.25,313.55,321.525,10.0,,,15.0,,,PARTIAL,PARTIAL,False,NORMAL
2026-07-28 11:00:00,2510,2510,Gairsain (Ramganga),Uttarakhand,5,Uttarakhand,47,Chamoli,-,-,-,-,-,-,-,-,-,30.045,79.2855,1.0,1.0,,,217.0,,27.75,45.95,47.0,,,,283.25,313.55,321.525,10.0,,,15.0,,,PARTIAL,PARTIAL,False,NORMAL
2026-07-30 05:00:00,2511,2511,Gairsain (Ramganga),Uttarakhand,5,Uttarakhand,47,Chamoli,-,-,-,-,-,-,-,-,-,30.045,79.2855,3.5,3.5,,,182.0,,27.75,45.95,47.0,,,,283.25,313.55,321.525,10.0,,,15.0,,,PARTIAL,PARTIAL,False,NORMAL
2026-07-30 06:00:00,2512,2512,Gairsain (Ramganga),Uttarakhand,5,Uttarakhand,47,Chamoli,-,-,-,-,-,-,-,-,-,30.045,79.2855,12.5,12.5,,,185.5,,27.75,45.95,47.0,,,,283.25,313.55,321.525,40.0,,,15.0,,,PARTIAL,PARTIAL,False,NORMAL
2026-07-30 07:00:00,2513,2513,Gairsain (Ramganga),Uttarakhand,5,Uttarakhand,47,Chamoli,-,-,-,-,-,-,-,-,-,30.045,79.2855,8.5,8.5,,,198.0,,27.75,45.95,47.0,,,,283.25,313.55,321.525,10.0,,,15.0,,,PARTIAL,PARTIAL,False,NORMAL
2026-07-30 08:00:00,2514,2514,Gairsain (Ramganga),Uttarakhand,5,Uttarakhand,47,Chamoli,-,-,-,-,-,-,-,-,-,30.045,79.2855,5.0,5.0,,,206.5,,27.75,45.95,47.0,,,,283.25,313.55,321.525,10.0,,,15.0,,,PARTIAL,PARTIAL,False,NORMAL
2026-07-30 09:00:00,2515,2515,Gairsain (Ramganga),Uttarakhand,5,Uttarakhand,47,Chamoli,-,-,-,-,-,-,-,-,-,30.045,79.2855,1.0,1.0,,,211.5,,27.75,45.95,47.0,,,,283.25,313.55,321.525,10.0,,,15.0,,,PARTIAL,PARTIAL,False,NORMAL
2026-07-30 14:00:00,2516,2516,Gairsain (Ramganga),Uttarakhand,5,Uttarakhand,47,Chamoli,-,-,-,-,-,-,-,-,-,30.045,79.2855,0.5,0.5,,,212.5,,27.75,45.95,47.0,,,,283.25,313.55,321.525,10.0,,,15.0,,,PARTIAL,PARTIAL,False,NORMAL
2026-07-30 15:00:00,2517,2517,Gairsain (Ramganga),Uttarakhand,5,Uttarakhand,47,Chamoli,-,-,-,-,-,-,-,-,-,30.045,79.2855,2.5,2.5,,,213.0,,27.75,45.95,47.0,,,,283.25,313.55,321.525,10.0,,,15.0,,,PARTIAL,PARTIAL,False,NORMAL
2026-07-30 16:00:00,2518,2518,Gairsain (Ramganga),Uttarakhand,5,Uttarakhand,47,Chamoli,-,-,-,-,-,-,-,-,-,30.045,79.2855,3.5,3.5,,,215.5,,27.75,45.95,47.0,,,,283.25,313.55,321.525,10.0,,,15.0,,,PARTIAL,PARTIAL,False,NORMAL
2026-07-31 17:00:00,2519,2519,Gairsain (Ramganga),Uttarakhand,5,Uttarakhand,47,Chamoli,-,-,-,-,-,-,-,-,-,30.045,79.2855,1.0,1.0,,,199.5,,27.75,45.95,47.0,,,,283.25,313.55,321.525,10.0,,,15.0,,,PARTIAL,PARTIAL,False,NORMAL
2026-08-01 05:00:00,2520,2520,Gairsain (Ramganga),Uttarakhand,5,Uttarakhand,47,Chamoli,-,-,-,-,-,-,-,-,-,30.045,79.2855,0.5,0.5,,,199.0,,27.75,45.95,47.0,,,,283.25,313.55,321.525,10.0,,,15.0,,,PARTIAL,PARTIAL,False,NORMAL
2026-08-01 22:00:00,2521,2521,Gairsain (Ramganga),Uttarakhand,5,Uttarakhand,47,Chamoli,-,-,-,-,-,-,-,-,-,30.045,79.2855,6.5,6.5,,,199.5,,27.75,45.95,47.0,,,,283.25,313.55,321.525,10.0,,,15.0,,,PARTIAL,PARTIAL,False,NORMAL
2026-08-01 23:00:00,2522,2522,Gairsain (Ramganga),Uttarakhand,5,Uttarakhand,47,Chamoli,-,-,-,-,-,-,-,-,-,30.045,79.2855,26.5,26.5,,,206.0,,27.75,45.95,47.0,,,,283.25,313.55,321.525,40.0,,,15.0,,,PARTIAL,PARTIAL,False,NORMAL
2026-08-02 00:00:00,2523,2523,Gairsain (Ramganga),Uttarakhand,5,Uttarakhand,47,Chamoli,-,-,-,-,-,-,-,-,-,30.045,79.2855,14.5,14.5,,,232.5,,27.75,45.95,47.0,,,,283.25,313.55,321.525,40.0,,,15.0,,,PARTIAL,PARTIAL,False,NORMAL
2026-08-02 01:00:00,2524,2524,Gairsain (Ramganga),Uttarakhand,5,Uttarakhand,47,Chamoli,-,-,-,-,-,-,-,-,-,30.045,79.2855,4.5,4.5,,,247.0,,27.75,45.95,47.0,,,,283.25,313.55,321.525,10.0,,,15.0,,,PARTIAL,PARTIAL,False,NORMAL
2026-08-02 02:00:00,2525,2525,Gairsain (Ramganga),Uttarakhand,5,Uttarakhand,47,Chamoli,-,-,-,-,-,-,-,-,-,30.045,79.2855,10.0,10.0,,,251.5,,27.75,45.95,47.0,,,,283.25,313.55,321.525,40.0,,,15.0,,,PARTIAL,PARTIAL,False,NORMAL
2026-08-02 03:00:00,2526,2526,Gairsain (Ramganga),Uttarakhand,5,Uttarakhand,47,Chamoli,-,-,-,-,-,-,-,-,-,30.045,79.2855,2.0,2.0,64.0,,261.5,,27.75,45.95,47.0,,,,283.25,313.55,321.525,10.0,95.0,,15.0,,,PARTIAL,PARTIAL,False,NORMAL
2026-08-02 20:00:00,2527,2527,Gairsain (Ramganga),Uttarakhand,5,Uttarakhand,47,Chamoli,-,-,-,-,-,-,-,-,-,30.045,79.2855,1.0,1.0,,,263.5,,27.75,45.95,47.0,,,,283.25,313.55,321.525,10.0,,,15.0,,,PARTIAL,PARTIAL,False,NORMAL
2026-08-02 21:00:00,2528,2528,Gairsain (Ramganga),Uttarakhand,5,Uttarakhand,47,Chamoli,-,-,-,-,-,-,-,-,-,30.045,79.2855,8.0,8.0,,,264.5,,27.75,45.95,47.0,,,,283.25,313.55,321.525,10.0,,,15.0,,,PARTIAL,PARTIAL,False,NORMAL
2026-08-02 22:00:00,2529,2529,Gairsain (Ramganga),Uttarakhand,5,Uttarakhand,47,Chamoli,-,-,-,-,-,-,-,-,-,30.045,79.2855,6.0,6.0,,,272.5,,27.75,45.95,47.0,,,,283.25,313.55,321.525,10.0,,,15.0,,,PARTIAL,PARTIAL,False,NORMAL
2026-08-02 23:00:00,2530,2530,Gairsain (Ramganga),Uttarakhand,5,Uttarakhand,47,Chamoli,-,-,-,-,-,-,-,-,-,30.045,79.2855,2.0,2.0,,,277.5,,27.75,45.95,47.0,,,,283.25,313.55,321.525,10.0,,,15.0,,,PARTIAL,PARTIAL,False,NORMAL
2026-08-03 00:00:00,2531,2531,Gairsain (Ramganga),Uttarakhand,5,Uttarakhand,47,Chamoli,-,-,-,-,-,-,-,-,-,30.045,79.2855,0.5,0.5,,,279.0,,27.75,45.95,47.0,,,,283.25,313.55,321.525,10.0,,,15.0,,,PARTIAL,PARTIAL,False,NORMAL
2026-08-03 03:00:00,2532,2532,Gairsain (Ramganga),Uttarakhand,5,Uttarakhand,47,Chamoli,-,-,-,-,-,-,-,-,-,30.045,79.2855,0.5,0.5,,,276.5,,27.75,45.95,47.0,,,,283.25,313.55,321.525,10.0,,,15.0,,,PARTIAL,PARTIAL,False,NORMAL
2026-08-03 04:00:00,2533,2533,Gairsain (Ramganga),Uttarakhand,5,Uttarakhand,47,Chamoli,-,-,-,-,-,-,-,-,-,30.045,79.2855,0.5,0.5,,,277.0,,27.75,45.95,47.0,,,,283.25,313.55,321.525,10.0,,,15.0,,,PARTIAL,PARTIAL,False,NORMAL
2026-08-03 18:00:00,2534,2534,Gairsain (Ramganga),Uttarakhand,5,Uttarakhand,47,Chamoli,-,-,-,-,-,-,-,-,-,30.045,79.2855,1.5,1.5,,,276.5,26.905525793650806,27.75,45.95,47.0,,,,283.25,313.55,321.525,10.0,,,15.0,10.0,,PARTIAL,PARTIAL,False,NORMAL
2026-08-03 19:00:00,2535,2535,Gairsain (Ramganga),Uttarakhand,5,Uttarakhand,47,Chamoli,-,-,-,-,-,-,-,-,-,30.045,79.2855,4.5,4.5,,,278.0,26.68043452380953,27.75,45.95,47.0,,,,283.25,313.55,321.525,10.0,,,15.0,10.0,,PARTIAL,PARTIAL,False,NORMAL
2026-08-03 20:00:00,2536,2536,Gairsain (Ramganga),Uttarakhand,5,Uttarakhand,47,Chamoli,-,-,-,-,-,-,-,-,-,30.045,79.2855,4.5,4.5,,,282.0,26.68043452380953,27.75,45.95,47.0,,,,283.25,313.55,321.525,10.0,,,15.0,10.0,,PARTIAL,PARTIAL,False,NORMAL
2026-08-03 21:00:00,2537,2537,Gairsain (Ramganga),Uttarakhand,5,Uttarakhand,47,Chamoli,-,-,-,-,-,-,-,-,-,30.045,79.2855,3.0,3.0,,,286.5,26.64682341269842,27.75,45.95,47.0,,,,283.25,313.55,321.525,10.0,,,45.0,10.0,,PARTIAL,PARTIAL,False,NORMAL
2026-08-03 22:00:00,2538,2538,Gairsain (Ramganga),Uttarakhand,5,Uttarakhand,47,Chamoli,-,-,-,-,-,-,-,-,-,30.045,79.2855,0.5,0.5,,,288.0,27.74237301587303,27.75,45.95,47.0,,,,283.25,313.55,321.525,10.0,,,45.0,10.0,,PARTIAL,PARTIAL,False,NORMAL
2026-08-03 23:00:00,2539,2539,Gairsain (Ramganga),Uttarakhand,5,Uttarakhand,47,Chamoli,-,-,-,-,-,-,-,-,-,30.045,79.2855,1.5,1.5,15.5,,288.0,26.905525793650806,27.75,45.95,47.0,,,,283.25,313.55,321.525,10.0,20.0,,45.0,10.0,,PARTIAL,PARTIAL,False,NORMAL
2026-08-04 00:00:00,2540,2540,Gairsain (Ramganga),Uttarakhand,5,Uttarakhand,47,Chamoli,-,-,-,-,-,-,-,-,-,30.045,79.2855,3.0,3.0,17.0,,289.0,,27.75,45.95,47.0,,,,283.25,313.55,321.525,10.0,20.0,,45.0,,,PARTIAL,PARTIAL,False,NORMAL
2026-08-04 01:00:00,2541,2541,Gairsain (Ramganga),Uttarakhand,5,Uttarakhand,47,Chamoli,-,-,-,-,-,-,-,-,-,30.045,79.2855,1.0,1.0,13.5,,290.5,,27.75,45.95,47.0,,,,283.25,313.55,321.525,10.0,20.0,,45.0,,,PARTIAL,PARTIAL,False,NORMAL
2026-08-04 02:00:00,2542,2542,Gairsain (Ramganga),Uttarakhand,5,Uttarakhand,47,Chamoli,-,-,-,-,-,-,-,-,-,30.045,79.2855,1.5,1.5,10.5,,291.0,,27.75,45.95,47.0,,,,283.25,313.55,321.525,10.0,20.0,,45.0,,,PARTIAL,PARTIAL,False,NORMAL
2026-08-04 03:00:00,2543,2543,Gairsain (Ramganga),Uttarakhand,5,Uttarakhand,47,Chamoli,-,-,-,-,-,-,-,-,-,30.045,79.2855,0.5,0.5,8.0,,290.0,,27.75,45.95,47.0,,,,283.25,313.55,321.525,10.0,20.0,,45.0,,,PARTIAL,PARTIAL,False,NORMAL
2026-08-04 04:00:00,2544,2544,Gairsain (Ramganga),Uttarakhand,5,Uttarakhand,47,Chamoli,-,-,-,-,-,-,-,-,-,30.045,79.2855,0.5,0.5,8.0,,262.0,,27.75,45.95,47.0,,,,283.25,313.55,321.525,10.0,20.0,,15.0,,,PARTIAL,PARTIAL,False,NORMAL
2026-08-04 05:00:00,2545,2545,Gairsain (Ramganga),Uttarakhand,5,Uttarakhand,47,Chamoli,-,-,-,-,-,-,-,-,-,30.045,79.2855,1.5,1.5,8.0,,250.5,,27.75,45.95,47.0,,,,283.25,313.55,321.525,10.0,20.0,,15.0,,,PARTIAL,PARTIAL,False,NORMAL
2026-08-04 08:00:00,2546,2546,Gairsain (Ramganga),Uttarakhand,5,Uttarakhand,47,Chamoli,-,-,-,-,-,-,-,-,-,30.045,79.2855,1.0,1.0,,,248.5,,27.75,45.95,47.0,,,,283.25,313.55,321.525,10.0,,,15.0,,,PARTIAL,PARTIAL,False,NORMAL
2026-08-04 09:00:00,2547,2547,Gairsain (Ramganga),Uttarakhand,5,Uttarakhand,47,Chamoli,-,-,-,-,-,-,-,-,-,30.045,79.2855,3.5,3.5,,,249.5,,27.75,45.95,47.0,,,,283.25,313.55,321.525,10.0,,,15.0,,,PARTIAL,PARTIAL,False,NORMAL
2026-08-04 10:00:00,2548,2548,Gairsain (Ramganga),Uttarakhand,5,Uttarakhand,47,Chamoli,-,-,-,-,-,-,-,-,-,30.045,79.2855,0.5,0.5,,,253.0,,27.75,45.95,47.0,,,,283.25,313.55,321.525,10.0,,,15.0,,,PARTIAL,PARTIAL,False,NORMAL
2026-08-04 11:00:00,2549,2549,Gairsain (Ramganga),Uttarakhand,5,Uttarakhand,47,Chamoli,-,-,-,-,-,-,-,-,-,30.045,79.2855,1.5,1.5,,,253.5,,27.75,45.95,47.0,,,,283.25,313.55,321.525,10.0,,,15.0,,,PARTIAL,PARTIAL,False,NORMAL
2026-08-04 12:00:00,2550,2550,Gairsain (Ramganga),Uttarakhand,5,Uttarakhand,47,Chamoli,-,-,-,-,-,-,-,-,-,30.045,79.2855,1.0,1.0,,,255.0,,27.75,45.95,47.0,,,,283.25,313.55,321.525,10.0,,,15.0,,,PARTIAL,PARTIAL,False,NORMAL
2026-08-04 16:00:00,2551,2551,Gairsain (Ramganga),Uttarakhand,5,Uttarakhand,47,Chamoli,-,-,-,-,-,-,-,-,-,30.045,79.2855,17.0,17.0,,,256.0,,27.75,45.95,47.0,,,,283.25,313.55,321.525,40.0,,,15.0,,,PARTIAL,PARTIAL,False,NORMAL
2026-08-04 17:00:00,2552,2552,Gairsain (Ramganga),Uttarakhand,5,Uttarakhand,47,Chamoli,-,-,-,-,-,-,-,-,-,30.045,79.2855,9.0,9.0,,,273.0,,27.75,45.95,47.0,,,,283.25,313.55,321.525,10.0,,,15.0,,,PARTIAL,PARTIAL,False,NORMAL
2026-08-05 15:00:00,2553,2553,Gairsain (Ramganga),Uttarakhand,5,Uttarakhand,47,Chamoli,-,-,-,-,-,-,-,-,-,30.045,79.2855,1.0,1.0,,,241.0,,27.75,45.95,47.0,,,,283.25,313.55,321.525,10.0,,,15.0,,,PARTIAL,PARTIAL,False,NORMAL
2026-08-05 16:00:00,2554,2554,Gairsain (Ramganga),Uttarakhand,5,Uttarakhand,47,Chamoli,-,-,-,-,-,-,-,-,-,30.045,79.2855,32.0,32.0,,,242.0,,27.75,45.95,47.0,,,,283.25,313.55,321.525,70.0,,,15.0,,,PARTIAL,PARTIAL,False,NORMAL
2026-08-05 17:00:00,2555,2555,Gairsain (Ramganga),Uttarakhand,5,Uttarakhand,47,Chamoli,-,-,-,-,-,-,-,-,-,30.045,79.2855,0.5,0.5,,,274.0,,27.75,45.95,47.0,,,,283.25,313.55,321.525,10.0,,,15.0,,,PARTIAL,PARTIAL,False,NORMAL
2026-08-05 18:00:00,2556,2556,Gairsain (Ramganga),Uttarakhand,5,Uttarakhand,47,Chamoli,-,-,-,-,-,-,-,-,-,30.045,79.2855,1.5,1.5,,,274.5,,27.75,45.95,47.0,,,,283.25,313.55,321.525,10.0,,,15.0,,,PARTIAL,PARTIAL,False,NORMAL
2026-08-05 19:00:00,2557,2557,Gairsain (Ramganga),Uttarakhand,5,Uttarakhand,47,Chamoli,-,-,-,-,-,-,-,-,-,30.045,79.2855,5.0,5.0,,,276.0,,27.75,45.95,47.0,,,,283.25,313.55,321.525,10.0,,,15.0,,,PARTIAL,PARTIAL,False,NORMAL
2026-08-05 23:00:00,2558,2558,Gairsain (Ramganga),Uttarakhand,5,Uttarakhand,47,Chamoli,-,-,-,-,-,-,-,-,-,30.045,79.2855,6.0,6.0,,,281.0,,27.75,45.95,47.0,,,,283.25,313.55,321.525,10.0,,,15.0,,,PARTIAL,PARTIAL,False,NORMAL
2026-08-06 00:00:00,2559,2559,Gairsain (Ramganga),Uttarakhand,5,Uttarakhand,47,Chamoli,-,-,-,-,-,-,-,-,-,30.045,79.2855,2.0,2.0,,,286.5,,27.75,45.95,47.0,,,,283.25,313.55,321.525,10.0,,,45.0,,,PARTIAL,PARTIAL,False,NORMAL
2026-08-06 01:00:00,2560,2560,Gairsain (Ramganga),Uttarakhand,5,Uttarakhand,47,Chamoli,-,-,-,-,-,-,-,-,-,30.045,79.2855,3.5,3.5,,,288.0,,27.75,45.95,47.0,,,,283.25,313.55,321.525,10.0,,,45.0,,,PARTIAL,PARTIAL,False,NORMAL
2026-08-06 02:00:00,2561,2561,Gairsain (Ramganga),Uttarakhand,5,Uttarakhand,47,Chamoli,-,-,-,-,-,-,-,-,-,30.045,79.2855,11.5,11.5,,,284.0,,27.75,45.95,47.0,,,,283.25,313.55,321.525,40.0,,,45.0,,,PARTIAL,PARTIAL,False,NORMAL
2026-08-06 03:00:00,2562,2562,Gairsain (Ramganga),Uttarakhand,5,Uttarakhand,47,Chamoli,-,-,-,-,-,-,-,-,-,30.045,79.2855,9.5,9.5,,,290.0,,27.75,45.95,47.0,,,,283.25,313.55,321.525,10.0,,,45.0,,,PARTIAL,PARTIAL,False,NORMAL
2026-08-06 05:00:00,2563,2563,Gairsain (Ramganga),Uttarakhand,5,Uttarakhand,47,Chamoli,-,-,-,-,-,-,-,-,-,30.045,79.2855,13.5,13.5,,,293.0,,27.75,45.95,47.0,,,,283.25,313.55,321.525,40.0,,,45.0,,,PARTIAL,PARTIAL,False,NORMAL
2026-08-06 06:00:00,2564,2564,Gairsain (Ramganga),Uttarakhand,5,Uttarakhand,47,Chamoli,-,-,-,-,-,-,-,-,-,30.045,79.2855,12.5,12.5,,,306.0,,27.75,45.95,47.0,,,,283.25,313.55,321.525,40.0,,,45.0,,,PARTIAL,PARTIAL,False,NORMAL
2026-08-06 07:00:00,2565,2565,Gairsain (Ramganga),Uttarakhand,5,Uttarakhand,47,Chamoli,-,-,-,-,-,-,-,-,-,30.045,79.2855,0.5,0.5,,,318.0,,27.75,45.95,47.0,,,,283.25,313.55,321.525,10.0,,,70.0,,,PARTIAL,PARTIAL,False,NORMAL
2026-08-07 16:00:00,2566,2566,Gairsain (Ramganga),Uttarakhand,5,Uttarakhand,47,Chamoli,-,-,-,-,-,-,-,-,-,30.045,79.2855,1.0,1.0,,,318.0,,27.75,45.95,47.0,,,,283.25,313.55,321.525,10.0,,,70.0,,,PARTIAL,PARTIAL,False,NORMAL
2026-08-07 18:00:00,2567,2567,Gairsain (Ramganga),Uttarakhand,5,Uttarakhand,47,Chamoli,-,-,-,-,-,-,-,-,-,30.045,79.2855,1.0,1.0,,,319.0,,27.75,45.95,47.0,,,,283.25,313.55,321.525,10.0,,,70.0,,,PARTIAL,PARTIAL,False,NORMAL
2026-08-07 19:00:00,2568,2568,Gairsain (Ramganga),Uttarakhand,5,Uttarakhand,47,Chamoli,-,-,-,-,-,-,-,-,-,30.045,79.2855,0.5,0.5,,,320.0,,27.75,45.95,47.0,,,,283.25,313.55,321.525,10.0,,,70.0,,,PARTIAL,PARTIAL,False,NORMAL
2026-08-07 20:00:00,2569,2569,Gairsain (Ramganga),Uttarakhand,5,Uttarakhand,47,Chamoli,-,-,-,-,-,-,-,-,-,30.045,79.2855,4.0,4.0,,,318.0,,27.75,45.95,47.0,,,,283.25,313.55,321.525,10.0,,,70.0,,,PARTIAL,PARTIAL,False,NORMAL
2026-08-09 22:00:00,2570,2570,Gairsain (Ramganga),Uttarakhand,5,Uttarakhand,47,Chamoli,-,-,-,-,-,-,-,-,-,30.045,79.2855,4.5,4.5,,,297.5,,27.75,45.95,47.0,,,,283.25,313.55,321.525,10.0,,,45.0,,,PARTIAL,PARTIAL,False,NORMAL
2026-08-09 23:00:00,2571,2571,Gairsain (Ramganga),Uttarakhand,5,Uttarakhand,47,Chamoli,-,-,-,-,-,-,-,-,-,30.045,79.2855,10.5,10.5,,,302.0,,27.75,45.95,47.0,,,,283.25,313.55,321.525,40.0,,,45.0,,,PARTIAL,PARTIAL,False,NORMAL
2026-08-10 00:00:00,2572,2572,Gairsain (Ramganga),Uttarakhand,5,Uttarakhand,47,Chamoli,-,-,-,-,-,-,-,-,-,30.045,79.2855,0.5,0.5,,,312.5,,27.75,45.95,47.0,,,,283.25,313.55,321.525,10.0,,,45.0,,,PARTIAL,PARTIAL,False,NORMAL
2026-08-10 01:00:00,2573,2573,Gairsain (Ramganga),Uttarakhand,5,Uttarakhand,47,Chamoli,-,-,-,-,-,-,-,-,-,30.045,79.2855,0.5,0.5,,,313.0,,27.75,45.95,47.0,,,,283.25,313.55,321.525,10.0,,,45.0,,,PARTIAL,PARTIAL,False,NORMAL
2026-08-10 02:00:00,2574,2574,Gairsain (Ramganga),Uttarakhand,5,Uttarakhand,47,Chamoli,-,-,-,-,-,-,-,-,-,30.045,79.2855,0.5,0.5,,,313.5,,27.75,45.95,47.0,,,,283.25,313.55,321.525,10.0,,,45.0,,,PARTIAL,PARTIAL,False,NORMAL
2026-08-10 03:00:00,2575,2575,Gairsain (Ramganga),Uttarakhand,5,Uttarakhand,47,Chamoli,-,-,-,-,-,-,-,-,-,30.045,79.2855,1.5,1.5,18.0,,314.0,,27.75,45.95,47.0,,,,283.25,313.55,321.525,10.0,20.0,,70.0,,,PARTIAL,PARTIAL,False,NORMAL
2026-08-10 15:00:00,2576,2576,Gairsain (Ramganga),Uttarakhand,5,Uttarakhand,47,Chamoli,-,-,-,-,-,-,-,-,-,30.045,79.2855,1.0,1.0,,,315.5,,27.75,45.95,47.0,,,,283.25,313.55,321.525,10.0,,,70.0,,,PARTIAL,PARTIAL,False,NORMAL
2026-08-10 16:00:00,2577,2577,Gairsain (Ramganga),Uttarakhand,5,Uttarakhand,47,Chamoli,-,-,-,-,-,-,-,-,-,30.045,79.2855,0.5,0.5,,,316.5,,27.75,45.95,47.0,,,,283.25,313.55,321.525,10.0,,,70.0,,,PARTIAL,PARTIAL,False,NORMAL
2026-08-10 19:00:00,2578,2578,Gairsain (Ramganga),Uttarakhand,5,Uttarakhand,47,Chamoli,-,-,-,-,-,-,-,-,-,30.045,79.2855,0.5,0.5,,,317.0,,27.75,45.95,47.0,,,,283.25,313.55,321.525,10.0,,,70.0,,,PARTIAL,PARTIAL,False,NORMAL
2026-08-10 20:00:00,2579,2579,Gairsain (Ramganga),Uttarakhand,5,Uttarakhand,47,Chamoli,-,-,-,-,-,-,-,-,-,30.045,79.2855,1.0,1.0,,,317.5,,27.75,45.95,47.0,,,,283.25,313.55,321.525,10.0,,,70.0,,,PARTIAL,PARTIAL,False,NORMAL
2026-08-10 21:00:00,2580,2580,Gairsain (Ramganga),Uttarakhand,5,Uttarakhand,47,Chamoli,-,-,-,-,-,-,-,-,-,30.045,79.2855,0.5,0.5,,,318.5,,27.75,45.95,47.0,,,,283.25,313.55,321.525,10.0,,,70.0,,,PARTIAL,PARTIAL,False,NORMAL
2026-08-11 07:00:00,2581,2581,Gairsain (Ramganga),Uttarakhand,5,Uttarakhand,47,Chamoli,-,-,-,-,-,-,-,-,-,30.045,79.2855,1.5,1.5,,,319.0,,27.75,45.95,47.0,,,,283.25,313.55,321.525,10.0,,,70.0,,,PARTIAL,PARTIAL,False,NORMAL
2026-08-14 14:00:00,2582,2582,Gairsain (Ramganga),Uttarakhand,5,Uttarakhand,47,Chamoli,-,-,-,-,-,-,-,-,-,30.045,79.2855,7.5,7.5,,,276.0,,27.75,45.95,47.0,,,,283.25,313.55,321.525,10.0,,,15.0,,,PARTIAL,PARTIAL,False,NORMAL
2026-08-14 15:00:00,2583,2583,Gairsain (Ramganga),Uttarakhand,5,Uttarakhand,47,Chamoli,-,-,-,-,-,-,-,-,-,30.045,79.2855,2.5,2.5,,,283.0,,27.75,45.95,47.0,,,,283.25,313.55,321.525,10.0,,,15.0,,,PARTIAL,PARTIAL,False,NORMAL
2026-08-14 16:00:00,2584,2584,Gairsain (Ramganga),Uttarakhand,5,Uttarakhand,47,Chamoli,-,-,-,-,-,-,-,-,-,30.045,79.2855,7.5,7.5,,,283.0,,27.75,45.95,47.0,,,,283.25,313.55,321.525,10.0,,,15.0,,,PARTIAL,PARTIAL,False,NORMAL
2026-08-14 17:00:00,2585,2585,Gairsain (Ramganga),Uttarakhand,5,Uttarakhand,47,Chamoli,-,-,-,-,-,-,-,-,-,30.045,79.2855,2.0,2.0,,,290.5,,27.75,45.95,47.0,,,,283.25,313.55,321.525,10.0,,,45.0,,,PARTIAL,PARTIAL,False,NORMAL
2026-08-15 06:00:00,2586,2586,Gairsain (Ramganga),Uttarakhand,5,Uttarakhand,47,Chamoli,-,-,-,-,-,-,-,-,-,30.045,79.2855,9.5,9.5,,,292.5,,27.75,45.95,47.0,,,,283.25,313.55,321.525,10.0,,,45.0,,,PARTIAL,PARTIAL,False,NORMAL
2026-08-15 07:00:00,2587,2587,Gairsain (Ramganga),Uttarakhand,5,Uttarakhand,47,Chamoli,-,-,-,-,-,-,-,-,-,30.045,79.2855,24.5,24.5,,,302.0,,27.75,45.95,47.0,,,,283.25,313.55,321.525,40.0,,,45.0,,,PARTIAL,PARTIAL,False,NORMAL
2026-08-15 08:00:00,2588,2588,Gairsain (Ramganga),Uttarakhand,5,Uttarakhand,47,Chamoli,-,-,-,-,-,-,-,-,-,30.045,79.2855,12.5,12.5,,,326.5,,27.75,45.95,47.0,,,,283.25,313.55,321.525,40.0,,,90.0,,,PARTIAL,PARTIAL,False,NORMAL
2026-08-15 09:00:00,2589,2589,Gairsain (Ramganga),Uttarakhand,5,Uttarakhand,47,Chamoli,-,-,-,-,-,-,-,-,-,30.045,79.2855,0.5,0.5,,,339.0,,27.75,45.95,47.0,,,,283.25,313.55,321.525,10.0,,,90.0,,,PARTIAL,PARTIAL,False,NORMAL
2026-08-15 23:00:00,2590,2590,Gairsain (Ramganga),Uttarakhand,5,Uttarakhand,47,Chamoli,-,-,-,-,-,-,-,-,-,30.045,79.2855,16.0,16.0,,,336.0,,27.75,45.95,47.0,,,,283.25,313.55,321.525,40.0,,,90.0,,,PARTIAL,PARTIAL,False,NORMAL
2026-08-16 00:00:00,2591,2591,Gairsain (Ramganga),Uttarakhand,5,Uttarakhand,47,Chamoli,-,-,-,-,-,-,-,-,-,30.045,79.2855,2.5,2.5,,,352.0,,27.75,45.95,47.0,,,,283.25,313.55,321.525,10.0,,,90.0,,,PARTIAL,PARTIAL,False,NORMAL
2026-08-16 15:00:00,2592,2592,Gairsain (Ramganga),Uttarakhand,5,Uttarakhand,47,Chamoli,-,-,-,-,-,-,-,-,-,30.045,79.2855,2.5,2.5,,,353.5,,27.75,45.95,47.0,,,,283.25,313.55,321.525,10.0,,,90.0,,,PARTIAL,PARTIAL,False,NORMAL
2026-08-16 16:00:00,2593,2593,Gairsain (Ramganga),Uttarakhand,5,Uttarakhand,47,Chamoli,-,-,-,-,-,-,-,-,-,30.045,79.2855,3.0,3.0,,,356.0,,27.75,45.95,47.0,,,,283.25,313.55,321.525,10.0,,,90.0,,,PARTIAL,PARTIAL,False,NORMAL
2026-08-16 18:00:00,2594,2594,Gairsain (Ramganga),Uttarakhand,5,Uttarakhand,47,Chamoli,-,-,-,-,-,-,-,-,-,30.045,79.2855,0.5,0.5,,,359.0,,27.75,45.95,47.0,,,,283.25,313.55,321.525,10.0,,,90.0,,,PARTIAL,PARTIAL,False,NORMAL
2026-08-16 19:00:00,2595,2595,Gairsain (Ramganga),Uttarakhand,5,Uttarakhand,47,Chamoli,-,-,-,-,-,-,-,-,-,30.045,79.2855,4.5,4.5,,,359.5,,27.75,45.95,47.0,,,,283.25,313.55,321.525,10.0,,,90.0,,,PARTIAL,PARTIAL,False,NORMAL
2026-08-16 20:00:00,2596,2596,Gairsain (Ramganga),Uttarakhand,5,Uttarakhand,47,Chamoli,-,-,-,-,-,-,-,-,-,30.045,79.2855,2.5,2.5,,,364.0,,27.75,45.95,47.0,,,,283.25,313.55,321.525,10.0,,,90.0,,,PARTIAL,PARTIAL,False,NORMAL
2026-08-16 22:00:00,2597,2597,Gairsain (Ramganga),Uttarakhand,5,Uttarakhand,47,Chamoli,-,-,-,-,-,-,-,-,-,30.045,79.2855,0.5,0.5,,,366.0,,27.75,45.95,47.0,,,,283.25,313.55,321.525,10.0,,,90.0,,,PARTIAL,PARTIAL,False,NORMAL
2026-08-17 03:00:00,2598,2598,Gairsain (Ramganga),Uttarakhand,5,Uttarakhand,47,Chamoli,-,-,-,-,-,-,-,-,-,30.045,79.2855,1.0,1.0,,,304.5,,27.75,45.95,47.0,,,,283.25,313.55,321.525,10.0,,,45.0,,,PARTIAL,PARTIAL,False,NORMAL
2026-08-17 04:00:00,2599,2599,Gairsain (Ramganga),Uttarakhand,5,Uttarakhand,47,Chamoli,-,-,-,-,-,-,-,-,-,30.045,79.2855,1.5,1.5,,,305.5,,27.75,45.95,47.0,,,,283.25,313.55,321.525,10.0,,,45.0,,,PARTIAL,PARTIAL,False,NORMAL
2026-08-17 07:00:00,2600,2600,Gairsain (Ramganga),Uttarakhand,5,Uttarakhand,47,Chamoli,-,-,-,-,-,-,-,-,-,30.045,79.2855,5.0,5.0,,,307.0,,27.75,45.95,47.0,,,,283.25,313.55,321.525,10.0,,,45.0,,,PARTIAL,PARTIAL,False,NORMAL
2026-08-17 08:00:00,2601,2601,Gairsain (Ramganga),Uttarakhand,5,Uttarakhand,47,Chamoli,-,-,-,-,-,-,-,-,-,30.045,79.2855,14.0,14.0,,,312.0,,27.75,45.95,47.0,,,,283.25,313.55,321.525,40.0,,,45.0,,,PARTIAL,PARTIAL,False,NORMAL
2026-08-17 09:00:00,2602,2602,Gairsain (Ramganga),Uttarakhand,5,Uttarakhand,47,Chamoli,-,-,-,-,-,-,-,-,-,30.045,79.2855,1.5,1.5,,,326.0,,27.75,45.95,47.0,,,,283.25,313.55,321.525,10.0,,,90.0,,,PARTIAL,PARTIAL,False,NORMAL
2026-08-17 10:00:00,2603,2603,Gairsain (Ramganga),Uttarakhand,5,Uttarakhand,47,Chamoli,-,-,-,-,-,-,-,-,-,30.045,79.2855,2.5,2.5,,,327.5,,27.75,45.95,47.0,,,,283.25,313.55,321.525,10.0,,,90.0,,,PARTIAL,PARTIAL,False,NORMAL
2026-08-17 11:00:00,2604,2604,Gairsain (Ramganga),Uttarakhand,5,Uttarakhand,47,Chamoli,-,-,-,-,-,-,-,-,-,30.045,79.2855,3.0,3.0,,,330.0,,27.75,45.95,47.0,,,,283.25,313.55,321.525,10.0,,,90.0,,,PARTIAL,PARTIAL,False,NORMAL
2026-08-19 01:00:00,2605,2605,Gairsain (Ramganga),Uttarakhand,5,Uttarakhand,47,Chamoli,-,-,-,-,-,-,-,-,-,30.045,79.2855,0.5,0.5,,,294.0,,27.75,45.95,47.0,,,,283.25,313.55,321.525,10.0,,,45.0,,,PARTIAL,PARTIAL,False,NORMAL
2026-08-19 18:00:00,2606,2606,Gairsain (Ramganga),Uttarakhand,5,Uttarakhand,47,Chamoli,-,-,-,-,-,-,-,-,-,30.045,79.2855,3.0,3.0,,,265.0,,27.75,45.95,47.0,,,,283.25,313.55,321.525,10.0,,,15.0,,,PARTIAL,PARTIAL,False,NORMAL
2026-08-19 19:00:00,2607,2607,Gairsain (Ramganga),Uttarakhand,5,Uttarakhand,47,Chamoli,-,-,-,-,-,-,-,-,-,30.045,79.2855,1.5,1.5,,,268.0,,27.75,45.95,47.0,,,,283.25,313.55,321.525,10.0,,,15.0,,,PARTIAL,PARTIAL,False,NORMAL
2026-08-20 15:00:00,2608,2608,Gairsain (Ramganga),Uttarakhand,5,Uttarakhand,47,Chamoli,-,-,-,-,-,-,-,-,-,30.045,79.2855,1.5,1.5,,,260.5,,27.75,45.95,47.0,,,,283.25,313.55,321.525,10.0,,,15.0,,,PARTIAL,PARTIAL,False,NORMAL
2026-08-21 02:00:00,2609,2609,Gairsain (Ramganga),Uttarakhand,5,Uttarakhand,47,Chamoli,-,-,-,-,-,-,-,-,-,30.045,79.2855,0.5,0.5,,,210.5,,27.75,45.95,47.0,,,,283.25,313.55,321.525,10.0,,,15.0,,,PARTIAL,PARTIAL,False,NORMAL
2026-08-21 05:00:00,2610,2610,Gairsain (Ramganga),Uttarakhand,5,Uttarakhand,47,Chamoli,-,-,-,-,-,-,-,-,-,30.045,79.2855,2.5,2.5,,,190.0,,27.75,45.95,47.0,,,,283.25,313.55,321.525,10.0,,,15.0,,,PARTIAL,PARTIAL,False,NORMAL
2026-08-21 06:00:00,2611,2611,Gairsain (Ramganga),Uttarakhand,5,Uttarakhand,47,Chamoli,-,-,-,-,-,-,-,-,-,30.045,79.2855,1.0,1.0,,,179.0,,27.75,45.95,47.0,,,,283.25,313.55,321.525,10.0,,,15.0,,,PARTIAL,PARTIAL,False,NORMAL
2026-08-21 07:00:00,2612,2612,Gairsain (Ramganga),Uttarakhand,5,Uttarakhand,47,Chamoli,-,-,-,-,-,-,-,-,-,30.045,79.2855,1.0,1.0,,,167.5,,27.75,45.95,47.0,,,,283.25,313.55,321.525,10.0,,,15.0,,,PARTIAL,PARTIAL,False,NORMAL
2026-08-21 08:00:00,2613,2613,Gairsain (Ramganga),Uttarakhand,5,Uttarakhand,47,Chamoli,-,-,-,-,-,-,-,-,-,30.045,79.2855,0.5,0.5,,,168.5,,27.75,45.95,47.0,,,,283.25,313.55,321.525,10.0,,,15.0,,,PARTIAL,PARTIAL,False,NORMAL
2026-08-23 15:00:00,2614,2614,Gairsain (Ramganga),Uttarakhand,5,Uttarakhand,47,Chamoli,-,-,-,-,-,-,-,-,-,30.045,79.2855,3.0,3.0,,,166.0,,27.75,45.95,47.0,,,,283.25,313.55,321.525,10.0,,,15.0,,,PARTIAL,PARTIAL,False,NORMAL
2026-08-24 19:00:00,2615,2615,Gairsain (Ramganga),Uttarakhand,5,Uttarakhand,47,Chamoli,-,-,-,-,-,-,-,-,-,30.045,79.2855,8.5,8.5,,,169.0,,27.75,45.95,47.0,,,,283.25,313.55,321.525,10.0,,,15.0,,,PARTIAL,PARTIAL,False,NORMAL
2026-08-24 20:00:00,2616,2616,Gairsain (Ramganga),Uttarakhand,5,Uttarakhand,47,Chamoli,-,-,-,-,-,-,-,-,-,30.045,79.2855,4.0,4.0,,,177.5,,27.75,45.95,47.0,,,,283.25,313.55,321.525,10.0,,,15.0,,,PARTIAL,PARTIAL,False,NORMAL
2026-08-25 06:00:00,2617,2617,Gairsain (Ramganga),Uttarakhand,5,Uttarakhand,47,Chamoli,-,-,-,-,-,-,-,-,-,30.045,79.2855,0.5,0.5,,,161.0,,27.75,45.95,47.0,,,,283.25,313.55,321.525,10.0,,,15.0,,,PARTIAL,PARTIAL,False,NORMAL
2026-08-30 16:00:00,2618,2618,Gairsain (Ramganga),Uttarakhand,5,Uttarakhand,47,Chamoli,-,-,-,-,-,-,-,-,-,30.045,79.2855,0.5,0.5,,,89.0,,27.75,45.95,47.0,,,,283.25,313.55,321.525,10.0,,,15.0,,,PARTIAL,PARTIAL,False,NORMAL
2026-08-31 02:00:00,2619,2619,Gairsain (Ramganga),Uttarakhand,5,Uttarakhand,47,Chamoli,-,-,-,-,-,-,-,-,-,30.045,79.2855,3.0,3.0,,,73.0,,27.75,45.95,47.0,,,,283.25,313.55,321.525,10.0,,,15.0,,,PARTIAL,PARTIAL,False,NORMAL
2026-08-31 03:00:00,2620,2620,Gairsain (Ramganga),Uttarakhand,5,Uttarakhand,47,Chamoli,-,-,-,-,-,-,-,-,-,30.045,79.2855,5.5,5.5,,,76.0,,27.75,45.95,47.0,,,,283.25,313.55,321.525,10.0,,,15.0,,,PARTIAL,PARTIAL,False,NORMAL
2026-08-31 04:00:00,2621,2621,Gairsain (Ramganga),Uttarakhand,5,Uttarakhand,47,Chamoli,-,-,-,-,-,-,-,-,-,30.045,79.2855,3.0,3.0,,,81.5,,27.75,45.95,47.0,,,,283.25,313.55,321.525,10.0,,,15.0,,,PARTIAL,PARTIAL,False,NORMAL
2026-08-31 05:00:00,2622,2622,Gairsain (Ramganga),Uttarakhand,5,Uttarakhand,47,Chamoli,-,-,-,-,-,-,-,-,-,30.045,79.2855,1.0,1.0,,,84.5,,27.75,45.95,47.0,,,,283.25,313.55,321.525,10.0,,,15.0,,,PARTIAL,PARTIAL,False,NORMAL
2026-08-31 06:00:00,2623,2623,Gairsain (Ramganga),Uttarakhand,5,Uttarakhand,47,Chamoli,-,-,-,-,-,-,-,-,-,30.045,79.2855,0.5,0.5,,,85.5,,27.75,45.95,47.0,,,,283.25,313.55,321.525,10.0,,,15.0,,,PARTIAL,PARTIAL,False,NORMAL
2026-09-01 00:00:00,2624,2624,Gairsain (Ramganga),Uttarakhand,5,Uttarakhand,47,Chamoli,-,-,-,-,-,-,-,-,-,30.045,79.2855,19.0,19.0,,,70.5,18.575146825396825,27.75,45.95,47.0,,,,283.25,313.55,321.525,40.0,,,15.0,10.0,,PARTIAL,PARTIAL,False,NORMAL
2026-09-01 01:00:00,2625,2625,Gairsain (Ramganga),Uttarakhand,5,Uttarakhand,47,Chamoli,-,-,-,-,-,-,-,-,-,30.045,79.2855,2.0,2.0,,,89.5,13.77881944444444,27.75,45.95,47.0,,,,283.25,313.55,321.525,10.0,,,15.0,10.0,,PARTIAL,PARTIAL,False,NORMAL
2026-09-01 02:00:00,2626,2626,Gairsain (Ramganga),Uttarakhand,5,Uttarakhand,47,Chamoli,-,-,-,-,-,-,-,-,-,30.045,79.2855,0.5,0.5,,,91.5,8.381063492063488,27.75,45.95,47.0,,,,283.25,313.55,321.525,10.0,,,15.0,10.0,,PARTIAL,PARTIAL,False,NORMAL
2026-09-01 03:00:00,2627,2627,Gairsain (Ramganga),Uttarakhand,5,Uttarakhand,47,Chamoli,-,-,-,-,-,-,-,-,-,30.045,79.2855,1.0,1.0,,,91.5,7.477916666666664,27.75,45.95,47.0,,,,283.25,313.55,321.525,10.0,,,15.0,10.0,,PARTIAL,PARTIAL,False,NORMAL
2026-09-01 04:00:00,2628,2628,Gairsain (Ramganga),Uttarakhand,5,Uttarakhand,47,Chamoli,-,-,-,-,-,-,-,-,-,30.045,79.2855,1.0,1.0,,,91.5,7.463194444444442,27.75,45.95,47.0,,,,283.25,313.55,321.525,10.0,,,15.0,10.0,,PARTIAL,PARTIAL,False,NORMAL
2026-09-01 05:00:00,2629,2629,Gairsain (Ramganga),Uttarakhand,5,Uttarakhand,47,Chamoli,-,-,-,-,-,-,-,-,-,30.045,79.2855,1.0,1.0,24.5,,92.5,7.355115079365078,27.75,45.95,47.0,,,,283.25,313.55,321.525,10.0,20.0,,15.0,10.0,,PARTIAL,PARTIAL,False,NORMAL
2026-09-01 06:00:00,2630,2630,Gairsain (Ramganga),Uttarakhand,5,Uttarakhand,47,Chamoli,-,-,-,-,-,-,-,-,-,30.045,79.2855,1.5,1.5,7.0,,93.5,7.162740079365084,27.75,45.95,47.0,,,,283.25,313.55,321.525,10.0,20.0,,15.0,10.0,,PARTIAL,PARTIAL,False,NORMAL
2026-09-01 07:00:00,2631,2631,Gairsain (Ramganga),Uttarakhand,5,Uttarakhand,47,Chamoli,-,-,-,-,-,-,-,-,-,30.045,79.2855,0.5,0.5,5.5,,93.5,7.14109656084656,27.75,45.95,47.0,,,,283.25,313.55,321.525,10.0,20.0,,15.0,10.0,,PARTIAL,PARTIAL,False,NORMAL
2026-09-01 08:00:00,2632,2632,Gairsain (Ramganga),Uttarakhand,5,Uttarakhand,47,Chamoli,-,-,-,-,-,-,-,-,-,30.045,79.2855,2.0,2.0,7.0,,89.0,10.130380952380952,27.75,45.95,47.0,,,,283.25,313.55,321.525,10.0,20.0,,15.0,10.0,,PARTIAL,PARTIAL,False,NORMAL
2026-09-01 09:00:00,2633,2633,Gairsain (Ramganga),Uttarakhand,5,Uttarakhand,47,Chamoli,-,-,-,-,-,-,-,-,-,30.045,79.2855,6.0,6.0,12.0,,77.0,16.315240079365083,27.75,45.95,47.0,,,,283.25,313.55,321.525,10.0,20.0,,15.0,10.0,,PARTIAL,PARTIAL,False,NORMAL
2026-09-01 10:00:00,2634,2634,Gairsain (Ramganga),Uttarakhand,5,Uttarakhand,47,Chamoli,-,-,-,-,-,-,-,-,-,30.045,79.2855,10.5,10.5,21.5,,81.5,,27.75,45.95,47.0,,,,283.25,313.55,321.525,40.0,20.0,,15.0,,,PARTIAL,PARTIAL,False,NORMAL
2026-09-01 11:00:00,2635,2635,Gairsain (Ramganga),Uttarakhand,5,Uttarakhand,47,Chamoli,-,-,-,-,-,-,-,-,-,30.045,79.2855,2.0,2.0,22.5,,89.5,,27.75,45.95,47.0,,,,283.25,313.55,321.525,10.0,20.0,,15.0,,,PARTIAL,PARTIAL,False,NORMAL
2026-09-01 12:00:00,2636,2636,Gairsain (Ramganga),Uttarakhand,5,Uttarakhand,47,Chamoli,-,-,-,-,-,-,-,-,-,30.045,79.2855,1.5,1.5,22.5,,91.5,,27.75,45.95,47.0,,,,283.25,313.55,321.525,10.0,20.0,,15.0,,,PARTIAL,PARTIAL,False,NORMAL
2026-09-01 13:00:00,2637,2637,Gairsain (Ramganga),Uttarakhand,5,Uttarakhand,47,Chamoli,-,-,-,-,-,-,-,-,-,30.045,79.2855,0.5,0.5,22.5,,93.0,,27.75,45.95,47.0,,,,283.25,313.55,321.525,10.0,20.0,,15.0,,,PARTIAL,PARTIAL,False,NORMAL
2026-09-01 14:00:00,2638,2638,Gairsain (Ramganga),Uttarakhand,5,Uttarakhand,47,Chamoli,-,-,-,-,-,-,-,-,-,30.045,79.2855,0.5,0.5,21.0,,93.5,,27.75,45.95,47.0,,,,283.25,313.55,321.525,10.0,20.0,,15.0,,,PARTIAL,PARTIAL,False,NORMAL
2026-09-01 15:00:00,2639,2639,Gairsain (Ramganga),Uttarakhand,5,Uttarakhand,47,Chamoli,-,-,-,-,-,-,-,-,-,30.045,79.2855,1.0,1.0,16.0,,94.0,,27.75,45.95,47.0,,,,283.25,313.55,321.525,10.0,20.0,,15.0,,,PARTIAL,PARTIAL,False,NORMAL
2026-09-02 14:00:00,2640,2640,Gairsain (Ramganga),Uttarakhand,5,Uttarakhand,47,Chamoli,-,-,-,-,-,-,-,-,-,30.045,79.2855,9.5,9.5,,,95.0,,27.75,45.95,47.0,,,,283.25,313.55,321.525,10.0,,,15.0,,,PARTIAL,PARTIAL,False,NORMAL
2026-09-02 15:00:00,2641,2641,Gairsain (Ramganga),Uttarakhand,5,Uttarakhand,47,Chamoli,-,-,-,-,-,-,-,-,-,30.045,79.2855,6.0,6.0,,,104.5,,27.75,45.95,47.0,,,,283.25,313.55,321.525,10.0,,,15.0,,,PARTIAL,PARTIAL,False,NORMAL
2026-09-02 16:00:00,2642,2642,Gairsain (Ramganga),Uttarakhand,5,Uttarakhand,47,Chamoli,-,-,-,-,-,-,-,-,-,30.045,79.2855,3.0,3.0,,,110.5,,27.75,45.95,47.0,,,,283.25,313.55,321.525,10.0,,,15.0,,,PARTIAL,PARTIAL,False,NORMAL
2026-09-03 13:00:00,2643,2643,Gairsain (Ramganga),Uttarakhand,5,Uttarakhand,47,Chamoli,-,-,-,-,-,-,-,-,-,30.045,79.2855,0.5,0.5,,,110.5,,27.75,45.95,47.0,,,,283.25,313.55,321.525,10.0,,,15.0,,,PARTIAL,PARTIAL,False,NORMAL
2026-09-03 15:00:00,2644,2644,Gairsain (Ramganga),Uttarakhand,5,Uttarakhand,47,Chamoli,-,-,-,-,-,-,-,-,-,30.045,79.2855,1.0,1.0,,,111.0,,27.75,45.95,47.0,,,,283.25,313.55,321.525,10.0,,,15.0,,,PARTIAL,PARTIAL,False,NORMAL
2026-09-03 16:00:00,2645,2645,Gairsain (Ramganga),Uttarakhand,5,Uttarakhand,47,Chamoli,-,-,-,-,-,-,-,-,-,30.045,79.2855,1.0,1.0,,,112.0,,27.75,45.95,47.0,,,,283.25,313.55,321.525,10.0,,,15.0,,,PARTIAL,PARTIAL,False,NORMAL
2026-09-03 21:00:00,2646,2646,Gairsain (Ramganga),Uttarakhand,5,Uttarakhand,47,Chamoli,-,-,-,-,-,-,-,-,-,30.045,79.2855,2.0,2.0,,,109.5,,27.75,45.95,47.0,,,,283.25,313.55,321.525,10.0,,,15.0,,,PARTIAL,PARTIAL,False,NORMAL
2026-09-04 08:00:00,2647,2647,Gairsain (Ramganga),Uttarakhand,5,Uttarakhand,47,Chamoli,-,-,-,-,-,-,-,-,-,30.045,79.2855,1.0,1.0,,,111.5,,27.75,45.95,47.0,,,,283.25,313.55,321.525,10.0,,,15.0,,,PARTIAL,PARTIAL,False,NORMAL
2026-09-04 09:00:00,2648,2648,Gairsain (Ramganga),Uttarakhand,5,Uttarakhand,47,Chamoli,-,-,-,-,-,-,-,-,-,30.045,79.2855,3.0,3.0,,,112.5,,27.75,45.95,47.0,,,,283.25,313.55,321.525,10.0,,,15.0,,,PARTIAL,PARTIAL,False,NORMAL
2026-09-04 10:00:00,2649,2649,Gairsain (Ramganga),Uttarakhand,5,Uttarakhand,47,Chamoli,-,-,-,-,-,-,-,-,-,30.045,79.2855,1.0,1.0,,,115.5,,27.75,45.95,47.0,,,,283.25,313.55,321.525,10.0,,,15.0,,,PARTIAL,PARTIAL,False,NORMAL
2026-09-04 11:00:00,2650,2650,Gairsain (Ramganga),Uttarakhand,5,Uttarakhand,47,Chamoli,-,-,-,-,-,-,-,-,-,30.045,79.2855,3.0,3.0,,,116.5,,27.75,45.95,47.0,,,,283.25,313.55,321.525,10.0,,,15.0,,,PARTIAL,PARTIAL,False,NORMAL
2026-09-04 12:00:00,2651,2651,Gairsain (Ramganga),Uttarakhand,5,Uttarakhand,47,Chamoli,-,-,-,-,-,-,-,-,-,30.045,79.2855,0.5,0.5,,,119.5,,27.75,45.95,47.0,,,,283.25,313.55,321.525,10.0,,,15.0,,,PARTIAL,PARTIAL,False,NORMAL
2026-09-04 20:00:00,2652,2652,Gairsain (Ramganga),Uttarakhand,5,Uttarakhand,47,Chamoli,-,-,-,-,-,-,-,-,-,30.045,79.2855,0.5,0.5,,,118.5,,27.75,45.95,47.0,,,,283.25,313.55,321.525,10.0,,,15.0,,,PARTIAL,PARTIAL,False,NORMAL
2026-09-04 21:00:00,2653,2653,Gairsain (Ramganga),Uttarakhand,5,Uttarakhand,47,Chamoli,-,-,-,-,-,-,-,-,-,30.045,79.2855,33.5,33.5,,,119.0,,27.75,45.95,47.0,,,,283.25,313.55,321.525,70.0,,,15.0,,,PARTIAL,PARTIAL,False,NORMAL
2026-09-04 22:00:00,2654,2654,Gairsain (Ramganga),Uttarakhand,5,Uttarakhand,47,Chamoli,-,-,-,-,-,-,-,-,-,30.045,79.2855,0.5,0.5,,,152.5,,27.75,45.95,47.0,,,,283.25,313.55,321.525,10.0,,,15.0,,,PARTIAL,PARTIAL,False,NORMAL
2026-09-04 23:00:00,2655,2655,Gairsain (Ramganga),Uttarakhand,5,Uttarakhand,47,Chamoli,-,-,-,-,-,-,-,-,-,30.045,79.2855,2.0,2.0,,,153.0,,27.75,45.95,47.0,,,,283.25,313.55,321.525,10.0,,,15.0,,,PARTIAL,PARTIAL,False,NORMAL
2026-09-05 01:00:00,2656,2656,Gairsain (Ramganga),Uttarakhand,5,Uttarakhand,47,Chamoli,-,-,-,-,-,-,-,-,-,30.045,79.2855,0.5,0.5,,,155.0,,27.75,45.95,47.0,,,,283.25,313.55,321.525,10.0,,,15.0,,,PARTIAL,PARTIAL,False,NORMAL
2026-09-05 17:00:00,2657,2657,Gairsain (Ramganga),Uttarakhand,5,Uttarakhand,47,Chamoli,-,-,-,-,-,-,-,-,-,30.045,79.2855,0.5,0.5,,,149.0,,27.75,45.95,47.0,,,,283.25,313.55,321.525,10.0,,,15.0,,,PARTIAL,PARTIAL,False,NORMAL
2026-09-05 18:00:00,2658,2658,Gairsain (Ramganga),Uttarakhand,5,Uttarakhand,47,Chamoli,-,-,-,-,-,-,-,-,-,30.045,79.2855,1.0,1.0,,,149.5,,27.75,45.95,47.0,,,,283.25,313.55,321.525,10.0,,,15.0,,,PARTIAL,PARTIAL,False,NORMAL
2026-09-05 19:00:00,2659,2659,Gairsain (Ramganga),Uttarakhand,5,Uttarakhand,47,Chamoli,-,-,-,-,-,-,-,-,-,30.045,79.2855,3.0,3.0,,,150.5,,27.75,45.95,47.0,,,,283.25,313.55,321.525,10.0,,,15.0,,,PARTIAL,PARTIAL,False,NORMAL
2026-09-05 21:00:00,2660,2660,Gairsain (Ramganga),Uttarakhand,5,Uttarakhand,47,Chamoli,-,-,-,-,-,-,-,-,-,30.045,79.2855,4.0,4.0,,,153.5,,27.75,45.95,47.0,,,,283.25,313.55,321.525,10.0,,,15.0,,,PARTIAL,PARTIAL,False,NORMAL
2026-09-05 22:00:00,2661,2661,Gairsain (Ramganga),Uttarakhand,5,Uttarakhand,47,Chamoli,-,-,-,-,-,-,-,-,-,30.045,79.2855,2.0,2.0,,,157.5,,27.75,45.95,47.0,,,,283.25,313.55,321.525,10.0,,,15.0,,,PARTIAL,PARTIAL,False,NORMAL
2026-09-06 05:00:00,2662,2662,Gairsain (Ramganga),Uttarakhand,5,Uttarakhand,47,Chamoli,-,-,-,-,-,-,-,-,-,30.045,79.2855,0.5,0.5,,,159.5,,27.75,45.95,47.0,,,,283.25,313.55,321.525,10.0,,,15.0,,,PARTIAL,PARTIAL,False,NORMAL
2026-09-06 07:00:00,2663,2663,Gairsain (Ramganga),Uttarakhand,5,Uttarakhand,47,Chamoli,-,-,-,-,-,-,-,-,-,30.045,79.2855,0.5,0.5,,,160.0,,27.75,45.95,47.0,,,,283.25,313.55,321.525,10.0,,,15.0,,,PARTIAL,PARTIAL,False,NORMAL
2026-09-06 08:00:00,2664,2664,Gairsain (Ramganga),Uttarakhand,5,Uttarakhand,47,Chamoli,-,-,-,-,-,-,-,-,-,30.045,79.2855,3.0,3.0,,,160.5,,27.75,45.95,47.0,,,,283.25,313.55,321.525,10.0,,,15.0,,,PARTIAL,PARTIAL,False,NORMAL
2026-09-06 09:00:00,2665,2665,Gairsain (Ramganga),Uttarakhand,5,Uttarakhand,47,Chamoli,-,-,-,-,-,-,-,-,-,30.045,79.2855,9.0,9.0,,,163.5,,27.75,45.95,47.0,,,,283.25,313.55,321.525,10.0,,,15.0,,,PARTIAL,PARTIAL,False,NORMAL
2026-09-07 10:00:00,2666,2666,Gairsain (Ramganga),Uttarakhand,5,Uttarakhand,47,Chamoli,-,-,-,-,-,-,-,-,-,30.045,79.2855,2.0,2.0,,,172.5,,27.75,45.95,47.0,,,,283.25,313.55,321.525,10.0,,,15.0,,,PARTIAL,PARTIAL,False,NORMAL
2026-09-07 11:00:00,2667,2667,Gairsain (Ramganga),Uttarakhand,5,Uttarakhand,47,Chamoli,-,-,-,-,-,-,-,-,-,30.045,79.2855,4.0,4.0,,,174.5,,27.75,45.95,47.0,,,,283.25,313.55,321.525,10.0,,,15.0,,,PARTIAL,PARTIAL,False,NORMAL
2026-09-07 12:00:00,2668,2668,Gairsain (Ramganga),Uttarakhand,5,Uttarakhand,47,Chamoli,-,-,-,-,-,-,-,-,-,30.045,79.2855,1.5,1.5,,,178.5,12.268013888888886,27.75,45.95,47.0,,,,283.25,313.55,321.525,10.0,,,15.0,10.0,,PARTIAL,PARTIAL,False,NORMAL
2026-05-23 19:00:00,5735,5735,Nandprayag (Nandakini),Uttarakhand,5,Uttarakhand,47,Chamoli,-,-,-,-,-,-,-,-,-,30.33122222,79.31063889,1.0,1.0,,,,,10.875,14.0,15.0,45.5,53.0,55.449999999999996,148.5,233.50000000000006,269.29999999999995,10.0,,,,,,PARTIAL,PARTIAL,False,NORMAL
2026-05-23 20:00:00,5736,5736,Nandprayag (Nandakini),Uttarakhand,5,Uttarakhand,47,Chamoli,-,-,-,-,-,-,-,-,-,30.33122222,79.31063889,0.5,0.5,,,1.0,,10.875,14.0,15.0,45.5,53.0,55.449999999999996,148.5,233.50000000000006,269.29999999999995,10.0,,,15.0,,,PARTIAL,PARTIAL,False,NORMAL
2026-05-23 21:00:00,5737,5737,Nandprayag (Nandakini),Uttarakhand,5,Uttarakhand,47,Chamoli,-,-,-,-,-,-,-,-,-,30.33122222,79.31063889,0.5,0.5,,,1.5,,10.875,14.0,15.0,45.5,53.0,55.449999999999996,148.5,233.50000000000006,269.29999999999995,10.0,,,15.0,,,PARTIAL,PARTIAL,False,NORMAL
2026-05-23 22:00:00,5738,5738,Nandprayag (Nandakini),Uttarakhand,5,Uttarakhand,47,Chamoli,-,-,-,-,-,-,-,-,-,30.33122222,79.31063889,0.5,0.5,,,2.0,,10.875,14.0,15.0,45.5,53.0,55.449999999999996,148.5,233.50000000000006,269.29999999999995,10.0,,,15.0,,,PARTIAL,PARTIAL,False,NORMAL
2026-05-23 23:00:00,5739,5739,Nandprayag (Nandakini),Uttarakhand,5,Uttarakhand,47,Chamoli,-,-,-,-,-,-,-,-,-,30.33122222,79.31063889,0.5,0.5,,,2.5,,10.875,14.0,15.0,45.5,53.0,55.449999999999996,148.5,233.50000000000006,269.29999999999995,10.0,,,15.0,,,PARTIAL,PARTIAL,False,NORMAL
2026-05-25 19:00:00,5740,5740,Nandprayag (Nandakini),Uttarakhand,5,Uttarakhand,47,Chamoli,-,-,-,-,-,-,-,-,-,30.33122222,79.31063889,0.5,0.5,,,3.0,,10.875,14.0,15.0,45.5,53.0,55.449999999999996,148.5,233.50000000000006,269.29999999999995,10.0,,,15.0,,,PARTIAL,PARTIAL,False,NORMAL
2026-05-28 19:00:00,5741,5741,Nandprayag (Nandakini),Uttarakhand,5,Uttarakhand,47,Chamoli,-,-,-,-,-,-,-,-,-,30.33122222,79.31063889,0.5,0.5,,,3.5,,10.875,14.0,15.0,45.5,53.0,55.449999999999996,148.5,233.50000000000006,269.29999999999995,10.0,,,15.0,,,PARTIAL,PARTIAL,False,NORMAL
2026-05-28 20:00:00,5742,5742,Nandprayag (Nandakini),Uttarakhand,5,Uttarakhand,47,Chamoli,-,-,-,-,-,-,-,-,-,30.33122222,79.31063889,1.0,1.0,,,4.0,,10.875,14.0,15.0,45.5,53.0,55.449999999999996,148.5,233.50000000000006,269.29999999999995,10.0,,,15.0,,,PARTIAL,PARTIAL,False,NORMAL
2026-05-28 21:00:00,5743,5743,Nandprayag (Nandakini),Uttarakhand,5,Uttarakhand,47,Chamoli,-,-,-,-,-,-,-,-,-,30.33122222,79.31063889,0.5,0.5,,,5.0,,10.875,14.0,15.0,45.5,53.0,55.449999999999996,148.5,233.50000000000006,269.29999999999995,10.0,,,15.0,,,PARTIAL,PARTIAL,False,NORMAL
2026-05-28 23:00:00,5744,5744,Nandprayag (Nandakini),Uttarakhand,5,Uttarakhand,47,Chamoli,-,-,-,-,-,-,-,-,-,30.33122222,79.31063889,0.5,0.5,,,5.5,,10.875,14.0,15.0,45.5,53.0,55.449999999999996,148.5,233.50000000000006,269.29999999999995,10.0,,,15.0,,,PARTIAL,PARTIAL,False,NORMAL
2026-06-13 21:00:00,5745,5745,Nandprayag (Nandakini),Uttarakhand,5,Uttarakhand,47,Chamoli,-,-,-,-,-,-,-,-,-,30.33122222,79.31063889,0.5,0.5,,,0.5,,10.875,14.0,15.0,45.5,53.0,55.449999999999996,148.5,233.50000000000006,269.29999999999995,10.0,,,15.0,,,PARTIAL,PARTIAL,False,NORMAL
2026-06-15 17:00:00,5746,5746,Nandprayag (Nandakini),Uttarakhand,5,Uttarakhand,47,Chamoli,-,-,-,-,-,-,-,-,-,30.33122222,79.31063889,0.5,0.5,,,1.0,,10.875,14.0,15.0,45.5,53.0,55.449999999999996,148.5,233.50000000000006,269.29999999999995,10.0,,,15.0,,,PARTIAL,PARTIAL,False,NORMAL
2026-06-21 18:00:00,5747,5747,Nandprayag (Nandakini),Uttarakhand,5,Uttarakhand,47,Chamoli,-,-,-,-,-,-,-,-,-,30.33122222,79.31063889,1.0,1.0,,,1.5,,10.875,14.0,15.0,45.5,53.0,55.449999999999996,148.5,233.50000000000006,269.29999999999995,10.0,,,15.0,,,PARTIAL,PARTIAL,False,NORMAL
2026-06-22 23:00:00,5748,5748,Nandprayag (Nandakini),Uttarakhand,5,Uttarakhand,47,Chamoli,-,-,-,-,-,-,-,-,-,30.33122222,79.31063889,0.5,0.5,,,2.5,,10.875,14.0,15.0,45.5,53.0,55.449999999999996,148.5,233.50000000000006,269.29999999999995,10.0,,,15.0,,,PARTIAL,PARTIAL,False,NORMAL
2026-06-25 02:00:00,5749,5749,Nandprayag (Nandakini),Uttarakhand,5,Uttarakhand,47,Chamoli,-,-,-,-,-,-,-,-,-,30.33122222,79.31063889,10.0,10.0,,,3.0,,10.875,14.0,15.0,45.5,53.0,55.449999999999996,148.5,233.50000000000006,269.29999999999995,40.0,,,15.0,,,PARTIAL,PARTIAL,False,NORMAL
2026-06-25 03:00:00,5750,5750,Nandprayag (Nandakini),Uttarakhand,5,Uttarakhand,47,Chamoli,-,-,-,-,-,-,-,-,-,30.33122222,79.31063889,12.0,12.0,,,13.0,,10.875,14.0,15.0,45.5,53.0,55.449999999999996,148.5,233.50000000000006,269.29999999999995,40.0,,,15.0,,,PARTIAL,PARTIAL,False,NORMAL
2026-06-25 04:00:00,5751,5751,Nandprayag (Nandakini),Uttarakhand,5,Uttarakhand,47,Chamoli,-,-,-,-,-,-,-,-,-,30.33122222,79.31063889,2.5,2.5,,,25.0,,10.875,14.0,15.0,45.5,53.0,55.449999999999996,148.5,233.50000000000006,269.29999999999995,10.0,,,15.0,,,PARTIAL,PARTIAL,False,NORMAL
2026-06-26 02:00:00,5752,5752,Nandprayag (Nandakini),Uttarakhand,5,Uttarakhand,47,Chamoli,-,-,-,-,-,-,-,-,-,30.33122222,79.31063889,1.5,1.5,,,27.5,,10.875,14.0,15.0,45.5,53.0,55.449999999999996,148.5,233.50000000000006,269.29999999999995,10.0,,,15.0,,,PARTIAL,PARTIAL,False,NORMAL
2026-06-26 03:00:00,5753,5753,Nandprayag (Nandakini),Uttarakhand,5,Uttarakhand,47,Chamoli,-,-,-,-,-,-,-,-,-,30.33122222,79.31063889,2.5,2.5,,,29.0,,10.875,14.0,15.0,45.5,53.0,55.449999999999996,148.5,233.50000000000006,269.29999999999995,10.0,,,15.0,,,PARTIAL,PARTIAL,False,NORMAL
2026-06-26 04:00:00,5754,5754,Nandprayag (Nandakini),Uttarakhand,5,Uttarakhand,47,Chamoli,-,-,-,-,-,-,-,-,-,30.33122222,79.31063889,0.5,0.5,,,31.5,,10.875,14.0,15.0,45.5,53.0,55.449999999999996,148.5,233.50000000000006,269.29999999999995,10.0,,,15.0,,,PARTIAL,PARTIAL,False,NORMAL
2026-06-26 06:00:00,5755,5755,Nandprayag (Nandakini),Uttarakhand,5,Uttarakhand,47,Chamoli,-,-,-,-,-,-,-,-,-,30.33122222,79.31063889,0.5,0.5,,,32.0,,10.875,14.0,15.0,45.5,53.0,55.449999999999996,148.5,233.50000000000006,269.29999999999995,10.0,,,15.0,,,PARTIAL,PARTIAL,False,NORMAL
2026-06-28 19:00:00,5756,5756,Nandprayag (Nandakini),Uttarakhand,5,Uttarakhand,47,Chamoli,-,-,-,-,-,-,-,-,-,30.33122222,79.31063889,2.5,2.5,,,32.5,,10.875,14.0,15.0,45.5,53.0,55.449999999999996,148.5,233.50000000000006,269.29999999999995,10.0,,,15.0,,,PARTIAL,PARTIAL,False,NORMAL
2026-06-28 20:00:00,5757,5757,Nandprayag (Nandakini),Uttarakhand,5,Uttarakhand,47,Chamoli,-,-,-,-,-,-,-,-,-,30.33122222,79.31063889,3.0,3.0,,,35.0,,10.875,14.0,15.0,45.5,53.0,55.449999999999996,148.5,233.50000000000006,269.29999999999995,10.0,,,15.0,,,PARTIAL,PARTIAL,False,NORMAL
2026-06-28 21:00:00,5758,5758,Nandprayag (Nandakini),Uttarakhand,5,Uttarakhand,47,Chamoli,-,-,-,-,-,-,-,-,-,30.33122222,79.31063889,0.5,0.5,,,37.5,,10.875,14.0,15.0,45.5,53.0,55.449999999999996,148.5,233.50000000000006,269.29999999999995,10.0,,,15.0,,,PARTIAL,PARTIAL,False,NORMAL
2026-06-29 00:00:00,5759,5759,Nandprayag (Nandakini),Uttarakhand,5,Uttarakhand,47,Chamoli,-,-,-,-,-,-,-,-,-,30.33122222,79.31063889,1.0,1.0,,,38.0,,10.875,14.0,15.0,45.5,53.0,55.449999999999996,148.5,233.50000000000006,269.29999999999995,10.0,,,15.0,,,PARTIAL,PARTIAL,False,NORMAL
2026-06-30 04:00:00,5760,5760,Nandprayag (Nandakini),Uttarakhand,5,Uttarakhand,47,Chamoli,-,-,-,-,-,-,-,-,-,30.33122222,79.31063889,3.0,3.0,,,39.0,,10.875,14.0,15.0,45.5,53.0,55.449999999999996,148.5,233.50000000000006,269.29999999999995,10.0,,,15.0,,,PARTIAL,PARTIAL,False,NORMAL
2026-06-30 05:00:00,5761,5761,Nandprayag (Nandakini),Uttarakhand,5,Uttarakhand,47,Chamoli,-,-,-,-,-,-,-,-,-,30.33122222,79.31063889,5.0,5.0,,,42.0,,10.875,14.0,15.0,45.5,53.0,55.449999999999996,148.5,233.50000000000006,269.29999999999995,10.0,,,15.0,,,PARTIAL,PARTIAL,False,NORMAL
2026-06-30 06:00:00,5762,5762,Nandprayag (Nandakini),Uttarakhand,5,Uttarakhand,47,Chamoli,-,-,-,-,-,-,-,-,-,30.33122222,79.31063889,0.5,0.5,,,47.0,,10.875,14.0,15.0,45.5,53.0,55.449999999999996,148.5,233.50000000000006,269.29999999999995,10.0,,,15.0,,,PARTIAL,PARTIAL,False,NORMAL
2026-07-01 03:00:00,5763,5763,Nandprayag (Nandakini),Uttarakhand,5,Uttarakhand,47,Chamoli,-,-,-,-,-,-,-,-,-,30.33122222,79.31063889,0.5,0.5,,,47.0,,10.875,14.0,15.0,45.5,53.0,55.449999999999996,148.5,233.50000000000006,269.29999999999995,10.0,,,15.0,,,PARTIAL,PARTIAL,False,NORMAL
2026-07-01 04:00:00,5764,5764,Nandprayag (Nandakini),Uttarakhand,5,Uttarakhand,47,Chamoli,-,-,-,-,-,-,-,-,-,30.33122222,79.31063889,3.5,3.5,,,47.5,,10.875,14.0,15.0,45.5,53.0,55.449999999999996,148.5,233.50000000000006,269.29999999999995,10.0,,,15.0,,,PARTIAL,PARTIAL,False,NORMAL
2026-07-01 05:00:00,5765,5765,Nandprayag (Nandakini),Uttarakhand,5,Uttarakhand,47,Chamoli,-,-,-,-,-,-,-,-,-,30.33122222,79.31063889,4.5,4.5,,,51.0,,10.875,14.0,15.0,45.5,53.0,55.449999999999996,148.5,233.50000000000006,269.29999999999995,10.0,,,15.0,,,PARTIAL,PARTIAL,False,NORMAL
2026-07-01 06:00:00,5766,5766,Nandprayag (Nandakini),Uttarakhand,5,Uttarakhand,47,Chamoli,-,-,-,-,-,-,-,-,-,30.33122222,79.31063889,4.5,4.5,,,55.5,,10.875,14.0,15.0,45.5,53.0,55.449999999999996,148.5,233.50000000000006,269.29999999999995,10.0,,,15.0,,,PARTIAL,PARTIAL,False,NORMAL
2026-07-01 07:00:00,5767,5767,Nandprayag (Nandakini),Uttarakhand,5,Uttarakhand,47,Chamoli,-,-,-,-,-,-,-,-,-,30.33122222,79.31063889,1.0,1.0,,,60.0,,10.875,14.0,15.0,45.5,53.0,55.449999999999996,148.5,233.50000000000006,269.29999999999995,10.0,,,15.0,,,PARTIAL,PARTIAL,False,NORMAL
2026-07-01 08:00:00,5768,5768,Nandprayag (Nandakini),Uttarakhand,5,Uttarakhand,47,Chamoli,-,-,-,-,-,-,-,-,-,30.33122222,79.31063889,0.5,0.5,14.5,,61.0,,10.875,14.0,15.0,45.5,53.0,55.449999999999996,148.5,233.50000000000006,269.29999999999995,10.0,75.0,,15.0,,,PARTIAL,PARTIAL,False,NORMAL
2026-07-01 09:00:00,5769,5769,Nandprayag (Nandakini),Uttarakhand,5,Uttarakhand,47,Chamoli,-,-,-,-,-,-,-,-,-,30.33122222,79.31063889,0.5,0.5,14.5,,61.5,,10.875,14.0,15.0,45.5,53.0,55.449999999999996,148.5,233.50000000000006,269.29999999999995,10.0,75.0,,15.0,,,PARTIAL,PARTIAL,False,NORMAL
2026-07-01 10:00:00,5770,5770,Nandprayag (Nandakini),Uttarakhand,5,Uttarakhand,47,Chamoli,-,-,-,-,-,-,-,-,-,30.33122222,79.31063889,0.5,0.5,11.5,,62.0,,10.875,14.0,15.0,45.5,53.0,55.449999999999996,148.5,233.50000000000006,269.29999999999995,10.0,50.0,,15.0,,,PARTIAL,PARTIAL,False,NORMAL
2026-07-02 00:00:00,5771,5771,Nandprayag (Nandakini),Uttarakhand,5,Uttarakhand,47,Chamoli,-,-,-,-,-,-,-,-,-,30.33122222,79.31063889,0.5,0.5,,,62.5,,10.875,14.0,15.0,45.5,53.0,55.449999999999996,148.5,233.50000000000006,269.29999999999995,10.0,,,15.0,,,PARTIAL,PARTIAL,False,NORMAL
2026-07-02 01:00:00,5772,5772,Nandprayag (Nandakini),Uttarakhand,5,Uttarakhand,47,Chamoli,-,-,-,-,-,-,-,-,-,30.33122222,79.31063889,1.0,1.0,,,63.0,,10.875,14.0,15.0,45.5,53.0,55.449999999999996,148.5,233.50000000000006,269.29999999999995,10.0,,,15.0,,,PARTIAL,PARTIAL,False,NORMAL
2026-07-02 02:00:00,5773,5773,Nandprayag (Nandakini),Uttarakhand,5,Uttarakhand,47,Chamoli,-,-,-,-,-,-,-,-,-,30.33122222,79.31063889,2.5,2.5,,,64.0,,10.875,14.0,15.0,45.5,53.0,55.449999999999996,148.5,233.50000000000006,269.29999999999995,10.0,,,15.0,,,PARTIAL,PARTIAL,False,NORMAL
2026-07-02 03:00:00,5774,5774,Nandprayag (Nandakini),Uttarakhand,5,Uttarakhand,47,Chamoli,-,-,-,-,-,-,-,-,-,30.33122222,79.31063889,1.5,1.5,,,66.5,,10.875,14.0,15.0,45.5,53.0,55.449999999999996,148.5,233.50000000000006,269.29999999999995,10.0,,,15.0,,,PARTIAL,PARTIAL,False,NORMAL
2026-07-02 04:00:00,5775,5775,Nandprayag (Nandakini),Uttarakhand,5,Uttarakhand,47,Chamoli,-,-,-,-,-,-,-,-,-,30.33122222,79.31063889,1.5,1.5,,,68.0,,10.875,14.0,15.0,45.5,53.0,55.449999999999996,148.5,233.50000000000006,269.29999999999995,10.0,,,15.0,,,PARTIAL,PARTIAL,False,NORMAL
2026-07-02 05:00:00,5776,5776,Nandprayag (Nandakini),Uttarakhand,5,Uttarakhand,47,Chamoli,-,-,-,-,-,-,-,-,-,30.33122222,79.31063889,1.5,1.5,8.5,,69.5,,10.875,14.0,15.0,45.5,53.0,55.449999999999996,148.5,233.50000000000006,269.29999999999995,10.0,20.0,,15.0,,,PARTIAL,PARTIAL,False,NORMAL
2026-07-02 06:00:00,5777,5777,Nandprayag (Nandakini),Uttarakhand,5,Uttarakhand,47,Chamoli,-,-,-,-,-,-,-,-,-,30.33122222,79.31063889,1.0,1.0,9.0,,71.0,,10.875,14.0,15.0,45.5,53.0,55.449999999999996,148.5,233.50000000000006,269.29999999999995,10.0,20.0,,15.0,,,PARTIAL,PARTIAL,False,NORMAL
2026-07-02 07:00:00,5778,5778,Nandprayag (Nandakini),Uttarakhand,5,Uttarakhand,47,Chamoli,-,-,-,-,-,-,-,-,-,30.33122222,79.31063889,0.5,0.5,8.5,,72.0,,10.875,14.0,15.0,45.5,53.0,55.449999999999996,148.5,233.50000000000006,269.29999999999995,10.0,20.0,,15.0,,,PARTIAL,PARTIAL,False,NORMAL
2026-07-02 08:00:00,5779,5779,Nandprayag (Nandakini),Uttarakhand,5,Uttarakhand,47,Chamoli,-,-,-,-,-,-,-,-,-,30.33122222,79.31063889,1.0,1.0,7.0,,72.5,,10.875,14.0,15.0,45.5,53.0,55.449999999999996,148.5,233.50000000000006,269.29999999999995,10.0,20.0,,15.0,,,PARTIAL,PARTIAL,False,NORMAL
2026-07-02 09:00:00,5780,5780,Nandprayag (Nandakini),Uttarakhand,5,Uttarakhand,47,Chamoli,-,-,-,-,-,-,-,-,-,30.33122222,79.31063889,0.5,0.5,6.0,,73.5,,10.875,14.0,15.0,45.5,53.0,55.449999999999996,148.5,233.50000000000006,269.29999999999995,10.0,20.0,,15.0,,,PARTIAL,PARTIAL,False,NORMAL
2026-07-02 10:00:00,5781,5781,Nandprayag (Nandakini),Uttarakhand,5,Uttarakhand,47,Chamoli,-,-,-,-,-,-,-,-,-,30.33122222,79.31063889,0.5,0.5,5.0,,74.0,,10.875,14.0,15.0,45.5,53.0,55.449999999999996,148.5,233.50000000000006,269.29999999999995,10.0,20.0,,15.0,,,PARTIAL,PARTIAL,False,NORMAL
2026-07-02 11:00:00,5782,5782,Nandprayag (Nandakini),Uttarakhand,5,Uttarakhand,47,Chamoli,-,-,-,-,-,-,-,-,-,30.33122222,79.31063889,0.5,0.5,4.0,,74.5,,10.875,14.0,15.0,45.5,53.0,55.449999999999996,148.5,233.50000000000006,269.29999999999995,10.0,20.0,,15.0,,,PARTIAL,PARTIAL,False,NORMAL
2026-07-02 12:00:00,5783,5783,Nandprayag (Nandakini),Uttarakhand,5,Uttarakhand,47,Chamoli,-,-,-,-,-,-,-,-,-,30.33122222,79.31063889,0.5,0.5,3.5,,75.0,,10.875,14.0,15.0,45.5,53.0,55.449999999999996,148.5,233.50000000000006,269.29999999999995,10.0,20.0,,15.0,,,PARTIAL,PARTIAL,False,NORMAL
2026-07-02 14:00:00,5784,5784,Nandprayag (Nandakini),Uttarakhand,5,Uttarakhand,47,Chamoli,-,-,-,-,-,-,-,-,-,30.33122222,79.31063889,0.5,0.5,,,75.5,,10.875,14.0,15.0,45.5,53.0,55.449999999999996,148.5,233.50000000000006,269.29999999999995,10.0,,,15.0,,,PARTIAL,PARTIAL,False,NORMAL
2026-07-02 15:00:00,5785,5785,Nandprayag (Nandakini),Uttarakhand,5,Uttarakhand,47,Chamoli,-,-,-,-,-,-,-,-,-,30.33122222,79.31063889,0.5,0.5,,,76.0,,10.875,14.0,15.0,45.5,53.0,55.449999999999996,148.5,233.50000000000006,269.29999999999995,10.0,,,15.0,,,PARTIAL,PARTIAL,False,NORMAL
2026-07-02 17:00:00,5786,5786,Nandprayag (Nandakini),Uttarakhand,5,Uttarakhand,47,Chamoli,-,-,-,-,-,-,-,-,-,30.33122222,79.31063889,0.5,0.5,,,76.5,,10.875,14.0,15.0,45.5,53.0,55.449999999999996,148.5,233.50000000000006,269.29999999999995,10.0,,,15.0,,,PARTIAL,PARTIAL,False,NORMAL
2026-07-02 22:00:00,5787,5787,Nandprayag (Nandakini),Uttarakhand,5,Uttarakhand,47,Chamoli,-,-,-,-,-,-,-,-,-,30.33122222,79.31063889,0.5,0.5,,,77.0,,10.875,14.0,15.0,45.5,53.0,55.449999999999996,148.5,233.50000000000006,269.29999999999995,10.0,,,15.0,,,PARTIAL,PARTIAL,False,NORMAL
2026-07-03 08:00:00,5788,5788,Nandprayag (Nandakini),Uttarakhand,5,Uttarakhand,47,Chamoli,-,-,-,-,-,-,-,-,-,30.33122222,79.31063889,0.5,0.5,,,77.5,,10.875,14.0,15.0,45.5,53.0,55.449999999999996,148.5,233.50000000000006,269.29999999999995,10.0,,,15.0,,,PARTIAL,PARTIAL,False,NORMAL
2026-07-03 21:00:00,5789,5789,Nandprayag (Nandakini),Uttarakhand,5,Uttarakhand,47,Chamoli,-,-,-,-,-,-,-,-,-,30.33122222,79.31063889,0.5,0.5,,,78.0,,10.875,14.0,15.0,45.5,53.0,55.449999999999996,148.5,233.50000000000006,269.29999999999995,10.0,,,15.0,,,PARTIAL,PARTIAL,False,NORMAL
2026-07-04 12:00:00,5790,5790,Nandprayag (Nandakini),Uttarakhand,5,Uttarakhand,47,Chamoli,-,-,-,-,-,-,-,-,-,30.33122222,79.31063889,0.5,0.5,,,78.5,,10.875,14.0,15.0,45.5,53.0,55.449999999999996,148.5,233.50000000000006,269.29999999999995,10.0,,,15.0,,,PARTIAL,PARTIAL,False,NORMAL
2026-07-05 08:00:00,5791,5791,Nandprayag (Nandakini),Uttarakhand,5,Uttarakhand,47,Chamoli,-,-,-,-,-,-,-,-,-,30.33122222,79.31063889,0.5,0.5,,,79.0,,10.875,14.0,15.0,45.5,53.0,55.449999999999996,148.5,233.50000000000006,269.29999999999995,10.0,,,15.0,,,PARTIAL,PARTIAL,False,NORMAL
2026-07-06 03:00:00,5792,5792,Nandprayag (Nandakini),Uttarakhand,5,Uttarakhand,47,Chamoli,-,-,-,-,-,-,-,-,-,30.33122222,79.31063889,0.5,0.5,,,79.5,,10.875,14.0,15.0,45.5,53.0,55.449999999999996,148.5,233.50000000000006,269.29999999999995,10.0,,,15.0,,,PARTIAL,PARTIAL,False,NORMAL
2026-07-06 19:00:00,5793,5793,Nandprayag (Nandakini),Uttarakhand,5,Uttarakhand,47,Chamoli,-,-,-,-,-,-,-,-,-,30.33122222,79.31063889,0.5,0.5,,,79.5,,10.875,14.0,15.0,45.5,53.0,55.449999999999996,148.5,233.50000000000006,269.29999999999995,10.0,,,15.0,,,PARTIAL,PARTIAL,False,NORMAL
2026-07-07 13:00:00,5794,5794,Nandprayag (Nandakini),Uttarakhand,5,Uttarakhand,47,Chamoli,-,-,-,-,-,-,-,-,-,30.33122222,79.31063889,0.5,0.5,,,80.0,,10.875,14.0,15.0,45.5,53.0,55.449999999999996,148.5,233.50000000000006,269.29999999999995,10.0,,,15.0,,,PARTIAL,PARTIAL,False,NORMAL
2026-07-08 08:00:00,5795,5795,Nandprayag (Nandakini),Uttarakhand,5,Uttarakhand,47,Chamoli,-,-,-,-,-,-,-,-,-,30.33122222,79.31063889,0.5,0.5,,,79.5,,10.875,14.0,15.0,45.5,53.0,55.449999999999996,148.5,233.50000000000006,269.29999999999995,10.0,,,15.0,,,PARTIAL,PARTIAL,False,NORMAL
2026-07-12 16:00:00,5796,5796,Nandprayag (Nandakini),Uttarakhand,5,Uttarakhand,47,Chamoli,-,-,-,-,-,-,-,-,-,30.33122222,79.31063889,0.5,0.5,,,50.5,,10.875,14.0,15.0,45.5,53.0,55.449999999999996,148.5,233.50000000000006,269.29999999999995,10.0,,,15.0,,,PARTIAL,PARTIAL,False,NORMAL
2026-07-12 21:00:00,5797,5797,Nandprayag (Nandakini),Uttarakhand,5,Uttarakhand,47,Chamoli,-,-,-,-,-,-,-,-,-,30.33122222,79.31063889,0.5,0.5,,,51.0,,10.875,14.0,15.0,45.5,53.0,55.449999999999996,148.5,233.50000000000006,269.29999999999995,10.0,,,15.0,,,PARTIAL,PARTIAL,False,NORMAL
2026-07-13 09:00:00,5798,5798,Nandprayag (Nandakini),Uttarakhand,5,Uttarakhand,47,Chamoli,-,-,-,-,-,-,-,-,-,30.33122222,79.31063889,0.5,0.5,,,51.5,,10.875,14.0,15.0,45.5,53.0,55.449999999999996,148.5,233.50000000000006,269.29999999999995,10.0,,,15.0,,,PARTIAL,PARTIAL,False,NORMAL
2026-07-14 11:00:00,5799,5799,Nandprayag (Nandakini),Uttarakhand,5,Uttarakhand,47,Chamoli,-,-,-,-,-,-,-,-,-,30.33122222,79.31063889,0.5,0.5,,,45.5,,10.875,14.0,15.0,45.5,53.0,55.449999999999996,148.5,233.50000000000006,269.29999999999995,10.0,,,15.0,,,PARTIAL,PARTIAL,False,NORMAL
2026-07-14 16:00:00,5800,5800,Nandprayag (Nandakini),Uttarakhand,5,Uttarakhand,47,Chamoli,-,-,-,-,-,-,-,-,-,30.33122222,79.31063889,0.5,0.5,,,46.0,,10.875,14.0,15.0,45.5,53.0,55.449999999999996,148.5,233.50000000000006,269.29999999999995,10.0,,,15.0,,,PARTIAL,PARTIAL,False,NORMAL
2026-07-14 21:00:00,5801,5801,Nandprayag (Nandakini),Uttarakhand,5,Uttarakhand,47,Chamoli,-,-,-,-,-,-,-,-,-,30.33122222,79.31063889,0.5,0.5,,,46.5,,10.875,14.0,15.0,45.5,53.0,55.449999999999996,148.5,233.50000000000006,269.29999999999995,10.0,,,15.0,,,PARTIAL,PARTIAL,False,NORMAL
2026-07-15 02:00:00,5802,5802,Nandprayag (Nandakini),Uttarakhand,5,Uttarakhand,47,Chamoli,-,-,-,-,-,-,-,-,-,30.33122222,79.31063889,0.5,0.5,,,47.0,,10.875,14.0,15.0,45.5,53.0,55.449999999999996,148.5,233.50000000000006,269.29999999999995,10.0,,,15.0,,,PARTIAL,PARTIAL,False,NORMAL
2026-07-15 07:00:00,5803,5803,Nandprayag (Nandakini),Uttarakhand,5,Uttarakhand,47,Chamoli,-,-,-,-,-,-,-,-,-,30.33122222,79.31063889,0.5,0.5,,,38.5,,10.875,14.0,15.0,45.5,53.0,55.449999999999996,148.5,233.50000000000006,269.29999999999995,10.0,,,15.0,,,PARTIAL,PARTIAL,False,NORMAL
2026-07-15 12:00:00,5804,5804,Nandprayag (Nandakini),Uttarakhand,5,Uttarakhand,47,Chamoli,-,-,-,-,-,-,-,-,-,30.33122222,79.31063889,0.5,0.5,,,39.0,,10.875,14.0,15.0,45.5,53.0,55.449999999999996,148.5,233.50000000000006,269.29999999999995,10.0,,,15.0,,,PARTIAL,PARTIAL,False,NORMAL
2026-07-15 16:00:00,5805,5805,Nandprayag (Nandakini),Uttarakhand,5,Uttarakhand,47,Chamoli,-,-,-,-,-,-,-,-,-,30.33122222,79.31063889,0.5,0.5,,,39.5,,10.875,14.0,15.0,45.5,53.0,55.449999999999996,148.5,233.50000000000006,269.29999999999995,10.0,,,15.0,,,PARTIAL,PARTIAL,False,NORMAL
2026-07-15 22:00:00,5806,5806,Nandprayag (Nandakini),Uttarakhand,5,Uttarakhand,47,Chamoli,-,-,-,-,-,-,-,-,-,30.33122222,79.31063889,0.5,0.5,,,40.0,,10.875,14.0,15.0,45.5,53.0,55.449999999999996,148.5,233.50000000000006,269.29999999999995,10.0,,,15.0,,,PARTIAL,PARTIAL,False,NORMAL
2026-07-16 03:00:00,5807,5807,Nandprayag (Nandakini),Uttarakhand,5,Uttarakhand,47,Chamoli,-,-,-,-,-,-,-,-,-,30.33122222,79.31063889,0.5,0.5,,,40.0,,10.875,14.0,15.0,45.5,53.0,55.449999999999996,148.5,233.50000000000006,269.29999999999995,10.0,,,15.0,,,PARTIAL,PARTIAL,False,NORMAL
2026-07-16 09:00:00,5808,5808,Nandprayag (Nandakini),Uttarakhand,5,Uttarakhand,47,Chamoli,-,-,-,-,-,-,-,-,-,30.33122222,79.31063889,0.5,0.5,,,26.0,,10.875,14.0,15.0,45.5,53.0,55.449999999999996,148.5,233.50000000000006,269.29999999999995,10.0,,,15.0,,,PARTIAL,PARTIAL,False,NORMAL
2026-07-16 14:00:00,5809,5809,Nandprayag (Nandakini),Uttarakhand,5,Uttarakhand,47,Chamoli,-,-,-,-,-,-,-,-,-,30.33122222,79.31063889,0.5,0.5,,,26.0,,10.875,14.0,15.0,45.5,53.0,55.449999999999996,148.5,233.50000000000006,269.29999999999995,10.0,,,15.0,,,PARTIAL,PARTIAL,False,NORMAL
2026-07-16 21:00:00,5810,5810,Nandprayag (Nandakini),Uttarakhand,5,Uttarakhand,47,Chamoli,-,-,-,-,-,-,-,-,-,30.33122222,79.31063889,0.5,0.5,,,26.5,,10.875,14.0,15.0,45.5,53.0,55.449999999999996,148.5,233.50000000000006,269.29999999999995,10.0,,,15.0,,,PARTIAL,PARTIAL,False,NORMAL
2026-07-17 05:00:00,5811,5811,Nandprayag (Nandakini),Uttarakhand,5,Uttarakhand,47,Chamoli,-,-,-,-,-,-,-,-,-,30.33122222,79.31063889,0.5,0.5,,,19.5,,10.875,14.0,15.0,45.5,53.0,55.449999999999996,148.5,233.50000000000006,269.29999999999995,10.0,,,15.0,,,PARTIAL,PARTIAL,False,NORMAL
2026-07-17 15:00:00,5812,5812,Nandprayag (Nandakini),Uttarakhand,5,Uttarakhand,47,Chamoli,-,-,-,-,-,-,-,-,-,30.33122222,79.31063889,0.5,0.5,,,13.5,,10.875,14.0,15.0,45.5,53.0,55.449999999999996,148.5,233.50000000000006,269.29999999999995,10.0,,,15.0,,,PARTIAL,PARTIAL,False,NORMAL
2026-07-17 22:00:00,5813,5813,Nandprayag (Nandakini),Uttarakhand,5,Uttarakhand,47,Chamoli,-,-,-,-,-,-,-,-,-,30.33122222,79.31063889,0.5,0.5,,,13.0,,10.875,14.0,15.0,45.5,53.0,55.449999999999996,148.5,233.50000000000006,269.29999999999995,10.0,,,15.0,,,PARTIAL,PARTIAL,False,NORMAL
2026-07-18 09:00:00,5814,5814,Nandprayag (Nandakini),Uttarakhand,5,Uttarakhand,47,Chamoli,-,-,-,-,-,-,-,-,-,30.33122222,79.31063889,0.5,0.5,,,13.0,,10.875,14.0,15.0,45.5,53.0,55.449999999999996,148.5,233.50000000000006,269.29999999999995,10.0,,,15.0,,,PARTIAL,PARTIAL,False,NORMAL
2026-07-19 03:00:00,5815,5815,Nandprayag (Nandakini),Uttarakhand,5,Uttarakhand,47,Chamoli,-,-,-,-,-,-,-,-,-,30.33122222,79.31063889,0.5,0.5,,,13.0,,10.875,14.0,15.0,45.5,53.0,55.449999999999996,148.5,233.50000000000006,269.29999999999995,10.0,,,15.0,,,PARTIAL,PARTIAL,False,NORMAL
2026-07-19 14:00:00,5816,5816,Nandprayag (Nandakini),Uttarakhand,5,Uttarakhand,47,Chamoli,-,-,-,-,-,-,-,-,-,30.33122222,79.31063889,0.5,0.5,,,13.0,,10.875,14.0,15.0,45.5,53.0,55.449999999999996,148.5,233.50000000000006,269.29999999999995,10.0,,,15.0,,,PARTIAL,PARTIAL,False,NORMAL
2026-07-20 00:00:00,5817,5817,Nandprayag (Nandakini),Uttarakhand,5,Uttarakhand,47,Chamoli,-,-,-,-,-,-,-,-,-,30.33122222,79.31063889,0.5,0.5,,,13.5,,10.875,14.0,15.0,45.5,53.0,55.449999999999996,148.5,233.50000000000006,269.29999999999995,10.0,,,15.0,,,PARTIAL,PARTIAL,False,NORMAL
2026-07-20 03:00:00,5818,5818,Nandprayag (Nandakini),Uttarakhand,5,Uttarakhand,47,Chamoli,-,-,-,-,-,-,-,-,-,30.33122222,79.31063889,0.5,0.5,,,14.0,,10.875,14.0,15.0,45.5,53.0,55.449999999999996,148.5,233.50000000000006,269.29999999999995,10.0,,,15.0,,,PARTIAL,PARTIAL,False,NORMAL
2026-07-20 05:00:00,5819,5819,Nandprayag (Nandakini),Uttarakhand,5,Uttarakhand,47,Chamoli,-,-,-,-,-,-,-,-,-,30.33122222,79.31063889,0.5,0.5,,,14.5,,10.875,14.0,15.0,45.5,53.0,55.449999999999996,148.5,233.50000000000006,269.29999999999995,10.0,,,15.0,,,PARTIAL,PARTIAL,False,NORMAL
2026-07-20 07:00:00,5820,5820,Nandprayag (Nandakini),Uttarakhand,5,Uttarakhand,47,Chamoli,-,-,-,-,-,-,-,-,-,30.33122222,79.31063889,0.5,0.5,,,15.0,,10.875,14.0,15.0,45.5,53.0,55.449999999999996,148.5,233.50000000000006,269.29999999999995,10.0,,,15.0,,,PARTIAL,PARTIAL,False,NORMAL
2026-07-20 08:00:00,5821,5821,Nandprayag (Nandakini),Uttarakhand,5,Uttarakhand,47,Chamoli,-,-,-,-,-,-,-,-,-,30.33122222,79.31063889,0.5,0.5,,,15.0,,10.875,14.0,15.0,45.5,53.0,55.449999999999996,148.5,233.50000000000006,269.29999999999995,10.0,,,15.0,,,PARTIAL,PARTIAL,False,NORMAL
2026-07-20 09:00:00,5822,5822,Nandprayag (Nandakini),Uttarakhand,5,Uttarakhand,47,Chamoli,-,-,-,-,-,-,-,-,-,30.33122222,79.31063889,0.5,0.5,,,15.5,,10.875,14.0,15.0,45.5,53.0,55.449999999999996,148.5,233.50000000000006,269.29999999999995,10.0,,,15.0,,,PARTIAL,PARTIAL,False,NORMAL
2026-07-20 11:00:00,5823,5823,Nandprayag (Nandakini),Uttarakhand,5,Uttarakhand,47,Chamoli,-,-,-,-,-,-,-,-,-,30.33122222,79.31063889,0.5,0.5,,,16.0,,10.875,14.0,15.0,45.5,53.0,55.449999999999996,148.5,233.50000000000006,269.29999999999995,10.0,,,15.0,,,PARTIAL,PARTIAL,False,NORMAL
2026-07-20 14:00:00,5824,5824,Nandprayag (Nandakini),Uttarakhand,5,Uttarakhand,47,Chamoli,-,-,-,-,-,-,-,-,-,30.33122222,79.31063889,0.5,0.5,,,16.5,,10.875,14.0,15.0,45.5,53.0,55.449999999999996,148.5,233.50000000000006,269.29999999999995,10.0,,,15.0,,,PARTIAL,PARTIAL,False,NORMAL
2026-07-20 15:00:00,5825,5825,Nandprayag (Nandakini),Uttarakhand,5,Uttarakhand,47,Chamoli,-,-,-,-,-,-,-,-,-,30.33122222,79.31063889,0.5,0.5,,,17.0,,10.875,14.0,15.0,45.5,53.0,55.449999999999996,148.5,233.50000000000006,269.29999999999995,10.0,,,15.0,,,PARTIAL,PARTIAL,False,NORMAL
2026-07-20 16:00:00,5826,5826,Nandprayag (Nandakini),Uttarakhand,5,Uttarakhand,47,Chamoli,-,-,-,-,-,-,-,-,-,30.33122222,79.31063889,0.5,0.5,,,17.5,,10.875,14.0,15.0,45.5,53.0,55.449999999999996,148.5,233.50000000000006,269.29999999999995,10.0,,,15.0,,,PARTIAL,PARTIAL,False,NORMAL
2026-07-20 18:00:00,5827,5827,Nandprayag (Nandakini),Uttarakhand,5,Uttarakhand,47,Chamoli,-,-,-,-,-,-,-,-,-,30.33122222,79.31063889,0.5,0.5,,,18.0,,10.875,14.0,15.0,45.5,53.0,55.449999999999996,148.5,233.50000000000006,269.29999999999995,10.0,,,15.0,,,PARTIAL,PARTIAL,False,NORMAL
2026-07-20 19:00:00,5828,5828,Nandprayag (Nandakini),Uttarakhand,5,Uttarakhand,47,Chamoli,-,-,-,-,-,-,-,-,-,30.33122222,79.31063889,0.5,0.5,,,18.5,,10.875,14.0,15.0,45.5,53.0,55.449999999999996,148.5,233.50000000000006,269.29999999999995,10.0,,,15.0,,,PARTIAL,PARTIAL,False,NORMAL
2026-07-20 20:00:00,5829,5829,Nandprayag (Nandakini),Uttarakhand,5,Uttarakhand,47,Chamoli,-,-,-,-,-,-,-,-,-,30.33122222,79.31063889,1.0,1.0,,,19.0,,10.875,14.0,15.0,45.5,53.0,55.449999999999996,148.5,233.50000000000006,269.29999999999995,10.0,,,15.0,,,PARTIAL,PARTIAL,False,NORMAL
2026-07-20 21:00:00,5830,5830,Nandprayag (Nandakini),Uttarakhand,5,Uttarakhand,47,Chamoli,-,-,-,-,-,-,-,-,-,30.33122222,79.31063889,1.0,1.0,,,20.0,,10.875,14.0,15.0,45.5,53.0,55.449999999999996,148.5,233.50000000000006,269.29999999999995,10.0,,,15.0,,,PARTIAL,PARTIAL,False,NORMAL
2026-07-20 22:00:00,5831,5831,Nandprayag (Nandakini),Uttarakhand,5,Uttarakhand,47,Chamoli,-,-,-,-,-,-,-,-,-,30.33122222,79.31063889,1.0,1.0,,,21.0,,10.875,14.0,15.0,45.5,53.0,55.449999999999996,148.5,233.50000000000006,269.29999999999995,10.0,,,15.0,,,PARTIAL,PARTIAL,False,NORMAL
2026-07-20 23:00:00,5832,5832,Nandprayag (Nandakini),Uttarakhand,5,Uttarakhand,47,Chamoli,-,-,-,-,-,-,-,-,-,30.33122222,79.31063889,1.5,1.5,5.5,,22.0,,10.875,14.0,15.0,45.5,53.0,55.449999999999996,148.5,233.50000000000006,269.29999999999995,10.0,20.0,,15.0,,,PARTIAL,PARTIAL,False,NORMAL
2026-07-21 00:00:00,5833,5833,Nandprayag (Nandakini),Uttarakhand,5,Uttarakhand,47,Chamoli,-,-,-,-,-,-,-,-,-,30.33122222,79.31063889,0.5,0.5,5.5,,23.5,,10.875,14.0,15.0,45.5,53.0,55.449999999999996,148.5,233.50000000000006,269.29999999999995,10.0,20.0,,15.0,,,PARTIAL,PARTIAL,False,NORMAL
2026-07-21 02:00:00,5834,5834,Nandprayag (Nandakini),Uttarakhand,5,Uttarakhand,47,Chamoli,-,-,-,-,-,-,-,-,-,30.33122222,79.31063889,1.5,1.5,,,24.0,,10.875,14.0,15.0,45.5,53.0,55.449999999999996,148.5,233.50000000000006,269.29999999999995,10.0,,,15.0,,,PARTIAL,PARTIAL,False,NORMAL
2026-07-21 03:00:00,5835,5835,Nandprayag (Nandakini),Uttarakhand,5,Uttarakhand,47,Chamoli,-,-,-,-,-,-,-,-,-,30.33122222,79.31063889,1.5,1.5,,,25.0,,10.875,14.0,15.0,45.5,53.0,55.449999999999996,148.5,233.50000000000006,269.29999999999995,10.0,,,15.0,,,PARTIAL,PARTIAL,False,NORMAL
2026-07-21 04:00:00,5836,5836,Nandprayag (Nandakini),Uttarakhand,5,Uttarakhand,47,Chamoli,-,-,-,-,-,-,-,-,-,30.33122222,79.31063889,1.5,1.5,,,26.5,,10.875,14.0,15.0,45.5,53.0,55.449999999999996,148.5,233.50000000000006,269.29999999999995,10.0,,,15.0,,,PARTIAL,PARTIAL,False,NORMAL
2026-07-21 05:00:00,5837,5837,Nandprayag (Nandakini),Uttarakhand,5,Uttarakhand,47,Chamoli,-,-,-,-,-,-,-,-,-,30.33122222,79.31063889,1.5,1.5,,,28.0,,10.875,14.0,15.0,45.5,53.0,55.449999999999996,148.5,233.50000000000006,269.29999999999995,10.0,,,15.0,,,PARTIAL,PARTIAL,False,NORMAL
2026-07-21 06:00:00,5838,5838,Nandprayag (Nandakini),Uttarakhand,5,Uttarakhand,47,Chamoli,-,-,-,-,-,-,-,-,-,30.33122222,79.31063889,1.0,1.0,,,29.5,,10.875,14.0,15.0,45.5,53.0,55.449999999999996,148.5,233.50000000000006,269.29999999999995,10.0,,,15.0,,,PARTIAL,PARTIAL,False,NORMAL
2026-07-21 07:00:00,5839,5839,Nandprayag (Nandakini),Uttarakhand,5,Uttarakhand,47,Chamoli,-,-,-,-,-,-,-,-,-,30.33122222,79.31063889,1.5,1.5,8.5,,30.5,,10.875,14.0,15.0,45.5,53.0,55.449999999999996,148.5,233.50000000000006,269.29999999999995,10.0,20.0,,15.0,,,PARTIAL,PARTIAL,False,NORMAL
2026-07-21 08:00:00,5840,5840,Nandprayag (Nandakini),Uttarakhand,5,Uttarakhand,47,Chamoli,-,-,-,-,-,-,-,-,-,30.33122222,79.31063889,1.5,1.5,8.5,,32.0,,10.875,14.0,15.0,45.5,53.0,55.449999999999996,148.5,233.50000000000006,269.29999999999995,10.0,20.0,,15.0,,,PARTIAL,PARTIAL,False,NORMAL
2026-07-21 09:00:00,5841,5841,Nandprayag (Nandakini),Uttarakhand,5,Uttarakhand,47,Chamoli,-,-,-,-,-,-,-,-,-,30.33122222,79.31063889,1.0,1.0,8.0,,33.5,,10.875,14.0,15.0,45.5,53.0,55.449999999999996,148.5,233.50000000000006,269.29999999999995,10.0,20.0,,15.0,,,PARTIAL,PARTIAL,False,NORMAL
2026-07-21 10:00:00,5842,5842,Nandprayag (Nandakini),Uttarakhand,5,Uttarakhand,47,Chamoli,-,-,-,-,-,-,-,-,-,30.33122222,79.31063889,1.5,1.5,8.0,,34.5,,10.875,14.0,15.0,45.5,53.0,55.449999999999996,148.5,233.50000000000006,269.29999999999995,10.0,20.0,,15.0,,,PARTIAL,PARTIAL,False,NORMAL
2026-07-21 11:00:00,5843,5843,Nandprayag (Nandakini),Uttarakhand,5,Uttarakhand,47,Chamoli,-,-,-,-,-,-,-,-,-,30.33122222,79.31063889,1.5,1.5,8.0,,36.0,,10.875,14.0,15.0,45.5,53.0,55.449999999999996,148.5,233.50000000000006,269.29999999999995,10.0,20.0,,15.0,,,PARTIAL,PARTIAL,False,NORMAL
2026-07-21 12:00:00,5844,5844,Nandprayag (Nandakini),Uttarakhand,5,Uttarakhand,47,Chamoli,-,-,-,-,-,-,-,-,-,30.33122222,79.31063889,1.0,1.0,8.0,,37.5,,10.875,14.0,15.0,45.5,53.0,55.449999999999996,148.5,233.50000000000006,269.29999999999995,10.0,20.0,,15.0,,,PARTIAL,PARTIAL,False,NORMAL
2026-07-21 13:00:00,5845,5845,Nandprayag (Nandakini),Uttarakhand,5,Uttarakhand,47,Chamoli,-,-,-,-,-,-,-,-,-,30.33122222,79.31063889,1.0,1.0,7.5,,38.5,,10.875,14.0,15.0,45.5,53.0,55.449999999999996,148.5,233.50000000000006,269.29999999999995,10.0,20.0,,15.0,,,PARTIAL,PARTIAL,False,NORMAL
2026-07-21 14:00:00,5846,5846,Nandprayag (Nandakini),Uttarakhand,5,Uttarakhand,47,Chamoli,-,-,-,-,-,-,-,-,-,30.33122222,79.31063889,0.5,0.5,6.5,,39.5,,10.875,14.0,15.0,45.5,53.0,55.449999999999996,148.5,233.50000000000006,269.29999999999995,10.0,20.0,,15.0,,,PARTIAL,PARTIAL,False,NORMAL
2026-07-21 15:00:00,5847,5847,Nandprayag (Nandakini),Uttarakhand,5,Uttarakhand,47,Chamoli,-,-,-,-,-,-,-,-,-,30.33122222,79.31063889,1.0,1.0,6.5,,40.0,,10.875,14.0,15.0,45.5,53.0,55.449999999999996,148.5,233.50000000000006,269.29999999999995,10.0,20.0,,15.0,,,PARTIAL,PARTIAL,False,NORMAL
2026-07-21 16:00:00,5848,5848,Nandprayag (Nandakini),Uttarakhand,5,Uttarakhand,47,Chamoli,-,-,-,-,-,-,-,-,-,30.33122222,79.31063889,0.5,0.5,5.5,,41.0,,10.875,14.0,15.0,45.5,53.0,55.449999999999996,148.5,233.50000000000006,269.29999999999995,10.0,20.0,,15.0,,,PARTIAL,PARTIAL,False,NORMAL
2026-07-21 17:00:00,5849,5849,Nandprayag (Nandakini),Uttarakhand,5,Uttarakhand,47,Chamoli,-,-,-,-,-,-,-,-,-,30.33122222,79.31063889,0.5,0.5,4.5,,41.5,,10.875,14.0,15.0,45.5,53.0,55.449999999999996,148.5,233.50000000000006,269.29999999999995,10.0,20.0,,15.0,,,PARTIAL,PARTIAL,False,NORMAL
2026-07-21 18:00:00,5850,5850,Nandprayag (Nandakini),Uttarakhand,5,Uttarakhand,47,Chamoli,-,-,-,-,-,-,-,-,-,30.33122222,79.31063889,0.5,0.5,4.0,,42.0,,10.875,14.0,15.0,45.5,53.0,55.449999999999996,148.5,233.50000000000006,269.29999999999995,10.0,20.0,,15.0,,,PARTIAL,PARTIAL,False,NORMAL
2026-07-21 19:00:00,5851,5851,Nandprayag (Nandakini),Uttarakhand,5,Uttarakhand,47,Chamoli,-,-,-,-,-,-,-,-,-,30.33122222,79.31063889,1.0,1.0,4.0,,42.0,,10.875,14.0,15.0,45.5,53.0,55.449999999999996,148.5,233.50000000000006,269.29999999999995,10.0,20.0,,15.0,,,PARTIAL,PARTIAL,False,NORMAL
2026-07-21 20:00:00,5852,5852,Nandprayag (Nandakini),Uttarakhand,5,Uttarakhand,47,Chamoli,-,-,-,-,-,-,-,-,-,30.33122222,79.31063889,0.5,0.5,4.0,,43.0,,10.875,14.0,15.0,45.5,53.0,55.449999999999996,148.5,233.50000000000006,269.29999999999995,10.0,20.0,,15.0,,,PARTIAL,PARTIAL,False,NORMAL
2026-07-21 21:00:00,5853,5853,Nandprayag (Nandakini),Uttarakhand,5,Uttarakhand,47,Chamoli,-,-,-,-,-,-,-,-,-,30.33122222,79.31063889,1.5,1.5,4.5,,43.5,,10.875,14.0,15.0,45.5,53.0,55.449999999999996,148.5,233.50000000000006,269.29999999999995,10.0,20.0,,15.0,,,PARTIAL,PARTIAL,False,NORMAL
2026-07-21 22:00:00,5854,5854,Nandprayag (Nandakini),Uttarakhand,5,Uttarakhand,47,Chamoli,-,-,-,-,-,-,-,-,-,30.33122222,79.31063889,1.0,1.0,5.0,,45.0,,10.875,14.0,15.0,45.5,53.0,55.449999999999996,148.5,233.50000000000006,269.29999999999995,10.0,20.0,,15.0,,,PARTIAL,PARTIAL,False,NORMAL
2026-07-21 23:00:00,5855,5855,Nandprayag (Nandakini),Uttarakhand,5,Uttarakhand,47,Chamoli,-,-,-,-,-,-,-,-,-,30.33122222,79.31063889,1.5,1.5,6.0,,46.0,,10.875,14.0,15.0,45.5,53.0,55.449999999999996,148.5,233.50000000000006,269.29999999999995,10.0,20.0,,15.0,,,PARTIAL,PARTIAL,False,NORMAL
2026-07-22 00:00:00,5856,5856,Nandprayag (Nandakini),Uttarakhand,5,Uttarakhand,47,Chamoli,-,-,-,-,-,-,-,-,-,30.33122222,79.31063889,1.5,1.5,7.0,,47.5,,10.875,14.0,15.0,45.5,53.0,55.449999999999996,148.5,233.50000000000006,269.29999999999995,10.0,20.0,,15.0,,,PARTIAL,PARTIAL,False,NORMAL
2026-07-22 01:00:00,5857,5857,Nandprayag (Nandakini),Uttarakhand,5,Uttarakhand,47,Chamoli,-,-,-,-,-,-,-,-,-,30.33122222,79.31063889,1.0,1.0,7.0,27.0,49.0,,10.875,14.0,15.0,45.5,53.0,55.449999999999996,148.5,233.50000000000006,269.29999999999995,10.0,20.0,20.0,15.0,,,PARTIAL,PARTIAL,False,NORMAL
2026-07-22 02:00:00,5858,5858,Nandprayag (Nandakini),Uttarakhand,5,Uttarakhand,47,Chamoli,-,-,-,-,-,-,-,-,-,30.33122222,79.31063889,1.5,1.5,8.0,27.0,50.0,,10.875,14.0,15.0,45.5,53.0,55.449999999999996,148.5,233.50000000000006,269.29999999999995,10.0,20.0,20.0,15.0,,,PARTIAL,PARTIAL,False,NORMAL
2026-07-22 03:00:00,5859,5859,Nandprayag (Nandakini),Uttarakhand,5,Uttarakhand,47,Chamoli,-,-,-,-,-,-,-,-,-,30.33122222,79.31063889,1.0,1.0,7.5,26.5,51.5,,10.875,14.0,15.0,45.5,53.0,55.449999999999996,148.5,233.50000000000006,269.29999999999995,10.0,20.0,20.0,15.0,,,PARTIAL,PARTIAL,False,NORMAL
2026-07-22 04:00:00,5860,5860,Nandprayag (Nandakini),Uttarakhand,5,Uttarakhand,47,Chamoli,-,-,-,-,-,-,-,-,-,30.33122222,79.31063889,1.5,1.5,8.0,26.5,52.5,,10.875,14.0,15.0,45.5,53.0,55.449999999999996,148.5,233.50000000000006,269.29999999999995,10.0,20.0,20.0,15.0,,,PARTIAL,PARTIAL,False,NORMAL
2026-07-22 05:00:00,5861,5861,Nandprayag (Nandakini),Uttarakhand,5,Uttarakhand,47,Chamoli,-,-,-,-,-,-,-,-,-,30.33122222,79.31063889,1.5,1.5,8.0,26.5,54.0,,10.875,14.0,15.0,45.5,53.0,55.449999999999996,148.5,233.50000000000006,269.29999999999995,10.0,20.0,20.0,15.0,,,PARTIAL,PARTIAL,False,NORMAL
2026-07-22 06:00:00,5862,5862,Nandprayag (Nandakini),Uttarakhand,5,Uttarakhand,47,Chamoli,-,-,-,-,-,-,-,-,-,30.33122222,79.31063889,1.0,1.0,7.5,26.5,55.5,,10.875,14.0,15.0,45.5,53.0,55.449999999999996,148.5,233.50000000000006,269.29999999999995,10.0,20.0,20.0,15.0,,,PARTIAL,PARTIAL,False,NORMAL
2026-07-22 07:00:00,5863,5863,Nandprayag (Nandakini),Uttarakhand,5,Uttarakhand,47,Chamoli,-,-,-,-,-,-,-,-,-,30.33122222,79.31063889,1.5,1.5,8.0,26.5,56.5,,10.875,14.0,15.0,45.5,53.0,55.449999999999996,148.5,233.50000000000006,269.29999999999995,10.0,20.0,20.0,15.0,,,PARTIAL,PARTIAL,False,NORMAL
2026-07-22 08:00:00,5864,5864,Nandprayag (Nandakini),Uttarakhand,5,Uttarakhand,47,Chamoli,-,-,-,-,-,-,-,-,-,30.33122222,79.31063889,1.0,1.0,7.5,26.0,58.0,,10.875,14.0,15.0,45.5,53.0,55.449999999999996,148.5,233.50000000000006,269.29999999999995,10.0,20.0,20.0,15.0,,,PARTIAL,PARTIAL,False,NORMAL
2026-07-22 09:00:00,5865,5865,Nandprayag (Nandakini),Uttarakhand,5,Uttarakhand,47,Chamoli,-,-,-,-,-,-,-,-,-,30.33122222,79.31063889,1.5,1.5,8.0,26.5,59.0,,10.875,14.0,15.0,45.5,53.0,55.449999999999996,148.5,233.50000000000006,269.29999999999995,10.0,20.0,20.0,15.0,,,PARTIAL,PARTIAL,False,NORMAL
2026-07-22 10:00:00,5866,5866,Nandprayag (Nandakini),Uttarakhand,5,Uttarakhand,47,Chamoli,-,-,-,-,-,-,-,-,-,30.33122222,79.31063889,1.0,1.0,7.5,26.0,60.5,,10.875,14.0,15.0,45.5,53.0,55.449999999999996,148.5,233.50000000000006,269.29999999999995,10.0,20.0,20.0,15.0,,,PARTIAL,PARTIAL,False,NORMAL
2026-07-22 11:00:00,5867,5867,Nandprayag (Nandakini),Uttarakhand,5,Uttarakhand,47,Chamoli,-,-,-,-,-,-,-,-,-,30.33122222,79.31063889,1.5,1.5,7.5,26.0,61.5,,10.875,14.0,15.0,45.5,53.0,55.449999999999996,148.5,233.50000000000006,269.29999999999995,10.0,20.0,20.0,15.0,,,PARTIAL,PARTIAL,False,NORMAL
2026-07-22 12:00:00,5868,5868,Nandprayag (Nandakini),Uttarakhand,5,Uttarakhand,47,Chamoli,-,-,-,-,-,-,-,-,-,30.33122222,79.31063889,1.0,1.0,7.5,26.0,63.0,,10.875,14.0,15.0,45.5,53.0,55.449999999999996,148.5,233.50000000000006,269.29999999999995,10.0,20.0,20.0,15.0,,,PARTIAL,PARTIAL,False,NORMAL
2026-07-22 13:00:00,5869,5869,Nandprayag (Nandakini),Uttarakhand,5,Uttarakhand,47,Chamoli,-,-,-,-,-,-,-,-,-,30.33122222,79.31063889,0.5,0.5,6.5,25.5,63.5,,10.875,14.0,15.0,45.5,53.0,55.449999999999996,148.5,233.50000000000006,269.29999999999995,10.0,20.0,20.0,15.0,,,PARTIAL,PARTIAL,False,NORMAL
2026-07-22 14:00:00,5870,5870,Nandprayag (Nandakini),Uttarakhand,5,Uttarakhand,47,Chamoli,-,-,-,-,-,-,-,-,-,30.33122222,79.31063889,1.0,1.0,6.5,26.0,64.0,,10.875,14.0,15.0,45.5,53.0,55.449999999999996,148.5,233.50000000000006,269.29999999999995,10.0,20.0,20.0,15.0,,,PARTIAL,PARTIAL,False,NORMAL
2026-07-22 15:00:00,5871,5871,Nandprayag (Nandakini),Uttarakhand,5,Uttarakhand,47,Chamoli,-,-,-,-,-,-,-,-,-,30.33122222,79.31063889,0.5,0.5,5.5,25.5,65.0,,10.875,14.0,15.0,45.5,53.0,55.449999999999996,148.5,233.50000000000006,269.29999999999995,10.0,20.0,20.0,15.0,,,PARTIAL,PARTIAL,False,NORMAL
2026-07-22 16:00:00,5872,5872,Nandprayag (Nandakini),Uttarakhand,5,Uttarakhand,47,Chamoli,-,-,-,-,-,-,-,-,-,30.33122222,79.31063889,0.5,0.5,5.0,25.5,65.5,,10.875,14.0,15.0,45.5,53.0,55.449999999999996,148.5,233.50000000000006,269.29999999999995,10.0,20.0,20.0,15.0,,,PARTIAL,PARTIAL,False,NORMAL
2026-07-22 17:00:00,5873,5873,Nandprayag (Nandakini),Uttarakhand,5,Uttarakhand,47,Chamoli,-,-,-,-,-,-,-,-,-,30.33122222,79.31063889,1.0,1.0,4.5,26.0,66.0,,10.875,14.0,15.0,45.5,53.0,55.449999999999996,148.5,233.50000000000006,269.29999999999995,10.0,20.0,20.0,15.0,,,PARTIAL,PARTIAL,False,NORMAL
2026-07-22 18:00:00,5874,5874,Nandprayag (Nandakini),Uttarakhand,5,Uttarakhand,47,Chamoli,-,-,-,-,-,-,-,-,-,30.33122222,79.31063889,0.5,0.5,4.0,26.0,67.0,,10.875,14.0,15.0,45.5,53.0,55.449999999999996,148.5,233.50000000000006,269.29999999999995,10.0,20.0,20.0,15.0,,,PARTIAL,PARTIAL,False,NORMAL
2026-07-22 19:00:00,5875,5875,Nandprayag (Nandakini),Uttarakhand,5,Uttarakhand,47,Chamoli,-,-,-,-,-,-,-,-,-,30.33122222,79.31063889,0.5,0.5,4.0,25.5,67.5,,10.875,14.0,15.0,45.5,53.0,55.449999999999996,148.5,233.50000000000006,269.29999999999995,10.0,20.0,20.0,15.0,,,PARTIAL,PARTIAL,False,NORMAL
2026-07-22 20:00:00,5876,5876,Nandprayag (Nandakini),Uttarakhand,5,Uttarakhand,47,Chamoli,-,-,-,-,-,-,-,-,-,30.33122222,79.31063889,1.0,1.0,4.0,26.0,68.0,,10.875,14.0,15.0,45.5,53.0,55.449999999999996,148.5,233.50000000000006,269.29999999999995,10.0,20.0,20.0,15.0,,,PARTIAL,PARTIAL,False,NORMAL
2026-07-23 13:00:00,5877,5877,Nandprayag (Nandakini),Uttarakhand,5,Uttarakhand,47,Chamoli,-,-,-,-,-,-,-,-,-,30.33122222,79.31063889,0.5,0.5,,,68.5,,10.875,14.0,15.0,45.5,53.0,55.449999999999996,148.5,233.50000000000006,269.29999999999995,10.0,,,15.0,,,PARTIAL,PARTIAL,False,NORMAL
2026-07-23 14:00:00,5878,5878,Nandprayag (Nandakini),Uttarakhand,5,Uttarakhand,47,Chamoli,-,-,-,-,-,-,-,-,-,30.33122222,79.31063889,0.5,0.5,,,69.0,,10.875,14.0,15.0,45.5,53.0,55.449999999999996,148.5,233.50000000000006,269.29999999999995,10.0,,,15.0,,,PARTIAL,PARTIAL,False,NORMAL
2026-07-23 15:00:00,5879,5879,Nandprayag (Nandakini),Uttarakhand,5,Uttarakhand,47,Chamoli,-,-,-,-,-,-,-,-,-,30.33122222,79.31063889,0.5,0.5,,,69.5,,10.875,14.0,15.0,45.5,53.0,55.449999999999996,148.5,233.50000000000006,269.29999999999995,10.0,,,15.0,,,PARTIAL,PARTIAL,False,NORMAL
2026-07-23 16:00:00,5880,5880,Nandprayag (Nandakini),Uttarakhand,5,Uttarakhand,47,Chamoli,-,-,-,-,-,-,-,-,-,30.33122222,79.31063889,0.5,0.5,,,70.0,,10.875,14.0,15.0,45.5,53.0,55.449999999999996,148.5,233.50000000000006,269.29999999999995,10.0,,,15.0,,,PARTIAL,PARTIAL,False,NORMAL
2026-07-23 17:00:00,5881,5881,Nandprayag (Nandakini),Uttarakhand,5,Uttarakhand,47,Chamoli,-,-,-,-,-,-,-,-,-,30.33122222,79.31063889,1.0,1.0,,,70.5,,10.875,14.0,15.0,45.5,53.0,55.449999999999996,148.5,233.50000000000006,269.29999999999995,10.0,,,15.0,,,PARTIAL,PARTIAL,False,NORMAL
2026-07-23 18:00:00,5882,5882,Nandprayag (Nandakini),Uttarakhand,5,Uttarakhand,47,Chamoli,-,-,-,-,-,-,-,-,-,30.33122222,79.31063889,0.5,0.5,3.5,,71.5,,10.875,14.0,15.0,45.5,53.0,55.449999999999996,148.5,233.50000000000006,269.29999999999995,10.0,20.0,,15.0,,,PARTIAL,PARTIAL,False,NORMAL
2026-07-23 19:00:00,5883,5883,Nandprayag (Nandakini),Uttarakhand,5,Uttarakhand,47,Chamoli,-,-,-,-,-,-,-,-,-,30.33122222,79.31063889,1.0,1.0,4.0,,72.0,,10.875,14.0,15.0,45.5,53.0,55.449999999999996,148.5,233.50000000000006,269.29999999999995,10.0,20.0,,15.0,,,PARTIAL,PARTIAL,False,NORMAL
2026-07-23 20:00:00,5884,5884,Nandprayag (Nandakini),Uttarakhand,5,Uttarakhand,47,Chamoli,-,-,-,-,-,-,-,-,-,30.33122222,79.31063889,1.0,1.0,4.5,,73.0,,10.875,14.0,15.0,45.5,53.0,55.449999999999996,148.5,233.50000000000006,269.29999999999995,10.0,20.0,,15.0,,,PARTIAL,PARTIAL,False,NORMAL
2026-07-23 21:00:00,5885,5885,Nandprayag (Nandakini),Uttarakhand,5,Uttarakhand,47,Chamoli,-,-,-,-,-,-,-,-,-,30.33122222,79.31063889,1.5,1.5,5.5,,74.0,,10.875,14.0,15.0,45.5,53.0,55.449999999999996,148.5,233.50000000000006,269.29999999999995,10.0,20.0,,15.0,,,PARTIAL,PARTIAL,False,NORMAL
2026-07-23 22:00:00,5886,5886,Nandprayag (Nandakini),Uttarakhand,5,Uttarakhand,47,Chamoli,-,-,-,-,-,-,-,-,-,30.33122222,79.31063889,1.0,1.0,6.0,,75.5,,10.875,14.0,15.0,45.5,53.0,55.449999999999996,148.5,233.50000000000006,269.29999999999995,10.0,20.0,,15.0,,,PARTIAL,PARTIAL,False,NORMAL
2026-07-23 23:00:00,5887,5887,Nandprayag (Nandakini),Uttarakhand,5,Uttarakhand,47,Chamoli,-,-,-,-,-,-,-,-,-,30.33122222,79.31063889,1.0,1.0,6.0,,76.5,,10.875,14.0,15.0,45.5,53.0,55.449999999999996,148.5,233.50000000000006,269.29999999999995,10.0,20.0,,15.0,,,PARTIAL,PARTIAL,False,NORMAL
2026-07-24 00:00:00,5888,5888,Nandprayag (Nandakini),Uttarakhand,5,Uttarakhand,47,Chamoli,-,-,-,-,-,-,-,-,-,30.33122222,79.31063889,1.0,1.0,6.5,,77.5,,10.875,14.0,15.0,45.5,53.0,55.449999999999996,148.5,233.50000000000006,269.29999999999995,10.0,20.0,,15.0,,,PARTIAL,PARTIAL,False,NORMAL
2026-07-24 01:00:00,5889,5889,Nandprayag (Nandakini),Uttarakhand,5,Uttarakhand,47,Chamoli,-,-,-,-,-,-,-,-,-,30.33122222,79.31063889,1.5,1.5,7.0,,78.5,,10.875,14.0,15.0,45.5,53.0,55.449999999999996,148.5,233.50000000000006,269.29999999999995,10.0,20.0,,15.0,,,PARTIAL,PARTIAL,False,NORMAL
2026-07-24 02:00:00,5890,5890,Nandprayag (Nandakini),Uttarakhand,5,Uttarakhand,47,Chamoli,-,-,-,-,-,-,-,-,-,30.33122222,79.31063889,1.0,1.0,7.0,,80.0,,10.875,14.0,15.0,45.5,53.0,55.449999999999996,148.5,233.50000000000006,269.29999999999995,10.0,20.0,,15.0,,,PARTIAL,PARTIAL,False,NORMAL
2026-07-24 03:00:00,5891,5891,Nandprayag (Nandakini),Uttarakhand,5,Uttarakhand,47,Chamoli,-,-,-,-,-,-,-,-,-,30.33122222,79.31063889,1.5,1.5,7.0,,81.0,,10.875,14.0,15.0,45.5,53.0,55.449999999999996,148.5,233.50000000000006,269.29999999999995,10.0,20.0,,15.0,,,PARTIAL,PARTIAL,False,NORMAL
2026-07-24 04:00:00,5892,5892,Nandprayag (Nandakini),Uttarakhand,5,Uttarakhand,47,Chamoli,-,-,-,-,-,-,-,-,-,30.33122222,79.31063889,1.0,1.0,7.0,,82.5,,10.875,14.0,15.0,45.5,53.0,55.449999999999996,148.5,233.50000000000006,269.29999999999995,10.0,20.0,,15.0,,,PARTIAL,PARTIAL,False,NORMAL
2026-07-24 05:00:00,5893,5893,Nandprayag (Nandakini),Uttarakhand,5,Uttarakhand,47,Chamoli,-,-,-,-,-,-,-,-,-,30.33122222,79.31063889,1.5,1.5,7.5,,83.5,,10.875,14.0,15.0,45.5,53.0,55.449999999999996,148.5,233.50000000000006,269.29999999999995,10.0,20.0,,15.0,,,PARTIAL,PARTIAL,False,NORMAL
2026-07-24 06:00:00,5894,5894,Nandprayag (Nandakini),Uttarakhand,5,Uttarakhand,47,Chamoli,-,-,-,-,-,-,-,-,-,30.33122222,79.31063889,1.0,1.0,7.5,,85.0,,10.875,14.0,15.0,45.5,53.0,55.449999999999996,148.5,233.50000000000006,269.29999999999995,10.0,20.0,,15.0,,,PARTIAL,PARTIAL,False,NORMAL
2026-07-24 07:00:00,5895,5895,Nandprayag (Nandakini),Uttarakhand,5,Uttarakhand,47,Chamoli,-,-,-,-,-,-,-,-,-,30.33122222,79.31063889,1.5,1.5,7.5,,86.0,,10.875,14.0,15.0,45.5,53.0,55.449999999999996,148.5,233.50000000000006,269.29999999999995,10.0,20.0,,15.0,,,PARTIAL,PARTIAL,False,NORMAL
2026-07-24 08:00:00,5896,5896,Nandprayag (Nandakini),Uttarakhand,5,Uttarakhand,47,Chamoli,-,-,-,-,-,-,-,-,-,30.33122222,79.31063889,1.5,1.5,8.0,,87.5,,10.875,14.0,15.0,45.5,53.0,55.449999999999996,148.5,233.50000000000006,269.29999999999995,10.0,20.0,,15.0,,,PARTIAL,PARTIAL,False,NORMAL
2026-07-24 09:00:00,5897,5897,Nandprayag (Nandakini),Uttarakhand,5,Uttarakhand,47,Chamoli,-,-,-,-,-,-,-,-,-,30.33122222,79.31063889,1.5,1.5,8.0,,89.0,,10.875,14.0,15.0,45.5,53.0,55.449999999999996,148.5,233.50000000000006,269.29999999999995,10.0,20.0,,15.0,,,PARTIAL,PARTIAL,False,NORMAL
2026-07-24 10:00:00,5898,5898,Nandprayag (Nandakini),Uttarakhand,5,Uttarakhand,47,Chamoli,-,-,-,-,-,-,-,-,-,30.33122222,79.31063889,1.5,1.5,8.5,,90.5,,10.875,14.0,15.0,45.5,53.0,55.449999999999996,148.5,233.50000000000006,269.29999999999995,10.0,20.0,,15.0,,,PARTIAL,PARTIAL,False,NORMAL
2026-07-24 11:00:00,5899,5899,Nandprayag (Nandakini),Uttarakhand,5,Uttarakhand,47,Chamoli,-,-,-,-,-,-,-,-,-,30.33122222,79.31063889,1.0,1.0,8.0,,92.0,,10.875,14.0,15.0,45.5,53.0,55.449999999999996,148.5,233.50000000000006,269.29999999999995,10.0,20.0,,15.0,,,PARTIAL,PARTIAL,False,NORMAL
2026-07-24 12:00:00,5900,5900,Nandprayag (Nandakini),Uttarakhand,5,Uttarakhand,47,Chamoli,-,-,-,-,-,-,-,-,-,30.33122222,79.31063889,0.5,0.5,7.5,25.0,93.0,,10.875,14.0,15.0,45.5,53.0,55.449999999999996,148.5,233.50000000000006,269.29999999999995,10.0,20.0,20.0,15.0,,,PARTIAL,PARTIAL,False,NORMAL
2026-07-24 13:00:00,5901,5901,Nandprayag (Nandakini),Uttarakhand,5,Uttarakhand,47,Chamoli,-,-,-,-,-,-,-,-,-,30.33122222,79.31063889,1.0,1.0,7.0,25.5,93.5,,10.875,14.0,15.0,45.5,53.0,55.449999999999996,148.5,233.50000000000006,269.29999999999995,10.0,20.0,20.0,15.0,,,PARTIAL,PARTIAL,False,NORMAL
2026-07-24 14:00:00,5902,5902,Nandprayag (Nandakini),Uttarakhand,5,Uttarakhand,47,Chamoli,-,-,-,-,-,-,-,-,-,30.33122222,79.31063889,0.5,0.5,6.0,25.5,94.5,,10.875,14.0,15.0,45.5,53.0,55.449999999999996,148.5,233.50000000000006,269.29999999999995,10.0,20.0,20.0,15.0,,,PARTIAL,PARTIAL,False,NORMAL
2026-07-24 15:00:00,5903,5903,Nandprayag (Nandakini),Uttarakhand,5,Uttarakhand,47,Chamoli,-,-,-,-,-,-,-,-,-,30.33122222,79.31063889,1.0,1.0,5.5,26.0,95.0,,10.875,14.0,15.0,45.5,53.0,55.449999999999996,148.5,233.50000000000006,269.29999999999995,10.0,20.0,20.0,15.0,,,PARTIAL,PARTIAL,False,NORMAL
2026-07-24 16:00:00,5904,5904,Nandprayag (Nandakini),Uttarakhand,5,Uttarakhand,47,Chamoli,-,-,-,-,-,-,-,-,-,30.33122222,79.31063889,0.5,0.5,4.5,26.0,96.0,,10.875,14.0,15.0,45.5,53.0,55.449999999999996,148.5,233.50000000000006,269.29999999999995,10.0,20.0,20.0,15.0,,,PARTIAL,PARTIAL,False,NORMAL
2026-07-24 17:00:00,5905,5905,Nandprayag (Nandakini),Uttarakhand,5,Uttarakhand,47,Chamoli,-,-,-,-,-,-,-,-,-,30.33122222,79.31063889,0.5,0.5,4.0,25.5,96.5,,10.875,14.0,15.0,45.5,53.0,55.449999999999996,148.5,233.50000000000006,269.29999999999995,10.0,20.0,20.0,15.0,,,PARTIAL,PARTIAL,False,NORMAL
2026-07-24 18:00:00,5906,5906,Nandprayag (Nandakini),Uttarakhand,5,Uttarakhand,47,Chamoli,-,-,-,-,-,-,-,-,-,30.33122222,79.31063889,0.5,0.5,4.0,25.5,97.0,,10.875,14.0,15.0,45.5,53.0,55.449999999999996,148.5,233.50000000000006,269.29999999999995,10.0,20.0,20.0,15.0,,,PARTIAL,PARTIAL,False,NORMAL
2026-07-24 19:00:00,5907,5907,Nandprayag (Nandakini),Uttarakhand,5,Uttarakhand,47,Chamoli,-,-,-,-,-,-,-,-,-,30.33122222,79.31063889,1.0,1.0,4.0,25.5,97.5,,10.875,14.0,15.0,45.5,53.0,55.449999999999996,148.5,233.50000000000006,269.29999999999995,10.0,20.0,20.0,15.0,,,PARTIAL,PARTIAL,False,NORMAL
2026-07-24 20:00:00,5908,5908,Nandprayag (Nandakini),Uttarakhand,5,Uttarakhand,47,Chamoli,-,-,-,-,-,-,-,-,-,30.33122222,79.31063889,1.5,1.5,5.0,26.0,98.5,,10.875,14.0,15.0,45.5,53.0,55.449999999999996,148.5,233.50000000000006,269.29999999999995,10.0,20.0,20.0,15.0,,,PARTIAL,PARTIAL,False,NORMAL
2026-07-24 21:00:00,5909,5909,Nandprayag (Nandakini),Uttarakhand,5,Uttarakhand,47,Chamoli,-,-,-,-,-,-,-,-,-,30.33122222,79.31063889,1.0,1.0,5.0,25.5,100.0,,10.875,14.0,15.0,45.5,53.0,55.449999999999996,148.5,233.50000000000006,269.29999999999995,10.0,20.0,20.0,15.0,,,PARTIAL,PARTIAL,False,NORMAL
2026-07-24 22:00:00,5910,5910,Nandprayag (Nandakini),Uttarakhand,5,Uttarakhand,47,Chamoli,-,-,-,-,-,-,-,-,-,30.33122222,79.31063889,1.5,1.5,6.0,26.0,101.0,,10.875,14.0,15.0,45.5,53.0,55.449999999999996,148.5,233.50000000000006,269.29999999999995,10.0,20.0,20.0,15.0,,,PARTIAL,PARTIAL,False,NORMAL
2026-07-24 23:00:00,5911,5911,Nandprayag (Nandakini),Uttarakhand,5,Uttarakhand,47,Chamoli,-,-,-,-,-,-,-,-,-,30.33122222,79.31063889,1.0,1.0,6.5,26.0,102.5,,10.875,14.0,15.0,45.5,53.0,55.449999999999996,148.5,233.50000000000006,269.29999999999995,10.0,20.0,20.0,15.0,,,PARTIAL,PARTIAL,False,NORMAL
2026-07-25 00:00:00,5912,5912,Nandprayag (Nandakini),Uttarakhand,5,Uttarakhand,47,Chamoli,-,-,-,-,-,-,-,-,-,30.33122222,79.31063889,1.5,1.5,7.5,26.5,103.5,,10.875,14.0,15.0,45.5,53.0,55.449999999999996,148.5,233.50000000000006,269.29999999999995,10.0,20.0,20.0,15.0,,,PARTIAL,PARTIAL,False,NORMAL
2026-07-25 01:00:00,5913,5913,Nandprayag (Nandakini),Uttarakhand,5,Uttarakhand,47,Chamoli,-,-,-,-,-,-,-,-,-,30.33122222,79.31063889,1.5,1.5,8.0,26.5,105.0,,10.875,14.0,15.0,45.5,53.0,55.449999999999996,148.5,233.50000000000006,269.29999999999995,10.0,20.0,20.0,15.0,,,PARTIAL,PARTIAL,False,NORMAL
2026-07-25 02:00:00,5914,5914,Nandprayag (Nandakini),Uttarakhand,5,Uttarakhand,47,Chamoli,-,-,-,-,-,-,-,-,-,30.33122222,79.31063889,1.0,1.0,7.5,26.5,106.5,,10.875,14.0,15.0,45.5,53.0,55.449999999999996,148.5,233.50000000000006,269.29999999999995,10.0,20.0,20.0,15.0,,,PARTIAL,PARTIAL,False,NORMAL
2026-07-25 03:00:00,5915,5915,Nandprayag (Nandakini),Uttarakhand,5,Uttarakhand,47,Chamoli,-,-,-,-,-,-,-,-,-,30.33122222,79.31063889,1.5,1.5,8.0,26.5,107.5,,10.875,14.0,15.0,45.5,53.0,55.449999999999996,148.5,233.50000000000006,269.29999999999995,10.0,20.0,20.0,15.0,,,PARTIAL,PARTIAL,False,NORMAL
2026-07-25 04:00:00,5916,5916,Nandprayag (Nandakini),Uttarakhand,5,Uttarakhand,47,Chamoli,-,-,-,-,-,-,-,-,-,30.33122222,79.31063889,1.0,1.0,7.5,26.5,109.0,,10.875,14.0,15.0,45.5,53.0,55.449999999999996,148.5,233.50000000000006,269.29999999999995,10.0,20.0,20.0,15.0,,,PARTIAL,PARTIAL,False,NORMAL
2026-07-25 05:00:00,5917,5917,Nandprayag (Nandakini),Uttarakhand,5,Uttarakhand,47,Chamoli,-,-,-,-,-,-,-,-,-,30.33122222,79.31063889,1.5,1.5,8.0,26.5,110.0,,10.875,14.0,15.0,45.5,53.0,55.449999999999996,148.5,233.50000000000006,269.29999999999995,10.0,20.0,20.0,15.0,,,PARTIAL,PARTIAL,False,NORMAL
2026-07-25 06:00:00,5918,5918,Nandprayag (Nandakini),Uttarakhand,5,Uttarakhand,47,Chamoli,-,-,-,-,-,-,-,-,-,30.33122222,79.31063889,1.0,1.0,7.5,26.5,111.5,,10.875,14.0,15.0,45.5,53.0,55.449999999999996,148.5,233.50000000000006,269.29999999999995,10.0,20.0,20.0,15.0,,,PARTIAL,PARTIAL,False,NORMAL
2026-07-25 07:00:00,5919,5919,Nandprayag (Nandakini),Uttarakhand,5,Uttarakhand,47,Chamoli,-,-,-,-,-,-,-,-,-,30.33122222,79.31063889,1.5,1.5,7.5,26.5,112.5,,10.875,14.0,15.0,45.5,53.0,55.449999999999996,148.5,233.50000000000006,269.29999999999995,10.0,20.0,20.0,15.0,,,PARTIAL,PARTIAL,False,NORMAL
2026-07-25 08:00:00,5920,5920,Nandprayag (Nandakini),Uttarakhand,5,Uttarakhand,47,Chamoli,-,-,-,-,-,-,-,-,-,30.33122222,79.31063889,1.0,1.0,7.5,26.0,114.0,,10.875,14.0,15.0,45.5,53.0,55.449999999999996,148.5,233.50000000000006,269.29999999999995,10.0,20.0,20.0,15.0,,,PARTIAL,PARTIAL,False,NORMAL
2026-07-25 09:00:00,5921,5921,Nandprayag (Nandakini),Uttarakhand,5,Uttarakhand,47,Chamoli,-,-,-,-,-,-,-,-,-,30.33122222,79.31063889,1.0,1.0,7.0,25.5,115.0,,10.875,14.0,15.0,45.5,53.0,55.449999999999996,148.5,233.50000000000006,269.29999999999995,10.0,20.0,20.0,15.0,,,PARTIAL,PARTIAL,False,NORMAL
2026-07-25 10:00:00,5922,5922,Nandprayag (Nandakini),Uttarakhand,5,Uttarakhand,47,Chamoli,-,-,-,-,-,-,-,-,-,30.33122222,79.31063889,1.0,1.0,7.0,25.0,116.0,,10.875,14.0,15.0,45.5,53.0,55.449999999999996,148.5,233.50000000000006,269.29999999999995,10.0,20.0,20.0,15.0,,,PARTIAL,PARTIAL,False,NORMAL
2026-07-25 11:00:00,5923,5923,Nandprayag (Nandakini),Uttarakhand,5,Uttarakhand,47,Chamoli,-,-,-,-,-,-,-,-,-,30.33122222,79.31063889,1.5,1.5,7.0,25.5,117.0,,10.875,14.0,15.0,45.5,53.0,55.449999999999996,148.5,233.50000000000006,269.29999999999995,10.0,20.0,20.0,15.0,,,PARTIAL,PARTIAL,False,NORMAL
2026-07-25 12:00:00,5924,5924,Nandprayag (Nandakini),Uttarakhand,5,Uttarakhand,47,Chamoli,-,-,-,-,-,-,-,-,-,30.33122222,79.31063889,1.0,1.0,7.0,26.0,118.5,,10.875,14.0,15.0,45.5,53.0,55.449999999999996,148.5,233.50000000000006,269.29999999999995,10.0,20.0,20.0,15.0,,,PARTIAL,PARTIAL,False,NORMAL
2026-07-25 13:00:00,5925,5925,Nandprayag (Nandakini),Uttarakhand,5,Uttarakhand,47,Chamoli,-,-,-,-,-,-,-,-,-,30.33122222,79.31063889,1.0,1.0,6.5,26.0,119.5,,10.875,14.0,15.0,45.5,53.0,55.449999999999996,148.5,233.50000000000006,269.29999999999995,10.0,20.0,20.0,15.0,,,PARTIAL,PARTIAL,False,NORMAL
2026-07-25 14:00:00,5926,5926,Nandprayag (Nandakini),Uttarakhand,5,Uttarakhand,47,Chamoli,-,-,-,-,-,-,-,-,-,30.33122222,79.31063889,0.5,0.5,6.0,26.0,120.5,,10.875,14.0,15.0,45.5,53.0,55.449999999999996,148.5,233.50000000000006,269.29999999999995,10.0,20.0,20.0,15.0,,,PARTIAL,PARTIAL,False,NORMAL
2026-07-25 15:00:00,5927,5927,Nandprayag (Nandakini),Uttarakhand,5,Uttarakhand,47,Chamoli,-,-,-,-,-,-,-,-,-,30.33122222,79.31063889,0.5,0.5,5.5,25.5,121.0,,10.875,14.0,15.0,45.5,53.0,55.449999999999996,148.5,233.50000000000006,269.29999999999995,10.0,20.0,20.0,15.0,,,PARTIAL,PARTIAL,False,NORMAL
2026-07-25 16:00:00,5928,5928,Nandprayag (Nandakini),Uttarakhand,5,Uttarakhand,47,Chamoli,-,-,-,-,-,-,-,-,-,30.33122222,79.31063889,1.0,1.0,5.5,26.0,121.5,,10.875,14.0,15.0,45.5,53.0,55.449999999999996,148.5,233.50000000000006,269.29999999999995,10.0,20.0,20.0,15.0,,,PARTIAL,PARTIAL,False,NORMAL
2026-07-25 17:00:00,5929,5929,Nandprayag (Nandakini),Uttarakhand,5,Uttarakhand,47,Chamoli,-,-,-,-,-,-,-,-,-,30.33122222,79.31063889,0.5,0.5,4.5,26.0,122.5,,10.875,14.0,15.0,45.5,53.0,55.449999999999996,148.5,233.50000000000006,269.29999999999995,10.0,20.0,20.0,15.0,,,PARTIAL,PARTIAL,False,NORMAL
2026-07-25 18:00:00,5930,5930,Nandprayag (Nandakini),Uttarakhand,5,Uttarakhand,47,Chamoli,-,-,-,-,-,-,-,-,-,30.33122222,79.31063889,0.5,0.5,4.0,26.0,123.0,,10.875,14.0,15.0,45.5,53.0,55.449999999999996,148.5,233.50000000000006,269.29999999999995,10.0,20.0,20.0,15.0,,,PARTIAL,PARTIAL,False,NORMAL
2026-07-25 19:00:00,5931,5931,Nandprayag (Nandakini),Uttarakhand,5,Uttarakhand,47,Chamoli,-,-,-,-,-,-,-,-,-,30.33122222,79.31063889,0.5,0.5,3.5,25.5,123.5,,10.875,14.0,15.0,45.5,53.0,55.449999999999996,148.5,233.50000000000006,269.29999999999995,10.0,20.0,20.0,15.0,,,PARTIAL,PARTIAL,False,NORMAL
2026-07-25 20:00:00,5932,5932,Nandprayag (Nandakini),Uttarakhand,5,Uttarakhand,47,Chamoli,-,-,-,-,-,-,-,-,-,30.33122222,79.31063889,1.0,1.0,4.0,25.0,124.0,,10.875,14.0,15.0,45.5,53.0,55.449999999999996,148.5,233.50000000000006,269.29999999999995,10.0,20.0,20.0,15.0,,,PARTIAL,PARTIAL,False,NORMAL
2026-07-25 21:00:00,5933,5933,Nandprayag (Nandakini),Uttarakhand,5,Uttarakhand,47,Chamoli,-,-,-,-,-,-,-,-,-,30.33122222,79.31063889,1.0,1.0,4.5,25.0,125.0,,10.875,14.0,15.0,45.5,53.0,55.449999999999996,148.5,233.50000000000006,269.29999999999995,10.0,20.0,20.0,15.0,,,PARTIAL,PARTIAL,False,NORMAL
2026-07-25 22:00:00,5934,5934,Nandprayag (Nandakini),Uttarakhand,5,Uttarakhand,47,Chamoli,-,-,-,-,-,-,-,-,-,30.33122222,79.31063889,1.0,1.0,4.5,24.5,126.0,,10.875,14.0,15.0,45.5,53.0,55.449999999999996,148.5,233.50000000000006,269.29999999999995,10.0,20.0,20.0,15.0,,,PARTIAL,PARTIAL,False,NORMAL
2026-07-25 23:00:00,5935,5935,Nandprayag (Nandakini),Uttarakhand,5,Uttarakhand,47,Chamoli,-,-,-,-,-,-,-,-,-,30.33122222,79.31063889,1.0,1.0,5.0,24.5,127.0,,10.875,14.0,15.0,45.5,53.0,55.449999999999996,148.5,233.50000000000006,269.29999999999995,10.0,20.0,20.0,15.0,,,PARTIAL,PARTIAL,False,NORMAL
2026-07-26 00:00:00,5936,5936,Nandprayag (Nandakini),Uttarakhand,5,Uttarakhand,47,Chamoli,-,-,-,-,-,-,-,-,-,30.33122222,79.31063889,1.0,1.0,5.5,24.0,128.0,,10.875,14.0,15.0,45.5,53.0,55.449999999999996,148.5,233.50000000000006,269.29999999999995,10.0,20.0,20.0,15.0,,,PARTIAL,PARTIAL,False,NORMAL
2026-07-26 01:00:00,5937,5937,Nandprayag (Nandakini),Uttarakhand,5,Uttarakhand,47,Chamoli,-,-,-,-,-,-,-,-,-,30.33122222,79.31063889,1.0,1.0,6.0,23.5,129.0,,10.875,14.0,15.0,45.5,53.0,55.449999999999996,148.5,233.50000000000006,269.29999999999995,10.0,20.0,20.0,15.0,,,PARTIAL,PARTIAL,False,NORMAL
2026-07-26 02:00:00,5938,5938,Nandprayag (Nandakini),Uttarakhand,5,Uttarakhand,47,Chamoli,-,-,-,-,-,-,-,-,-,30.33122222,79.31063889,1.0,1.0,6.0,23.5,130.0,,10.875,14.0,15.0,45.5,53.0,55.449999999999996,148.5,233.50000000000006,269.29999999999995,10.0,20.0,20.0,15.0,,,PARTIAL,PARTIAL,False,NORMAL
2026-07-26 03:00:00,5939,5939,Nandprayag (Nandakini),Uttarakhand,5,Uttarakhand,47,Chamoli,-,-,-,-,-,-,-,-,-,30.33122222,79.31063889,1.0,1.0,6.0,23.0,131.0,,10.875,14.0,15.0,45.5,53.0,55.449999999999996,148.5,233.50000000000006,269.29999999999995,10.0,20.0,20.0,15.0,,,PARTIAL,PARTIAL,False,NORMAL
2026-07-26 04:00:00,5940,5940,Nandprayag (Nandakini),Uttarakhand,5,Uttarakhand,47,Chamoli,-,-,-,-,-,-,-,-,-,30.33122222,79.31063889,1.0,1.0,6.0,23.0,132.0,,10.875,14.0,15.0,45.5,53.0,55.449999999999996,148.5,233.50000000000006,269.29999999999995,10.0,20.0,20.0,15.0,,,PARTIAL,PARTIAL,False,NORMAL
2026-07-26 05:00:00,5941,5941,Nandprayag (Nandakini),Uttarakhand,5,Uttarakhand,47,Chamoli,-,-,-,-,-,-,-,-,-,30.33122222,79.31063889,1.0,1.0,6.0,22.5,133.0,,10.875,14.0,15.0,45.5,53.0,55.449999999999996,148.5,233.50000000000006,269.29999999999995,10.0,20.0,20.0,15.0,,,PARTIAL,PARTIAL,False,NORMAL
2026-07-26 06:00:00,5942,5942,Nandprayag (Nandakini),Uttarakhand,5,Uttarakhand,47,Chamoli,-,-,-,-,-,-,-,-,-,30.33122222,79.31063889,1.0,1.0,6.0,22.5,134.0,,10.875,14.0,15.0,45.5,53.0,55.449999999999996,148.5,233.50000000000006,269.29999999999995,10.0,20.0,20.0,15.0,,,PARTIAL,PARTIAL,False,NORMAL
2026-07-26 07:00:00,5943,5943,Nandprayag (Nandakini),Uttarakhand,5,Uttarakhand,47,Chamoli,-,-,-,-,-,-,-,-,-,30.33122222,79.31063889,0.5,0.5,5.5,21.5,135.0,,10.875,14.0,15.0,45.5,53.0,55.449999999999996,148.5,233.50000000000006,269.29999999999995,10.0,20.0,20.0,15.0,,,PARTIAL,PARTIAL,False,NORMAL
2026-07-26 08:00:00,5944,5944,Nandprayag (Nandakini),Uttarakhand,5,Uttarakhand,47,Chamoli,-,-,-,-,-,-,-,-,-,30.33122222,79.31063889,1.0,1.0,5.5,21.5,135.5,,10.875,14.0,15.0,45.5,53.0,55.449999999999996,148.5,233.50000000000006,269.29999999999995,10.0,20.0,20.0,15.0,,,PARTIAL,PARTIAL,False,NORMAL
2026-07-26 09:00:00,5945,5945,Nandprayag (Nandakini),Uttarakhand,5,Uttarakhand,47,Chamoli,-,-,-,-,-,-,-,-,-,30.33122222,79.31063889,1.0,1.0,5.5,21.5,136.5,,10.875,14.0,15.0,45.5,53.0,55.449999999999996,148.5,233.50000000000006,269.29999999999995,10.0,20.0,20.0,15.0,,,PARTIAL,PARTIAL,False,NORMAL
2026-07-26 14:00:00,5946,5946,Nandprayag (Nandakini),Uttarakhand,5,Uttarakhand,47,Chamoli,-,-,-,-,-,-,-,-,-,30.33122222,79.31063889,0.5,0.5,,,137.5,,10.875,14.0,15.0,45.5,53.0,55.449999999999996,148.5,233.50000000000006,269.29999999999995,10.0,,,15.0,,,PARTIAL,PARTIAL,False,NORMAL
2026-07-26 15:00:00,5947,5947,Nandprayag (Nandakini),Uttarakhand,5,Uttarakhand,47,Chamoli,-,-,-,-,-,-,-,-,-,30.33122222,79.31063889,0.5,0.5,,,138.0,,10.875,14.0,15.0,45.5,53.0,55.449999999999996,148.5,233.50000000000006,269.29999999999995,10.0,,,15.0,,,PARTIAL,PARTIAL,False,NORMAL
2026-07-26 16:00:00,5948,5948,Nandprayag (Nandakini),Uttarakhand,5,Uttarakhand,47,Chamoli,-,-,-,-,-,-,-,-,-,30.33122222,79.31063889,0.5,0.5,,,138.5,,10.875,14.0,15.0,45.5,53.0,55.449999999999996,148.5,233.50000000000006,269.29999999999995,10.0,,,15.0,,,PARTIAL,PARTIAL,False,NORMAL
2026-07-26 17:00:00,5949,5949,Nandprayag (Nandakini),Uttarakhand,5,Uttarakhand,47,Chamoli,-,-,-,-,-,-,-,-,-,30.33122222,79.31063889,0.5,0.5,,,139.0,,10.875,14.0,15.0,45.5,53.0,55.449999999999996,148.5,233.50000000000006,269.29999999999995,10.0,,,15.0,,,PARTIAL,PARTIAL,False,NORMAL
2026-07-26 18:00:00,5950,5950,Nandprayag (Nandakini),Uttarakhand,5,Uttarakhand,47,Chamoli,-,-,-,-,-,-,-,-,-,30.33122222,79.31063889,0.5,0.5,,,139.5,,10.875,14.0,15.0,45.5,53.0,55.449999999999996,148.5,233.50000000000006,269.29999999999995,10.0,,,15.0,,,PARTIAL,PARTIAL,False,NORMAL
2026-07-26 19:00:00,5951,5951,Nandprayag (Nandakini),Uttarakhand,5,Uttarakhand,47,Chamoli,-,-,-,-,-,-,-,-,-,30.33122222,79.31063889,1.0,1.0,3.5,,140.0,,10.875,14.0,15.0,45.5,53.0,55.449999999999996,148.5,233.50000000000006,269.29999999999995,10.0,20.0,,15.0,,,PARTIAL,PARTIAL,False,NORMAL
2026-07-26 20:00:00,5952,5952,Nandprayag (Nandakini),Uttarakhand,5,Uttarakhand,47,Chamoli,-,-,-,-,-,-,-,-,-,30.33122222,79.31063889,0.5,0.5,3.5,,141.0,,10.875,14.0,15.0,45.5,53.0,55.449999999999996,148.5,233.50000000000006,269.29999999999995,10.0,20.0,,15.0,,,PARTIAL,PARTIAL,False,NORMAL
2026-07-26 21:00:00,5953,5953,Nandprayag (Nandakini),Uttarakhand,5,Uttarakhand,47,Chamoli,-,-,-,-,-,-,-,-,-,30.33122222,79.31063889,1.5,1.5,4.5,,141.5,,10.875,14.0,15.0,45.5,53.0,55.449999999999996,148.5,233.50000000000006,269.29999999999995,10.0,20.0,,15.0,,,PARTIAL,PARTIAL,False,NORMAL
2026-07-26 22:00:00,5954,5954,Nandprayag (Nandakini),Uttarakhand,5,Uttarakhand,47,Chamoli,-,-,-,-,-,-,-,-,-,30.33122222,79.31063889,1.5,1.5,5.5,,143.0,,10.875,14.0,15.0,45.5,53.0,55.449999999999996,148.5,233.50000000000006,269.29999999999995,10.0,20.0,,15.0,,,PARTIAL,PARTIAL,False,NORMAL
2026-07-26 23:00:00,5955,5955,Nandprayag (Nandakini),Uttarakhand,5,Uttarakhand,47,Chamoli,-,-,-,-,-,-,-,-,-,30.33122222,79.31063889,1.0,1.0,6.0,,144.5,,10.875,14.0,15.0,45.5,53.0,55.449999999999996,148.5,233.50000000000006,269.29999999999995,10.0,20.0,,15.0,,,PARTIAL,PARTIAL,False,NORMAL
2026-07-27 00:00:00,5956,5956,Nandprayag (Nandakini),Uttarakhand,5,Uttarakhand,47,Chamoli,-,-,-,-,-,-,-,-,-,30.33122222,79.31063889,1.5,1.5,7.0,,145.5,,10.875,14.0,15.0,45.5,53.0,55.449999999999996,148.5,233.50000000000006,269.29999999999995,10.0,20.0,,15.0,,,PARTIAL,PARTIAL,False,NORMAL
2026-07-27 01:00:00,5957,5957,Nandprayag (Nandakini),Uttarakhand,5,Uttarakhand,47,Chamoli,-,-,-,-,-,-,-,-,-,30.33122222,79.31063889,1.5,1.5,7.5,,147.0,,10.875,14.0,15.0,45.5,53.0,55.449999999999996,148.5,233.50000000000006,269.29999999999995,10.0,20.0,,15.0,,,PARTIAL,PARTIAL,False,NORMAL
2026-07-27 02:00:00,5958,5958,Nandprayag (Nandakini),Uttarakhand,5,Uttarakhand,47,Chamoli,-,-,-,-,-,-,-,-,-,30.33122222,79.31063889,1.0,1.0,8.0,,148.5,,10.875,14.0,15.0,45.5,53.0,55.449999999999996,148.5,233.50000000000006,269.29999999999995,10.0,20.0,,15.0,,,PARTIAL,PARTIAL,False,NORMAL
2026-07-27 03:00:00,5959,5959,Nandprayag (Nandakini),Uttarakhand,5,Uttarakhand,47,Chamoli,-,-,-,-,-,-,-,-,-,30.33122222,79.31063889,1.0,1.0,7.5,,149.5,,10.875,14.0,15.0,45.5,53.0,55.449999999999996,148.5,233.50000000000006,269.29999999999995,10.0,20.0,,45.0,,,PARTIAL,PARTIAL,False,NORMAL
2026-07-27 04:00:00,5960,5960,Nandprayag (Nandakini),Uttarakhand,5,Uttarakhand,47,Chamoli,-,-,-,-,-,-,-,-,-,30.33122222,79.31063889,1.5,1.5,7.5,,150.5,,10.875,14.0,15.0,45.5,53.0,55.449999999999996,148.5,233.50000000000006,269.29999999999995,10.0,20.0,,45.0,,,PARTIAL,PARTIAL,False,NORMAL
2026-07-27 05:00:00,5961,5961,Nandprayag (Nandakini),Uttarakhand,5,Uttarakhand,47,Chamoli,-,-,-,-,-,-,-,-,-,30.33122222,79.31063889,1.0,1.0,7.5,,152.0,,10.875,14.0,15.0,45.5,53.0,55.449999999999996,148.5,233.50000000000006,269.29999999999995,10.0,20.0,,45.0,,,PARTIAL,PARTIAL,False,NORMAL
2026-07-27 06:00:00,5962,5962,Nandprayag (Nandakini),Uttarakhand,5,Uttarakhand,47,Chamoli,-,-,-,-,-,-,-,-,-,30.33122222,79.31063889,1.0,1.0,7.0,,153.0,,10.875,14.0,15.0,45.5,53.0,55.449999999999996,148.5,233.50000000000006,269.29999999999995,10.0,20.0,,45.0,,,PARTIAL,PARTIAL,False,NORMAL
2026-07-27 07:00:00,5963,5963,Nandprayag (Nandakini),Uttarakhand,5,Uttarakhand,47,Chamoli,-,-,-,-,-,-,-,-,-,30.33122222,79.31063889,1.0,1.0,6.5,,154.0,,10.875,14.0,15.0,45.5,53.0,55.449999999999996,148.5,233.50000000000006,269.29999999999995,10.0,20.0,,45.0,,,PARTIAL,PARTIAL,False,NORMAL
2026-07-27 08:00:00,5964,5964,Nandprayag (Nandakini),Uttarakhand,5,Uttarakhand,47,Chamoli,-,-,-,-,-,-,-,-,-,30.33122222,79.31063889,1.5,1.5,7.0,,155.0,,10.875,14.0,15.0,45.5,53.0,55.449999999999996,148.5,233.50000000000006,269.29999999999995,10.0,20.0,,45.0,,,PARTIAL,PARTIAL,False,NORMAL
2026-07-27 09:00:00,5965,5965,Nandprayag (Nandakini),Uttarakhand,5,Uttarakhand,47,Chamoli,-,-,-,-,-,-,-,-,-,30.33122222,79.31063889,1.0,1.0,7.0,,156.5,,10.875,14.0,15.0,45.5,53.0,55.449999999999996,148.5,233.50000000000006,269.29999999999995,10.0,20.0,,45.0,,,PARTIAL,PARTIAL,False,NORMAL
2026-07-27 10:00:00,5966,5966,Nandprayag (Nandakini),Uttarakhand,5,Uttarakhand,47,Chamoli,-,-,-,-,-,-,-,-,-,30.33122222,79.31063889,1.0,1.0,6.5,,157.5,,10.875,14.0,15.0,45.5,53.0,55.449999999999996,148.5,233.50000000000006,269.29999999999995,10.0,20.0,,45.0,,,PARTIAL,PARTIAL,False,NORMAL
2026-07-27 11:00:00,5967,5967,Nandprayag (Nandakini),Uttarakhand,5,Uttarakhand,47,Chamoli,-,-,-,-,-,-,-,-,-,30.33122222,79.31063889,1.0,1.0,6.5,,158.5,,10.875,14.0,15.0,45.5,53.0,55.449999999999996,148.5,233.50000000000006,269.29999999999995,10.0,20.0,,45.0,,,PARTIAL,PARTIAL,False,NORMAL
2026-07-27 12:00:00,5968,5968,Nandprayag (Nandakini),Uttarakhand,5,Uttarakhand,47,Chamoli,-,-,-,-,-,-,-,-,-,30.33122222,79.31063889,1.0,1.0,6.5,,159.5,,10.875,14.0,15.0,45.5,53.0,55.449999999999996,148.5,233.50000000000006,269.29999999999995,10.0,20.0,,45.0,,,PARTIAL,PARTIAL,False,NORMAL
2026-07-27 13:00:00,5969,5969,Nandprayag (Nandakini),Uttarakhand,5,Uttarakhand,47,Chamoli,-,-,-,-,-,-,-,-,-,30.33122222,79.31063889,0.5,0.5,6.0,23.5,160.5,,10.875,14.0,15.0,45.5,53.0,55.449999999999996,148.5,233.50000000000006,269.29999999999995,10.0,20.0,20.0,45.0,,,PARTIAL,PARTIAL,False,NORMAL
2026-07-27 14:00:00,5970,5970,Nandprayag (Nandakini),Uttarakhand,5,Uttarakhand,47,Chamoli,-,-,-,-,-,-,-,-,-,30.33122222,79.31063889,1.0,1.0,5.5,24.0,161.0,,10.875,14.0,15.0,45.5,53.0,55.449999999999996,148.5,233.50000000000006,269.29999999999995,10.0,20.0,20.0,45.0,,,PARTIAL,PARTIAL,False,NORMAL
2026-07-27 15:00:00,5971,5971,Nandprayag (Nandakini),Uttarakhand,5,Uttarakhand,47,Chamoli,-,-,-,-,-,-,-,-,-,30.33122222,79.31063889,1.0,1.0,5.5,24.5,162.0,,10.875,14.0,15.0,45.5,53.0,55.449999999999996,148.5,233.50000000000006,269.29999999999995,10.0,20.0,20.0,45.0,,,PARTIAL,PARTIAL,False,NORMAL
2026-07-27 16:00:00,5972,5972,Nandprayag (Nandakini),Uttarakhand,5,Uttarakhand,47,Chamoli,-,-,-,-,-,-,-,-,-,30.33122222,79.31063889,1.0,1.0,5.5,25.0,162.5,,10.875,14.0,15.0,45.5,53.0,55.449999999999996,148.5,233.50000000000006,269.29999999999995,10.0,20.0,20.0,45.0,,,PARTIAL,PARTIAL,False,NORMAL
2026-07-27 17:00:00,5973,5973,Nandprayag (Nandakini),Uttarakhand,5,Uttarakhand,47,Chamoli,-,-,-,-,-,-,-,-,-,30.33122222,79.31063889,0.5,0.5,5.0,25.0,163.5,,10.875,14.0,15.0,45.5,53.0,55.449999999999996,148.5,233.50000000000006,269.29999999999995,10.0,20.0,20.0,45.0,,,PARTIAL,PARTIAL,False,NORMAL
2026-07-27 18:00:00,5974,5974,Nandprayag (Nandakini),Uttarakhand,5,Uttarakhand,47,Chamoli,-,-,-,-,-,-,-,-,-,30.33122222,79.31063889,2.0,2.0,6.0,26.5,164.0,,10.875,14.0,15.0,45.5,53.0,55.449999999999996,148.5,233.50000000000006,269.29999999999995,10.0,20.0,20.0,45.0,,,PARTIAL,PARTIAL,False,NORMAL
2026-07-27 19:00:00,5975,5975,Nandprayag (Nandakini),Uttarakhand,5,Uttarakhand,47,Chamoli,-,-,-,-,-,-,-,-,-,30.33122222,79.31063889,1.5,1.5,7.0,27.0,166.0,,10.875,14.0,15.0,45.5,53.0,55.449999999999996,148.5,233.50000000000006,269.29999999999995,10.0,20.0,20.0,45.0,,,PARTIAL,PARTIAL,False,NORMAL
2026-07-27 20:00:00,5976,5976,Nandprayag (Nandakini),Uttarakhand,5,Uttarakhand,47,Chamoli,-,-,-,-,-,-,-,-,-,30.33122222,79.31063889,2.0,2.0,8.0,28.5,167.5,,10.875,14.0,15.0,45.5,53.0,55.449999999999996,148.5,233.50000000000006,269.29999999999995,10.0,20.0,20.0,45.0,,,PARTIAL,PARTIAL,False,NORMAL
2026-07-27 21:00:00,5977,5977,Nandprayag (Nandakini),Uttarakhand,5,Uttarakhand,47,Chamoli,-,-,-,-,-,-,-,-,-,30.33122222,79.31063889,2.0,2.0,9.0,29.0,169.0,,10.875,14.0,15.0,45.5,53.0,55.449999999999996,148.5,233.50000000000006,269.29999999999995,10.0,20.0,20.0,45.0,,,PARTIAL,PARTIAL,False,NORMAL
2026-07-27 22:00:00,5978,5978,Nandprayag (Nandakini),Uttarakhand,5,Uttarakhand,47,Chamoli,-,-,-,-,-,-,-,-,-,30.33122222,79.31063889,2.0,2.0,10.0,29.5,171.0,,10.875,14.0,15.0,45.5,53.0,55.449999999999996,148.5,233.50000000000006,269.29999999999995,10.0,20.0,20.0,45.0,,,PARTIAL,PARTIAL,False,NORMAL
2026-07-27 23:00:00,5979,5979,Nandprayag (Nandakini),Uttarakhand,5,Uttarakhand,47,Chamoli,-,-,-,-,-,-,-,-,-,30.33122222,79.31063889,2.0,2.0,11.5,30.5,173.0,,10.875,14.0,15.0,45.5,53.0,55.449999999999996,148.5,233.50000000000006,269.29999999999995,10.0,50.0,20.0,45.0,,,PARTIAL,PARTIAL,False,NORMAL
2026-07-28 00:00:00,5980,5980,Nandprayag (Nandakini),Uttarakhand,5,Uttarakhand,47,Chamoli,-,-,-,-,-,-,-,-,-,30.33122222,79.31063889,2.5,2.5,12.0,31.5,175.0,,10.875,14.0,15.0,45.5,53.0,55.449999999999996,148.5,233.50000000000006,269.29999999999995,10.0,50.0,20.0,45.0,,,PARTIAL,PARTIAL,False,NORMAL
2026-07-28 01:00:00,5981,5981,Nandprayag (Nandakini),Uttarakhand,5,Uttarakhand,47,Chamoli,-,-,-,-,-,-,-,-,-,30.33122222,79.31063889,2.5,2.5,13.0,32.5,177.5,,10.875,14.0,15.0,45.5,53.0,55.449999999999996,148.5,233.50000000000006,269.29999999999995,10.0,50.0,20.0,45.0,,,PARTIAL,PARTIAL,False,NORMAL
2026-07-28 02:00:00,5982,5982,Nandprayag (Nandakini),Uttarakhand,5,Uttarakhand,47,Chamoli,-,-,-,-,-,-,-,-,-,30.33122222,79.31063889,2.0,2.0,13.0,33.5,180.0,,10.875,14.0,15.0,45.5,53.0,55.449999999999996,148.5,233.50000000000006,269.29999999999995,10.0,50.0,20.0,45.0,,,PARTIAL,PARTIAL,False,NORMAL
2026-07-28 03:00:00,5983,5983,Nandprayag (Nandakini),Uttarakhand,5,Uttarakhand,47,Chamoli,-,-,-,-,-,-,-,-,-,30.33122222,79.31063889,2.5,2.5,13.5,35.0,182.0,,10.875,14.0,15.0,45.5,53.0,55.449999999999996,148.5,233.50000000000006,269.29999999999995,10.0,50.0,20.0,45.0,,,PARTIAL,PARTIAL,False,NORMAL
2026-07-28 04:00:00,5984,5984,Nandprayag (Nandakini),Uttarakhand,5,Uttarakhand,47,Chamoli,-,-,-,-,-,-,-,-,-,30.33122222,79.31063889,2.0,2.0,13.5,35.5,184.5,,10.875,14.0,15.0,45.5,53.0,55.449999999999996,148.5,233.50000000000006,269.29999999999995,10.0,50.0,20.0,45.0,,,PARTIAL,PARTIAL,False,NORMAL
2026-07-28 05:00:00,5985,5985,Nandprayag (Nandakini),Uttarakhand,5,Uttarakhand,47,Chamoli,-,-,-,-,-,-,-,-,-,30.33122222,79.31063889,2.5,2.5,14.0,37.0,186.5,,10.875,14.0,15.0,45.5,53.0,55.449999999999996,148.5,233.50000000000006,269.29999999999995,10.0,50.0,20.0,45.0,,,PARTIAL,PARTIAL,False,NORMAL
2026-07-28 06:00:00,5986,5986,Nandprayag (Nandakini),Uttarakhand,5,Uttarakhand,47,Chamoli,-,-,-,-,-,-,-,-,-,30.33122222,79.31063889,2.5,2.5,14.0,38.5,189.0,,10.875,14.0,15.0,45.5,53.0,55.449999999999996,148.5,233.50000000000006,269.29999999999995,10.0,50.0,20.0,45.0,,,PARTIAL,PARTIAL,False,NORMAL
2026-07-28 07:00:00,5987,5987,Nandprayag (Nandakini),Uttarakhand,5,Uttarakhand,47,Chamoli,-,-,-,-,-,-,-,-,-,30.33122222,79.31063889,2.0,2.0,13.5,39.5,191.5,,10.875,14.0,15.0,45.5,53.0,55.449999999999996,148.5,233.50000000000006,269.29999999999995,10.0,50.0,20.0,45.0,,,PARTIAL,PARTIAL,False,NORMAL
2026-07-28 08:00:00,5988,5988,Nandprayag (Nandakini),Uttarakhand,5,Uttarakhand,47,Chamoli,-,-,-,-,-,-,-,-,-,30.33122222,79.31063889,2.0,2.0,13.5,40.0,193.5,,10.875,14.0,15.0,45.5,53.0,55.449999999999996,148.5,233.50000000000006,269.29999999999995,10.0,50.0,20.0,45.0,,,PARTIAL,PARTIAL,False,NORMAL
2026-07-28 09:00:00,5989,5989,Nandprayag (Nandakini),Uttarakhand,5,Uttarakhand,47,Chamoli,-,-,-,-,-,-,-,-,-,30.33122222,79.31063889,2.0,2.0,13.0,41.0,195.0,,10.875,14.0,15.0,45.5,53.0,55.449999999999996,148.5,233.50000000000006,269.29999999999995,10.0,50.0,20.0,45.0,,,PARTIAL,PARTIAL,False,NORMAL
2026-07-28 10:00:00,5990,5990,Nandprayag (Nandakini),Uttarakhand,5,Uttarakhand,47,Chamoli,-,-,-,-,-,-,-,-,-,30.33122222,79.31063889,2.0,2.0,13.0,42.0,197.0,,10.875,14.0,15.0,45.5,53.0,55.449999999999996,148.5,233.50000000000006,269.29999999999995,10.0,50.0,20.0,45.0,,,PARTIAL,PARTIAL,False,NORMAL
2026-07-28 11:00:00,5991,5991,Nandprayag (Nandakini),Uttarakhand,5,Uttarakhand,47,Chamoli,-,-,-,-,-,-,-,-,-,30.33122222,79.31063889,1.5,1.5,12.0,42.5,199.0,,10.875,14.0,15.0,45.5,53.0,55.449999999999996,148.5,233.50000000000006,269.29999999999995,10.0,50.0,20.0,45.0,,,PARTIAL,PARTIAL,False,NORMAL
2026-07-28 12:00:00,5992,5992,Nandprayag (Nandakini),Uttarakhand,5,Uttarakhand,47,Chamoli,-,-,-,-,-,-,-,-,-,30.33122222,79.31063889,2.0,2.0,11.5,43.5,200.5,,10.875,14.0,15.0,45.5,53.0,55.449999999999996,148.5,233.50000000000006,269.29999999999995,10.0,50.0,20.0,45.0,,,PARTIAL,PARTIAL,False,NORMAL
2026-07-28 13:00:00,5993,5993,Nandprayag (Nandakini),Uttarakhand,5,Uttarakhand,47,Chamoli,-,-,-,-,-,-,-,-,-,30.33122222,79.31063889,1.5,1.5,11.0,44.5,202.5,,10.875,14.0,15.0,45.5,53.0,55.449999999999996,148.5,233.50000000000006,269.29999999999995,10.0,50.0,20.0,45.0,,,PARTIAL,PARTIAL,False,NORMAL
2026-07-28 14:00:00,5994,5994,Nandprayag (Nandakini),Uttarakhand,5,Uttarakhand,47,Chamoli,-,-,-,-,-,-,-,-,-,30.33122222,79.31063889,1.5,1.5,10.5,45.0,204.0,,10.875,14.0,15.0,45.5,53.0,55.449999999999996,148.5,233.50000000000006,269.29999999999995,10.0,20.0,20.0,45.0,,,PARTIAL,PARTIAL,False,NORMAL
2026-07-28 15:00:00,5995,5995,Nandprayag (Nandakini),Uttarakhand,5,Uttarakhand,47,Chamoli,-,-,-,-,-,-,-,-,-,30.33122222,79.31063889,2.0,2.0,10.5,46.0,205.5,,10.875,14.0,15.0,45.5,53.0,55.449999999999996,148.5,233.50000000000006,269.29999999999995,10.0,20.0,50.0,45.0,,,PARTIAL,PARTIAL,False,NORMAL
2026-07-28 16:00:00,5996,5996,Nandprayag (Nandakini),Uttarakhand,5,Uttarakhand,47,Chamoli,-,-,-,-,-,-,-,-,-,30.33122222,79.31063889,2.0,2.0,10.5,47.0,207.5,,10.875,14.0,15.0,45.5,53.0,55.449999999999996,148.5,233.50000000000006,269.29999999999995,10.0,20.0,50.0,45.0,,,PARTIAL,PARTIAL,False,NORMAL
2026-07-28 17:00:00,5997,5997,Nandprayag (Nandakini),Uttarakhand,5,Uttarakhand,47,Chamoli,-,-,-,-,-,-,-,-,-,30.33122222,79.31063889,2.5,2.5,11.5,49.0,209.5,,10.875,14.0,15.0,45.5,53.0,55.449999999999996,148.5,233.50000000000006,269.29999999999995,10.0,50.0,50.0,45.0,,,PARTIAL,PARTIAL,False,NORMAL
2026-07-28 18:00:00,5998,5998,Nandprayag (Nandakini),Uttarakhand,5,Uttarakhand,47,Chamoli,-,-,-,-,-,-,-,-,-,30.33122222,79.31063889,3.0,3.0,12.5,50.0,212.0,,10.875,14.0,15.0,45.5,53.0,55.449999999999996,148.5,233.50000000000006,269.29999999999995,10.0,50.0,50.0,45.0,,,PARTIAL,PARTIAL,False,NORMAL
2026-07-28 19:00:00,5999,5999,Nandprayag (Nandakini),Uttarakhand,5,Uttarakhand,47,Chamoli,-,-,-,-,-,-,-,-,-,30.33122222,79.31063889,3.0,3.0,14.0,51.5,215.0,21.747662698412704,10.875,14.0,15.0,45.5,53.0,55.449999999999996,148.5,233.50000000000006,269.29999999999995,10.0,50.0,50.0,45.0,100.0,40.0,COMPLETE,MODERATE,False,NORMAL
2026-07-28 20:00:00,6000,6000,Nandprayag (Nandakini),Uttarakhand,5,Uttarakhand,47,Chamoli,-,-,-,-,-,-,-,-,-,30.33122222,79.31063889,2.5,2.5,15.0,52.0,218.0,31.27066666666667,10.875,14.0,15.0,45.5,53.0,55.449999999999996,148.5,233.50000000000006,269.29999999999995,10.0,75.0,50.0,45.0,100.0,45.0,COMPLETE,MODERATE,False,NORMAL
2026-07-28 21:00:00,6001,6001,Nandprayag (Nandakini),Uttarakhand,5,Uttarakhand,47,Chamoli,-,-,-,-,-,-,-,-,-,30.33122222,79.31063889,2.0,2.0,15.0,52.0,220.5,29.62540674603175,10.875,14.0,15.0,45.5,53.0,55.449999999999996,148.5,233.50000000000006,269.29999999999995,10.0,75.0,50.0,45.0,100.0,45.0,COMPLETE,MODERATE,False,NORMAL
2026-07-28 22:00:00,6002,6002,Nandprayag (Nandakini),Uttarakhand,5,Uttarakhand,47,Chamoli,-,-,-,-,-,-,-,-,-,30.33122222,79.31063889,2.0,2.0,15.0,52.0,222.5,29.62540674603175,10.875,14.0,15.0,45.5,53.0,55.449999999999996,148.5,233.50000000000006,269.29999999999995,10.0,75.0,50.0,45.0,100.0,45.0,COMPLETE,MODERATE,False,NORMAL
2026-07-28 23:00:00,6003,6003,Nandprayag (Nandakini),Uttarakhand,5,Uttarakhand,47,Chamoli,-,-,-,-,-,-,-,-,-,30.33122222,79.31063889,2.0,2.0,14.5,52.0,224.5,29.62540674603175,10.875,14.0,15.0,45.5,53.0,55.449999999999996,148.5,233.50000000000006,269.29999999999995,10.0,75.0,50.0,45.0,100.0,45.0,COMPLETE,MODERATE,False,NORMAL
2026-07-29 00:00:00,6004,6004,Nandprayag (Nandakini),Uttarakhand,5,Uttarakhand,47,Chamoli,-,-,-,-,-,-,-,-,-,30.33122222,79.31063889,4.0,4.0,15.5,53.5,226.5,28.87835912698413,10.875,14.0,15.0,45.5,53.0,55.449999999999996,148.5,233.50000000000006,269.29999999999995,10.0,95.0,75.0,45.0,100.0,52.75,COMPLETE,MODERATE,False,NORMAL
2026-07-29 01:00:00,6005,6005,Nandprayag (Nandakini),Uttarakhand,5,Uttarakhand,47,Chamoli,-,-,-,-,-,-,-,-,-,30.33122222,79.31063889,1.5,1.5,14.0,52.5,230.5,29.629914682539688,10.875,14.0,15.0,45.5,53.0,55.449999999999996,148.5,233.50000000000006,269.29999999999995,10.0,50.0,50.0,45.0,100.0,40.0,COMPLETE,MODERATE,False,NORMAL
2026-07-29 02:00:00,6006,6006,Nandprayag (Nandakini),Uttarakhand,5,Uttarakhand,47,Chamoli,-,-,-,-,-,-,-,-,-,30.33122222,79.31063889,2.5,2.5,14.0,53.0,232.0,29.33526388888888,10.875,14.0,15.0,45.5,53.0,55.449999999999996,148.5,233.50000000000006,269.29999999999995,10.0,50.0,50.0,45.0,100.0,40.0,COMPLETE,MODERATE,False,NORMAL
2026-07-29 03:00:00,6007,6007,Nandprayag (Nandakini),Uttarakhand,5,Uttarakhand,47,Chamoli,-,-,-,-,-,-,-,-,-,30.33122222,79.31063889,2.5,2.5,14.5,53.0,234.5,29.333597222222217,10.875,14.0,15.0,45.5,53.0,55.449999999999996,148.5,233.50000000000006,269.29999999999995,10.0,75.0,50.0,70.0,100.0,50.0,COMPLETE,MODERATE,False,NORMAL
2026-07-29 04:00:00,6008,6008,Nandprayag (Nandakini),Uttarakhand,5,Uttarakhand,47,Chamoli,-,-,-,-,-,-,-,-,-,30.33122222,79.31063889,1.0,1.0,13.5,52.0,237.0,30.461595238095253,10.875,14.0,15.0,45.5,53.0,55.449999999999996,148.5,233.50000000000006,269.29999999999995,10.0,50.0,50.0,70.0,100.0,45.0,COMPLETE,MODERATE,False,NORMAL
2026-07-29 05:00:00,6009,6009,Nandprayag (Nandakini),Uttarakhand,5,Uttarakhand,47,Chamoli,-,-,-,-,-,-,-,-,-,30.33122222,79.31063889,2.0,2.0,13.5,51.5,238.0,29.36329166666667,10.875,14.0,15.0,45.5,53.0,55.449999999999996,148.5,233.50000000000006,269.29999999999995,10.0,50.0,50.0,70.0,100.0,45.0,COMPLETE,MODERATE,False,NORMAL
2026-07-29 06:00:00,6010,6010,Nandprayag (Nandakini),Uttarakhand,5,Uttarakhand,47,Chamoli,-,-,-,-,-,-,-,-,-,30.33122222,79.31063889,4.0,4.0,13.5,53.0,240.0,29.362347222222223,10.875,14.0,15.0,45.5,53.0,55.449999999999996,148.5,233.50000000000006,269.29999999999995,10.0,50.0,50.0,70.0,100.0,45.0,COMPLETE,MODERATE,False,NORMAL
2026-07-29 07:00:00,6011,6011,Nandprayag (Nandakini),Uttarakhand,5,Uttarakhand,47,Chamoli,-,-,-,-,-,-,-,-,-,30.33122222,79.31063889,4.0,4.0,16.0,55.0,244.0,29.359291666666667,10.875,14.0,15.0,45.5,53.0,55.449999999999996,148.5,233.50000000000006,269.29999999999995,10.0,95.0,75.0,70.0,100.0,57.75,COMPLETE,MODERATE,False,NORMAL
2026-07-29 08:00:00,6012,6012,Nandprayag (Nandakini),Uttarakhand,5,Uttarakhand,47,Chamoli,-,-,-,-,-,-,-,-,-,30.33122222,79.31063889,1.5,1.5,15.0,54.5,248.0,29.57733134920636,10.875,14.0,15.0,45.5,53.0,55.449999999999996,148.5,233.50000000000006,269.29999999999995,10.0,75.0,75.0,70.0,100.0,53.75,COMPLETE,MODERATE,False,NORMAL
2026-07-29 09:00:00,6013,6013,Nandprayag (Nandakini),Uttarakhand,5,Uttarakhand,47,Chamoli,-,-,-,-,-,-,-,-,-,30.33122222,79.31063889,2.0,2.0,14.5,54.5,249.5,29.31843055555556,10.875,14.0,15.0,45.5,53.0,55.449999999999996,148.5,233.50000000000006,269.29999999999995,10.0,75.0,75.0,70.0,100.0,53.75,COMPLETE,MODERATE,False,NORMAL
2026-07-29 10:00:00,6014,6014,Nandprayag (Nandakini),Uttarakhand,5,Uttarakhand,47,Chamoli,-,-,-,-,-,-,-,-,-,30.33122222,79.31063889,2.0,2.0,15.5,54.5,251.5,29.32693055555556,10.875,14.0,15.0,45.5,53.0,55.449999999999996,148.5,233.50000000000006,269.29999999999995,10.0,95.0,75.0,70.0,100.0,57.75,COMPLETE,MODERATE,False,NORMAL
2026-07-29 11:00:00,6015,6015,Nandprayag (Nandakini),Uttarakhand,5,Uttarakhand,47,Chamoli,-,-,-,-,-,-,-,-,-,30.33122222,79.31063889,3.0,3.0,16.5,56.0,253.0,29.29390277777777,10.875,14.0,15.0,45.5,53.0,55.449999999999996,148.5,233.50000000000006,269.29999999999995,10.0,95.0,95.0,70.0,100.0,60.75,COMPLETE,HIGH,False,NORMAL
2026-07-29 12:00:00,6016,6016,Nandprayag (Nandakini),Uttarakhand,5,Uttarakhand,47,Chamoli,-,-,-,-,-,-,-,-,-,30.33122222,79.31063889,3.5,3.5,16.0,57.5,256.0,29.495569444444445,10.875,14.0,15.0,45.5,53.0,55.449999999999996,148.5,233.50000000000006,269.29999999999995,10.0,95.0,95.0,70.0,100.0,60.75,COMPLETE,HIGH,False,NORMAL
2026-07-29 13:00:00,6017,6017,Nandprayag (Nandakini),Uttarakhand,5,Uttarakhand,47,Chamoli,-,-,-,-,-,-,-,-,-,30.33122222,79.31063889,3.5,3.5,15.5,59.5,259.5,29.56593055555556,10.875,14.0,15.0,45.5,53.0,55.449999999999996,148.5,233.50000000000006,269.29999999999995,10.0,95.0,95.0,70.0,100.0,60.75,COMPLETE,HIGH,False,NORMAL
2026-07-29 14:00:00,6018,6018,Nandprayag (Nandakini),Uttarakhand,5,Uttarakhand,47,Chamoli,-,-,-,-,-,-,-,-,-,30.33122222,79.31063889,2.0,2.0,16.0,60.0,263.0,26.64123611111112,10.875,14.0,15.0,45.5,53.0,55.449999999999996,148.5,233.50000000000006,269.29999999999995,10.0,95.0,95.0,70.0,100.0,60.75,COMPLETE,HIGH,False,NORMAL
2026-07-29 15:00:00,6019,6019,Nandprayag (Nandakini),Uttarakhand,5,Uttarakhand,47,Chamoli,-,-,-,-,-,-,-,-,-,30.33122222,79.31063889,1.0,1.0,15.0,59.0,265.0,27.75084523809525,10.875,14.0,15.0,45.5,53.0,55.449999999999996,148.5,233.50000000000006,269.29999999999995,10.0,75.0,95.0,70.0,100.0,56.75,COMPLETE,MODERATE,False,NORMAL
2026-07-29 16:00:00,6020,6020,Nandprayag (Nandakini),Uttarakhand,5,Uttarakhand,47,Chamoli,-,-,-,-,-,-,-,-,-,30.33122222,79.31063889,0.5,0.5,13.5,57.5,265.5,,10.875,14.0,15.0,45.5,53.0,55.449999999999996,148.5,233.50000000000006,269.29999999999995,10.0,50.0,95.0,70.0,,,PARTIAL,PARTIAL,False,NORMAL
2026-07-29 17:00:00,6021,6021,Nandprayag (Nandakini),Uttarakhand,5,Uttarakhand,47,Chamoli,-,-,-,-,-,-,-,-,-,30.33122222,79.31063889,0.5,0.5,11.0,55.5,266.0,,10.875,14.0,15.0,45.5,53.0,55.449999999999996,148.5,233.50000000000006,269.29999999999995,10.0,50.0,95.0,70.0,,,PARTIAL,PARTIAL,False,NORMAL
2026-07-29 18:00:00,6022,6022,Nandprayag (Nandakini),Uttarakhand,5,Uttarakhand,47,Chamoli,-,-,-,-,-,-,-,-,-,30.33122222,79.31063889,0.5,0.5,8.0,53.0,266.5,,10.875,14.0,15.0,45.5,53.0,55.449999999999996,148.5,233.50000000000006,269.29999999999995,10.0,20.0,50.0,70.0,,,PARTIAL,PARTIAL,False,NORMAL
2026-07-29 19:00:00,6023,6023,Nandprayag (Nandakini),Uttarakhand,5,Uttarakhand,47,Chamoli,-,-,-,-,-,-,-,-,-,30.33122222,79.31063889,1.0,1.0,5.5,51.0,267.0,,10.875,14.0,15.0,45.5,53.0,55.449999999999996,148.5,233.50000000000006,269.29999999999995,10.0,20.0,50.0,70.0,,,PARTIAL,PARTIAL,False,NORMAL
2026-07-29 20:00:00,6024,6024,Nandprayag (Nandakini),Uttarakhand,5,Uttarakhand,47,Chamoli,-,-,-,-,-,-,-,-,-,30.33122222,79.31063889,1.0,1.0,4.5,49.5,268.0,,10.875,14.0,15.0,45.5,53.0,55.449999999999996,148.5,233.50000000000006,269.29999999999995,10.0,20.0,50.0,70.0,,,PARTIAL,PARTIAL,False,NORMAL
2026-07-29 21:00:00,6025,6025,Nandprayag (Nandakini),Uttarakhand,5,Uttarakhand,47,Chamoli,-,-,-,-,-,-,-,-,-,30.33122222,79.31063889,1.0,1.0,4.5,48.5,268.5,,10.875,14.0,15.0,45.5,53.0,55.449999999999996,148.5,233.50000000000006,269.29999999999995,10.0,20.0,50.0,70.0,,,PARTIAL,PARTIAL,False,NORMAL
2026-07-29 23:00:00,6026,6026,Nandprayag (Nandakini),Uttarakhand,5,Uttarakhand,47,Chamoli,-,-,-,-,-,-,-,-,-,30.33122222,79.31063889,0.5,0.5,,,269.5,,10.875,14.0,15.0,45.5,53.0,55.449999999999996,148.5,233.50000000000006,269.29999999999995,10.0,,,90.0,,,PARTIAL,PARTIAL,False,NORMAL
2026-07-30 05:00:00,6027,6027,Nandprayag (Nandakini),Uttarakhand,5,Uttarakhand,47,Chamoli,-,-,-,-,-,-,-,-,-,30.33122222,79.31063889,1.5,1.5,,,269.5,26.676748015873024,10.875,14.0,15.0,45.5,53.0,55.449999999999996,148.5,233.50000000000006,269.29999999999995,10.0,,,90.0,100.0,,PARTIAL,PARTIAL,False,NORMAL
2026-07-30 06:00:00,6028,6028,Nandprayag (Nandakini),Uttarakhand,5,Uttarakhand,47,Chamoli,-,-,-,-,-,-,-,-,-,30.33122222,79.31063889,3.5,3.5,,,271.0,26.37140277777778,10.875,14.0,15.0,45.5,53.0,55.449999999999996,148.5,233.50000000000006,269.29999999999995,10.0,,,90.0,100.0,,PARTIAL,PARTIAL,False,NORMAL
2026-07-30 07:00:00,6029,6029,Nandprayag (Nandakini),Uttarakhand,5,Uttarakhand,47,Chamoli,-,-,-,-,-,-,-,-,-,30.33122222,79.31063889,3.0,3.0,,,274.0,26.368347222222223,10.875,14.0,15.0,45.5,53.0,55.449999999999996,148.5,233.50000000000006,269.29999999999995,10.0,,,90.0,100.0,,PARTIAL,PARTIAL,False,NORMAL
2026-07-30 08:00:00,6030,6030,Nandprayag (Nandakini),Uttarakhand,5,Uttarakhand,47,Chamoli,-,-,-,-,-,-,-,-,-,30.33122222,79.31063889,1.5,1.5,,,277.0,26.63055357142858,10.875,14.0,15.0,45.5,53.0,55.449999999999996,148.5,233.50000000000006,269.29999999999995,10.0,,,90.0,100.0,,PARTIAL,PARTIAL,False,NORMAL
2026-07-30 09:00:00,6031,6031,Nandprayag (Nandakini),Uttarakhand,5,Uttarakhand,47,Chamoli,-,-,-,-,-,-,-,-,-,30.33122222,79.31063889,2.0,2.0,,,278.5,26.371652777777783,10.875,14.0,15.0,45.5,53.0,55.449999999999996,148.5,233.50000000000006,269.29999999999995,10.0,,,90.0,100.0,,PARTIAL,PARTIAL,False,NORMAL
2026-07-30 10:00:00,6032,6032,Nandprayag (Nandakini),Uttarakhand,5,Uttarakhand,47,Chamoli,-,-,-,-,-,-,-,-,-,30.33122222,79.31063889,2.0,2.0,13.5,,280.5,26.380152777777784,10.875,14.0,15.0,45.5,53.0,55.449999999999996,148.5,233.50000000000006,269.29999999999995,10.0,50.0,,90.0,100.0,,PARTIAL,PARTIAL,False,NORMAL
2026-07-30 11:00:00,6033,6033,Nandprayag (Nandakini),Uttarakhand,5,Uttarakhand,47,Chamoli,-,-,-,-,-,-,-,-,-,30.33122222,79.31063889,2.5,2.5,14.5,,282.5,26.344625000000008,10.875,14.0,15.0,45.5,53.0,55.449999999999996,148.5,233.50000000000006,269.29999999999995,10.0,75.0,,90.0,100.0,,PARTIAL,PARTIAL,False,NORMAL
2026-07-30 12:00:00,6034,6034,Nandprayag (Nandakini),Uttarakhand,5,Uttarakhand,47,Chamoli,-,-,-,-,-,-,-,-,-,30.33122222,79.31063889,1.5,1.5,12.5,,284.5,,10.875,14.0,15.0,45.5,53.0,55.449999999999996,148.5,233.50000000000006,269.29999999999995,10.0,50.0,,90.0,,,PARTIAL,PARTIAL,False,NORMAL
2026-07-30 13:00:00,6035,6035,Nandprayag (Nandakini),Uttarakhand,5,Uttarakhand,47,Chamoli,-,-,-,-,-,-,-,-,-,30.33122222,79.31063889,2.0,2.0,11.5,,286.0,,10.875,14.0,15.0,45.5,53.0,55.449999999999996,148.5,233.50000000000006,269.29999999999995,10.0,50.0,,90.0,,,PARTIAL,PARTIAL,False,NORMAL
2026-07-30 14:00:00,6036,6036,Nandprayag (Nandakini),Uttarakhand,5,Uttarakhand,47,Chamoli,-,-,-,-,-,-,-,-,-,30.33122222,79.31063889,2.5,2.5,12.5,,288.0,,10.875,14.0,15.0,45.5,53.0,55.449999999999996,148.5,233.50000000000006,269.29999999999995,10.0,50.0,,90.0,,,PARTIAL,PARTIAL,False,NORMAL
2026-07-30 15:00:00,6037,6037,Nandprayag (Nandakini),Uttarakhand,5,Uttarakhand,47,Chamoli,-,-,-,-,-,-,-,-,-,30.33122222,79.31063889,1.5,1.5,12.0,,290.5,,10.875,14.0,15.0,45.5,53.0,55.449999999999996,148.5,233.50000000000006,269.29999999999995,10.0,50.0,,90.0,,,PARTIAL,PARTIAL,False,NORMAL
2026-07-30 16:00:00,6038,6038,Nandprayag (Nandakini),Uttarakhand,5,Uttarakhand,47,Chamoli,-,-,-,-,-,-,-,-,-,30.33122222,79.31063889,1.0,1.0,11.0,,291.5,,10.875,14.0,15.0,45.5,53.0,55.449999999999996,148.5,233.50000000000006,269.29999999999995,10.0,50.0,,90.0,,,PARTIAL,PARTIAL,False,NORMAL
2026-07-30 17:00:00,6039,6039,Nandprayag (Nandakini),Uttarakhand,5,Uttarakhand,47,Chamoli,-,-,-,-,-,-,-,-,-,30.33122222,79.31063889,1.5,1.5,10.0,,292.5,,10.875,14.0,15.0,45.5,53.0,55.449999999999996,148.5,233.50000000000006,269.29999999999995,10.0,20.0,,90.0,,,PARTIAL,PARTIAL,False,NORMAL
2026-08-01 08:00:00,6040,6040,Nandprayag (Nandakini),Uttarakhand,5,Uttarakhand,47,Chamoli,-,-,-,-,-,-,-,-,-,30.33122222,79.31063889,0.5,0.5,,,291.0,,10.875,14.0,15.0,45.5,53.0,55.449999999999996,148.5,233.50000000000006,269.29999999999995,10.0,,,90.0,,,PARTIAL,PARTIAL,False,NORMAL
2026-08-01 20:00:00,6041,6041,Nandprayag (Nandakini),Uttarakhand,5,Uttarakhand,47,Chamoli,-,-,-,-,-,-,-,-,-,30.33122222,79.31063889,0.5,0.5,,,291.0,,10.875,14.0,15.0,45.5,53.0,55.449999999999996,148.5,233.50000000000006,269.29999999999995,10.0,,,90.0,,,PARTIAL,PARTIAL,False,NORMAL
2026-08-02 07:00:00,6042,6042,Nandprayag (Nandakini),Uttarakhand,5,Uttarakhand,47,Chamoli,-,-,-,-,-,-,-,-,-,30.33122222,79.31063889,0.5,0.5,,,291.0,,10.875,14.0,15.0,45.5,53.0,55.449999999999996,148.5,233.50000000000006,269.29999999999995,10.0,,,90.0,,,PARTIAL,PARTIAL,False,NORMAL
2026-08-02 16:00:00,6043,6043,Nandprayag (Nandakini),Uttarakhand,5,Uttarakhand,47,Chamoli,-,-,-,-,-,-,-,-,-,30.33122222,79.31063889,0.5,0.5,,,291.0,,10.875,14.0,15.0,45.5,53.0,55.449999999999996,148.5,233.50000000000006,269.29999999999995,10.0,,,90.0,,,PARTIAL,PARTIAL,False,NORMAL
2026-08-03 02:00:00,6044,6044,Nandprayag (Nandakini),Uttarakhand,5,Uttarakhand,47,Chamoli,-,-,-,-,-,-,-,-,-,30.33122222,79.31063889,0.5,0.5,,,291.5,,10.875,14.0,15.0,45.5,53.0,55.449999999999996,148.5,233.50000000000006,269.29999999999995,10.0,,,90.0,,,PARTIAL,PARTIAL,False,NORMAL
2026-08-03 14:00:00,6045,6045,Nandprayag (Nandakini),Uttarakhand,5,Uttarakhand,47,Chamoli,-,-,-,-,-,-,-,-,-,30.33122222,79.31063889,0.5,0.5,,,291.0,,10.875,14.0,15.0,45.5,53.0,55.449999999999996,148.5,233.50000000000006,269.29999999999995,10.0,,,90.0,,,PARTIAL,PARTIAL,False,NORMAL
2026-08-04 15:00:00,6046,6046,Nandprayag (Nandakini),Uttarakhand,5,Uttarakhand,47,Chamoli,-,-,-,-,-,-,-,-,-,30.33122222,79.31063889,0.5,0.5,,,287.0,,10.875,14.0,15.0,45.5,53.0,55.449999999999996,148.5,233.50000000000006,269.29999999999995,10.0,,,90.0,,,PARTIAL,PARTIAL,False,NORMAL
2026-08-07 09:00:00,6047,6047,Nandprayag (Nandakini),Uttarakhand,5,Uttarakhand,47,Chamoli,-,-,-,-,-,-,-,-,-,30.33122222,79.31063889,0.5,0.5,,,235.0,,10.875,14.0,15.0,45.5,53.0,55.449999999999996,148.5,233.50000000000006,269.29999999999995,10.0,,,70.0,,,PARTIAL,PARTIAL,False,NORMAL
2026-08-07 18:00:00,6048,6048,Nandprayag (Nandakini),Uttarakhand,5,Uttarakhand,47,Chamoli,-,-,-,-,-,-,-,-,-,30.33122222,79.31063889,0.5,0.5,,,231.5,,10.875,14.0,15.0,45.5,53.0,55.449999999999996,148.5,233.50000000000006,269.29999999999995,10.0,,,45.0,,,PARTIAL,PARTIAL,False,NORMAL
2026-08-08 01:00:00,6049,6049,Nandprayag (Nandakini),Uttarakhand,5,Uttarakhand,47,Chamoli,-,-,-,-,-,-,-,-,-,30.33122222,79.31063889,0.5,0.5,,,225.0,,10.875,14.0,15.0,45.5,53.0,55.449999999999996,148.5,233.50000000000006,269.29999999999995,10.0,,,45.0,,,PARTIAL,PARTIAL,False,NORMAL
2026-08-08 11:00:00,6050,6050,Nandprayag (Nandakini),Uttarakhand,5,Uttarakhand,47,Chamoli,-,-,-,-,-,-,-,-,-,30.33122222,79.31063889,0.5,0.5,,,212.0,,10.875,14.0,15.0,45.5,53.0,55.449999999999996,148.5,233.50000000000006,269.29999999999995,10.0,,,45.0,,,PARTIAL,PARTIAL,False,NORMAL
2026-08-08 16:00:00,6051,6051,Nandprayag (Nandakini),Uttarakhand,5,Uttarakhand,47,Chamoli,-,-,-,-,-,-,-,-,-,30.33122222,79.31063889,0.5,0.5,,,208.5,,10.875,14.0,15.0,45.5,53.0,55.449999999999996,148.5,233.50000000000006,269.29999999999995,10.0,,,45.0,,,PARTIAL,PARTIAL,False,NORMAL
2026-08-08 20:00:00,6052,6052,Nandprayag (Nandakini),Uttarakhand,5,Uttarakhand,47,Chamoli,-,-,-,-,-,-,-,-,-,30.33122222,79.31063889,0.5,0.5,,,206.5,,10.875,14.0,15.0,45.5,53.0,55.449999999999996,148.5,233.50000000000006,269.29999999999995,10.0,,,45.0,,,PARTIAL,PARTIAL,False,NORMAL
2026-08-09 01:00:00,6053,6053,Nandprayag (Nandakini),Uttarakhand,5,Uttarakhand,47,Chamoli,-,-,-,-,-,-,-,-,-,30.33122222,79.31063889,0.5,0.5,,,200.5,,10.875,14.0,15.0,45.5,53.0,55.449999999999996,148.5,233.50000000000006,269.29999999999995,10.0,,,45.0,,,PARTIAL,PARTIAL,False,NORMAL
2026-08-09 07:00:00,6054,6054,Nandprayag (Nandakini),Uttarakhand,5,Uttarakhand,47,Chamoli,-,-,-,-,-,-,-,-,-,30.33122222,79.31063889,0.5,0.5,,,193.5,,10.875,14.0,15.0,45.5,53.0,55.449999999999996,148.5,233.50000000000006,269.29999999999995,10.0,,,45.0,,,PARTIAL,PARTIAL,False,NORMAL
2026-08-09 15:00:00,6055,6055,Nandprayag (Nandakini),Uttarakhand,5,Uttarakhand,47,Chamoli,-,-,-,-,-,-,-,-,-,30.33122222,79.31063889,0.5,0.5,,,185.5,,10.875,14.0,15.0,45.5,53.0,55.449999999999996,148.5,233.50000000000006,269.29999999999995,10.0,,,45.0,,,PARTIAL,PARTIAL,False,NORMAL
2026-08-10 00:00:00,6056,6056,Nandprayag (Nandakini),Uttarakhand,5,Uttarakhand,47,Chamoli,-,-,-,-,-,-,-,-,-,30.33122222,79.31063889,0.5,0.5,,,179.0,,10.875,14.0,15.0,45.5,53.0,55.449999999999996,148.5,233.50000000000006,269.29999999999995,10.0,,,45.0,,,PARTIAL,PARTIAL,False,NORMAL
2026-08-10 07:00:00,6057,6057,Nandprayag (Nandakini),Uttarakhand,5,Uttarakhand,47,Chamoli,-,-,-,-,-,-,-,-,-,30.33122222,79.31063889,0.5,0.5,,,172.5,,10.875,14.0,15.0,45.5,53.0,55.449999999999996,148.5,233.50000000000006,269.29999999999995,10.0,,,45.0,,,PARTIAL,PARTIAL,False,NORMAL
2026-08-10 18:00:00,6058,6058,Nandprayag (Nandakini),Uttarakhand,5,Uttarakhand,47,Chamoli,-,-,-,-,-,-,-,-,-,30.33122222,79.31063889,0.5,0.5,,,168.5,,10.875,14.0,15.0,45.5,53.0,55.449999999999996,148.5,233.50000000000006,269.29999999999995,10.0,,,45.0,,,PARTIAL,PARTIAL,False,NORMAL
2026-08-11 03:00:00,6059,6059,Nandprayag (Nandakini),Uttarakhand,5,Uttarakhand,47,Chamoli,-,-,-,-,-,-,-,-,-,30.33122222,79.31063889,0.5,0.5,,,159.0,,10.875,14.0,15.0,45.5,53.0,55.449999999999996,148.5,233.50000000000006,269.29999999999995,10.0,,,45.0,,,PARTIAL,PARTIAL,False,NORMAL
2026-08-11 15:00:00,6060,6060,Nandprayag (Nandakini),Uttarakhand,5,Uttarakhand,47,Chamoli,-,-,-,-,-,-,-,-,-,30.33122222,79.31063889,0.5,0.5,,,147.0,,10.875,14.0,15.0,45.5,53.0,55.449999999999996,148.5,233.50000000000006,269.29999999999995,10.0,,,15.0,,,PARTIAL,PARTIAL,False,NORMAL
2026-08-12 01:00:00,6061,6061,Nandprayag (Nandakini),Uttarakhand,5,Uttarakhand,47,Chamoli,-,-,-,-,-,-,-,-,-,30.33122222,79.31063889,0.5,0.5,,,131.0,,10.875,14.0,15.0,45.5,53.0,55.449999999999996,148.5,233.50000000000006,269.29999999999995,10.0,,,15.0,,,PARTIAL,PARTIAL,False,NORMAL
2026-08-12 12:00:00,6062,6062,Nandprayag (Nandakini),Uttarakhand,5,Uttarakhand,47,Chamoli,-,-,-,-,-,-,-,-,-,30.33122222,79.31063889,0.5,0.5,,,108.0,,10.875,14.0,15.0,45.5,53.0,55.449999999999996,148.5,233.50000000000006,269.29999999999995,10.0,,,15.0,,,PARTIAL,PARTIAL,False,NORMAL
2026-08-12 18:00:00,6063,6063,Nandprayag (Nandakini),Uttarakhand,5,Uttarakhand,47,Chamoli,-,-,-,-,-,-,-,-,-,30.33122222,79.31063889,0.5,0.5,,,97.0,,10.875,14.0,15.0,45.5,53.0,55.449999999999996,148.5,233.50000000000006,269.29999999999995,10.0,,,15.0,,,PARTIAL,PARTIAL,False,NORMAL
2026-08-12 22:00:00,6064,6064,Nandprayag (Nandakini),Uttarakhand,5,Uttarakhand,47,Chamoli,-,-,-,-,-,-,-,-,-,30.33122222,79.31063889,0.5,0.5,,,87.0,,10.875,14.0,15.0,45.5,53.0,55.449999999999996,148.5,233.50000000000006,269.29999999999995,10.0,,,15.0,,,PARTIAL,PARTIAL,False,NORMAL
2026-08-13 02:00:00,6065,6065,Nandprayag (Nandakini),Uttarakhand,5,Uttarakhand,47,Chamoli,-,-,-,-,-,-,-,-,-,30.33122222,79.31063889,0.5,0.5,,,78.0,,10.875,14.0,15.0,45.5,53.0,55.449999999999996,148.5,233.50000000000006,269.29999999999995,10.0,,,15.0,,,PARTIAL,PARTIAL,False,NORMAL
2026-08-13 07:00:00,6066,6066,Nandprayag (Nandakini),Uttarakhand,5,Uttarakhand,47,Chamoli,-,-,-,-,-,-,-,-,-,30.33122222,79.31063889,0.5,0.5,,,66.5,,10.875,14.0,15.0,45.5,53.0,55.449999999999996,148.5,233.50000000000006,269.29999999999995,10.0,,,15.0,,,PARTIAL,PARTIAL,False,NORMAL
2026-08-13 14:00:00,6067,6067,Nandprayag (Nandakini),Uttarakhand,5,Uttarakhand,47,Chamoli,-,-,-,-,-,-,-,-,-,30.33122222,79.31063889,0.5,0.5,,,47.5,,10.875,14.0,15.0,45.5,53.0,55.449999999999996,148.5,233.50000000000006,269.29999999999995,10.0,,,15.0,,,PARTIAL,PARTIAL,False,NORMAL
2026-08-13 21:00:00,6068,6068,Nandprayag (Nandakini),Uttarakhand,5,Uttarakhand,47,Chamoli,-,-,-,-,-,-,-,-,-,30.33122222,79.31063889,0.5,0.5,,,41.5,,10.875,14.0,15.0,45.5,53.0,55.449999999999996,148.5,233.50000000000006,269.29999999999995,10.0,,,15.0,,,PARTIAL,PARTIAL,False,NORMAL
2026-08-14 05:00:00,6069,6069,Nandprayag (Nandakini),Uttarakhand,5,Uttarakhand,47,Chamoli,-,-,-,-,-,-,-,-,-,30.33122222,79.31063889,0.5,0.5,,,40.5,,10.875,14.0,15.0,45.5,53.0,55.449999999999996,148.5,233.50000000000006,269.29999999999995,10.0,,,15.0,,,PARTIAL,PARTIAL,False,NORMAL
2026-08-14 16:00:00,6070,6070,Nandprayag (Nandakini),Uttarakhand,5,Uttarakhand,47,Chamoli,-,-,-,-,-,-,-,-,-,30.33122222,79.31063889,0.5,0.5,,,17.5,,10.875,14.0,15.0,45.5,53.0,55.449999999999996,148.5,233.50000000000006,269.29999999999995,10.0,,,15.0,,,PARTIAL,PARTIAL,False,NORMAL
2026-08-14 23:00:00,6071,6071,Nandprayag (Nandakini),Uttarakhand,5,Uttarakhand,47,Chamoli,-,-,-,-,-,-,-,-,-,30.33122222,79.31063889,0.5,0.5,,,17.0,,10.875,14.0,15.0,45.5,53.0,55.449999999999996,148.5,233.50000000000006,269.29999999999995,10.0,,,15.0,,,PARTIAL,PARTIAL,False,NORMAL
2026-08-15 08:00:00,6072,6072,Nandprayag (Nandakini),Uttarakhand,5,Uttarakhand,47,Chamoli,-,-,-,-,-,-,-,-,-,30.33122222,79.31063889,0.5,0.5,,,17.5,,10.875,14.0,15.0,45.5,53.0,55.449999999999996,148.5,233.50000000000006,269.29999999999995,10.0,,,15.0,,,PARTIAL,PARTIAL,False,NORMAL
2026-08-15 17:00:00,6073,6073,Nandprayag (Nandakini),Uttarakhand,5,Uttarakhand,47,Chamoli,-,-,-,-,-,-,-,-,-,30.33122222,79.31063889,0.5,0.5,,,18.0,,10.875,14.0,15.0,45.5,53.0,55.449999999999996,148.5,233.50000000000006,269.29999999999995,10.0,,,15.0,,,PARTIAL,PARTIAL,False,NORMAL
2026-08-16 01:00:00,6074,6074,Nandprayag (Nandakini),Uttarakhand,5,Uttarakhand,47,Chamoli,-,-,-,-,-,-,-,-,-,30.33122222,79.31063889,0.5,0.5,,,18.5,,10.875,14.0,15.0,45.5,53.0,55.449999999999996,148.5,233.50000000000006,269.29999999999995,10.0,,,15.0,,,PARTIAL,PARTIAL,False,NORMAL
2026-08-16 04:00:00,6075,6075,Nandprayag (Nandakini),Uttarakhand,5,Uttarakhand,47,Chamoli,-,-,-,-,-,-,-,-,-,30.33122222,79.31063889,0.5,0.5,,,19.0,,10.875,14.0,15.0,45.5,53.0,55.449999999999996,148.5,233.50000000000006,269.29999999999995,10.0,,,15.0,,,PARTIAL,PARTIAL,False,NORMAL
2026-08-16 07:00:00,6076,6076,Nandprayag (Nandakini),Uttarakhand,5,Uttarakhand,47,Chamoli,-,-,-,-,-,-,-,-,-,30.33122222,79.31063889,0.5,0.5,,,19.5,,10.875,14.0,15.0,45.5,53.0,55.449999999999996,148.5,233.50000000000006,269.29999999999995,10.0,,,15.0,,,PARTIAL,PARTIAL,False,NORMAL
2026-08-16 15:00:00,6077,6077,Nandprayag (Nandakini),Uttarakhand,5,Uttarakhand,47,Chamoli,-,-,-,-,-,-,-,-,-,30.33122222,79.31063889,0.5,0.5,,,18.5,,10.875,14.0,15.0,45.5,53.0,55.449999999999996,148.5,233.50000000000006,269.29999999999995,10.0,,,15.0,,,PARTIAL,PARTIAL,False,NORMAL
2026-08-17 00:00:00,6078,6078,Nandprayag (Nandakini),Uttarakhand,5,Uttarakhand,47,Chamoli,-,-,-,-,-,-,-,-,-,30.33122222,79.31063889,0.5,0.5,,,18.5,,10.875,14.0,15.0,45.5,53.0,55.449999999999996,148.5,233.50000000000006,269.29999999999995,10.0,,,15.0,,,PARTIAL,PARTIAL,False,NORMAL
2026-08-17 07:00:00,6079,6079,Nandprayag (Nandakini),Uttarakhand,5,Uttarakhand,47,Chamoli,-,-,-,-,-,-,-,-,-,30.33122222,79.31063889,0.5,0.5,,,18.5,,10.875,14.0,15.0,45.5,53.0,55.449999999999996,148.5,233.50000000000006,269.29999999999995,10.0,,,15.0,,,PARTIAL,PARTIAL,False,NORMAL
2026-08-18 11:00:00,6080,6080,Nandprayag (Nandakini),Uttarakhand,5,Uttarakhand,47,Chamoli,-,-,-,-,-,-,-,-,-,30.33122222,79.31063889,0.5,0.5,,,18.0,,10.875,14.0,15.0,45.5,53.0,55.449999999999996,148.5,233.50000000000006,269.29999999999995,10.0,,,15.0,,,PARTIAL,PARTIAL,False,NORMAL
2026-08-18 20:00:00,6081,6081,Nandprayag (Nandakini),Uttarakhand,5,Uttarakhand,47,Chamoli,-,-,-,-,-,-,-,-,-,30.33122222,79.31063889,0.5,0.5,,,18.0,,10.875,14.0,15.0,45.5,53.0,55.449999999999996,148.5,233.50000000000006,269.29999999999995,10.0,,,15.0,,,PARTIAL,PARTIAL,False,NORMAL
2026-08-19 03:00:00,6082,6082,Nandprayag (Nandakini),Uttarakhand,5,Uttarakhand,47,Chamoli,-,-,-,-,-,-,-,-,-,30.33122222,79.31063889,0.5,0.5,,,18.5,,10.875,14.0,15.0,45.5,53.0,55.449999999999996,148.5,233.50000000000006,269.29999999999995,10.0,,,15.0,,,PARTIAL,PARTIAL,False,NORMAL
2026-08-19 11:00:00,6083,6083,Nandprayag (Nandakini),Uttarakhand,5,Uttarakhand,47,Chamoli,-,-,-,-,-,-,-,-,-,30.33122222,79.31063889,0.5,0.5,,,19.0,,10.875,14.0,15.0,45.5,53.0,55.449999999999996,148.5,233.50000000000006,269.29999999999995,10.0,,,15.0,,,PARTIAL,PARTIAL,False,NORMAL
2026-08-19 13:00:00,6084,6084,Nandprayag (Nandakini),Uttarakhand,5,Uttarakhand,47,Chamoli,-,-,-,-,-,-,-,-,-,30.33122222,79.31063889,0.5,0.5,,,19.5,,10.875,14.0,15.0,45.5,53.0,55.449999999999996,148.5,233.50000000000006,269.29999999999995,10.0,,,15.0,,,PARTIAL,PARTIAL,False,NORMAL
2026-08-23 20:00:00,6085,6085,Nandprayag (Nandakini),Uttarakhand,5,Uttarakhand,47,Chamoli,-,-,-,-,-,-,-,-,-,30.33122222,79.31063889,0.5,0.5,,,16.5,,10.875,14.0,15.0,45.5,53.0,55.449999999999996,148.5,233.50000000000006,269.29999999999995,10.0,,,15.0,,,PARTIAL,PARTIAL,False,NORMAL
2026-08-24 05:00:00,6086,6086,Nandprayag (Nandakini),Uttarakhand,5,Uttarakhand,47,Chamoli,-,-,-,-,-,-,-,-,-,30.33122222,79.31063889,0.5,0.5,,,16.5,,10.875,14.0,15.0,45.5,53.0,55.449999999999996,148.5,233.50000000000006,269.29999999999995,10.0,,,15.0,,,PARTIAL,PARTIAL,False,NORMAL
2026-08-24 22:00:00,6087,6087,Nandprayag (Nandakini),Uttarakhand,5,Uttarakhand,47,Chamoli,-,-,-,-,-,-,-,-,-,30.33122222,79.31063889,0.5,0.5,,,16.0,,10.875,14.0,15.0,45.5,53.0,55.449999999999996,148.5,233.50000000000006,269.29999999999995,10.0,,,15.0,,,PARTIAL,PARTIAL,False,NORMAL
2026-08-25 03:00:00,6088,6088,Nandprayag (Nandakini),Uttarakhand,5,Uttarakhand,47,Chamoli,-,-,-,-,-,-,-,-,-,30.33122222,79.31063889,0.5,0.5,,,16.0,,10.875,14.0,15.0,45.5,53.0,55.449999999999996,148.5,233.50000000000006,269.29999999999995,10.0,,,15.0,,,PARTIAL,PARTIAL,False,NORMAL
2026-08-25 08:00:00,6089,6089,Nandprayag (Nandakini),Uttarakhand,5,Uttarakhand,47,Chamoli,-,-,-,-,-,-,-,-,-,30.33122222,79.31063889,0.5,0.5,,,16.0,,10.875,14.0,15.0,45.5,53.0,55.449999999999996,148.5,233.50000000000006,269.29999999999995,10.0,,,15.0,,,PARTIAL,PARTIAL,False,NORMAL
2026-08-25 15:00:00,6090,6090,Nandprayag (Nandakini),Uttarakhand,5,Uttarakhand,47,Chamoli,-,-,-,-,-,-,-,-,-,30.33122222,79.31063889,0.5,0.5,,,16.5,,10.875,14.0,15.0,45.5,53.0,55.449999999999996,148.5,233.50000000000006,269.29999999999995,10.0,,,15.0,,,PARTIAL,PARTIAL,False,NORMAL
2026-08-25 20:00:00,6091,6091,Nandprayag (Nandakini),Uttarakhand,5,Uttarakhand,47,Chamoli,-,-,-,-,-,-,-,-,-,30.33122222,79.31063889,0.5,0.5,,,16.5,,10.875,14.0,15.0,45.5,53.0,55.449999999999996,148.5,233.50000000000006,269.29999999999995,10.0,,,15.0,,,PARTIAL,PARTIAL,False,NORMAL
2026-08-26 03:00:00,6092,6092,Nandprayag (Nandakini),Uttarakhand,5,Uttarakhand,47,Chamoli,-,-,-,-,-,-,-,-,-,30.33122222,79.31063889,0.5,0.5,,,16.5,,10.875,14.0,15.0,45.5,53.0,55.449999999999996,148.5,233.50000000000006,269.29999999999995,10.0,,,15.0,,,PARTIAL,PARTIAL,False,NORMAL
2026-08-26 09:00:00,6093,6093,Nandprayag (Nandakini),Uttarakhand,5,Uttarakhand,47,Chamoli,-,-,-,-,-,-,-,-,-,30.33122222,79.31063889,0.5,0.5,,,17.0,,10.875,14.0,15.0,45.5,53.0,55.449999999999996,148.5,233.50000000000006,269.29999999999995,10.0,,,15.0,,,PARTIAL,PARTIAL,False,NORMAL
2026-08-27 05:00:00,6094,6094,Nandprayag (Nandakini),Uttarakhand,5,Uttarakhand,47,Chamoli,-,-,-,-,-,-,-,-,-,30.33122222,79.31063889,0.5,0.5,,,16.5,,10.875,14.0,15.0,45.5,53.0,55.449999999999996,148.5,233.50000000000006,269.29999999999995,10.0,,,15.0,,,PARTIAL,PARTIAL,False,NORMAL
2026-08-27 13:00:00,6095,6095,Nandprayag (Nandakini),Uttarakhand,5,Uttarakhand,47,Chamoli,-,-,-,-,-,-,-,-,-,30.33122222,79.31063889,0.5,0.5,,,16.5,,10.875,14.0,15.0,45.5,53.0,55.449999999999996,148.5,233.50000000000006,269.29999999999995,10.0,,,15.0,,,PARTIAL,PARTIAL,False,NORMAL
2026-08-27 17:00:00,6096,6096,Nandprayag (Nandakini),Uttarakhand,5,Uttarakhand,47,Chamoli,-,-,-,-,-,-,-,-,-,30.33122222,79.31063889,0.5,0.5,,,17.0,,10.875,14.0,15.0,45.5,53.0,55.449999999999996,148.5,233.50000000000006,269.29999999999995,10.0,,,15.0,,,PARTIAL,PARTIAL,False,NORMAL
2026-08-28 00:00:00,6097,6097,Nandprayag (Nandakini),Uttarakhand,5,Uttarakhand,47,Chamoli,-,-,-,-,-,-,-,-,-,30.33122222,79.31063889,0.5,0.5,,,16.5,,10.875,14.0,15.0,45.5,53.0,55.449999999999996,148.5,233.50000000000006,269.29999999999995,10.0,,,15.0,,,PARTIAL,PARTIAL,False,NORMAL
2026-08-28 08:00:00,6098,6098,Nandprayag (Nandakini),Uttarakhand,5,Uttarakhand,47,Chamoli,-,-,-,-,-,-,-,-,-,30.33122222,79.31063889,0.5,0.5,,,16.0,,10.875,14.0,15.0,45.5,53.0,55.449999999999996,148.5,233.50000000000006,269.29999999999995,10.0,,,15.0,,,PARTIAL,PARTIAL,False,NORMAL
2026-08-28 15:00:00,6099,6099,Nandprayag (Nandakini),Uttarakhand,5,Uttarakhand,47,Chamoli,-,-,-,-,-,-,-,-,-,30.33122222,79.31063889,0.5,0.5,,,16.0,,10.875,14.0,15.0,45.5,53.0,55.449999999999996,148.5,233.50000000000006,269.29999999999995,10.0,,,15.0,,,PARTIAL,PARTIAL,False,NORMAL
2026-08-28 18:00:00,6100,6100,Nandprayag (Nandakini),Uttarakhand,5,Uttarakhand,47,Chamoli,-,-,-,-,-,-,-,-,-,30.33122222,79.31063889,0.5,0.5,,,16.5,,10.875,14.0,15.0,45.5,53.0,55.449999999999996,148.5,233.50000000000006,269.29999999999995,10.0,,,15.0,,,PARTIAL,PARTIAL,False,NORMAL
2026-08-29 00:00:00,6101,6101,Nandprayag (Nandakini),Uttarakhand,5,Uttarakhand,47,Chamoli,-,-,-,-,-,-,-,-,-,30.33122222,79.31063889,0.5,0.5,,,16.5,,10.875,14.0,15.0,45.5,53.0,55.449999999999996,148.5,233.50000000000006,269.29999999999995,10.0,,,15.0,,,PARTIAL,PARTIAL,False,NORMAL
2026-08-29 07:00:00,6102,6102,Nandprayag (Nandakini),Uttarakhand,5,Uttarakhand,47,Chamoli,-,-,-,-,-,-,-,-,-,30.33122222,79.31063889,0.5,0.5,,,16.5,,10.875,14.0,15.0,45.5,53.0,55.449999999999996,148.5,233.50000000000006,269.29999999999995,10.0,,,15.0,,,PARTIAL,PARTIAL,False,NORMAL
2026-08-29 13:00:00,6103,6103,Nandprayag (Nandakini),Uttarakhand,5,Uttarakhand,47,Chamoli,-,-,-,-,-,-,-,-,-,30.33122222,79.31063889,0.5,0.5,,,17.0,,10.875,14.0,15.0,45.5,53.0,55.449999999999996,148.5,233.50000000000006,269.29999999999995,10.0,,,15.0,,,PARTIAL,PARTIAL,False,NORMAL
2026-08-29 17:00:00,6104,6104,Nandprayag (Nandakini),Uttarakhand,5,Uttarakhand,47,Chamoli,-,-,-,-,-,-,-,-,-,30.33122222,79.31063889,0.5,0.5,,,17.0,,10.875,14.0,15.0,45.5,53.0,55.449999999999996,148.5,233.50000000000006,269.29999999999995,10.0,,,15.0,,,PARTIAL,PARTIAL,False,NORMAL
2026-08-30 02:00:00,6105,6105,Nandprayag (Nandakini),Uttarakhand,5,Uttarakhand,47,Chamoli,-,-,-,-,-,-,-,-,-,30.33122222,79.31063889,0.5,0.5,,,17.0,,10.875,14.0,15.0,45.5,53.0,55.449999999999996,148.5,233.50000000000006,269.29999999999995,10.0,,,15.0,,,PARTIAL,PARTIAL,False,NORMAL
2026-08-30 09:00:00,6106,6106,Nandprayag (Nandakini),Uttarakhand,5,Uttarakhand,47,Chamoli,-,-,-,-,-,-,-,-,-,30.33122222,79.31063889,0.5,0.5,,,17.0,,10.875,14.0,15.0,45.5,53.0,55.449999999999996,148.5,233.50000000000006,269.29999999999995,10.0,,,15.0,,,PARTIAL,PARTIAL,False,NORMAL
2026-08-31 14:00:00,6107,6107,Nandprayag (Nandakini),Uttarakhand,5,Uttarakhand,47,Chamoli,-,-,-,-,-,-,-,-,-,30.33122222,79.31063889,0.5,0.5,,,15.5,,10.875,14.0,15.0,45.5,53.0,55.449999999999996,148.5,233.50000000000006,269.29999999999995,10.0,,,15.0,,,PARTIAL,PARTIAL,False,NORMAL
2026-08-31 18:00:00,6108,6108,Nandprayag (Nandakini),Uttarakhand,5,Uttarakhand,47,Chamoli,-,-,-,-,-,-,-,-,-,30.33122222,79.31063889,0.5,0.5,,,15.5,,10.875,14.0,15.0,45.5,53.0,55.449999999999996,148.5,233.50000000000006,269.29999999999995,10.0,,,15.0,,,PARTIAL,PARTIAL,False,NORMAL
2026-09-01 00:00:00,6109,6109,Nandprayag (Nandakini),Uttarakhand,5,Uttarakhand,47,Chamoli,-,-,-,-,-,-,-,-,-,30.33122222,79.31063889,0.5,0.5,,,15.5,,10.875,14.0,15.0,45.5,53.0,55.449999999999996,148.5,233.50000000000006,269.29999999999995,10.0,,,15.0,,,PARTIAL,PARTIAL,False,NORMAL
2026-09-01 05:00:00,6110,6110,Nandprayag (Nandakini),Uttarakhand,5,Uttarakhand,47,Chamoli,-,-,-,-,-,-,-,-,-,30.33122222,79.31063889,0.5,0.5,,,16.0,,10.875,14.0,15.0,45.5,53.0,55.449999999999996,148.5,233.50000000000006,269.29999999999995,10.0,,,15.0,,,PARTIAL,PARTIAL,False,NORMAL
2026-09-01 13:00:00,6111,6111,Nandprayag (Nandakini),Uttarakhand,5,Uttarakhand,47,Chamoli,-,-,-,-,-,-,-,-,-,30.33122222,79.31063889,0.5,0.5,,,16.0,,10.875,14.0,15.0,45.5,53.0,55.449999999999996,148.5,233.50000000000006,269.29999999999995,10.0,,,15.0,,,PARTIAL,PARTIAL,False,NORMAL
2026-09-01 20:00:00,6112,6112,Nandprayag (Nandakini),Uttarakhand,5,Uttarakhand,47,Chamoli,-,-,-,-,-,-,-,-,-,30.33122222,79.31063889,0.5,0.5,,,16.5,,10.875,14.0,15.0,45.5,53.0,55.449999999999996,148.5,233.50000000000006,269.29999999999995,10.0,,,15.0,,,PARTIAL,PARTIAL,False,NORMAL
2026-09-02 04:00:00,6113,6113,Nandprayag (Nandakini),Uttarakhand,5,Uttarakhand,47,Chamoli,-,-,-,-,-,-,-,-,-,30.33122222,79.31063889,0.5,0.5,,,17.0,,10.875,14.0,15.0,45.5,53.0,55.449999999999996,148.5,233.50000000000006,269.29999999999995,10.0,,,15.0,,,PARTIAL,PARTIAL,False,NORMAL
2026-09-02 10:00:00,6114,6114,Nandprayag (Nandakini),Uttarakhand,5,Uttarakhand,47,Chamoli,-,-,-,-,-,-,-,-,-,30.33122222,79.31063889,0.5,0.5,,,17.5,,10.875,14.0,15.0,45.5,53.0,55.449999999999996,148.5,233.50000000000006,269.29999999999995,10.0,,,15.0,,,PARTIAL,PARTIAL,False,NORMAL
2026-09-02 15:00:00,6115,6115,Nandprayag (Nandakini),Uttarakhand,5,Uttarakhand,47,Chamoli,-,-,-,-,-,-,-,-,-,30.33122222,79.31063889,0.5,0.5,,,17.5,,10.875,14.0,15.0,45.5,53.0,55.449999999999996,148.5,233.50000000000006,269.29999999999995,10.0,,,15.0,,,PARTIAL,PARTIAL,False,NORMAL
2026-09-02 21:00:00,6116,6116,Nandprayag (Nandakini),Uttarakhand,5,Uttarakhand,47,Chamoli,-,-,-,-,-,-,-,-,-,30.33122222,79.31063889,0.5,0.5,,,17.5,,10.875,14.0,15.0,45.5,53.0,55.449999999999996,148.5,233.50000000000006,269.29999999999995,10.0,,,15.0,,,PARTIAL,PARTIAL,False,NORMAL
2026-09-03 06:00:00,6117,6117,Nandprayag (Nandakini),Uttarakhand,5,Uttarakhand,47,Chamoli,-,-,-,-,-,-,-,-,-,30.33122222,79.31063889,0.5,0.5,,,17.5,,10.875,14.0,15.0,45.5,53.0,55.449999999999996,148.5,233.50000000000006,269.29999999999995,10.0,,,15.0,,,PARTIAL,PARTIAL,False,NORMAL
2026-09-03 12:00:00,6118,6118,Nandprayag (Nandakini),Uttarakhand,5,Uttarakhand,47,Chamoli,-,-,-,-,-,-,-,-,-,30.33122222,79.31063889,0.5,0.5,,,17.5,,10.875,14.0,15.0,45.5,53.0,55.449999999999996,148.5,233.50000000000006,269.29999999999995,10.0,,,15.0,,,PARTIAL,PARTIAL,False,NORMAL
2026-09-03 16:00:00,6119,6119,Nandprayag (Nandakini),Uttarakhand,5,Uttarakhand,47,Chamoli,-,-,-,-,-,-,-,-,-,30.33122222,79.31063889,0.5,0.5,,,17.5,,10.875,14.0,15.0,45.5,53.0,55.449999999999996,148.5,233.50000000000006,269.29999999999995,10.0,,,15.0,,,PARTIAL,PARTIAL,False,NORMAL
2026-09-03 19:00:00,6120,6120,Nandprayag (Nandakini),Uttarakhand,5,Uttarakhand,47,Chamoli,-,-,-,-,-,-,-,-,-,30.33122222,79.31063889,0.5,0.5,,,18.0,,10.875,14.0,15.0,45.5,53.0,55.449999999999996,148.5,233.50000000000006,269.29999999999995,10.0,,,15.0,,,PARTIAL,PARTIAL,False,NORMAL
2026-09-04 02:00:00,6121,6121,Nandprayag (Nandakini),Uttarakhand,5,Uttarakhand,47,Chamoli,-,-,-,-,-,-,-,-,-,30.33122222,79.31063889,0.5,0.5,,,18.5,,10.875,14.0,15.0,45.5,53.0,55.449999999999996,148.5,233.50000000000006,269.29999999999995,10.0,,,15.0,,,PARTIAL,PARTIAL,False,NORMAL
2026-09-04 10:00:00,6122,6122,Nandprayag (Nandakini),Uttarakhand,5,Uttarakhand,47,Chamoli,-,-,-,-,-,-,-,-,-,30.33122222,79.31063889,0.5,0.5,,,19.0,,10.875,14.0,15.0,45.5,53.0,55.449999999999996,148.5,233.50000000000006,269.29999999999995,10.0,,,15.0,,,PARTIAL,PARTIAL,False,NORMAL
2026-09-04 18:00:00,6123,6123,Nandprayag (Nandakini),Uttarakhand,5,Uttarakhand,47,Chamoli,-,-,-,-,-,-,-,-,-,30.33122222,79.31063889,0.5,0.5,,,19.5,,10.875,14.0,15.0,45.5,53.0,55.449999999999996,148.5,233.50000000000006,269.29999999999995,10.0,,,15.0,,,PARTIAL,PARTIAL,False,NORMAL
2026-09-05 00:00:00,6124,6124,Nandprayag (Nandakini),Uttarakhand,5,Uttarakhand,47,Chamoli,-,-,-,-,-,-,-,-,-,30.33122222,79.31063889,0.5,0.5,,,20.0,,10.875,14.0,15.0,45.5,53.0,55.449999999999996,148.5,233.50000000000006,269.29999999999995,10.0,,,15.0,,,PARTIAL,PARTIAL,False,NORMAL
2026-09-05 05:00:00,6125,6125,Nandprayag (Nandakini),Uttarakhand,5,Uttarakhand,47,Chamoli,-,-,-,-,-,-,-,-,-,30.33122222,79.31063889,0.5,0.5,,,20.5,,10.875,14.0,15.0,45.5,53.0,55.449999999999996,148.5,233.50000000000006,269.29999999999995,10.0,,,15.0,,,PARTIAL,PARTIAL,False,NORMAL
2026-09-05 12:00:00,6126,6126,Nandprayag (Nandakini),Uttarakhand,5,Uttarakhand,47,Chamoli,-,-,-,-,-,-,-,-,-,30.33122222,79.31063889,0.5,0.5,,,21.0,,10.875,14.0,15.0,45.5,53.0,55.449999999999996,148.5,233.50000000000006,269.29999999999995,10.0,,,15.0,,,PARTIAL,PARTIAL,False,NORMAL
2026-09-05 22:00:00,6127,6127,Nandprayag (Nandakini),Uttarakhand,5,Uttarakhand,47,Chamoli,-,-,-,-,-,-,-,-,-,30.33122222,79.31063889,0.5,0.5,,,21.5,,10.875,14.0,15.0,45.5,53.0,55.449999999999996,148.5,233.50000000000006,269.29999999999995,10.0,,,15.0,,,PARTIAL,PARTIAL,False,NORMAL
2026-09-06 06:00:00,6128,6128,Nandprayag (Nandakini),Uttarakhand,5,Uttarakhand,47,Chamoli,-,-,-,-,-,-,-,-,-,30.33122222,79.31063889,0.5,0.5,,,22.0,,10.875,14.0,15.0,45.5,53.0,55.449999999999996,148.5,233.50000000000006,269.29999999999995,10.0,,,15.0,,,PARTIAL,PARTIAL,False,NORMAL
2026-09-06 15:00:00,6129,6129,Nandprayag (Nandakini),Uttarakhand,5,Uttarakhand,47,Chamoli,-,-,-,-,-,-,-,-,-,30.33122222,79.31063889,0.5,0.5,,,22.5,,10.875,14.0,15.0,45.5,53.0,55.449999999999996,148.5,233.50000000000006,269.29999999999995,10.0,,,15.0,,,PARTIAL,PARTIAL,False,NORMAL
2026-09-07 01:00:00,6130,6130,Nandprayag (Nandakini),Uttarakhand,5,Uttarakhand,47,Chamoli,-,-,-,-,-,-,-,-,-,30.33122222,79.31063889,0.5,0.5,,,23.0,,10.875,14.0,15.0,45.5,53.0,55.449999999999996,148.5,233.50000000000006,269.29999999999995,10.0,,,15.0,,,PARTIAL,PARTIAL,False,NORMAL
2026-09-07 12:00:00,6131,6131,Nandprayag (Nandakini),Uttarakhand,5,Uttarakhand,47,Chamoli,-,-,-,-,-,-,-,-,-,30.33122222,79.31063889,0.5,0.5,,,23.5,,10.875,14.0,15.0,45.5,53.0,55.449999999999996,148.5,233.50000000000006,269.29999999999995,10.0,,,15.0,,,PARTIAL,PARTIAL,False,NORMAL
2026-09-08 00:00:00,6132,6132,Nandprayag (Nandakini),Uttarakhand,5,Uttarakhand,47,Chamoli,-,-,-,-,-,-,-,-,-,30.33122222,79.31063889,0.5,0.5,,,23.5,,10.875,14.0,15.0,45.5,53.0,55.449999999999996,148.5,233.50000000000006,269.29999999999995,10.0,,,15.0,,,PARTIAL,PARTIAL,False,NORMAL
2026-09-08 14:00:00,6133,6133,Nandprayag (Nandakini),Uttarakhand,5,Uttarakhand,47,Chamoli,-,-,-,-,-,-,-,-,-,30.33122222,79.31063889,0.5,0.5,,,23.5,,10.875,14.0,15.0,45.5,53.0,55.449999999999996,148.5,233.50000000000006,269.29999999999995,10.0,,,15.0,,,PARTIAL,PARTIAL,False,NORMAL
2026-09-09 00:00:00,6134,6134,Nandprayag (Nandakini),Uttarakhand,5,Uttarakhand,47,Chamoli,-,-,-,-,-,-,-,-,-,30.33122222,79.31063889,0.5,0.5,,,23.5,,10.875,14.0,15.0,45.5,53.0,55.449999999999996,148.5,233.50000000000006,269.29999999999995,10.0,,,15.0,,,PARTIAL,PARTIAL,False,NORMAL
2026-09-10 04:00:00,6135,6135,Nandprayag (Nandakini),Uttarakhand,5,Uttarakhand,47,Chamoli,-,-,-,-,-,-,-,-,-,30.33122222,79.31063889,0.5,0.5,,,21.5,,10.875,14.0,15.0,45.5,53.0,55.449999999999996,148.5,233.50000000000006,269.29999999999995,10.0,,,15.0,,,PARTIAL,PARTIAL,False,NORMAL
2026-09-10 18:00:00,6136,6136,Nandprayag (Nandakini),Uttarakhand,5,Uttarakhand,47,Chamoli,-,-,-,-,-,-,-,-,-,30.33122222,79.31063889,0.5,0.5,,,21.5,,10.875,14.0,15.0,45.5,53.0,55.449999999999996,148.5,233.50000000000006,269.29999999999995,10.0,,,15.0,,,PARTIAL,PARTIAL,False,NORMAL
2026-09-11 14:00:00,6137,6137,Nandprayag (Nandakini),Uttarakhand,5,Uttarakhand,47,Chamoli,-,-,-,-,-,-,-,-,-,30.33122222,79.31063889,0.5,0.5,,,21.0,,10.875,14.0,15.0,45.5,53.0,55.449999999999996,148.5,233.50000000000006,269.29999999999995,10.0,,,15.0,,,PARTIAL,PARTIAL,False,NORMAL
2026-09-12 06:00:00,6138,6138,Nandprayag (Nandakini),Uttarakhand,5,Uttarakhand,47,Chamoli,-,-,-,-,-,-,-,-,-,30.33122222,79.31063889,0.5,0.5,,,20.5,,10.875,14.0,15.0,45.5,53.0,55.449999999999996,148.5,233.50000000000006,269.29999999999995,10.0,,,15.0,,,PARTIAL,PARTIAL,False,NORMAL
2026-09-12 18:00:00,6139,6139,Nandprayag (Nandakini),Uttarakhand,5,Uttarakhand,47,Chamoli,-,-,-,-,-,-,-,-,-,30.33122222,79.31063889,0.5,0.5,,,19.5,,10.875,14.0,15.0,45.5,53.0,55.449999999999996,148.5,233.50000000000006,269.29999999999995,10.0,,,15.0,,,PARTIAL,PARTIAL,False,NORMAL
2026-09-13 02:00:00,6140,6140,Nandprayag (Nandakini),Uttarakhand,5,Uttarakhand,47,Chamoli,-,-,-,-,-,-,-,-,-,30.33122222,79.31063889,0.5,0.5,,,19.5,8.94431084656085,10.875,14.0,15.0,45.5,53.0,55.449999999999996,148.5,233.50000000000006,269.29999999999995,10.0,,,15.0,10.0,,PARTIAL,PARTIAL,False,NORMAL
